$MeshFormat
2.2 0 8
$EndMeshFormat
$Nodes
2473
1 -0.5 0 0
2 0 -0.5 0
3 0.5 0 0
4 0 0.5 0
5 -0.4996145181185311 -0.01962990792611957 0
6 -0.4984586668594227 -0.03922954795466143 0
7 -0.4965342284617136 -0.05876869886198585 0
8 -0.4938441702678033 -0.07821723270804802 0
9 -0.4903926401524355 -0.09754516125530732 0
10 -0.4861849601272946 -0.1167226822259538 0
11 -0.4812276181281446 -0.1357202252824267 0
12 -0.4755282580159716 -0.1545084975925126 0
13 -0.4690956677941017 -0.1730585289918001 0
14 -0.4619397660424358 -0.1913417166972736 0
15 -0.4540715866549223 -0.2093298693275314 0
16 -0.4455032617921466 -0.2269952504625551 0
17 -0.4362480031897273 -0.2443106213675036 0
18 -0.4263200817734307 -0.261249283016615 0
19 -0.4157348056869711 -0.2777851172046774 0
20 -0.4045084966659818 -0.2938926268640087 0
21 -0.3926584648359534 -0.3095469754216189 0
22 -0.380202982133936 -0.3247240249449707 0
23 -0.3671612539735333 -0.3394003735716603 0
24 -0.353553389785884 -0.3535533914006636 0
25 -0.3394003719712459 -0.3671612554529411 0
26 -0.3247240233949119 -0.3802029834578112 0
27 -0.3095469739180953 -0.3926584660212359 0
28 -0.2938926254511802 -0.4045084976924617 0
29 -0.2777851158317466 -0.4157348066043342 0
30 -0.2612492816803588 -0.4263200825922895 0
31 -0.2443106201143677 -0.4362480038915171 0
32 -0.2269952492335415 -0.4455032624183603 0
33 -0.2093298681816354 -0.4540715871831876 0
34 -0.1913417156327334 -0.4619397664833828 0
35 -0.17305852802486 -0.4690956681508248 0
36 -0.1545084967405537 -0.4755282582927899 0
37 -0.1357202245227839 -0.481227618342386 0
38 -0.1167226816011033 -0.4861849602773079 0
39 -0.09754516072638901 -0.4903926402576439 0
40 -0.07821723228902333 -0.4938441703341703 0
41 -0.05876869857767171 -0.4965342284953644 0
42 -0.039229547737352 -0.4984586668765253 0
43 -0.01962990783141199 -0.4996145181222522 0
44 0.01962990792611957 -0.4996145181185311 0
45 0.03922954795466143 -0.4984586668594227 0
46 0.05876869886198585 -0.4965342284617136 0
47 0.07821723270804802 -0.4938441702678033 0
48 0.09754516125530732 -0.4903926401524355 0
49 0.1167226822259538 -0.4861849601272946 0
50 0.1357202252824267 -0.4812276181281446 0
51 0.1545084975925126 -0.4755282580159716 0
52 0.1730585289918001 -0.4690956677941017 0
53 0.1913417166972736 -0.4619397660424358 0
54 0.2093298693275314 -0.4540715866549223 0
55 0.2269952504625551 -0.4455032617921466 0
56 0.2443106213675036 -0.4362480031897273 0
57 0.261249283016615 -0.4263200817734307 0
58 0.2777851172046774 -0.4157348056869711 0
59 0.2938926268640087 -0.4045084966659818 0
60 0.3095469754216189 -0.3926584648359534 0
61 0.3247240249449707 -0.380202982133936 0
62 0.3394003735716603 -0.3671612539735333 0
63 0.3535533914006636 -0.353553389785884 0
64 0.3671612554529411 -0.3394003719712459 0
65 0.3802029834578112 -0.3247240233949119 0
66 0.3926584660212359 -0.3095469739180953 0
67 0.4045084976924617 -0.2938926254511802 0
68 0.4157348066043342 -0.2777851158317466 0
69 0.4263200825922895 -0.2612492816803588 0
70 0.4362480038915171 -0.2443106201143677 0
71 0.4455032624183603 -0.2269952492335415 0
72 0.4540715871831876 -0.2093298681816354 0
73 0.4619397664833828 -0.1913417156327334 0
74 0.4690956681508248 -0.17305852802486 0
75 0.4755282582927899 -0.1545084967405537 0
76 0.481227618342386 -0.1357202245227839 0
77 0.4861849602773079 -0.1167226816011033 0
78 0.4903926402576439 -0.09754516072638901 0
79 0.4938441703341703 -0.07821723228902333 0
80 0.4965342284953644 -0.05876869857767171 0
81 0.4984586668765253 -0.039229547737352 0
82 0.4996145181222522 -0.01962990783141199 0
83 0.4996145181185311 0.01962990792611957 0
84 0.4984586668594227 0.03922954795466143 0
85 0.4965342284617136 0.05876869886198585 0
86 0.4938441702678033 0.07821723270804802 0
87 0.4903926401524355 0.09754516125530732 0
88 0.4861849601272946 0.1167226822259538 0
89 0.4812276181281446 0.1357202252824267 0
90 0.4755282580159716 0.1545084975925126 0
91 0.4690956677941017 0.1730585289918001 0
92 0.4619397660424358 0.1913417166972736 0
93 0.4540715866549223 0.2093298693275314 0
94 0.4455032617921466 0.2269952504625551 0
95 0.4362480031897273 0.2443106213675036 0
96 0.4263200817734307 0.261249283016615 0
97 0.4157348056869711 0.2777851172046774 0
98 0.4045084966659818 0.2938926268640087 0
99 0.3926584648359534 0.3095469754216189 0
100 0.380202982133936 0.3247240249449707 0
101 0.3671612539735333 0.3394003735716603 0
102 0.353553389785884 0.3535533914006636 0
103 0.3394003719712459 0.3671612554529411 0
104 0.3247240233949119 0.3802029834578112 0
105 0.3095469739180953 0.3926584660212359 0
106 0.2938926254511802 0.4045084976924617 0
107 0.2777851158317466 0.4157348066043342 0
108 0.2612492816803588 0.4263200825922895 0
109 0.2443106201143677 0.4362480038915171 0
110 0.2269952492335415 0.4455032624183603 0
111 0.2093298681816354 0.4540715871831876 0
112 0.1913417156327334 0.4619397664833828 0
113 0.17305852802486 0.4690956681508248 0
114 0.1545084967405537 0.4755282582927899 0
115 0.1357202245227839 0.481227618342386 0
116 0.1167226816011033 0.4861849602773079 0
117 0.09754516072638901 0.4903926402576439 0
118 0.07821723228902333 0.4938441703341703 0
119 0.05876869857767171 0.4965342284953644 0
120 0.039229547737352 0.4984586668765253 0
121 0.01962990783141199 0.4996145181222522 0
122 -0.01962990792611957 0.4996145181185311 0
123 -0.03922954795466143 0.4984586668594227 0
124 -0.05876869886198585 0.4965342284617136 0
125 -0.07821723270804802 0.4938441702678033 0
126 -0.09754516125530732 0.4903926401524355 0
127 -0.1167226822259538 0.4861849601272946 0
128 -0.1357202252824267 0.4812276181281446 0
129 -0.1545084975925126 0.4755282580159716 0
130 -0.1730585289918001 0.4690956677941017 0
131 -0.1913417166972736 0.4619397660424358 0
132 -0.2093298693275314 0.4540715866549223 0
133 -0.2269952504625551 0.4455032617921466 0
134 -0.2443106213675036 0.4362480031897273 0
135 -0.261249283016615 0.4263200817734307 0
136 -0.2777851172046774 0.4157348056869711 0
137 -0.2938926268640087 0.4045084966659818 0
138 -0.3095469754216189 0.3926584648359534 0
139 -0.3247240249449707 0.380202982133936 0
140 -0.3394003735716603 0.3671612539735333 0
141 -0.3535533914006636 0.353553389785884 0
142 -0.3671612554529411 0.3394003719712459 0
143 -0.3802029834578112 0.3247240233949119 0
144 -0.3926584660212359 0.3095469739180953 0
145 -0.4045084976924617 0.2938926254511802 0
146 -0.4157348066043342 0.2777851158317466 0
147 -0.4263200825922895 0.2612492816803588 0
148 -0.4362480038915171 0.2443106201143677 0
149 -0.4455032624183603 0.2269952492335415 0
150 -0.4540715871831876 0.2093298681816354 0
151 -0.4619397664833828 0.1913417156327334 0
152 -0.4690956681508248 0.17305852802486 0
153 -0.4755282582927899 0.1545084967405537 0
154 -0.481227618342386 0.1357202245227839 0
155 -0.4861849602773079 0.1167226816011033 0
156 -0.4903926402576439 0.09754516072638901 0
157 -0.4938441703341703 0.07821723228902333 0
158 -0.4965342284953644 0.05876869857767171 0
159 -0.4984586668765253 0.039229547737352 0
160 -0.4996145181222522 0.01962990783141199 0
161 0.3349094142300147 0.3483526134009538 0
162 -0.4672539345284661 0.1219282690106095 0
163 0.4641634614760975 -0.1218822299508826 0
164 0.1259747310533474 0.4676142621315143 0
165 -0.1219282690125085 -0.4672539345353175 0
166 -0.4805750467371546 0.04733251063606765 0
167 -0.04784757065822089 -0.4804250367257649 0
168 0.4805750468024656 -0.04733251064173363 0
169 0.04733251063606758 0.4805750467371515 0
170 -0.3834538903437891 0.2937701307292047 0
171 -0.2918764305321675 -0.3853259207208595 0
172 0.2762006574905028 0.3960467969543811 0
173 0.3847182860628713 -0.291812911864089 0
174 -0.3202922980590847 0.3623384977955744 0
175 0.3069457764263559 -0.3741454073594421 0
176 -0.3609768590829126 -0.3207050626355247 0
177 0.3964724725509347 0.2763162988590877 0
178 0.2288310310657447 -0.4265464735155987 0
179 -0.2283671148477511 0.4267881201293698 0
180 -0.4226003704874794 -0.229841666013243 0
181 0.4424274792073973 0.1935217497828794 0
182 0.1401785707965023 -0.4621068169635267 0
183 -0.4627523068393474 -0.1408239409530383 0
184 -0.1416125188351444 0.4628188591505752 0
185 0.4709270804087284 0.1033202900727991 0
186 0.4270646310105766 -0.228189215997739 0
187 0.06616330705279072 -0.4783462750023212 0
188 -0.47796655660321 -0.0648029638603799 0
189 -0.06616330705387863 0.4783462750032022 0
190 0.4805750466671183 0.04733251087314733 0
191 -0.2113504808947446 -0.4344514857750853 0
192 0.2118685569156538 0.434950930514924 0
193 -0.4333612031638612 0.2095203161558719 0
194 0.4823164771396269 0.004904393739741046 0
195 0.451928988826289 -0.1781172585818276 0
196 0.009481116861832936 -0.4828072601633076 0
197 -0.3977877438994953 -0.2758487812751373 0
198 -0.2769219950304487 0.3972644650451695 0
199 0.3477222315138422 -0.3355985207717586 0
200 -0.4825371954366846 -0.01099573146915218 0
201 -0.009743113357523987 0.4827019601731756 0
202 0.361146643809633 0.3210894590319351 0
203 0.4753799282851997 -0.08489208378268806 0
204 0.2441821188454588 0.4166147320196464 0
205 -0.3346418690926928 -0.3493178314958122 0
206 -0.2449318024040986 -0.4178660399443072 0
207 -0.4169154793648732 0.2438357120292126 0
208 -0.3503529713451083 0.3374308454616218 0
209 0.4083477508314542 -0.2594773134162921 0
210 -0.1582127259076305 -0.4562471648885987 0
211 0.1582127259076304 0.4562471648885972 0
212 -0.4564911795192489 0.1582844718670571 0
213 -0.08608361308711641 -0.4752587042785652 0
214 0.2773035948542768 -0.397250537699759 0
215 -0.104783209089246 0.4717653341522446 0
216 0.1054082674143648 -0.4716932778674181 0
217 0.4562471644722077 0.1582127267478672 0
218 -0.4717459013554811 -0.1053924009206919 0
219 0.3063487343549547 0.3732870143569686 0
220 -0.1760102135987439 0.4496368804542468 0
221 0.172621652499242 -0.4504454450563046 0
222 -0.4496840119165704 -0.1760029301458535 0
223 -0.4753799282776676 0.08489208378148082 0
224 0.08108865735088866 0.4726147165594453 0
225 0.4166147311943478 0.2441821200428791 0
226 -0.3476032137848242 -0.3350674956975772 0
227 -0.3414831744467798 -0.3167044378472061 0
228 -0.354541170554228 -0.3020995219562562 0
229 -0.3354687869720272 -0.2984282923017136 0
230 -0.3482606421104597 -0.2835831898552688 0
231 -0.3290377688460731 -0.279831066943418 0
232 -0.3161992555475176 -0.2946651816801419 0
233 -0.3097913726442972 -0.2760745406491011 0
234 -0.3226799642322343 -0.2612710697591791 0
235 -0.3034485241617166 -0.2575256722057246 0
236 -0.2905348333797778 -0.2723164058316226 0
237 -0.2841412556523825 -0.2537453277569379 0
238 -0.297051926979623 -0.2389448060746007 0
239 -0.277803635058081 -0.2351921705153003 0
240 -0.2906778258712079 -0.2203766817136519 0
241 -0.2714108077024301 -0.2166125200768772 0
242 -0.2843024915123973 -0.2018077169289407 0
243 -0.2650529990350461 -0.1980525851377646 0
244 -0.2779285344124047 -0.1832395058697243 0
245 -0.2586515253898068 -0.1794660278018045 0
246 -0.2457682454818776 -0.194279520135832 0
247 -0.2394081098005999 -0.1757190834673449 0
248 -0.2265008508334253 -0.1905160240923216 0
249 -0.2201260107752703 -0.1719474046417939 0
250 -0.2072324129484733 -0.1867518441794879 0
251 -0.2008689673495662 -0.1681916655063428 0
252 -0.1879648183126244 -0.1829884481580571 0
253 -0.1815993961280679 -0.164427956539922 0
254 -0.1686966074745561 -0.1792247817066295 0
255 -0.162321629754105 -0.1606561873082881 0
256 -0.1752240780962179 -0.1458581638632658 0
257 -0.1559466238121294 -0.1420875433073638 0
258 -0.143052876652968 -0.156892309186268 0
259 -0.1366849356648223 -0.1383307459267303 0
260 -0.1495716331189403 -0.1235188141248288 0
261 -0.130303289742333 -0.1197552190506194 0
262 -0.1431963830312557 -0.1049497645511931 0
263 -0.1239342996110613 -0.1011911605744541 0
264 -0.1110400464243553 -0.1159972442811368 0
265 -0.1046647283969269 -0.09742745160506688 0
266 -0.11755898158361 -0.08262136789943809 0
267 -0.09828941037124629 -0.07885765893029167 0
268 -0.08539255580837417 -0.0936596159377711 0
269 -0.07901983915993147 -0.07509394996111037 0
270 -0.0919140923451459 -0.0602878662576153 0
271 -0.07264452113518623 -0.05652415728851592 0
272 -0.05975026795081548 -0.07133024099122026 0
273 -0.05337494992624067 -0.05276044831967125 0
274 -0.06626920311002235 -0.03795436461798023 0
275 -0.0469976093724208 -0.03418877685881931 0
276 -0.03410537871935881 -0.04899673935009191 0
277 -0.02773006069621914 -0.03042694668118257 0
278 -0.04062431387801138 -0.01562086298069539 0
279 -0.02135387947894521 -0.01185660225917223 0
280 -0.03424899585356513 0.002948929686974827 0
281 -0.008460057573321328 -0.02666214025622199 0
282 -0.002085171468590441 -0.008093445046837983 0
283 0.01080860135779249 -0.02289835824280244 0
284 0.01718439973272137 -0.004329736080628144 0
285 0.03007865291051891 -0.01913581977675978 0
286 0.0364539709322293 -0.0005660271146449569 0
287 0.04934822410907083 -0.01537211080945389 0
288 0.05572354213031043 0.003197681851079145 0
289 0.06861779530778393 -0.01160840184295277 0
290 0.06224247728540733 -0.03017819450196085 0
291 0.07499311332897472 0.006961390818184462 0
292 0.06209886015152824 0.02176747451348912 0
293 0.08151204848422246 -0.02641448553766425 0
294 0.07513673046002092 -0.04498427819642559 0
295 0.08136481664774685 0.02552966427219207 0
296 0.06847417817371293 0.04033726717530914 0
297 -0.2715719342180904 -0.1646767087524874 0
298 0.09439820152084817 -0.04121867639494582 0
299 0.08803098363326559 -0.05979036189216083 0
300 0.08774374937257647 0.04410097614226467 0
301 0.07484479643341016 0.05889884093254613 0
302 0.1072952823253445 -0.05602408431063252 0
303 0.1009199309319173 -0.0745933844459017 0
304 0.09411454671025606 0.06266766644160053 0
305 0.08122481421621423 0.07747685249394139 0
306 0.1004943854109525 0.08124056146126921 0
307 0.08760013223566582 0.09604664514988748 0
308 0.1201948080080281 -0.07083273663457491 0
309 0.113819489973926 -0.08940252929165256 0
310 0.106869703427409 0.09981035411752262 0
311 0.09397545025327479 0.1146164378035963 0
312 0.1197535620717685 0.08499463778492168 0
313 0.1330890611800387 -0.08563882034111718 0
314 0.1267137431398426 -0.1042086129971676 0
315 0.1459833143473394 -0.1004449040522028 0
316 0.1396016778455889 -0.1190098101143229 0
317 0.1132450214422353 0.1183801467715568 0
318 0.1003507682691594 0.1331862304552893 0
319 0.08108119708238788 0.1294225214882654 0
320 0.08745651509750987 0.1479923141400677 0
321 0.06818694391045776 0.1442286051727281 0
322 0.07456226192569249 0.1627983978250522 0
323 0.05529269073728384 0.1590346888578798 0
324 0.06166800875331625 0.1776044815114257 0
325 0.04239843756332953 0.1738407725444822 0
326 0.048773755580354 0.1924105651992551 0
327 0.02950418438877118 0.1886468562327293 0
328 0.03587950240696376 0.2072166488886335 0
329 0.01660993121337791 0.2034529399236173 0
330 0.1196203394555277 0.1369499394235394 0
331 0.1588775675112364 -0.1152509877681399 0
332 0.1652528855488763 -0.09668119511520291 0
333 0.1524931359539062 -0.1338087829677192 0
334 0.1332326782512288 -0.1375844893643771 0
335 0.1461269314138057 -0.1523905730805734 0
336 0.1268573602034378 -0.1561542820264307 0
337 0.06804332676992184 0.1961742741680741 0
338 0.1781471387199045 -0.11148727882608 0
339 0.1845224567483308 -0.0929174861706183 0
340 0.1397516133688382 -0.1709603657441811 0
341 0.1204820421560278 -0.1747240746909758 0
342 0.02298524923386605 0.2220227325805691 0
343 0.003715678037011283 0.2182590236179513 0
344 0.133376295323459 -0.1895301584106208 0
345 0.1141004367741363 -0.193284734219633 0
346 0.1590346746382239 -0.1671700185053731 0
347 0.01009099606117525 0.2368288162767177 0
348 -0.00917857513911563 0.2330651073169949 0
349 -0.01555389316500444 0.2144953146574283 0
350 -0.02844814634114343 0.2293013983569041 0
351 -0.03482346436882473 0.21073160569569 0
352 -0.04771343334464709 0.2255241954397003 0
353 -0.05409303557442753 0.20696789673366 0
354 -0.06698728875079932 0.2217739804362891 0
355 -0.07336260678236106 0.2032041877730647 0
356 -0.08625685995818097 0.2180102714776914 0
357 -0.09263217799204021 0.1994404788138435 0
358 -0.1055264311671829 0.21424656252058 0
359 -0.1119017492033764 0.1956767698558103 0
360 -0.04134239951562149 0.244107482060535 0
361 0.1974167099137463 -0.1077235698671376 0
362 0.2037920279419832 -0.08915377721549525 0
363 -0.124796002376994 0.2104828535636722 0
364 -0.1311713204150685 0.1919130608995968 0
365 -0.1750804609730495 -0.1978038329310433 0
366 -0.09914526156374848 0.2328004050655868 0
367 0.216686281106955 -0.1039598609108916 0
368 0.2230615991351073 -0.08539006825961444 0
369 -0.1440655735861835 0.2067191446082151 0
370 -0.1504408916261128 0.1881493519444613 0
371 0.1270009772766371 -0.2080999510777772 0
372 0.1077314060596049 -0.2118636600250324 0
373 0.2359558522999555 -0.1001961519548065 0
374 0.2423311703280448 -0.08162635930369136 0
375 -0.1633271696606742 0.2029385455247779 0
376 -0.1697104628366106 0.1843856429912542 0
377 0.1206256592287652 -0.2266697437447249 0
378 0.1013560880127918 -0.2304334526918339 0
379 0.2294369171635204 -0.06682027560641782 0
380 0.2487064883591324 -0.06305656665091652 0
381 -0.1568162096657789 0.1695795592798158 0
382 -0.1760857808758745 0.1658158503265492 0
383 -0.1889567746696325 0.1805833254676762 0
384 -0.1953314172606182 0.1620331034098196 0
385 -0.1824610989119996 0.1472460576634161 0
386 -0.201719691944352 0.1434747908272272 0
387 -0.2146109058397823 0.1582794489056127 0
388 -0.2210002413194712 0.1397186397550764 0
389 -0.208105988151317 0.1249125560500322 0
390 -0.2273755593533824 0.1211488470961671 0
391 0.08845730186738805 -0.2156146447066778 0
392 0.08208197668908755 -0.2341822977800702 0
393 0.09498076996567603 -0.2490032453547484 0
394 0.0757111987528359 -0.2527669543012275 0
395 0.06281694558835432 -0.2379608705848752 0
396 0.05644162754230882 -0.2565306632457683 0
397 0.0435473743790632 -0.2417245795313381 0
398 0.03717205633415414 -0.2602943721901216 0
399 -0.2144813061858025 0.1063427633915438 0
400 -0.2337508773878995 0.1025790544375115 0
401 -0.246645130556082 0.1173851381419484 0
402 -0.2530204485895203 0.09881534548418747 0
403 -0.2401261954222514 0.08400926177860002 0
404 -0.2593957666259181 0.08024555282524078 0
405 0.2616007415251421 -0.07786265034985707 0
406 0.2679760595556002 -0.05929285769611847 0
407 0.2550818063910683 -0.04448677399556841 0
408 0.274351377589788 -0.04072306504146536 0
409 0.2614420176258589 -0.02591403535467526 0
410 0.2807096448054217 -0.02215383954733005 0
411 0.2678324424625891 -0.007347188681619432 0
412 0.2871020136648993 -0.003583479729430433 0
413 0.2742077605027113 0.01122260397742739 0
414 0.2934518320276661 0.01499049007547182 0
415 0.2805646036590252 0.02979413352474161 0
416 0.2998526497537248 0.03355610558540981 0
417 0.2869583965961177 0.0483621893001273 0
418 0.05006630949615684 -0.2751004559025229 0
419 0.03079673828973326 -0.2788641648473781 0
420 0.01788916028631163 -0.2640465952308902 0
421 0.01152716708638908 -0.282627873791923 0
422 -0.2465015134577285 0.06543946911863247 0
423 -0.2657710846628236 0.06167576016501114 0
424 -0.2786653378315543 0.07648184387243374 0
425 -0.2850406558674036 0.05791205121261782 0
426 -0.2721464026988351 0.04310596750374257 0
427 -0.2913906100125746 0.03934387233732924 0
428 -0.2785217207355769 0.02453617484083723 0
429 -0.2977624287735243 0.02077504371038105 0
430 0.280846623110785 -0.07409896013595969 0
431 0.1398952304464183 -0.2229060347983972 0
432 -0.1569598267575495 0.2215252283190458 0
433 0.2999746908976839 -0.01839637618877593 0
434 0.02936056725908198 0.240592525239449 0
435 0.01646631408605742 0.2553986089349535 0
436 0.03573588528243529 0.2591623178969977 0
437 0.02284163211092512 0.2739684015907397 0
438 0.04211120330550459 0.2777321105527762 0
439 0.3062279678060168 0.05212589824321504 0
440 0.2933337146507571 0.06693198196309963 0
441 0.3191000622113238 0.03732325866988885 0
442 0.02442142024615356 -0.2974339575000685 0
443 0.005151849044408352 -0.3011976664452232 0
444 -0.007742404113795009 -0.2863915827407933 0
445 -0.01411772215392824 -0.3049613753913976 0
446 -0.02701197531282151 -0.290155291690174 0
447 -0.03338729334977496 -0.3087250843397216 0
448 0.02921999171271411 0.2925159887375707 0
449 0.0484865213274292 0.2963019032067736 0
450 -0.0990074960282542 0.180870686147408 0
451 -0.2908415054312323 -0.168440417735545 0
452 0.3254975390196161 0.05588960718536114 0
453 -0.297908232868411 0.07271861493639913 0
454 -0.271284700207516 -0.2685680471298645 0
455 0.1136758728563209 -0.03745686027516444 0
456 0.03602311954595772 0.1552709798888718 0
457 0.08164596326441315 -0.07835338718095172 0
458 -0.001145486022908038 -0.3197003837398521 0
459 0.03559226815810736 0.3111079868973848 0
460 0.05486420190496769 0.3148478327156218 0
461 0.06775609251411532 0.3000656121737436 0
462 0.07413141053295978 0.3186354048203855 0
463 0.08702298962269713 0.303806322572831 0
464 -0.2844484163813777 -0.1498672301460156 0
465 -0.04628154650917343 -0.2939190006407463 0
466 -0.05265686454369967 -0.3124887932894093 0
467 -0.03990622847774036 -0.2753492079970284 0
468 -0.3037357586291864 -0.153634334036976 0
469 0.09340098171187741 0.3223991137856395 0
470 0.1062952348749092 0.3075930301062628 0
471 0.1126705528887588 0.3261628227466296 0
472 0.1255648060502037 0.3113567390731578 0
473 -0.06555111770405175 -0.2976827095936936 0
474 -0.07193603489842354 -0.3161909681222049 0
475 0.2740475338977381 0.06316838989178181 0
476 0.2804394615107398 0.08173806568675597 0
477 0.2997090327218409 0.08550177461210309 0
478 0.2868147795823227 0.1003078583440645 0
479 0.3060843507979544 0.1040715672627261 0
480 0.293190097655208 0.1188776509986366 0
481 0.3124596688728313 0.1226413599154696 0
482 0.299565415730657 0.137447443652325 0
483 0.2802958445161025 0.1336837347345577 0
484 0.2866148890013354 0.15223292079733 0
485 0.2673749490082837 0.1484818614505976 0
486 0.2737769094673909 0.1670596111170072 0
487 0.2549381893121232 0.007458895027782825 0
488 -0.2973604406145588 -0.1350645413552425 0
489 -0.3165564036857588 -0.1388133688285226 0
490 -0.05903218257487226 -0.3310585859354229 0
491 0.04196758618055345 0.3296777795477002 0
492 0.0226980149889211 0.3259140705903645 0
493 0.2545073382754368 0.1632959022093994 0
494 0.2608826563471407 0.1818656948465922 0
495 0.2416130851528868 0.1781019859397377 0
496 0.2479588597329423 0.196662124947292 0
497 0.2287188320299059 0.1929080696682834 0
498 0.2350941501037471 0.2114778623014514 0
499 0.2158115249692545 0.2076985799191965 0
500 0.2672579744325754 0.2004354874817171 0
501 0.2221998969848294 0.2262839460283675 0
502 0.2611698903022777 0.07797435674292463 0
503 0.2295805342716106 -0.1187659446039166 0
504 -0.08481876824229365 -0.3013968851415781 0
505 -0.09119600692459709 -0.3200162111973759 0
506 -0.1040884558738057 -0.3051842330056196 0
507 -0.1104655781112522 -0.3237799201577687 0
508 -0.1233598312786467 -0.3089738364761473 0
509 0.3383917921836859 0.04108352346525318 0
510 0.3447671102346258 0.05965331612892742 0
511 -0.3102546938129733 -0.1202584576554199 0
512 -0.2909851225995939 -0.1164947486730527 0
513 -0.1297351492948033 -0.3275436291236304 0
514 -0.1426294024664778 -0.3127375454485635 0
515 -0.3295242650271222 -0.1240221666384323 0
516 0.02907333301493678 0.3444838632425392 0
517 0.009803761820462414 0.3407201542847605 0
518 0.3188349869484317 0.1412111525678585 0
519 0.1319401240609953 0.3299265317102971 0
520 0.05557992499928828 0.05514335086898665 0
521 -0.3231489470118448 -0.1054523739549502 0
522 -0.3423793077415098 -0.1092075621904493 0
523 -0.1168408961266483 -0.342349712803085 0
524 0.09977629972798399 0.340968906423633 0
525 0.2352377670795407 0.1595321933118635 0
526 0.1448343772217503 0.315120448042148 0
527 0.1384590592161059 0.2965506554077859 0
528 -0.3360134406214803 -0.09065028196991665 0
529 -0.09771494206709491 -0.2866403348637102 0
530 0.3576304459115176 0.04485292092469817 0
531 -0.1490047204751572 -0.3313073380967712 0
532 0.01617907984742448 0.3592899469400836 0
533 -0.003090491350834362 0.355526237981751 0
534 -0.2848970387737096 0.005966382175674523 0
535 -0.2656119750131682 0.00972770187334121 0
536 -0.3230053298432868 -0.1573980430211844 0
537 0.1512096952296879 0.3336902406772568 0
538 0.1641039483914655 0.3188841570126777 0
539 -0.3553127714268698 -0.09440999923688735 0
540 -0.3489374534099982 -0.07584020655182022 0
541 0.3640017344674317 0.06342416813772228 0
542 -0.04119878239814632 0.192161813030977 0
543 -0.1618971332100489 -0.316475309361853 0
544 0.1075819547754044 -0.1599110489861947 0
545 -0.3682070246265444 -0.07960391553459288 0
546 -0.3618317066081096 -0.06103412284920962 0
547 -0.2720027855985936 -0.00883970153630749 0
548 -0.2527332143799714 -0.005075992586661471 0
549 -0.1682742916553868 -0.3350710470705203 0
550 0.003284826677492678 0.374096030640872 0
551 -0.01598474452470383 0.3703323216818104 0
552 -0.02236006255437169 0.3517625290188199 0
553 -0.03525431573096346 0.3665686127219901 0
554 -0.04162963376170957 0.3479988200553086 0
555 -0.05452388694041746 0.3628049037610722 0
556 -0.06089920497217161 0.3442351110914179 0
557 -0.07379345815279433 0.3590411947994875 0
558 -0.08016877618547003 0.3404714021271252 0
559 -0.09306302937178441 0.3552774858472597 0
560 -0.09943834740508462 0.3367076931700126 0
561 -0.1123326005934219 0.351513776892683 0
562 -0.1187079186267993 0.3329439842133808 0
563 -0.1316021718172262 0.3477500679375095 0
564 -0.137977489850049 0.3291802752563416 0
565 -0.1508717430369124 0.3439863589702475 0
566 -0.1572470610701202 0.3254165662907836 0
567 -0.170141314257956 0.3402226500054629 0
568 -0.176516632291456 0.3216528573246754 0
569 0.02255439787826193 0.3778597395987841 0
570 -0.3616880894434173 -0.112979791922224 0
571 0.1704792663955855 0.3374539496467002 0
572 0.183373519558668 0.3226478659862858 0
573 0.2029303257892224 0.222520237123789 0
574 -0.2591085324273649 -0.02364578525166751 0
575 -0.2398389612099063 -0.01988207630476778 0
576 -0.2462142792586615 -0.03845186896944004 0
577 -0.2269447080418306 -0.0346881600240205 0
578 -0.2205693899952161 -0.01611836735886837 0
579 -0.2332859636188025 -0.05324706120231869 0
580 -0.1894108854807712 0.3364589410409232 0
581 -0.1957862035144009 0.3178891483584959 0
582 -0.08668771132732206 0.3738472785188096 0
583 0.3769309346186896 0.04861094134983882 0
584 0.3705556165720119 0.03004114868417797 0
585 0.1575850132329803 0.3522600333099712 0
586 -0.2076751368271047 -0.03092445107665534 0
587 -0.2012998187815802 -0.01235465841188786 0
588 -0.181168544830448 -0.3202649633972017 0
589 -0.1747935186446947 -0.3016634859448893 0
590 -0.163765996223588 0.3587924426863328 0
591 0.1897488375597591 0.3412176586233653 0
592 0.2026430907234116 0.3264115749655988 0
593 0.1965550077134398 0.2039504444959226 0
594 0.1836607545930979 0.2187565282212741 0
595 -0.02887899769986128 0.3851384053884603 0
596 -0.3811012778249269 -0.06479783183105363 0
597 -0.374725959803912 -0.04622803914651158 0
598 0.1006380025497392 0.02929489244807636 0
599 0.383250283784378 0.06717641309720039 0
600 -0.208680456704672 0.3326952320761091 0
601 -0.2150557747376425 0.3141254393933591 0
602 -0.2279500279246336 0.3289315231055119 0
603 -0.234325345953029 0.3103617304177567 0
604 -0.2214310927623278 0.2955556467154334 0
605 -0.2407006639630867 0.2917919377255921 0
606 -0.2277971018628905 0.2769712286593655 0
607 -0.2470759819690702 0.2732221450506824 0
608 -0.2599702351602308 0.2880282287340821 0
609 -0.2663277438896658 0.2694428289711103 0
610 -0.2534420017564848 0.2546386342345566 0
611 -0.2727208711439187 0.2508886433829544 0
612 -0.2855755464362725 0.2656641346010397 0
613 -0.2919904423235304 0.2471249343868809 0
614 -0.2790961891308499 0.2323188507219554 0
615 -0.2983657603143953 0.2285551417295731 0
616 -0.2854715071232747 0.2137490580632211 0
617 -0.3047410783058328 0.2099853490718255 0
618 -0.317635331486732 0.2247914327331114 0
619 -0.3240106494805188 0.2062216400823631 0
620 -0.31111639629542 0.1914155564176543 0
621 -0.3303859674718831 0.1876518474291289 0
622 -0.3174917142866713 0.1728457637647043 0
623 -0.3367406989836103 0.1690713619053165 0
624 -0.1875438628352877 -0.3388347560469178 0
625 -0.1746491154333972 -0.3536092034373186 0
626 0.3897648945141198 0.03379854452774383 0
627 0.3834498697401086 0.01523506496576783 0
628 -0.3938518518166659 -0.05005013938464037 0
629 -0.3875223738762696 -0.0314489516942692 0
630 -0.3683104894441706 -0.02766561741641635 0
631 -0.3811976354111438 -0.01286292756105269 0
632 -0.1884055656136618 -0.02716074212870705 0
633 -0.1820302475671763 -0.008590949464305414 0
634 -0.0865440942311734 0.3219016094651062 0
635 -0.1443528078882396 0.3106104825851864 0
636 -0.2004381160133908 -0.3240286723761125 0
637 -0.2068134340162425 -0.342598465029668 0
638 -0.349655538645907 0.1838881384392476 0
639 -0.3560308566348906 0.1653183457899751 0
640 -0.3431366034538231 0.1505122621278293 0
641 -0.3623735789092192 0.1467407247339957 0
642 -0.2776600187060339 -0.2871378396489794 0
643 -0.3099674594825283 -0.2241497958109621 0
644 -0.2584994922672194 -0.2314151963407623 0
645 0.1899542966208393 0.2373397005351052 0
646 0.1772854365170674 0.200186735594038 0
647 0.1643809958477342 0.2149844441675086 0
648 -0.2472195991447494 0.3251678141301051 0
649 -0.2912723568055127 -0.01260341049167735 0
650 0.1394643792075569 -0.06706902768420343 0
651 0.2421875532257546 -0.02968069029252396 0
652 -0.04800495179170883 0.3294290273847962 0
653 -0.2654604274711555 -0.04221758256600536 0
654 -0.2137632205433755 -0.1533855817988667 0
655 -0.3048657664861541 0.2618892735020768 0
656 -0.1947808836589714 -0.04573053479345848 0
657 0.0999199168605564 0.2890232374651308 0
658 -0.194912633686529 0.00621622137851903 0
659 -0.1756549295221133 0.009978843199088094 0
660 -0.1627606763555686 -0.004827240516620215 0
661 -0.1563853583102509 0.01374255214596758 0
662 -0.1692572980578629 0.02855168425406199 0
663 -0.1499986039883373 0.03231037901240567 0
664 -0.1371083795841404 0.01750445493913666 0
665 -0.1307336201085635 0.03607413743584161 0
666 -0.1436347222207628 0.05088213746889604 0
667 -0.1243591693422086 0.05464321737434866 0
668 -0.1372594041762497 0.06945193013012671 0
669 -0.1179748872905512 0.07320994905970279 0
670 -0.1050955798007442 0.05840955536240923 0
671 -0.09872026175612707 0.07697934802384748 0
672 -0.1116145149216169 0.09178543173826555 0
673 -0.09234494371158317 0.09554914068522705 0
674 -0.07944174162769228 0.08073079948362873 0
675 -0.07307537250211829 0.0993128496316609 0
676 -0.06018111933739388 0.08450676591777047 0
677 -0.05380580129329458 0.1030765585779084 0
678 -0.0409115481294281 0.08827047486470865 0
679 -0.1362550003585701 -0.2941445522385209 0
680 -0.2338814727480779 0.1545173169204006 0
681 -0.0345362300858728 0.1068402675234411 0
682 -0.1178462158897256 0.02126997003990673 0
683 -0.1558108897567651 -0.1940401239628498 0
684 -0.2915595909994249 0.09128792757566466 0
685 0.08860545191919933 -0.267573038017529 0
686 0.1325145926266954 0.1221438557414542 0
687 -0.1252268537725736 0.366319860612935 0
688 -0.1237906824784422 -0.1531368296350998 0
689 -0.3874765958363448 -0.08336762451424207 0
690 -0.1762293979682237 0.2177615193644725 0
691 -0.1698540799301173 0.2363313120303931 0
692 0.09383183311267436 0.1665621067916107 0
693 0.2744949946907455 -0.09266873404630105 0
694 0.2937645658836618 -0.08890502509184763 0
695 0.2873719393817024 -0.1074688673078589 0
696 0.3066376634440302 -0.1037068592970595 0
697 0.3002835010212024 -0.122280901429453 0
698 0.3195530722037648 -0.1185171924710179 0
699 0.313155782169498 -0.137074596837472 0
700 0.3259283902262805 -0.0999473998295336 0
701 0.3388226433848722 -0.1147534835147443 0
702 0.3451979614368303 -0.0961836908822947 0
703 0.3580631525717326 -0.1109814344552893 0
704 0.3644675326380906 -0.09241998196249235 0
705 0.3773617857589829 -0.1072260656777339 0
706 0.3709864677025287 -0.1257958583016995 0
707 0.3837371038255972 -0.08865627305533635 0
708 0.3708428507244678 -0.07385018934211819 0
709 0.3901124219128431 -0.07008648044027166 0
710 0.2939081830187081 -0.1408506940766718 0
711 0.3068024361790284 -0.1556567777529895 0
712 0.2875328650036013 -0.1594204867153806 0
713 0.3004142277252569 -0.1742168502254768 0
714 0.2811575469904649 -0.1779902793544997 0
715 0.2940518001519439 -0.1927963630306964 0
716 0.274782229001739 -0.1965600720133806 0
717 0.2876764821726226 -0.2113661556792515 0
718 0.2684069110161085 -0.2151298646757241 0
719 0.2813011642014506 -0.2299359483369006 0
720 0.2620315930370208 -0.2336996573448596 0
721 0.2749010802424737 -0.2484568138649185 0
722 0.2556562750631461 -0.2522694500208543 0
723 0.3133005427533841 -0.1889874473235343 0
724 0.2685101271955005 -0.2670413694418499 0
725 0.2492514972061763 -0.2707988375019418 0
726 0.242755374575484 -0.2374496757888325 0
727 0.2878166586495976 -0.2632901834409628 0
728 0.2621752103311734 -0.2856453263672756 0
729 0.2429056391505095 -0.2894090354158961 0
730 0.2557998923931624 -0.3042151190679627 0
731 0.2365303211951674 -0.3079788281158755 0
732 0.2236157698473915 -0.2931269670866462 0
733 0.2172607499964732 -0.3117425371608112 0
734 0.204350386226623 -0.2969070806056898 0
735 0.1979801275933335 -0.3154831054062436 0
736 0.210885432047189 -0.3303123298712324 0
737 0.1916158608410143 -0.3340760389165505 0
738 0.1787087214395011 -0.3192473961008713 0
739 0.1723462896369772 -0.3378397479633156 0
740 0.1594520363886854 -0.3230336643044346 0
741 0.1530767184331452 -0.3416034570101929 0
742 0.1659709716823008 -0.3564095406702818 0
743 0.1467014004764538 -0.3601732497177706 0
744 0.1338071472279276 -0.3453671660612483 0
745 0.1274318292726299 -0.3639369587677008 0
746 0.1145375760238687 -0.3491308751152961 0
747 0.108162258071077 -0.3677006678209206 0
748 0.09526800482132113 -0.3528945841714528 0
749 0.08889268687174576 -0.3714643768763181 0
750 0.1017654026450724 -0.3862369418922736 0
751 0.08249929028092334 -0.389982381943568 0
752 0.06961401658599498 -0.3751852730433567 0
753 0.06324779772490394 -0.393797878637148 0
754 0.05035354447346152 -0.3789917949861936 0
755 0.04397822652840232 -0.3975615876889521 0
756 0.03108397327976435 -0.3827555040407833 0
757 0.02470865533614164 -0.4013252967393506 0
758 0.01181440209045088 -0.3865192130945337 0
759 0.005439084148193329 -0.4050890057889209 0
760 -0.007455169094089553 -0.3902829221475376 0
761 -0.01383048703471383 -0.4088527148369406 0
762 -0.02672474027354428 -0.3940466311994474 0
763 0.1335199123977871 -0.2414758274671871 0
764 0.1527894836163201 -0.2377121185202352 0
765 0.2555126578235385 -0.2003237810130087 0
766 0.004433763688032097 -0.04146932140812941 0
767 0.06833056104392532 0.09228293618360579 0
768 0.00428977576123131 0.01047594677599123 0
769 0.04991970490530642 -0.2231411817344168 0
770 0.03065312121509647 -0.2269184958175991 0
771 0.03702624052973486 -0.2083366758937505 0
772 0.01775886805098922 -0.2121124121047754 0
773 0.02413418609475255 -0.193542619445586 0
774 0.004864614886252228 -0.1973063283918485 0
775 0.01123993293037112 -0.1787365357319711 0
776 -0.008029638278754594 -0.1825002446783014 0
777 -0.001654320234290116 -0.1639304520176937 0
778 0.01761525097498769 -0.1601667430715942 0
779 0.004720997810547176 -0.1453606593574441 0
780 -0.02092389144412886 -0.1676941609641358 0
781 -0.02729920948933937 -0.1862639536261488 0
782 0.02399056901953148 -0.1415969504115134 0
783 -0.3106855451154636 0.03557854959830944 0
784 0.04834290420753459 0.3482475722054144 0
785 -0.2022800304698285 0.3511833993907427 0
786 0.009660144707562796 0.392665823302894 0
787 0.02892971590817332 0.3964295322568342 0
788 0.1908977747773369 -0.0743476935176043 0
789 0.2414419284004733 0.2300318623840013 0
790 0.2285752150641522 0.2448537386543371 0
791 0.2478300121484047 0.248603307478064 0
792 -0.2274987788117606 0.1730815151483792 0
793 -0.2135941012777786 -0.2053174097880422 0
794 -0.1624588315467943 -0.1087032455257131 0
795 0.01109631585543712 -0.1267908666976617 0
796 -0.02164197692307314 0.09203418381145802 0
797 0.2930395359843384 0.1708104205317915 0
798 0.3704119995237687 0.08198681774814126 0
799 0.3896815707462946 0.08575052667815322 0
800 0.3767873176153721 0.1005566104223386 0
801 -0.2984830305276875 0.2804811887671083 0
802 -0.04019346265470024 -0.1714578699109072 0
803 -0.04656878070034134 -0.1900276625730362 0
804 -0.03381814460997701 -0.152888077248305 0
805 0.2750349315083484 -0.3004285362821046 0
806 0.4025758239209034 0.07094444293961114 0
807 -0.1621862077871219 -0.2126099166374634 0
808 -0.1429166365754074 -0.2088462076704134 0
809 0.3005786087402095 -0.2261406180014676 0
810 -0.3108065914592053 0.08751927831675227 0
811 0.4089511419754673 0.08951423561548139 0
812 0.3902560388834974 -0.1220321493829127 0
813 0.383840022110627 -0.1405929089745518 0
814 0.2090184087210273 0.3449813676008278 0
815 0.2219126618842212 0.3301752839451267 0
816 0.196124155554805 0.3597874512544628 0
817 -0.4004594139420438 -0.01662652463463275 0
818 -0.3941391481628604 0.001953920931203446 0
819 -0.3369049026610594 0.2210277237471749 0
820 -0.03310005821257751 -0.4126164238839614 0
821 -0.04599431144809517 -0.3978103402502473 0
822 -0.05236962938565244 -0.4163801329301178 0
823 -0.0652638826172839 -0.4015740493002106 0
824 0.4026660096611612 0.01900615882564005 0
825 0.1402736850726936 -0.3787145426558222 0
826 0.2044064219798943 -0.3488308635031588 0
827 0.2237630470487277 -0.3450880924826754 0
828 -0.3753004278060312 0.1615546368029419 0
829 -0.3816757457958848 0.1429848441573258 0
830 -0.3687814926151484 0.1281787604948618 0
831 -0.3880510637862406 0.1244150515100693 0
832 -0.3751568106014631 0.1096089678463743 0
833 -0.3944263817742525 0.1058452588597213 0
834 -0.3815321285926239 0.09103917519654474 0
835 -0.4008016997674104 0.08727546620900452 0
836 0.01603546274170624 0.4112356159575765 0
837 0.03530503393954884 0.4149993249115102 0
838 0.04819928710212718 0.4001932412130628 0
839 0.05457460513170753 0.4187630338616892 0
840 0.06747350751181344 0.4038993696439334 0
841 0.4030066750206157 -0.08489256416985536 0
842 0.4093819931071163 -0.0663227715508528 0
843 -0.4134087193675565 -0.001809788041379629 0
844 -0.4197840373905734 -0.02037958071036371 0
845 0.05672886241869088 -0.3604220022836849 0
846 0.1209128939737022 -0.3305610824128308 0
847 0.158015865320859 0.1964230266926166 0
848 0.1451157493705154 0.2112168617839413 0
849 0.1709101184400461 0.1816169429673994 0
850 0.1962677727299657 0.3078417823325755 0
851 -0.2197076871940361 -0.3277923813590725 0
852 -0.2132873240935825 -0.3091676777371675 0
853 -0.2260830051950921 -0.3463621740107733 0
854 -0.2131887520172587 -0.3611682576725335 0
855 -0.3748695769585377 0.005717629901996396 0
856 -0.0667000544574932 0.1178826422910444 0
857 -0.40703340134725 0.01676000462539182 0
858 -0.3296678821901134 -0.07207649756890451 0
859 -0.1952117349823651 0.1101064723453379 0
860 -0.2015870530175689 0.09153667968581736 0
861 -0.03367005813856681 -0.2048255968458506 0
862 -0.05294409874406958 -0.2085974552340539 0
863 0.04340375730280034 -0.1897789104989662 0
864 0.3322594597846755 -0.08135539062253128 0
865 0.3641802985280458 0.0114713560209186 0
866 -0.1052391968771041 0.1103552243995639 0
867 -0.1244979981246688 0.1065846522062651 0
868 -0.1755113124451273 -0.04196682584559468 0
869 0.009947378939581752 0.288774485285025 0
870 -0.1242215339343831 0.00270017737835708 0
871 -0.06655643738153788 0.06593697325749986 0
872 -0.0280172949659982 0.07346439115376907 0
873 -0.05308771582160644 -0.1566517861955329 0
874 -0.06582724339128095 -0.1937603189381571 0
875 -0.07221366995257723 -0.2123611641808442 0
876 0.4218453951475466 0.07470815188539001 0
877 0.07614205097689204 -0.4086039622895167 0
878 0.0376029085821751 -0.4161313803856828 0
879 0.2686782246796763 -0.319000429563304 0
880 -0.3177668657816615 0.2767181652009427 0
881 -0.0716392005530283 -0.4201438419744123 0
882 -0.08453345378072308 -0.4053377583488862 0
883 0.1464141655677946 -0.2562819111899251 0
884 -0.01526665888005702 0.1106039764686422 0
885 -0.00237240571833551 0.09579789275790249 0
886 -0.02816091204182507 0.1254100601795803 0
887 0.3964877400059341 -0.05151668781854619 0
888 0.4156814706212132 -0.04775622091687245 0
889 0.03036588706401076 -0.1230271577518572 0
890 -0.05351624647296649 -0.0008143811949036517 0
891 0.04326014022791984 -0.1378332414653705 0
892 0.01746977563019599 -0.1082146271352246 0
893 -0.001797937307931485 -0.1119847829840607 0
894 0.1514389782373228 0.2297904546432022 0
895 0.1322111995152 0.2260079158202788 0
896 -0.2982221431054851 0.1766094727508211 0
897 -0.1828919503284615 0.303083064647481 0
898 -0.3045823426432414 0.1580326958777045 0
899 -0.1492919546042041 -0.2274160003414753 0
900 -0.1685558871434019 -0.2311632737683058 0
901 0.2282879798795021 0.3487450765781052 0
902 0.2411388596392712 0.333868065642973 0
903 0.2347954634864577 0.3153407328156974 0
904 0.2540764862111289 0.3191329092815423 0
905 -0.2408442811258347 0.3437376068231529 0
906 0.07384417631689374 0.4225267428096696 0
907 0.08673842946998978 0.407720659121429 0
908 -0.4262074852687082 0.01300712851706427 0
909 -0.02020580497685003 -0.4274225075186013 0
910 -0.2601138523461272 0.339973897835359 0
911 -0.07815813584740421 -0.3867679656780297 0
912 -0.09742770700842109 -0.390531674726555 0
913 -0.103803024940913 -0.4091014673947297 0
914 -0.1166972781658291 -0.3942953837747552 0
915 -0.02034942233489406 -0.3754768385137415 0
916 -0.3879074465837768 0.07246938254340696 0
917 -0.4198655347831852 0.03154792428254991 0
918 0.1656837367869282 -0.2525182022423734 0
919 0.1720590548361454 -0.2339484095738396 0
920 0.2107358203808611 -0.278348241779471 0
921 -0.3170608631440823 0.01700875693379383 0
922 -0.3299551163166417 0.0318148406361027 0
923 0.2610077399121937 0.1299172064351328 0
924 -0.1181220109370035 0.1251459780100748 0
925 0.1910413918871847 -0.1262933625177244 0
926 0.2682632938277666 -0.1631841956784412 0
927 -0.2651595376066388 -0.1460936854106293 0
928 0.05500545647415574 0.2629260268606711 0
929 0.2547945722571024 0.05940456408430879 0
930 0.241855185097486 0.07420817258741447 0
931 0.2354818068629991 0.05562879109322291 0
932 0.222630747901001 0.07044693886359939 0
933 0.2162554298509403 0.05187714621456538 0
934 0.2033611766985475 0.06668322992877281 0
935 0.19698585864924 0.04811343727894908 0
936 0.2097364947495238 0.08525302257873173 0
937 0.1904669235477215 0.08148931364315713 0
938 0.1968422415980489 0.1000591062913144 0
939 0.01023461319368567 0.1848831472650022 0
940 -0.2389714612721126 -0.3315170074022123 0
941 -0.2463578963410129 0.01349380008022907 0
942 0.2098614026372528 0.03329504789153757 0
943 0.1905998388355514 0.02954235786384397 0
944 0.1777162874459089 0.04434972834323009 0
945 0.1713409693959078 0.02577993569353144 0
946 0.1842352225476477 0.01097385197903947 0
947 0.1649423799862422 0.007214776159789743 0
948 0.1778502536975035 -0.007594845989414512 0
949 0.1584467162436008 0.04058601940689878 0
950 0.05586715926128424 -0.04874798716251824 0
951 -0.1300223833961485 -0.2236522913751511 0
952 -0.1236470653676839 -0.2050824987074241 0
953 -0.1505845087179902 0.2400950209858142 0
954 0.3645792452622452 -0.1443554877163417 0
955 0.377464841623608 -0.1591608483927437 0
956 0.1074441719345549 -0.1079723219513663 0
957 -0.266201935940683 0.2175127670534037 0
958 -0.189123651141135 0.2325676030757196 0
959 -0.04671239777668579 -0.1380819935319163 0
960 -0.3686378753955694 0.0762330915295876 0
961 0.02241078077430611 0.4298054086107039 0
962 0.003141209572638512 0.4260416996779485 0
963 -0.4071925461970333 0.120682913959635 0
964 -0.3945699989729476 0.1577909278158219 0
965 -0.3881946809838673 0.1763607204565452 0
966 0.2878955248452121 -0.3151921487902952 0
967 0.4029807559589786 -0.1378227874928856 0
968 0.2174043673394444 -0.3636882062453297 0
969 -0.232458323183625 -0.3649319666528343 0
970 -0.3113800917915282 0.2952888501271193 0
971 0.2604518041927907 0.3377027019128184 0
972 0.2733460573647369 0.3228966182731641 0
973 0.2669707393872678 0.3043268256412906 0
974 0.2862403105497524 0.3080905346411662 0
975 0.2798649925740354 0.289520741999696 0
976 0.2991345637427952 0.2932844510033995 0
977 0.292723828197422 0.2746986105652405 0
978 0.3120288169435983 0.2784783673585178 0
979 0.3056324958321442 0.2598967275831808 0
980 0.3249230701762199 0.2636722837243822 0
981 0.3185477521983054 0.2451024910438554 0
982 0.3378173234160415 0.2488662000754469 0
983 0.331415843248612 0.230291874818281 0
984 0.3507115766402669 0.2340601164032225 0
985 0.3443362586627057 0.2154903237090773 0
986 0.3636058298708822 0.2192540327292583 0
987 0.3572305118918451 0.2006842400299113 0
988 0.3765000831049614 0.2044479490515139 0
989 0.3701247651265321 0.1858781563496073 0
990 0.3441732542578203 0.2674484915064439 0
991 -0.1230025605540221 -0.4130022768104588 0
992 -0.1359668493188321 -0.3980590928220583 0
993 0.2366739385518993 -0.3599244972022901 0
994 -0.3306459622338924 0.2915251443733129 0
995 -0.3370410534284619 0.2729353729985343 0
996 0.3893943363413077 0.1896418653731033 0
997 0.3830190183619967 0.1710720726681182 0
998 0.4221893929695997 -0.08113859814218632 0
999 0.01818972003075818 -0.367949420413234 0
1000 0.1258520410056654 0.2074654015172415 0
1001 0.1129477471881565 0.2222441083880887 0
1002 0.1516405472435714 0.1778532340657263 0
1003 0.1645348003631453 0.1630471503401928 0
1004 0.1593084187385694 -0.2710879949126014 0
1005 0.1400388475189484 -0.2748517038602511 0
1006 0.3508227478041881 0.1821194841912 0
1007 0.1775726703977905 0.09629539735581642 0
1008 0.1839479884476013 0.1148651900019822 0
1009 0.2032175596464376 0.1186288989373671 0
1010 0.00400338615581522 0.1143620804288834 0
1011 0.4028630581248543 -0.03294689519372483 0
1012 0.4221326293813376 -0.02918318631629442 0
1013 0.383593486925411 -0.03671060406044006 0
1014 -0.1373956484263659 0.1213911018652017 0
1015 -0.1823174818131244 0.09530038863962906 0
1016 -0.1886927998487956 0.07673059597912878 0
1017 -0.104951962723789 0.006463886325135268 0
1018 0.1971061172628472 -0.003826706177731093 0
1019 0.1907541576477174 -0.02240202438378588 0
1020 0.1714724780028901 -0.0261633255435347 0
1021 0.08036311144570937 0.3891508664842134 0
1022 0.09963268262304717 0.3929145754371522 0
1023 0.1060080006459125 0.4114843680711411 0
1024 0.1189022537956745 0.3966782843901177 0
1025 0.1252775718168383 0.4152480770191629 0
1026 0.138171824963076 0.4004419933421171 0
1027 -0.05931941678824466 -0.2271672478933368 0
1028 -0.07858898799553277 -0.2309309568400433 0
1029 0.3250470468444962 0.2117321451139231 0
1030 -0.3749856718124461 0.05765409971555722 0
1031 0.03674120510837678 -0.1044573650926466 0
1032 0.119327475356027 0.2408244080066635 0
1033 0.1000592863017694 0.237061446585433 0
1034 0.1838043715609145 0.1668108592420324 0
1035 0.3253539220364461 0.1078352761833318 0
1036 0.0168971654847881 0.09956160170403285 0
1037 0.01052184744291143 0.08099180904961492 0
1038 0.234950533141828 0.2634235312757332 0
1039 -0.1818866304906846 -0.06053661851101995 0
1040 -0.1626170592763161 -0.05677290956302683 0
1041 -0.266489170366611 0.3214041051474388 0
1042 0.3582049082316774 -0.1629247985775165 0
1043 0.3711300847595644 -0.1777415272469898 0
1044 0.3903996559261848 -0.1739778183122251 0
1045 0.3840243379070546 -0.1925476109337542 0
1046 0.3647547667415191 -0.1963113198689013 0
1047 0.3776490198769774 -0.2111174035484993 0
1048 0.3583794487155402 -0.2148811124838841 0
1049 -0.163478761892401 0.2549011046990965 0
1050 -0.1442091906793498 0.2586648136559838 0
1051 -0.1113272807686621 -0.01210590633698615 0
1052 -0.2467741288858104 0.169322971316469 0
1053 0.02384695194493805 -0.08965128137948929 0
1054 -0.2583904473931005 -0.2833741311659438 0
1055 0.2992588602744881 0.2413361133942403 0
1056 -0.3044538441642787 0.1060940112759596 0
1057 -0.04714086134059582 0.01775418096370077 0
1058 -0.1363771403828546 -0.2421801175072796 0
1059 -0.06598196898937579 -0.1418457024794409 0
1060 -0.3558385963721504 0.1133638422234013 0
1061 0.3712737018517961 -0.2296871961642219 0
1062 0.35200413068996 -0.2334509050993718 0
1063 -0.4074642521324809 0.172597011465743 0
1064 -0.2195640700188663 -0.379738050318879 0
1065 0.4022885895788763 0.1748357816927354 0
1066 0.3959132715983948 0.1562659889853006 0
1067 0.37664370038102 0.1525022799617745 0
1068 0.4032939090886772 -0.1887839019933648 0
1069 0.3183903370616795 0.2970576061346197 0
1070 -0.2793645321249026 0.3361509945070431 0
1071 0.3648983838214875 -0.2482569887774417 0
1072 0.3456288126609522 -0.252020697712267 0
1073 0.2302986205899321 -0.3784942899165683 0
1074 0.2109321525808339 -0.382350627295016 0
1075 0.2815722735261472 -0.333797356985178 0
1076 0.3008389957024636 -0.3300361972133792 0
1077 0.3072332880698407 -0.3114937846350199 0
1078 0.292552368612605 0.3266255643037179 0
1079 -0.05874494732514707 -0.4349499256000858 0
1080 0.369981147862481 0.2378238254365702 0
1081 0.4282207132031167 0.09327794456101979 0
1082 0.4153264600701634 0.1080840283034775 0
1083 0.4344538780920895 0.111845395724191 0
1084 0.4409905907631443 0.0784572492556338 0
1085 0.4347396483239136 0.05990206815298225 0
1086 0.4350268824416719 -0.04398927010739704 0
1087 0.4414022006042296 -0.02541947749956042 0
1088 -0.4391059837658003 0.02778653171213964 0
1089 -0.4328219077057996 0.04637217200788607 0
1090 0.06094992316348094 0.437332826499106 0
1091 -0.2537385343363026 0.3585436905338574 0
1092 -0.4010889341508908 0.191166804098698 0
1093 -0.1423765786545937 -0.4168127869516925 0
1094 -0.1552364204679004 -0.4018228018682626 0
1095 -0.1616117384029803 -0.4203925945390811 0
1096 -0.1745059916155108 -0.4055865109201373 0
1097 0.008884846749907478 0.4469014839150667 0
1098 -0.00975304358382615 0.4408477833947933 0
1099 -0.1092012958001149 -0.42806510896973 0
1100 0.3957696543453267 0.2082116580915591 0
1101 -0.4455725437461965 0.009232586686624737 0
1102 0.4151828428172891 0.1600296980103593 0
1103 0.1445471429826277 0.4190117859661828 0
1104 0.1574413961255133 0.4042057022929697 0
1105 0.1638167141456854 0.4227754949211524 0
1106 0.1767109672848238 0.4079694112477474 0
1107 -0.2002954100661233 -0.3759354755729808 0
1108 -0.1488611025437967 -0.3832530092180908 0
1109 -0.09105238907834791 -0.3719618820627891 0
1110 -0.07178281791891769 -0.3681981730073151 0
1111 -0.2066698168599433 -0.3945441339784944 0
1112 -0.2519750729747398 -0.264775326296829 0
1113 -0.2647657658918984 -0.3019439236800249 0
1114 -0.2840353371950656 -0.3057076321595366 0
1115 -0.2711325283987675 -0.3204895421338855 0
1116 -0.2904106556831487 -0.3242774246615546 0
1117 -0.2775164028867232 -0.3390835086849288 0
1118 0.1065824698092613 0.2037016926163129 0
1119 0.1194709154598629 0.1888723663075023 0
1120 0.4285079475445106 -0.01061339370618436 0
1121 0.389537953637403 0.1376961962875206 0
1122 0.3702683824249706 0.1339324872483346 0
1123 0.184953308004398 -0.2487544932956079 0
1124 0.1913286260529665 -0.2301847006302977 0
1125 0.1784343728876319 -0.2153786169114227 0
1126 0.1976907607585411 -0.2115950117395595 0
1127 0.2042209779963567 -0.2449718225463897 0
1128 0.02327248352660792 0.1181313943579977 0
1129 -0.3363304343426214 0.01324504797232964 0
1130 -0.09205770955742895 -0.008342197390123332 0
1131 -0.06640912417083318 0.01399066777385237 0
1132 -0.1759421637775926 0.1138701813000633 0
1133 -0.1437783392975195 0.1028278065061855 0
1134 -0.1310031878420837 0.1399489002668993 0
1135 0.2482756371440256 0.09278044045505535 0
1136 0.1703356492748417 0.3893996186397985 0
1137 0.1896052204297112 0.3931633275870446 0
1138 0.1125269357757566 0.378108491767907 0
1139 -0.2344590631720332 0.3622780658347473 0
1140 -0.06569473483196327 -0.2457370405506729 0
1141 -0.08496430603683652 -0.2495007494972516 0
1142 0.010378230367159 0.1329374780664019 0
1143 -0.0464251636271215 -0.2419733316048333 0
1144 0.1848096909385799 -0.1968088242522351 0
1145 0.204079262148793 -0.1930451153115254 0
1146 0.1911850089891028 -0.1782390315963472 0
1147 0.2104545801956754 -0.1744753226565545 0
1148 0.2169688490210205 -0.2078378460920232 0
1149 0.3320164741367709 0.02251373080324597 0
1150 -0.4138395701296702 0.1540272188368325 0
1151 -0.3235489865468655 0.05038154672634734 0
1152 -0.1117581319974901 0.1437311007762498 0
1153 -0.2531640656822963 0.150761014514748 0
1154 0.2681196766689152 -0.1112385266958436 0
1155 -0.01612836163745142 0.4222779907378543 0
1156 -0.02898780952070493 0.4369652727611384 0
1157 -0.03539793285311467 0.4185142817967305 0
1158 -0.04825885150538093 0.4332241453488698 0
1159 -0.05466750407330555 0.4147505728553404 0
1160 -0.06756175723934299 0.4295566565836673 0
1161 -0.07393707529718971 0.4109868639135134 0
1162 -0.08680599475146386 0.4257144543810835 0
1163 -0.09320664652424715 0.4072231549713194 0
1164 -0.1061008996942429 0.4220292387044988 0
1165 -0.1124762177537789 0.4034594460289566 0
1166 -0.1253466443244048 0.4181966674376185 0
1167 -0.1317457889852111 0.3996957370865236 0
1168 -0.1446400421576394 0.414501820822694 0
1169 -0.1510153602181681 0.3959320281438822 0
1170 -0.1639096133915667 0.4107381118811861 0
1171 -0.1702849314524522 0.3921683192010894 0
1172 -0.18317918463003 0.4069744029462308 0
1173 -0.1895545026905204 0.3884046102630314 0
1174 0.2156809619522259 0.2596598223768801 0
1175 0.2220562800288591 0.2782296149953214 0
1176 0.3001398839190043 -0.07033523244409348 0
1177 -0.07801451849149381 -0.4387136346558311 0
1178 -0.2851842729657612 0.1098577202280341 0
1179 -0.1954895712289513 0.2139750019836569 0
1180 -0.2083932223493184 0.2288038941199096 0
1181 -0.2147685403854143 0.2102341014574513 0
1182 0.171197352347511 0.07772560470923325 0
1183 0.1583030991984653 0.09253168842109596 0
1184 0.1519167583936822 0.07395688023075295 0
1185 0.01138355000669614 -0.2306822047646743 0
1186 -0.02787367782894996 0.02151872235479149 0
1187 -0.2011562017049723 -0.06430032745904518 0
1188 -0.1882619485362631 -0.07910641117714459 0
1189 -0.2075315197513763 -0.08287012012531077 0
1190 -0.1946239494893659 -0.09766792658942669 0
1191 -0.2138945615068667 -0.1014358832379275 0
1192 -0.2010125846282525 -0.1162459965118263 0
1193 -0.2202821558450249 -0.1200097054602637 0
1194 -0.2331764090147353 -0.1052036217398966 0
1195 -0.3818193629975541 0.1949305130875881 0
1196 -0.3947136161696176 0.2097365967321577 0
1197 -0.3754440450161257 0.2135003057203222 0
1198 -0.1562417412308781 -0.03820311689730625 0
1199 -0.0985766446793241 0.0250336789869471 0
1200 -0.07234390122535445 -0.1603934806878607 0
1201 -0.1571034438553883 0.2734708973695898 0
1202 -0.2404134296073426 0.1879005998199752 0
1203 -0.2079623710537415 0.07296688702525392 0
1204 -0.1950681178846213 0.05816080331799545 0
1205 -0.2143376890904049 0.054397094363936 0
1206 0.003428443792241137 0.3221503616323171 0
1207 0.06181162589401867 0.1256588125198224 0
1208 -0.2020179043133453 0.2473736867834908 0
1209 -0.1763730150705599 0.2697071884119391 0
1210 -0.085107923117475 -0.1975550804676267 0
1211 -0.323436181167959 -0.001561035732679392 0
1212 0.04311652315260224 -0.0858875724338849 0
1213 0.05601077631564842 -0.1006936561466556 0
1214 0.4091650573594146 -0.1703364214461655 0
1215 0.4159009281279847 -0.09969864789693988 0
1216 0.4350882466844338 -0.09592301752691462 0
1217 -0.1433474880622437 -0.05300920061465632 0
1218 0.3573741291921227 0.1487385709187038 0
1219 0.4287860596656742 -0.1158586003688076 0
1220 -0.1378338726407349 0.277234606327537 0
1221 -0.1249396194642561 0.2624285226134736 0
1222 -0.1185553402190408 0.2809789769668448 0
1223 -0.105670048249586 0.266192231572344 0
1224 0.03022226998952696 -0.07108148872133374 0
1225 -0.04075841706858489 0.03632271470466265 0
1226 0.4415458174115315 -0.07736514639778377 0
1227 -0.09929067598217486 0.2847398338582723 0
1228 -0.0863953107129569 0.2699366346024422 0
1229 -0.08002515899991215 0.2885257332028913 0
1230 -0.06713090582333016 0.273719649491861 0
1231 -0.06075558778862797 0.2922894421622725 0
1232 -0.04786133461255834 0.2774833584528608 0
1233 -0.04148601657906606 0.2960531511216191 0
1234 -0.02859176340399232 0.2812470674138274 0
1235 -0.2276627935542829 0.2250401851645034 0
1236 -0.2725772539338673 0.1989429743933128 0
1237 0.339110297438389 -0.2186341455323191 0
1238 0.01095117022086844 -0.07483933641934445 0
1239 0.02978958778802658 0.08475930490662195 0
1240 0.023416100603592 0.06618572534153477 0
1241 0.004146643330698058 0.06241838568315466 0
1242 -0.05960665094417038 -0.1232759098147823 0
1243 -0.04033707973106834 -0.1195122008676865 0
1244 0.01703974159104497 0.04761273325668329 0
1245 -0.08524569521102421 -0.1455990945731212 0
1246 0.2027867088417095 0.274465906097411 0
1247 -0.349194624333662 0.02804390628323132 0
1248 -0.09162685824900078 -0.1641792040924679 0
1249 0.2607390393760081 0.2338113638340481 0
1250 -0.23912087608385 -0.2796104226833247 0
1251 -0.2327265468317887 -0.2610174444339674 0
1252 -0.2198001967604787 -0.2758044382505225 0
1253 -0.2134759862832882 -0.2572769216943789 0
1254 -0.2263702390891604 -0.2424708376631161 0
1255 -0.2070714939367982 -0.2386771424138621 0
1256 -0.1941888418100061 -0.2534574061208412 0
1257 -0.2967859741719077 -0.3428472171505573 0
1258 0.1123833186704639 0.4300541606965057 0
1259 0.08021949434561462 0.4410965354587714 0
1260 0.4477775187723123 -0.006849684888290963 0
1261 0.4348832657089856 0.007956398909468962 0
1262 0.3582125843067567 -0.2667252541308684 0
1263 0.3391227083513727 -0.2705206616394006 0
1264 0.3517787108987402 -0.2852043841190353 0
1265 0.3263206758181038 -0.2557530779171662 0
1266 0.3199259421656995 -0.2742794414761692 0
1267 -0.2472610149357917 0.3766573803714498 0
1268 -0.2280158136665586 0.3806428769712982 0
1269 0.02847449809379164 0.4484556434188378 0
1270 -0.04191686795965139 0.4518901581888031 0
1271 -0.08020329590333074 0.4438256262905697 0
1272 -0.3879153444208028 0.2282148663040424 0
1273 -0.3689551997060734 0.2320350584493155 0
1274 -0.3814984204683334 0.2466967630691302 0
1275 -0.2388861477303284 -0.3830199992661018 0
1276 -0.2517026453744826 -0.3684824771813052 0
1277 -0.2570554604164946 -0.3877951241361199 0
1278 -0.3237651873187734 0.3098930026742698 0
1279 0.3905432730081639 -0.2259234872218448 0
1280 -0.3497046817083653 0.2876590106747357 0
1281 -0.2419353686346268 0.3972435423100513 0
1282 0.2492618476565557 -0.3745085101104064 0
1283 0.2430213543127213 -0.3960076201999007 0
1284 -0.2019439756385848 0.4028002755750053 0
1285 -0.1961928170272536 0.4215045727440307 0
1286 0.01978424356038151 0.4658024252872154 0
1287 -0.1188879223668315 0.4367288405651178 0
1288 0.4600524401919541 -0.02109700327940416 0
1289 -0.3094629443776742 -0.3278188706897968 0
1290 -0.08467707115491421 -0.3533920893927968 0
1291 0.1452652291661229 0.1592834414382696 0
1292 0.158159482286217 0.1444773577122323 0
1293 0.4217017781798682 0.1266538209831244 0
1294 -0.4005879172104002 0.03529794102812088 0
1295 -0.4071770177621723 0.06870567355494518 0
1296 -0.4200712709465504 0.08351175722275812 0
1297 0.1529331006899344 -0.2896577875828424 0
1298 0.1336541342512365 -0.2934046109116873 0
1299 0.1721650352880569 -0.2858527442171538 0
1300 -0.3427057523724919 -0.005324744693495753 0
1301 -0.3298114991967879 -0.02013082840063417 0
1302 0.1903128124456125 0.1334309191454189 0
1303 0.2095928776941418 0.1371986915821122 0
1304 0.2224871308437623 0.1223926078733897 0
1305 0.3509988112293269 0.1301687782231202 0
1306 0.1843689984100029 -0.04096971406363985 0
1307 0.2036484107983053 -0.03720810809718189 0
1308 -0.1502972744185652 0.1362036828824223 0
1309 -0.3625705830383693 0.2505580720834201 0
1310 0.3963441229135242 0.0004289812519146785 0
1311 -0.1694232286433355 0.08049430493306416 0
1312 0.1975603270384552 -0.1596692389434577 0
1313 0.2168298982418805 -0.1559055300045203 0
1314 0.2297241513970242 -0.1707116137153399 0
1315 0.2360994694416406 -0.1521418210664459 0
1316 -0.1246523851635415 0.1585371844914948 0
1317 -0.3048653494298738 0.3137469985628382 0
1318 -0.2085368395606947 0.2807495630269466 0
1319 -0.06104282212918591 0.3961807801845669 0
1320 0.1651092683953492 -0.04473552596641699 0
1321 0.152215015244764 -0.02992944225366601 0
1322 -0.07207005287466671 -0.264306833205932 0
1323 -0.2014299661735778 0.03959237762081129 0
1324 0.2484192542068602 0.04083477143122433 0
1325 0.165540119727314 -0.2005725331925938 0
1326 -0.3305330032330027 0.2395893155259592 0
1327 -0.1301660005065629 -0.171706622311763 0
1328 0.409094759001108 0.03756856657614978 0
1329 -0.07350622385795372 0.25514985682307 0
1330 0.1078750231331608 -0.2638093290722239 0
1331 0.1014997050854849 -0.2823791217373259 0
1332 0.08223013387004532 -0.2861428306826475 0
1333 0.09512438703684797 -0.3009489144028303 0
1334 0.07585481582153408 -0.3047126233478127 0
1335 0.08874906898796404 -0.3195187070686257 0
1336 0.06947949777236659 -0.3232824160162863 0
1337 0.05658217030410821 -0.3084534951275049 0
1338 0.05020992655884648 -0.3270461249616584 0
1339 -0.1305968519800489 -0.01586961528408147 0
1340 -0.1177025988135986 -0.03067569900024431 0
1341 0.3453139976069551 -0.1481151291895492 0
1342 0.2430492565146005 -0.3413547044920435 0
1343 -0.2207130071275073 0.03582730170172106 0
1344 0.3389662604619715 -0.1666991524829833 0
1345 -0.2395517270626026 -0.1237734144082185 0
1346 -0.2524459802323758 -0.1089673306870694 0
1347 -0.2460706621843647 -0.09039753801843296 0
1348 -0.2653402334021238 -0.09416124696593375 0
1349 -0.2589233724825053 -0.07557667200277053 0
1350 -0.2782344865697841 -0.07935516324459724 0
1351 0.3574527342177013 0.09681476341466644 0
1352 0.3318456433214506 0.07446623516073675 0
1353 -0.1560759994175105 -0.09013735997118062 0
1354 -0.02221644537171058 0.2998168600796832 0
1355 -0.1121889833906702 0.2995681079572628 0
1356 -0.2660583188415554 0.1655670982184121 0
1357 -0.2724146220127279 0.1469892438079217 0
1358 -0.02149186944819466 0.04008323665231438 0
1359 -0.2980785261294772 0.1246638039274956 0
1360 -0.317328868341575 0.1208963928972336 0
1361 -0.0532300785139747 -0.1047014373673845 0
1362 -0.0339617616857255 -0.1009424082040559 0
1363 -0.1107438869010366 -0.2198809427398573 0
1364 0.1064388528459654 0.2556473615946293 0
1365 0.1256947271169468 0.2593891649527725 0
1366 0.08716928165010161 0.2518836526934077 0
1367 0.08079396357189546 0.2333138600664839 0
1368 0.2670980424966882 0.2523735813688492 0
1369 -0.3557128213286137 0.06141870736225953 0
1370 -0.349368304199514 0.0799968005136537 0
1371 0.2605722324188245 0.2857381164154967 0
1372 -0.4260384911058291 0.1685323246999254 0
1373 -0.4576254876956239 0.02404458918111677 0
1374 -0.06565860113567573 -0.4524310053354131 0
1375 -0.04631641998419271 -0.4488812581885704 0
1376 -0.3179874338774348 0.3290111937880321 0
1377 0.4409713494210195 0.1304175298779417 0
1378 -0.1807271787971966 -0.4264515177657095 0
1379 0.4540092195516063 0.06366577709966628 0
1380 0.4475309094691938 0.04510816669363316 0
1381 0.4534384872257606 0.0119832885745032 0
1382 -0.3671074171845343 -0.2872145489833517 0
1383 -0.3608033603327149 -0.2685748583454831 0
1384 0.4217826403490268 -0.1854408062379115 0
1385 0.3761794017015748 -0.2626463374935155 0
1386 0.182220128995526 0.4280911037492721 0
1387 0.3200122301924843 -0.3245749270546868 0
1388 0.3264603904471193 -0.3075158777665877 0
1389 0.3158421475629359 -0.3436436398189098 0
1390 -0.2840781052031047 -0.3567149501017823 0
1391 -0.303168301353673 -0.3599495583097448 0
1392 0.06778360031835295 0.4571416402155414 0
1393 -0.1556024214735465 0.4286566588052656 0
1394 -0.3742943247668405 0.2649179328942615 0
1395 -0.3909273308833242 0.2615606884137535 0
1396 -0.4326151017360426 0.1501070080807709 0
1397 0.4147216453399278 -0.2032367974958732 0
1398 -0.2663267927904568 0.3718663937947402 0
1399 0.4207558733805249 0.1783525348926257 0
1400 0.4269555580545051 -0.1678294446060301 0
1401 0.4605097015386325 0.08209991165025923 0
1402 -0.1487174851720416 -0.4351986781386976 0
1403 -0.4650842147430503 0.004864133242580795 0
1404 -0.4513151068443261 -0.009734031366331067 0
1405 -0.4751658956589152 0.0216597943605135 0
1406 -0.1942761003132762 -0.4424459881798374 0
1407 0.4541935217049995 -0.09082858550760003 0
1408 0.4353960280142697 0.1635680568673051 0
1409 -0.4066728520284309 0.226312136498785 0
1410 0.4732787907828048 0.06742948604562052 0
1411 0.4538656025514561 0.115611446099073 0
1412 0.4595811403272494 0.1369005174168036 0
1413 0.4338485130964974 -0.2005118379850085 0
1414 -0.2754017745398041 -0.3954100793191573 0
1415 0.1511247754766283 0.4375287079916418 0
1416 -0.373405518174242 -0.3059818361180509 0
1417 -0.3417801816018009 -0.2649661375779919 0
1418 -0.3546568195516659 -0.2501691653862054 0
1419 -0.3736783720852691 -0.2537139105210497 0
1420 -0.367532173249779 -0.235369029982308 0
1421 -0.3484548739865955 -0.2316715692991377 0
1422 -0.3614141223565948 -0.2168771700291089 0
1423 -0.3806211367240798 -0.22061466945083 0
1424 -0.3743110227588752 -0.2020733917143555 0
1425 -0.3550421246575637 -0.1983062376623066 0
1426 -0.3679390248037978 -0.183502459498857 0
1427 -0.3871500292050698 -0.1872578928450815 0
1428 -0.3808359248928499 -0.1686986813099032 0
1429 -0.4000533559065831 -0.1724716362834448 0
1430 -0.3936864151835516 -0.1539052705021543 0
1431 -0.4130017230075967 -0.1576620571274598 0
1432 -0.4066297250648979 -0.1390911249264414 0
1433 -0.4064768208559815 -0.1910367675154076 0
1434 -0.3615079243641892 -0.164941138420029 0
1435 -0.4258986230947096 -0.1428582789355652 0
1436 -0.419526625151097 -0.1242873467335427 0
1437 -0.4001707672558714 -0.1205617973029668 0
1438 -0.4131546272067143 -0.1057164145341378 0
1439 -0.4324235252351892 -0.1094835685412621 0
1440 -0.4260515272902768 -0.09091263634195972 0
1441 -0.4449214458686127 -0.09460942634660834 0
1442 -0.4389484273741724 -0.07610885815017415 0
1443 -0.4196795293477579 -0.07234170414474683 0
1444 -0.4325764294287847 -0.05753792595541864 0
1445 -0.4509177158555967 -0.06174778269438837 0
1446 -0.4451428579262574 -0.04301196098422789 0
1447 -0.4645255994941831 -0.05049401751818294 0
1448 -0.4524541435726713 -0.1124056477022857 0
1449 -0.4340857369689334 -0.1631059057303579 0
1450 -0.4132185396807311 -0.05385214241641135 0
1451 -0.4068897842137348 -0.03518566442355962 0
1452 -0.4003708490370699 -0.06856154081533464 0
1453 -0.4067831727926153 -0.08718159046914573 0
1454 -0.4579335254559915 -0.02871976463694669 0
1455 -0.4776391276066011 -0.0316975235842037 0
1456 -0.4388973992841224 -0.02439546620468557 0
1457 -0.4261916538972367 -0.03897923862896588 0
1458 -0.3939727092268083 -0.1020250366555117 0
1459 -0.3746126363505702 -0.09823625642214445 0
1460 -0.3809128979767427 -0.1168834908754285 0
1461 -0.3679317912994438 -0.1315849576027666 0
1462 -0.3355528341251255 -0.2464661995484458 0
1463 -0.3292763653594636 -0.2279598120351432 0
1464 -0.3163427774886433 -0.2427195885035786 0
1465 -0.3229282189257804 -0.209380378557891 0
1466 -0.3035921414759576 -0.2055800031191698 0
1467 -0.3165657479169997 -0.1908049934332037 0
1468 -0.2972168234632265 -0.1870102104297199 0
1469 -0.3744145696064855 -0.1501618677689207 0
1470 -0.3222368936319363 -0.3129405770084038 0
1471 -0.3032619867823136 -0.3094294276220964 0
1472 -0.3101516674238572 -0.1722834946226721 0
1473 -0.3294258181757838 -0.1759801295287771 0
1474 -0.3358046136340035 -0.1945386076892133 0
1475 -0.3422865781500117 -0.1611362279055912 0
1476 -0.1935956348593335 -0.4091802526824053 0
1477 -0.1873962634886285 -0.390703521604764 0
1478 -0.2132456035012212 -0.4137694493496071 0
1479 -0.2258255129121614 -0.396998703199103 0
1480 -0.2583446345263216 -0.3352862228376986 0
1481 -0.2453450289305067 -0.350040804319076 0
1482 -0.264620126215126 -0.3535476610710612 0
1483 -0.2518914595320697 -0.3167676479185831 0
1484 -0.245448235557079 -0.2981332414509896 0
1485 -0.2326019403767046 -0.3129862976906158 0
1486 -0.1039297420256863 -0.3571616006000813 0
1487 -0.09757825399955644 -0.3385332575784553 0
1488 -0.123202685402742 -0.3609282360593451 0
1489 -0.1361104673068057 -0.3461134217700922 0
1490 -0.1424764811471767 -0.364690495432048 0
1491 -0.1553800384840111 -0.3498771307423775 0
1492 -0.1295820129286713 -0.3794976743550668 0
1493 -0.1617494340890314 -0.368452022392577 0
1494 -0.1810536873922912 -0.3721510239895471 0
1495 -0.168134465565359 -0.3870134982975818 0
1496 -0.193916460569463 -0.357364080681386 0
1497 -0.2738562005231407 -0.3737572116225424 0
1498 -0.07837278164074024 -0.3348481144668757 0
1499 -0.06543438285937335 -0.3495294155608556 0
1500 -0.04620570513528562 -0.345960969728147 0
1501 -0.03976713199549729 -0.3273168089871272 0
1502 -0.02691569115584699 -0.3422939416320389 0
1503 -0.0204528445832524 -0.3236140480373587 0
1504 -0.007438519340733404 -0.3383506121839543 0
1505 0.01177299021024365 -0.334519298014913 0
1506 -0.01389660956146824 -0.3569594645432614 0
1507 -0.2199488583182518 -0.2238914376918965 0
1508 -0.232871156125648 -0.2090833558318038 0
1509 -0.2392258526800266 -0.2276512977969554 0
1510 -0.2521388047433353 -0.2128463245768617 0
1511 0.08237375094114874 -0.3380884997346029 0
1512 0.1016440491764862 -0.3343376136907067 0
1513 0.1080259946536929 -0.3157658216747455 0
1514 0.1143992796681611 -0.2971879838332566 0
1515 0.1272646807992399 -0.3120073467703822 0
1516 0.1464972177630445 -0.3082343984140363 0
1517 0.1657738906529213 -0.3044750436530089 0
1518 0.1850969255461831 -0.3007001625517353 0
1519 0.1401690929278424 -0.3268001021766459 0
1520 0.1207817553919118 -0.2786347653135339 0
1521 0.1271379151975965 -0.2600820932710435 0
1522 0.1142503411794276 -0.245239536412901 0
1523 0.1002048334934065 0.1851113769473894 0
1524 0.08093103103997522 0.1813477136109193 0
1525 0.08730757814799082 0.1999202919659577 0
1526 0.07441617883097028 0.2147315290202469 0
1527 0.09368191096018022 0.2184864456992319 0
1528 0.06152439215164901 0.229550151237114 0
1529 0.05515829518318956 0.2109883898508147 0
1530 0.4276329209243236 0.1448690032126854 0
1531 0.4086748072841121 0.141461638940901 0
1532 0.4024947200303962 0.1229445538186305 0
1533 0.3831626356841358 0.1191264035839798 0
1534 0.396108883655686 0.1044271182995668 0
1535 0.2091356531432997 0.292989305907036 0
1536 0.138883133498123 0.1407046553365699 0
1537 0.4218950153041512 0.02275142317973537 0
1538 0.1914722432362433 -0.2821303696384287 0
1539 -0.2648471395505555 -0.2499863186173324 0
1540 -0.245609318349808 -0.2462104440211749 0
1541 0.1128141709236766 0.2742171542183812 0
1542 0.1390252527458034 0.08875391204223686 0
1543 0.1261322867718142 0.1035684818235706 0
1544 0.1454028151496635 0.1073398424840932 0
1545 0.1646735887704708 0.1111045977442442 0
1546 0.4092436455712417 -0.01440408045087906 0
1547 0.4155950038615502 0.004164279078754232 0
1548 0.3899753132441464 -0.01814303049565531 0
1549 0.37064238424484 -0.02187573489702546 0
1550 0.3642863865074516 -0.04045905967678516 0
1551 0.3514335332853091 -0.02565695351057326 0
1552 0.3450220978273844 -0.04421908136270199 0
1553 0.3321626440882499 -0.02941390826043802 0
1554 0.325780817705148 -0.04798146521392396 0
1555 0.3385444704342569 -0.01084635129134512 0
1556 0.3192771277168919 -0.01462401778190489 0
1557 0.306371584870785 0.0001802292219974522 0
1558 0.3386698805094462 -0.06279206746766096 0
1559 0.351541427034691 -0.07760576647275022 0
1560 0.3579459818409023 -0.05903847989756195 0
1561 0.3772159597124498 -0.05527490863582629 0
1562 0.3770888259794442 -0.003345704888026574 0
1563 0.02964780156848619 0.1367011870107345 0
1564 -0.3490810704047566 -0.023894537361208 0
1565 -0.3361610530459164 -0.03870586325893341 0
1566 -0.3169172460145907 -0.03493691210784923 0
1567 -0.3619511669130253 -0.009096747039558456 0
1568 -0.3555733916378966 0.009472202013030659 0
1569 0.2288624488916352 0.1409624005184669 0
1570 0.2159681957416939 0.1557684842266484 0
1571 0.2223465221904631 0.1743372442581964 0
1572 0.2094931841805214 0.1891263767150209 0
1573 0.1901796896368699 0.1853806518687506 0
1574 0.2030558867018035 0.1706017755721406 0
1575 0.1966737178216761 0.152026566175731 0
1576 -0.3554217979005305 -0.04246862353994475 0
1577 -0.3425621352094815 -0.05727041376103034 0
1578 -0.1817045269018425 -0.1124628831936709 0
1579 -0.1688371184760334 -0.1272807534126704 0
1580 -0.1753493755245823 -0.09390613882083824 0
1581 -0.1880960942402862 -0.1310446688952211 0
1582 -0.2073710696658399 -0.1348129171191805 0
1583 -0.1944860930774237 -0.1496249186646206 0
1584 -0.4136620467741096 0.05004033700953109 0
1585 -0.3944099499502205 0.05382633668398283 0
1586 -0.1766257679771401 0.3735623624435868 0
1587 -0.1830156459894003 0.354974897184332 0
1588 -0.1959159534003724 0.3697638194804401 0
1589 -0.2088272521039428 0.3845758605354369 0
1590 -0.4263809835542072 0.06492206839155899 0
1591 -0.4457161602910146 0.06117825625582607 0
1592 -0.4512750413566656 0.04224052555781847 0
1593 0.3638548950586413 0.1153708367464606 0
1594 0.1780035215457698 -0.05954160967919447 0
1595 0.1716537172495067 -0.07812016173919729 0
1596 0.1523594967993342 -0.08186162866432882 0
1597 0.1972730927465958 -0.05577790074469212 0
1598 0.2101673459730447 -0.07058398456274606 0
1599 0.2165426639919111 -0.0520141918707327 0
1600 -0.3232796571102781 -0.05353101710569873 0
1601 -0.304037750439681 -0.04978290228825621 0
1602 -0.2976340255870996 -0.03121723717752238 0
1603 -0.2847452390314029 -0.04600442976229883 0
1604 -0.2718591685227016 -0.06078537057676922 0
1605 -0.07278813826560525 -0.00457848824755834 0
1606 -0.08567910910987404 0.0102264685726768 0
1607 -0.1380871063580396 0.3810904841419215 0
1608 -0.1444851158208602 0.3625185969156903 0
1609 -0.1573791309411779 0.3773031153309794 0
1610 0.3965811763554027 -0.2072649412407406 0
1611 0.1458341465676209 -0.04849427402315115 0
1612 0.1265701260285896 -0.05226294396775359 0
1613 0.1329387575411532 -0.03369051395525498 0
1614 0.1200367585554111 -0.01888568303448224 0
1615 -0.1375482762478354 0.1733289183299409 0
1616 -0.1182774864842215 0.1770752955858233 0
1617 -0.1053780267571301 0.1622916525101816 0
1618 -0.08611324276465585 0.1660646025146975 0
1619 -0.1439165346854465 0.1547878743569527 0
1620 -0.09248856078608256 0.1474948097231204 0
1621 -0.07321898956941357 0.1512585187876168 0
1622 -0.06684367154806181 0.1698283114643348 0
1623 -0.05393304468287421 0.1550043968375972 0
1624 -0.07973792471795307 0.1846343951767477 0
1625 -0.0603264438186612 0.1364785609980389 0
1626 -0.04743048324949625 0.1216463512372956 0
1627 -0.04104813400837769 0.1402223459883776 0
1628 -0.02177674751541189 0.1439768296384767 0
1629 -0.03465995699394626 0.1587708243202061 0
1630 -0.01539254507877524 0.1625435707782071 0
1631 -0.02827971067502767 0.1773558242126948 0
1632 -0.04754840586249012 0.1735877236469895 0
1633 -0.06045671507109113 0.1884016108247049 0
1634 -0.1631625136763005 0.1509938132394702 0
1635 -0.1695443759569835 0.1324355107400391 0
1636 -0.1630441982319235 0.09905771344229659 0
1637 0.2943579141976773 -0.2967843602230805 0
1638 0.281439677150239 -0.2818841836626982 0
1639 0.3007303752055229 -0.2780532942734718 0
1640 0.3070777860407283 -0.2594477556028051 0
1641 0.3134996271119829 -0.2409444528560533 0
1642 0.2941945811835799 -0.2446440398191386 0
1643 0.3327416603451075 -0.2372099087799466 0
1644 0.31995517296364 -0.2224351534336693 0
1645 0.3069070644675251 -0.2075391232550665 0
1646 0.3263188628280713 -0.2037743064759947 0
1647 0.3135595087928625 -0.2928393248696693 0
1648 0.3326858552617467 -0.2889684914174441 0
1649 -0.09956273698213566 0.3887292491323296 0
1650 -0.1059473978572417 0.3700464372463147 0
1651 -0.1188420816256379 0.3848412498249058 0
1652 -0.156528975386005 0.06568822118321803 0
1653 -0.1501398275738487 0.08425262954210286 0
1654 -0.1757829023573706 0.06194203400391925 0
1655 -0.1821336252310683 0.04337452767210551 0
1656 -0.1885053397775734 0.024811327271213 0
1657 0.03631035376515805 0.05137964163315055 0
1658 0.02993503572403619 0.032809848978426 0
1659 0.04920460692622355 0.03657355792510006 0
1660 0.2231963102886088 -0.1373547896882282 0
1661 0.2039319768951587 -0.1411008326480366 0
1662 0.2103161970801738 -0.1225366847739105 0
1663 0.2417374176389118 0.1261479522630808 0
1664 -0.2266574738922792 -0.1385794981292403 0
1665 0.3511346892859864 0.07825638396338658 0
1666 0.4408152838105098 0.02655581937362726 0
1667 0.4605281549157816 0.03028990053689166 0
1668 0.4281316943619026 0.04132421714476033 0
1669 0.4661760573982464 0.04724128604750783 0
1670 0.2489937225938715 -0.1669479047739797 0
1671 -0.2846098046200367 -0.09792495591203836 0
1672 -0.2975040577877045 -0.08311887218909689 0
1673 -0.310372714983164 -0.06832335359579531 0
1674 -0.2911287397370742 -0.06454907952098253 0
1675 -0.3038568124090118 -0.1016908532386788 0
1676 -0.3167363628897718 -0.08693447574027811 0
1677 -0.2078203915205861 0.02102960204886076 0
1678 -0.2141845415583304 0.002456560383727505 0
1679 -0.2334667665745896 -0.001313164311582918 0
1680 -0.2270738848500825 0.01725996277290842 0
1681 -0.2399611000759038 0.03203079262286178 0
1682 -0.2335940458012139 0.05062714989430794 0
1683 -0.2528571637443158 0.04683992460725131 0
1684 -0.3560282748442045 0.2690319670688576 0
1685 -0.3434015141944458 0.2543506972747753 0
1686 -0.3242690405774407 0.258098470279888 0
1687 -0.3113191260960899 0.2433658504169226 0
1688 0.3518929360446509 -0.1814770002508264 0
1689 0.3325740437745365 -0.1851585364098278 0
1690 0.319680337837749 -0.1703901925453992 0
1691 0.3260191070737418 -0.1518150900192421 0
1692 0.2864077672334644 0.2561656268729561 0
1693 -0.1649556240875199 -0.437634181774627 0
1694 -0.1354883947598908 -0.4513731394717949 0
1695 -0.1289248303098659 -0.4320590533561895 0
1696 -0.1165233150422585 -0.4467923146349684 0
1697 -0.1029451725956444 -0.4614872138358789 0
1698 -0.05916828884512791 -0.2790966605104103 0
1699 -0.05280048167240002 -0.2605431242601169 0
1700 -0.2969071563687711 -0.2908812740450901 0
1701 0.2618974147943089 -0.1817457681439953 0
1702 0.2426035130713057 -0.1855028275194317 0
1703 0.2362887481873803 -0.2040477246189404 0
1704 0.2233481960109281 -0.1892819614188306 0
1705 0.2299162593794348 -0.2226323676215197 0
1706 0.2106432489035343 -0.226412802450229 0
1707 0.2235413927949713 -0.2411963993085742 0
1708 0.2171430334478376 -0.2597765847231339 0
1709 0.236382037212865 -0.2560383146380137 0
1710 0.2676770991950546 0.04460987404273617 0
1711 -0.233002663870795 -0.1571281807552667 0
1712 -0.2459270451107882 -0.1423432070774165 0
1713 -0.3562887378459474 0.2173004081199323 0
1714 -0.3432802206525765 0.2024579310987135 0
1715 -0.3625497918227252 0.1986942221038872 0
1716 -0.2788179303273052 0.128419696430967 0
1717 -0.09133962407674877 -0.2680705421518391 0
1718 -0.1042269369880913 -0.2532530952725836 0
1719 -0.1106091952778891 -0.27183425109894 0
1720 -0.04174652052905473 0.3999199666779522 0
1721 -0.04814856891143332 0.381374696434516 0
1722 -0.06741814012557588 0.3776109874734271 0
1723 0.3517122690526215 -0.1295273579826497 0
1724 0.3324473253644912 -0.1333232761540882 0
1725 -0.03497896751501264 0.2627211102138892 0
1726 -0.01571469918445355 0.2664262223152968 0
1727 -0.02207282831006109 0.2478711910211268 0
1728 0.003576452279164088 0.2702085169590825 0
1729 -0.002799466910428358 0.2516448855484311 0
1730 -0.009319755041420644 0.2849963174281536 0
1731 0.2810311190356883 -0.1260296407365948 0
1732 0.2617250974099151 -0.1297917142393742 0
1733 0.2424643609173284 -0.1335810317923158 0
1734 0.2746773569479393 -0.1446068207860766 0
1735 0.2554176164064177 -0.1483553790160213 0
1736 0.2488527241001516 -0.1150157368997983 0
1737 -0.2151667405972179 0.3659366738267406 0
1738 -0.2215373533940521 0.3474343546961423 0
1739 0.1719657673777034 -0.1820200195213441 0
1740 0.1526852753199812 -0.1857377240385168 0
1741 0.1832220051004681 0.3745584886916311 0
1742 0.176854584398535 0.3560237422808613 0
1743 0.1639603312354286 0.3708298259404852 0
1744 0.1446907600748994 0.3670661169739142 0
1745 0.1511331548932117 0.3856128810706493 0
1746 0.1317965069443943 0.3818722007179813 0
1747 0.1783308203605246 -0.1634404278036951 0
1748 0.1654302143815598 -0.1486223283849605 0
1749 0.1846596827579727 -0.1448782694803353 0
1750 0.1717718206948106 -0.1300570714786474 0
1751 0.06238609435990547 -0.08212386348828064 0
1752 -0.03353091046901094 -0.2567794153164299 0
1753 -0.02715559242332641 -0.2382096226630721 0
1754 -0.01426475997808102 -0.2530113497069336 0
1755 0.3829739645145073 -0.2441422677582432 0
1756 0.4005067401458888 -0.2422416422042707 0
1757 0.2739160181277303 0.1151370238307837 0
1758 0.2675270709906627 0.09656292159547535 0
1759 0.2546284664001609 0.1113592464582253 0
1760 0.2353340823094803 0.1075777436259372 0
1761 0.2161118127964758 0.1038228152275907 0
1762 0.2289776935441655 0.08901414318203645 0
1763 0.1649201742033698 0.4387788199946409 0
1764 0.1382796652616328 0.4522220898561009 0
1765 0.1316232333943508 0.4345459807419524 0
1766 0.09311374749520374 0.4262904517565072 0
1767 -0.4200896747317425 0.1354771368423429 0
1768 -0.4380907715826083 0.131590555969396 0
1769 -0.4009286219829197 0.1392026052417558 0
1770 -0.08024584209930041 0.3923424375731159 0
1771 -0.003202042498286845 0.407499832479039 0
1772 -0.009606702209459653 0.3888875726388507 0
1773 -0.02254389085099257 0.4037219758936457 0
1774 -0.2211438584081268 0.1916643087703267 0
1775 -0.234024176390153 0.2064825283264729 0
1776 -0.2532848169604757 0.2027023854565811 0
1777 -0.2596704193552761 0.184140608565089 0
1778 -0.2789335277778415 0.1803648415876212 0
1779 -0.2469596665178088 0.2212469631674874 0
1780 -0.240594664448543 0.2398319302059224 0
1781 -0.2598370396504656 0.2360556355864296 0
1782 -0.2213258137358546 0.243596746394555 0
1783 -0.2149200469633751 0.2621603773508633 0
1784 -0.1956650979426792 0.2659117383881008 0
1785 -0.182748333104772 0.2511373957405872 0
1786 -0.2791635515141722 0.2842383401764431 0
1787 -0.2920453210426719 0.2990280297690957 0
1788 -0.28563765869795 0.3175070745243009 0
1789 -0.2727845686718593 0.3028114988091484 0
1790 -0.2985525054517347 0.3321717609669159 0
1791 -0.2921411050771628 0.3495385750272822 0
1792 -0.2728559916618524 0.3541989157112789 0
1793 -0.2875187951274046 0.3680116362737189 0
1794 0.04254205472683641 0.1218951033032345 0
1795 0.04892342942248171 0.1404552241799192 0
1796 -0.001356716903435251 -0.267891828223617 0
1797 0.005005962170377312 -0.249223136469713 0
1798 -0.09065353336545105 -0.4236547372840529 0
1799 -0.07987524796890615 0.236563924003998 0
1800 -0.09277025479312462 0.2513577824033728 0
1801 -0.1120455922023625 0.2476370611753552 0
1802 -0.1184229608212678 0.2290598497707198 0
1803 -0.1313079139808521 0.2438576263575631 0
1804 -0.1376919723267878 0.225300385503939 0
1805 -0.007899402798682176 -0.2344575674083763 0
1806 -0.001509677852620184 -0.2159092622133947 0
1807 -0.01440495632336423 -0.2010700373393495 0
1808 -0.02076943567129536 -0.219681193149833 0
1809 0.3637054549285718 0.1673416180691273 0
1810 0.2477011682233276 0.3005631166503516 0
1811 -0.2082136746661909 0.1768458895177221 0
1812 0.3379590746546225 0.1969425605631525 0
1813 0.3315772777622398 0.1783936536780601 0
1814 0.3444375154226487 0.1635641817950487 0
1815 0.3251775168963936 0.1598314399058727 0
1816 0.3380953735722957 0.1450007752168312 0
1817 0.3123976036567402 0.1746052782793024 0
1818 0.3060070915116753 0.1559969931655159 0
1819 0.2995001637444673 0.1894072188919934 0
1820 0.280159104828074 0.1856312390378339 0
1821 0.286528002207445 0.2043038422230333 0
1822 -0.3172044802346173 0.06895442596937462 0
1823 0.248579969079478 -0.01109600755266721 0
1824 0.2356739786256348 0.003693335349569782 0
1825 0.2420241172625463 0.0222579736002595 0
1826 0.2228131112690027 0.01848062709118489 0
1827 0.2035047937504005 0.01473756091367889 0
1828 0.2164050343295019 -5.219777301473938e-05 0
1829 0.2100237288500529 -0.01863831544916422 0
1830 0.2229179820250574 -0.03344439919771894 0
1831 0.2358122352025784 -0.04825048294726393 0
1832 0.03734566664255622 -0.31225033842292 0
1833 0.0436909914491823 -0.2936702485573188 0
1834 0.06295608940552924 -0.2898854653596779 0
1835 -0.2659841789528132 0.1136424782294972 0
1836 -0.2595540740612753 0.132172629105817 0
1837 -0.2402568072860752 0.1359476585408355 0
1838 0.1462705484938713 -0.2043362421303337 0
1839 0.3189710443672061 0.08926807885255715 0
1840 0.3125937279547827 0.07069897226950868 0
1841 0.2491261468694592 -0.2188719251889902 0
1842 -0.2018976732782677 0.19542075644543 0
1843 -0.1826310417341996 0.1991468286060848 0
1844 -0.3689268869205189 0.1801147567862488 0
1845 -0.4139831873153862 0.2059728877503153 0
1846 -0.4230067031115702 0.189887601412475 0
1847 -0.4376896147116058 0.1790467196973526 0
1848 0.1769982015584733 0.3040780733504728 0
1849 0.1898665659247374 0.2893287798464922 0
1850 0.1834642595496682 0.2707847392067255 0
1851 0.1963402512697066 0.2558831499537409 0
1852 0.1770368874049593 0.2522226421964867 0
1853 0.1641661351864726 0.2669593932131375 0
1854 0.1707038817553424 0.2336465567997927 0
1855 0.1577719127742308 0.2484160660593518 0
1856 0.1007678179764915 -0.02265543600230348 0
1857 0.1071361564279076 -0.004085738455996052 0
1858 0.1264075523480064 -0.0003107769998266507 0
1859 0.0878780068449543 -0.007847830438690792 0
1860 0.1393011030529475 -0.01510853224868147 0
1861 0.1456685128666038 0.003468049527798084 0
1862 0.1327670401639381 0.01825993187130712 0
1863 0.09424087844204516 0.01072175709567126 0
1864 0.113524599018866 0.0144879231127798 0
1865 0.06136375457541111 0.2815446448174128 0
1866 0.07427370198543035 0.266690530833148 0
1867 0.06789971045226191 0.24811994379323 0
1868 0.08062407053866533 0.2852496447443763 0
1869 0.09354884098484023 0.2704048995405252 0
1870 0.04862998490089804 0.2443570203697856 0
1871 0.0422634492985641 0.2257948749020642 0
1872 0.4286136698055681 -0.06273236032340487 0
1873 0.03746853751863906 -0.3642330508543962 0
1874 0.0246662354707225 -0.349442373183396 0
1875 0.005375919892075212 -0.3531262198058892 0
1876 0.03106112253080451 -0.3308344997565043 0
1877 0.01808212752726562 -0.3159298627124442 0
1878 0.04393986589538793 -0.3455696244087512 0
1879 0.09910189652407425 0.4452256515908696 0
1880 0.1188676084135536 0.4492798376191592 0
1881 0.08454427061291628 0.4573919139821307 0
1882 -0.1169813401149166 -0.2903809752471562 0
1883 -0.07844356175612915 -0.2828540156136936 0
1884 -0.002659103701833684 0.1996842857359314 0
1885 -0.009012941382926548 0.1810995290365305 0
1886 0.003880323351060949 0.1663025028282494 0
1887 0.2154002946521162 0.3635175334696071 0
1888 0.2346568188137193 0.3673092565280995 0
1889 0.2217435881349091 0.3820963320742743 0
1890 0.2407221605346722 0.3851125288690604 0
1891 0.2536916421569364 0.3707823966554544 0
1892 0.2293945726596823 0.4028002338092802 0
1893 0.2025318840671931 0.3783460930838924 0
1894 0.2474658120641526 0.3523465880167693 0
1895 0.2667092092497644 0.3560889956582529 0
1896 0.2721870969340131 0.3760793910725814 0
1897 0.2889754275998031 0.3620864082263233 0
1898 0.2800896427233949 0.3417018781299327 0
1899 0.2989347365645958 0.345299954513879 0
1900 0.3119516639039678 0.3294491044663226 0
1901 0.3054437096535246 0.3116461207510535 0
1902 0.3245680249453342 0.314806233985269 0
1903 0.3376964414901501 0.3009122520917838 0
1904 0.3313153332041812 0.282331116616051 0
1905 0.3503160841060856 0.2857776536807262 0
1906 0.3629173369802164 0.2713529618230058 0
1907 0.3679962474776168 0.2892900422940018 0
1908 0.2090599369713647 0.3971249592024498 0
1909 0.3571404957244455 0.2527488460771982 0
1910 0.375077914065475 0.2568044693909626 0
1911 0.3874644555371186 0.242187697166445 0
1912 0.382392462406898 0.223192168487609 0
1913 0.4033642251670556 0.2294964716030917 0
1914 0.4157514099831645 0.2109914753632477 0
1915 0.4086639075689126 0.1934055743875859 0
1916 0.4274904927908655 0.1960643835692392 0
1917 0.1953834359301532 0.411162634176798 0
1918 -0.3437548661903324 0.3060317234510801 0
1919 -0.3634401655374774 0.3009544418452826 0
1920 -0.06730541003374529 0.3256759224358393 0
1921 -0.0543949747283609 0.3108576792506544 0
1922 -0.07369838895084291 0.3070661261516165 0
1923 -0.09292322100235594 0.3032527261410717 0
1924 -0.3877175542996174 0.02051472346655121 0
1925 -0.3813885121318487 0.03909350626489665 0
1926 -0.3684690075163738 0.02428518266011211 0
1927 -0.3621163048972299 0.04286755578137473 0
1928 -0.2723300575652726 0.09506537669864962 0
1929 0.2872618731833024 -0.05561230729349884 0
1930 0.2936206176253126 -0.03701227855490125 0
1931 0.159171316258719 -0.2191184128145562 0
1932 0.255221291491066 -0.09643148565171043 0
1933 0.07599058313482354 -0.3566226125122495 0
1934 0.06310417972618676 -0.3418522086836607 0
1935 0.3511922480106756 0.02627427309400215 0
1936 -0.1494275868972112 -0.1754604436309823 0
1937 -0.1365413185350293 -0.1902764149866525 0
1938 -0.1172717473230306 -0.1865127060185013 0
1939 -0.02063452567909969 -0.2715964124625965 0
1940 0.1191894880377285 0.2927869464281388 0
1941 0.1320837421161917 0.2779808631183716 0
1942 -0.1689780462235072 -0.07533745678695999 0
1943 0.1648190021021294 0.0591713364028669 0
1944 0.08055855947515156 0.3371874030477782 0
1945 0.08688461961100896 0.3557615167330823 0
1946 0.06127952902656345 0.3334771158927651 0
1947 0.06760213074369337 0.3520651974785006 0
1948 0.05466640070702154 0.3668351438252515 0
1949 0.03540739643639368 0.3630176485292114 0
1950 0.1061489720610409 0.3595364760078909 0
1951 0.09324709199465939 0.3743349319323615 0
1952 0.07393893633243323 0.3705984990922557 0
1953 0.06101905478994821 0.3853644621962081 0
1954 0.1254193654090744 0.3632998384040659 0
1955 0.1190458709020332 0.3447326153855758 0
1956 0.1383024647395514 0.3484852412842882 0
1957 0.2155274578754967 0.3115769076147774 0
1958 -0.3237234153578489 0.1023303023279114 0
1959 -0.3300714069278435 0.08375445585316847 0
1960 -0.3429532451251119 0.09855294948816869 0
1961 -0.336574979492791 0.1171217301763249 0
1962 -0.3494714317789134 0.1319388696986505 0
1963 -0.3302123655778316 0.1356969597083099 0
1964 -0.3109727792901733 0.1394698876240813 0
1965 -0.3239029908638204 0.1542365750630851 0
1966 -0.2917026349033314 0.1432306760436514 0
1967 -0.3364740514342253 0.06519071702677706 0
1968 -0.3428893384030051 0.04658009694328792 0
1969 -0.008603211284412299 0.02527898359357342 0
1970 0.01066497220076215 0.02904454570017076 0
1971 -0.2272439908086831 0.06919268527615703 0
1972 0.2612954451224851 0.02602944241698804 0
1973 0.2291390563041138 0.0370536195594664 0
1974 0.09483715289235897 -0.1970575763046127 0
1975 0.07556238771235491 -0.2008101266261966 0
1976 0.08194289972249354 -0.182251492590583 0
1977 0.1011915703299992 -0.1784919362159061 0
1978 0.1577203695203444 0.3002416376434993 0
1979 -0.1556715200137263 -0.2459640471104987 0
1980 -0.1427769351527027 -0.2607467329858056 0
1981 -0.1620617373201983 -0.2645087117931049 0
1982 -0.1491692810980308 -0.2793031894483587 0
1983 -0.1298755592893689 -0.2755729045815412 0
1984 -0.1684640499276607 -0.2830892240302282 0
1985 -0.1555676456303699 -0.297885834133879 0
1986 -0.1876831276685519 -0.2868375553852209 0
1987 -0.1940462969707246 -0.3054637548297637 0
1988 -0.1235034484388311 -0.2570281673922421 0
1989 -0.110906626526273 -0.1679517938633089 0
1990 -0.03961899351100563 -0.379240547565493 0
1991 -0.04003997150629317 -0.2234022824707159 0
1992 0.2300007786822679 -0.274555300405084 0
1993 -0.4136359231994307 0.102071851629701 0
1994 -0.4329655241158708 0.09831784089558634 0
1995 -0.4261344497375214 0.116910095229225 0
1996 -0.4475944751722848 0.1137053346734975 0
1997 -0.4523726558097182 0.09398796014104201 0
1998 0.02427483452860747 -0.2454714472226465 0
1999 0.3962698728579334 -0.1558005221006586 0
2000 -0.2021479380126613 0.2993125679802978 0
2001 -0.1892755860066402 0.2844775479359962 0
2002 -0.1699896538387448 0.2882566275206243 0
2003 -0.1636305819122827 0.3068396302282554 0
2004 -0.1507173402991696 0.2920192808220083 0
2005 0.1840884178447647 0.06293584125162272 0
2006 0.1067222746805168 0.1517482504575381 0
2007 0.1130973531607262 0.1703151168705238 0
2008 0.126000707898983 0.1555034425289855 0
2009 0.1070133205696296 0.04786468510832996 0
2010 0.1198863757203648 0.0330550375561976 0
2011 0.1262755052048297 0.05162677156558722 0
2012 0.1391702016308363 0.03681547549422026 0
2013 0.1455456083969418 0.05538376511211529 0
2014 0.1139631070393273 -0.1413481983089309 0
2015 0.09469353582645397 -0.1451119072532053 0
2016 0.08831821777686513 -0.1636816999148183 0
2017 0.06904451288987183 -0.1674385760477402 0
2018 0.07542396461434593 -0.1488756161960882 0
2019 0.08179834015106634 -0.1303000067047588 0
2020 0.06255092649289827 -0.1340768159537282 0
2021 0.2092931730932798 0.2410812217079719 0
2022 -0.04048081236477967 -0.0675628292534622 0
2023 -0.02121305999401327 -0.06380450755437123 0
2024 -0.01483475250550917 -0.04523293542372128 0
2025 -0.001939684065293434 -0.06003675385977014 0
2026 0.01732995103094248 -0.05627372049545307 0
2027 0.07526732151611115 -0.09692547515664844 0
2028 0.09453871892025643 -0.09317500305459735 0
2029 0.08816919478279968 -0.1117313252837595 0
2030 0.1010726668548851 -0.1265337979677393 0
2031 0.1203360970766778 -0.1227810022960176 0
2032 -0.4564920915142045 -0.07995514045482566 0
2033 0.03615971024585089 0.1033506466896088 0
2034 0.04906263062724202 0.08855252264983737 0
2035 0.05542954436406602 0.1071095503549979 0
2036 0.04269191411474051 0.06995650964961318 0
2037 0.06196898774356485 0.07370501872864968 0
2038 -0.3042995485413756 0.05421158105807922 0
2039 -0.181447242356977 -0.2163599077162342 0
2040 -0.1943379435317685 -0.2015553185773707 0
2041 -0.001071884217665367 -0.3717539188621853 0
2042 -0.1368207285018568 -0.08638066257870783 0
2043 0.3121422000564066 0.2265776388473729 0
2044 0.3058428885693741 0.2080725895313142 0
2045 0.3187700477370951 0.193219804786277 0
2046 -0.09177505063992054 -0.1122319644910827 0
2047 -0.0725104494390237 -0.1084611610726026 0
2048 -0.07887514586163084 -0.127038647875854 0
2049 -0.06612484335448959 -0.0899009877183698 0
2050 -0.04685601485236321 -0.08613632448800665 0
2051 -0.02758693548567623 -0.082370098248676 0
2052 -0.01469184318536088 -0.09716985305930162 0
2053 -0.098147101541727 -0.1308072085889425 0
2054 -0.1045197543974618 -0.1493773696889302 0
2055 -0.1174180288242352 -0.1345666685620273 0
2056 0.05629801046716264 -0.2045849942111428 0
2057 0.06264756161536952 -0.1860376413052389 0
2058 0.06918816024658979 -0.2193700692148599 0
2059 -0.2522707144075554 -0.1608834550698272 0
2060 0.1133886385863505 0.06643447777115413 0
2061 -0.07871810733990579 -0.1789942157794722 0
2062 -0.05945902582611744 -0.1752106266215882 0
2063 0.2543145914793258 0.2152636637681267 0
2064 -0.387271834239225 -0.1353816392690979 0
2065 -0.1058230997985517 0.3181862028222593 0
2066 0.01833333739060741 -0.4198950894389438 0
2067 0.0312275906389482 -0.4347011730841376 0
2068 0.01192869011350853 -0.4383659266659619 0
2069 0.05049716183299915 -0.4309374640357903 0
2070 0.04399390885167825 -0.449149061789207 0
2071 0.06322688402010057 -0.4453468489537928 0
2072 -0.0009512845595737035 -0.4235813938397675 0
2073 -0.00626807920791201 -0.4445909804907451 0
2074 0.01308424694647512 -0.4545294306159494 0
2075 -0.01626362267696142 -0.4634434280303895 0
2076 -0.02658112294735553 -0.4459923002024032 0
2077 0.0265237538594284 -0.4518455332345435 0
2078 0.0373628697007799 -0.4674977688216097 0
2079 -0.03497179632463327 -0.4657329489547312 0
2080 -0.02164869304849429 -0.4785564141365143 0
2081 -0.07959600579269646 0.1327027872591928 0
2082 -0.08596834096172279 0.1141173129216653 0
2083 -0.09886131209745522 0.1289113529087098 0
2084 -0.02192921119366945 0.1959255219930233 0
2085 -0.1566636935147372 0.1176278304450172 0
2086 0.1585710492915071 -0.01135131618558974 0
2087 -0.02744712089757338 -0.1343220244137853 0
2088 -0.02106554809854407 -0.1157441873445511 0
2089 -0.008167869510769976 -0.1305564242027552 0
2090 0.004565993279947098 -0.093425641675686 0
2091 -0.008316388889043194 -0.07860848536210795 0
2092 -0.1308643661466662 0.08801721495879643 0
2093 -0.2780790418748507 -0.1313100935518843 0
2094 -0.258821298276402 -0.1275371233890978 0
2095 -0.2717035623491286 -0.1127520163964174 0
2096 0.1785556455028621 -0.2673166837427354 0
2097 -0.02873538058201684 0.3331927363492353 0
2098 -0.008880406426270415 0.1291637500468325 0
2099 -0.06003317324430577 0.0325596108806267 0
2100 -0.07930289351565174 0.02880014378008917 0
2101 -0.09220085412984216 0.0436045335674858 0
2102 -0.07292162425541199 0.04736465115716193 0
2103 -0.169127340006353 -0.02339733013118367 0
2104 -0.2204257729204857 -0.06806403640667569 0
2105 -0.1111836635561104 -0.06405157522601983 0
2106 -0.1304466809673021 -0.06781223676907366 0
2107 -0.00874772376045424 0.07722810010411343 0
2108 -0.01498132357226192 0.006713290586605039 0
2109 -0.05888283790189461 -0.3830335768025142 0
2110 -0.05253050740717136 -0.3644115837961107 0
2111 0.0305063004216076 -0.1749756168241669 0
2112 0.04978148872289026 -0.1712213753955718 0
2113 0.03688563626923992 -0.1564072039070108 0
2114 0.05615262389187861 -0.1526300589241927 0
2115 0.04964350763730679 -0.1192627011086457 0
2116 0.06892270246503522 -0.1154858745789085 0
2117 0.09527899012220159 -0.4047947184522879 0
2118 0.1145750339002389 -0.4011684957713889 0
2119 0.1080592672341736 -0.4196270780618909 0
2120 0.1273633288863922 -0.4160662036154218 0
2121 0.1208246346729807 -0.4340118151555037 0
2122 0.1015407088460349 -0.4379812948805602 0
2123 0.1399407697256249 -0.4303235139444101 0
2124 0.1465711978052965 -0.4121470978361084 0
2125 0.1593794969265281 -0.4261704367848536 0
2126 0.1658433161035634 -0.4084098451706564 0
2127 0.1783198899642384 -0.4225035873676156 0
2128 0.1850997613715626 -0.4047621193235318 0
2129 0.172432453535052 -0.3901331868118084 0
2130 0.1969794810636573 -0.4193373228663759 0
2131 0.117813009462372 -0.4540517520699006 0
2132 0.1538389084820765 -0.444463842846872 0
2133 0.2037446428152325 -0.4007164723410557 0
2134 0.2222111757917839 -0.3971169757865946 0
2135 0.1531271478414712 -0.3937710729081795 0
2136 0.1595332068568416 -0.3749234962931731 0
2137 0.1787395534021938 -0.3712577178973655 0
2138 0.1913660089310124 -0.386033987230227 0
2139 0.1979122573477295 -0.3675050094298826 0
2140 0.1209868110159507 -0.382594822755996 0
2141 0.1852084828319936 -0.3526157738791351 0
2142 0.07470151503008522 0.1108434015400328 0
2143 0.1387672283967725 0.1926521307080766 0
2144 0.1323825998467303 0.174099653070087 0
2145 -0.0472887839398952 0.06971050085686083 0
2146 -0.05365299488961399 0.0511376086031574 0
2147 -0.08553877431880159 -0.0417180735860784 0
2148 -0.1048083455287925 -0.04548178255373941 0
2149 -0.08582122158663177 0.0621668225884818 0
2150 0.3317010366950881 0.126409897868424 0
2151 0.3445752754496225 0.1116650978695845 0
2152 0.3382158883583047 0.09309877266624533 0
2153 -0.1114735254390051 0.03983747439469126 0
2154 0.4480105749547927 -0.109940675378884 0
2155 0.4432460629214201 -0.1299522967209166 0
2156 0.4592963907198441 -0.141826046720077 0
2157 0.4423792785253379 -0.1472411388185455 0
2158 0.4241486046978915 -0.1383530687964027 0
2159 -0.0145485733987275 -0.1491243683035104 0
2160 -0.05989091322134521 -0.01937786364969946 0
2161 -0.2140321196212487 -0.04949174286337626 0
2162 -0.07915824203801367 -0.02314649007127734 0
2163 -0.1497133018657572 -0.07157502732637258 0
2164 -0.1888407926023056 0.1286724543554028 0
2165 -0.2918298564568041 0.1951588165875113 0
2166 -0.2525717397477112 -0.05700617163166571 0
2167 0.1520660650362391 0.02202191260770056 0
2168 0.2494245744427474 -0.3227849117722603 0
2169 -0.1369653833883721 -0.03443908939075874 0
2170 -0.1498547535389799 -0.01965045629843497 0
2171 -0.1434822197603068 -0.001082643827675242 0
2172 -0.2268010909670071 -0.08663382907342726 0
2173 0.3961531282628719 0.05226855090562194 0
2174 0.3966313569794586 -0.1034623567723599 0
2175 0.06933149950767194 -0.271318331699465 0
2176 -0.2208675087790127 0.08777477782376762 0
2177 -0.2208246759541657 0.3989066524294084 0
2178 -0.2396703749498614 -0.07182263676883074 0
2179 0.04168793491862608 0.4334104016028623 0
2180 -0.4326219945657362 -0.005417409887074634 0
2181 -0.3487730593081108 -0.1277087880240019 0
2182 -0.3358700066112782 -0.1425696376324225 0
2183 -0.3551428483504048 -0.1463800833100926 0
2184 0.04297290608761874 -0.03394190346947641 0
2185 0.02370284304320998 -0.03770309511276924 0
2186 -0.2007044652426477 -0.2201141128997401 0
2187 -0.1878375736404346 -0.2349102590674269 0
2188 -0.4381516265216445 -0.1276375978889422 0
2189 -0.4449136717764928 -0.1425734359191271 0
2190 -0.1314353949972548 0.2957413538007926 0
2191 -0.4193737209473092 -0.1762329893294168 0
2192 -0.4253664660283553 -0.193821972811686 0
2193 -0.413561879782921 -0.2092178219056531 0
2194 0.02313322445094276 0.1700718035106556 0
2195 0.0167540099270542 0.1515002710955232 0
2196 -0.03956883499289948 -0.4309059674762457 0
2197 -0.2783781036402953 -0.02740949420253713 0
2198 0.2481146298867479 0.1447200206087315 0
2199 -0.008566059126410216 0.4578995138509524 0
2200 -0.02401230275338763 0.4545554019626617 0
2201 -0.03588768705750982 0.4688338736091665 0
2202 0.313039788788376 -0.08517025201881474 0
2203 -0.2592478295791259 0.02828309453543473 0
2204 -0.009471870429394666 0.3369874769034589 0
2205 -0.01583217563993491 0.3183834749498888 0
2206 -0.002941303878813778 0.3035683406591377 0
2207 -0.06060162797799176 0.2402994121711229 0
2208 0.01635949091832771 0.3073068218444229 0
2209 -0.1374119670885127 0.4326721315566446 0
2210 0.05687247977776962 -0.4123676713463872 0
2211 0.06975567668041378 -0.4271171482903006 0
2212 0.08886157916662296 -0.4232782955422182 0
2213 0.4537798833310782 -0.03947563631165377 0
2214 0.4502863918766135 -0.05902224662131091 0
2215 0.4584536859373004 -0.07663411950167603 0
2216 -0.09944166762385388 0.4399745956859833 0
2217 -0.3156847561954791 -0.3455963483587998 0
2218 -0.3622707774029643 0.09484496916179186 0
2219 -0.2535687984246253 0.3066004260511604 0
2220 -0.06090553840930831 0.4476878607849548 0
2221 -0.05424208122661368 0.4652322051882791 0
2222 -0.07270337654246352 0.4613876632731608 0
2223 0.4475236410625026 0.09746740520162728 0
2224 0.2559299920765271 -0.3561725603833018 0
2225 0.2679065906735684 -0.3701257496946976 0
2226 0.2622985337135758 -0.3375627603866583 0
2227 0.2749999223192626 -0.352154143482638 0
2228 0.4096821059773114 -0.1196120931819629 0
2229 0.068757914875568 -0.06355094572783072 0
2230 0.04949184122268671 -0.06731777975959807 0
2231 0.2301527770513264 -0.3265004544724288 0
2232 -0.1758660269128014 0.4282928020452468 0
2233 -0.05423288998418273 0.2589016518734412 0
2234 0.3127532238384488 0.01877952373026343 0
2235 -0.3041100684247913 0.002203388563738709 0
2236 -0.1240779168588836 -0.04924549166456119 0
2237 0.4154008260091032 0.05614276059920913 0
2238 0.04787998545921536 0.4515850636355579 0
2239 0.4098128441653255 -0.2221597782921091 0
2240 -0.3936202581522208 -0.2056342210177695 0
2241 -0.310528271848861 -0.01636702102106308 0
2242 -0.1250683451463585 0.3143583339863402 0
2243 0.2734320507638904 0.2709427702669504 0
2244 -0.3498588400404353 0.2358442966594694 0
2245 0.03516141686033325 0.4669449939059133 0
2246 0.02596251742548277 0.4811413048457972 0
2247 0.4670470900032143 -0.003085976071236424 0
2248 0.4791899428300805 -0.01722511800036813 0
2249 0.1978374830996554 -0.2635427012046339 0
2250 -0.002228788641069401 0.04385222374000367 0
2251 -0.348666441689418 -0.1797555841405387 0
2252 -0.1043884854886191 -0.2013205357720051 0
2253 -0.09799121404996654 -0.1827501645251811 0
2254 -0.091467621846006 -0.2160894260767826 0
2255 -0.03511069854544371 0.3146229437857055 0
2256 0.2542201043299497 0.267187240176113 0
2257 0.03659758806278908 -0.05251169612977108 0
2258 -0.2853164921777951 0.1618318407233213 0
2259 -0.09842826427815857 -0.02691079124696816 0
2260 0.2413344537609555 0.2819831694919699 0
2261 0.2284407487556454 0.2967542684499672 0
2262 -0.015117618038961 0.05865927389869263 0
2263 -0.1171034388508794 -0.2384550798688582 0
2264 0.0235597177554879 0.01424005658114338 0
2265 0.04282928891781149 0.01800376538663223 0
2266 -0.0978377504409513 -0.2346751821914712 0
2267 0.1337974851899898 -0.3973225431646237 0
2268 0.1587281812988466 -0.06327577121860477 0
2269 0.2799794633200828 0.2375690515874467 0
2270 0.2735464361399159 0.2190403576341117 0
2271 -0.2261550569292015 -0.2943217677077944 0
2272 0.3577153877661715 -0.007086891921562311 0
2273 0.3448637858288258 0.007712076620766839 0
2274 0.3256133147540069 0.003959336629393267 0
2275 0.2293010020545675 -0.01486320184248557 0
2276 -0.342178342256835 -0.2131388549250919 0
2277 0.1517735786517203 0.1259148134192549 0
2278 -0.3868296850506976 -0.2390585763907555 0
2279 -0.4001361346160609 -0.2243353711127332 0
2280 -0.4054188111307395 -0.2436344861395745 0
2281 -0.3921004870667898 -0.2576354132587432 0
2282 0.1326441352261897 0.07020499800204054 0
2283 -0.2069138932149759 -0.2906329185441723 0
2284 -0.2005652840577086 -0.2720379661866204 0
2285 -0.1813415894711208 -0.2682686014016135 0
2286 0.1710565030345615 0.1296703235025578 0
2287 0.1774296053454513 0.148241546610153 0
2288 0.4674204919087536 -0.05038793832841373 0
2289 0.3194543537318942 -0.06649056273851989 0
2290 -0.1103291567286973 -0.3757312893670811 0
2291 -0.4393408421147533 0.07974804822974779 0
2292 -0.03438689388887763 0.05489678421489548 0
2293 0.3454784270560244 -0.3033145763062711 0
2294 0.3644964806434287 -0.2981780640647254 0
2295 0.2945859545026206 -0.3474430795743193 0
2296 -0.00250691723135224 0.1477407460931211 0
2297 0.3128711940442939 -0.03320705750175801 0
2298 -0.1749489747089053 -0.249700616388324 0
2299 -0.4584089104910643 0.07383850363396144 0
2300 -0.4638925214275202 0.05467439093187448 0
2301 0.2112333733287563 0.4162082916785257 0
2302 -0.1628812256439675 0.04711739698599737 0
2303 -0.2341887341422152 0.2584111273678794 0
2304 0.3064857180474204 -0.05183000284193878 0
2305 0.1385837763384754 0.2445903878971702 0
2306 0.2928986969775718 0.2228473464541431 0
2307 0.04177208737130378 0.3815910006465208 0
2308 0.1705998054225301 0.2854919935685994 0
2309 0.1513322946019456 0.2817154431959815 0
2310 -0.2110551991071368 0.4348807645538355 0
2311 0.3455855104989878 -0.2000783194947547 0
2312 -0.03338753345414182 -0.3607752485341358 0
2313 0.1448811225557297 0.2631863854118623 0
2314 0.2110211296020437 -0.4332882477384107 0
2315 0.2880313088348385 -0.3671293325752398 0
2316 0.08251597121029258 -0.4418775502737914 0
2317 0.07482685516131427 -0.4597083360816931 0
2318 0.09492492739137905 -0.4563285148723669 0
2319 0.194722731042536 0.4428041782571558 0
2320 0.4254061774894284 0.2278607341397867 0
2321 0.4778627691848396 0.08542873980870239 0
2322 0.1228976129148494 -0.4705721607953691 0
2323 0.360023890854372 -0.3186617738431239 0
2324 0.1895094301127344 -0.4390049190082778 0
2325 -0.08429291709617856 0.4758530320518435 0
2326 0.06432956453479199 0.4756750765926436 0
2327 -0.1112489163978918 0.4540911211284528 0
2328 0.4792306645663428 0.02833562715814796 0
2329 -0.469386539880935 0.1031007759650399 0
2330 0.1026477694552406 0.4693548835563444 0
2331 0.4700166183818241 -0.1032218239340798 0
2332 0.292366098315811 -0.3861777482796546 0
2333 -0.3331307743108798 0.3463577091191378 0
2334 0.3484586359584661 0.3353522184205197 0
2335 -0.4823509727807311 0.005461836567568851 0
2336 0.009164381351739484 0.4837356050729111 0
2337 -0.005390010466816857 -0.4807209333472457 0
2338 0.002950493441728569 -0.4657857166971464 0
2339 0.2608229424898205 0.4074039872985519 0
2340 0.4177327380746336 -0.2426051943704324 0
2341 0.2279302994488248 0.4266246695135634 0
2342 -0.4266246695089663 0.2279302994374512 0
2343 -0.2279302995061492 -0.4266246694337252 0
2344 -0.385603572958331 -0.2905213674210231 0
2345 -0.2921444912815235 0.3862359227679913 0
2346 -0.3064316964720559 0.3746354771190339 0
2347 -0.4761614094858322 -0.08517221801857022 0
2348 0.3979261391407509 -0.2758887245299115 0
2349 0.08549485695855227 -0.4748029408966083 0
2350 0.4505794130141481 0.17610081794105 0
2351 -0.1590378278665809 0.4573670822737017 0
2352 0.3857229213489631 0.29213874713633 0
2353 0.2910998063750986 0.3840224303578091 0
2354 -0.4433129134221956 -0.1939090466543957 0
2355 -0.1931002033777656 0.4416632439899955 0
2356 -0.2604808533738113 -0.4071113449128359 0
2357 -0.4680654875145365 -0.1221987123725653 0
2358 -0.1234170930483164 0.4673861324866523 0
2359 -0.1297804192963128 0.4506100264992795 0
2360 -0.02853750856879642 0.4839073287779921 0
2361 0.02853750847483857 -0.4839073271847378 0
2362 0.3212959416188411 -0.3615664422340443 0
2363 0.3350949346313912 -0.3491627189467639 0
2364 -0.463106288554534 0.1399964763398199 0
2365 0.32126270242078 0.3615290399817984 0
2366 -0.4572309850746171 -0.15855388599719 0
2367 0.1583877939701356 -0.4597688837233599 0
2368 0.4350667875280221 0.2106504867063841 0
2369 -0.4793503350217079 0.06589519397595629 0
2370 -0.2604512701037072 0.4073607340923184 0
2371 0.4683689616764098 0.1222192321351636 0
2372 0.4780948755608998 -0.06542479278096086 0
2373 -0.244631252066874 0.4173810240635882 0
2374 0.4074906705485586 0.2606636611680928 0
2375 -0.06589519355870534 -0.4793503353251558 0
2376 0.2448596753700085 -0.4171721921654872 0
2377 0.260829273453739 -0.4071370117160918 0
2378 0.1773937199341882 0.4494683459400604 0
2379 -0.4511122473051695 0.1774062798998935 0
2380 -0.1770738944966527 -0.4490726687843209 0
2381 -0.360971393781223 0.320990368546018 0
2382 -0.0841502759859296 -0.4562196567810026 0
2383 -0.09695375804370478 -0.442189666025797 0
2384 -0.4339300226952978 -0.2102589640432214 0
2385 -0.04651543108667096 0.4826860181487666 0
2386 -0.3682304544051802 0.2829237627747892 0
2387 0.2582115122233072 0.3892508174696129 0
2388 -0.3283183477288676 -0.3311256238366747 0
2389 0.2628828988473492 -0.3879088834381255 0
2390 0.3698986515212833 -0.2805371540763495 0
2391 0.05546307914333428 -0.4631571486608626 0
2392 0.3738175912376548 0.306592749176998 0
2393 0.3557733382501437 0.3034226731707262 0
2394 -0.3111187341828685 0.3460388796279825 0
2395 0.4571244508152292 -0.1595956169627942 0
2396 0.3428404066741637 0.3181821587498388 0
2397 -0.09220421422964921 0.4575614188445865 0
2398 -0.3793681763557613 -0.2722807921055297 0
2399 -0.4826142250266778 -0.04905149033159244 0
2400 0.04651448519732152 -0.483108195142869 0
2401 -0.459951384548749 -0.09499525670568067 0
2402 -0.261968029558317 0.3887198935696203 0
2403 0.4145311836464128 -0.1540494311304945 0
2404 -0.3990441687168424 0.2441975251372296 0
2405 -0.3210470242658617 -0.3629911475341521 0
2406 0.3390133956107771 -0.3199754718274462 0
2407 0.3309148199918516 0.3318224666923065 0
2408 -0.214423138548483 0.4164059765569106 0
2409 -0.3364518333874509 0.3244934685276136 0
2410 -0.2426800455917409 -0.4006685574683173 0
2411 -0.3964976648990978 0.2788333112333872 0
2412 0.135229199289009 -0.4451554397113808 0
2413 0.215022600856328 -0.4150507491063508 0
2414 0.3797784830440921 0.2752168583744319 0
2415 -0.4097191860434589 -0.2609538783625143 0
2416 -0.05559395287284249 -0.4654080400375248 0
2417 0.4438403068382333 0.1463714703320192 0
2418 0.4713500347134972 -0.03560791874815668 0
2419 0.01998637814802962 -0.4671604889360334 0
2420 -0.1470549231733352 0.4468532659531294 0
2421 -0.197275347216285 -0.4254199883432128 0
2422 0.3173669330940521 0.3457152491044168 0
2423 -0.4681466228828784 0.03774992536161732 0
2424 -0.466526385546103 -0.01375121192159116 0
2425 -0.3068076672990639 -0.3752040014109619 0
2426 -0.4086319235570179 0.260644196127418 0
2427 0.2464327531288761 0.4006907220435541 0
2428 0.3913668524355854 0.2597008113423308 0
2429 -0.4344645737209147 -0.1801923455925189 0
2430 -0.4481276284299205 0.1450820369370757 0
2431 -0.3765818658642919 0.3097586411509339 0
2432 -0.4419168333306186 0.163296553696369 0
2433 0.4691599584893874 0.01463488759528041 0
2434 -0.01860132006998734 0.4715759761838607 0
2435 0.4358328511099773 -0.2153282730991889 0
2436 -0.4543849655092453 -0.1282543088090253 0
2437 0.3766523512714826 -0.3088904837851135 0
2438 0.4847411255783675 -0.03274076577516452 0
2439 0.2307399706173195 -0.4105373423244525 0
2440 -0.4213089966931443 -0.2466887727554039 0
2441 -0.4432947241068282 0.1933850922899918 0
2442 0.05225763204296244 0.4668502074710659 0
2443 0.3063779355290521 -0.358272302013745 0
2444 -0.1410832557512871 -0.4674606525702072 0
2445 0.3915701241398322 -0.2594689944648672 0
2446 0.3065711371961022 0.3579228873220561 0
2447 0.437466990631513 -0.1811314306792364 0
2448 0.3314915047821928 -0.3345317866839367 0
2449 -0.2304899148100624 0.4114149651977599 0
2450 0.1986720664187237 0.4267133307273513 0
2451 -0.0732030105436888 -0.4668838079495116 0
2452 -0.3047642396285474 0.3592246977309836 0
2453 0.1416773385598828 0.4675532579137922 0
2454 -0.4531089252526478 0.1296070498642485 0
2455 0.4361430015619636 0.1802386383976202 0
2456 -0.4850354594735575 0.03339037454546642 0
2457 -0.2918970359716764 -0.3701595451582478 0
2458 -0.1624137809811164 0.4426676223504414 0
2459 -0.2779553570956059 0.3817403201837432 0
2460 -0.2305177518202074 -0.4120230209861472 0
2461 -0.03316819659757368 -0.4853769098277638 0
2462 0.4409081696561342 -0.1642579634053807 0
2463 0.1710297687129322 -0.4360284470412746 0
2464 0.4291313841566788 -0.1539038684835444 0
2465 0.4020123461801148 0.2471753717130593 0
2466 -0.1040577547932476 -0.4771695107561547 0
2467 0.2779471603990173 -0.3818535077336087 0
2468 -0.3825645200420077 0.2776964071194864 0
2469 0.4482454024320456 -0.1940094728444568 0
2470 0.0004299374915716844 0.4728918557134418 0
2471 -0.4645355842109752 -0.06752057009834919 0
2472 0.4231941174042715 -0.2142569100539939 0
2473 0.383160302607891 -0.2760222546385467 0
$EndNodes
$Elements
4944
1 1 2 20 11 1 5
2 1 2 20 11 5 6
3 1 2 20 11 6 7
4 1 2 20 11 7 8
5 1 2 20 11 8 9
6 1 2 20 11 9 10
7 1 2 20 11 10 11
8 1 2 20 11 11 12
9 1 2 20 11 12 13
10 1 2 20 11 13 14
11 1 2 20 11 14 15
12 1 2 20 11 15 16
13 1 2 20 11 16 17
14 1 2 20 11 17 18
15 1 2 20 11 18 19
16 1 2 20 11 19 20
17 1 2 20 11 20 21
18 1 2 20 11 21 22
19 1 2 20 11 22 23
20 1 2 20 11 23 24
21 1 2 20 11 24 25
22 1 2 20 11 25 26
23 1 2 20 11 26 27
24 1 2 20 11 27 28
25 1 2 20 11 28 29
26 1 2 20 11 29 30
27 1 2 20 11 30 31
28 1 2 20 11 31 32
29 1 2 20 11 32 33
30 1 2 20 11 33 34
31 1 2 20 11 34 35
32 1 2 20 11 35 36
33 1 2 20 11 36 37
34 1 2 20 11 37 38
35 1 2 20 11 38 39
36 1 2 20 11 39 40
37 1 2 20 11 40 41
38 1 2 20 11 41 42
39 1 2 20 11 42 43
40 1 2 20 11 43 2
41 1 2 20 12 2 44
42 1 2 20 12 44 45
43 1 2 20 12 45 46
44 1 2 20 12 46 47
45 1 2 20 12 47 48
46 1 2 20 12 48 49
47 1 2 20 12 49 50
48 1 2 20 12 50 51
49 1 2 20 12 51 52
50 1 2 20 12 52 53
51 1 2 20 12 53 54
52 1 2 20 12 54 55
53 1 2 20 12 55 56
54 1 2 20 12 56 57
55 1 2 20 12 57 58
56 1 2 20 12 58 59
57 1 2 20 12 59 60
58 1 2 20 12 60 61
59 1 2 20 12 61 62
60 1 2 20 12 62 63
61 1 2 20 12 63 64
62 1 2 20 12 64 65
63 1 2 20 12 65 66
64 1 2 20 12 66 67
65 1 2 20 12 67 68
66 1 2 20 12 68 69
67 1 2 20 12 69 70
68 1 2 20 12 70 71
69 1 2 20 12 71 72
70 1 2 20 12 72 73
71 1 2 20 12 73 74
72 1 2 20 12 74 75
73 1 2 20 12 75 76
74 1 2 20 12 76 77
75 1 2 20 12 77 78
76 1 2 20 12 78 79
77 1 2 20 12 79 80
78 1 2 20 12 80 81
79 1 2 20 12 81 82
80 1 2 20 12 82 3
81 1 2 20 13 3 83
82 1 2 20 13 83 84
83 1 2 20 13 84 85
84 1 2 20 13 85 86
85 1 2 20 13 86 87
86 1 2 20 13 87 88
87 1 2 20 13 88 89
88 1 2 20 13 89 90
89 1 2 20 13 90 91
90 1 2 20 13 91 92
91 1 2 20 13 92 93
92 1 2 20 13 93 94
93 1 2 20 13 94 95
94 1 2 20 13 95 96
95 1 2 20 13 96 97
96 1 2 20 13 97 98
97 1 2 20 13 98 99
98 1 2 20 13 99 100
99 1 2 20 13 100 101
100 1 2 20 13 101 102
101 1 2 20 13 102 103
102 1 2 20 13 103 104
103 1 2 20 13 104 105
104 1 2 20 13 105 106
105 1 2 20 13 106 107
106 1 2 20 13 107 108
107 1 2 20 13 108 109
108 1 2 20 13 109 110
109 1 2 20 13 110 111
110 1 2 20 13 111 112
111 1 2 20 13 112 113
112 1 2 20 13 113 114
113 1 2 20 13 114 115
114 1 2 20 13 115 116
115 1 2 20 13 116 117
116 1 2 20 13 117 118
117 1 2 20 13 118 119
118 1 2 20 13 119 120
119 1 2 20 13 120 121
120 1 2 20 13 121 4
121 1 2 20 14 4 122
122 1 2 20 14 122 123
123 1 2 20 14 123 124
124 1 2 20 14 124 125
125 1 2 20 14 125 126
126 1 2 20 14 126 127
127 1 2 20 14 127 128
128 1 2 20 14 128 129
129 1 2 20 14 129 130
130 1 2 20 14 130 131
131 1 2 20 14 131 132
132 1 2 20 14 132 133
133 1 2 20 14 133 134
134 1 2 20 14 134 135
135 1 2 20 14 135 136
136 1 2 20 14 136 137
137 1 2 20 14 137 138
138 1 2 20 14 138 139
139 1 2 20 14 139 140
140 1 2 20 14 140 141
141 1 2 20 14 141 142
142 1 2 20 14 142 143
143 1 2 20 14 143 144
144 1 2 20 14 144 145
145 1 2 20 14 145 146
146 1 2 20 14 146 147
147 1 2 20 14 147 148
148 1 2 20 14 148 149
149 1 2 20 14 149 150
150 1 2 20 14 150 151
151 1 2 20 14 151 152
152 1 2 20 14 152 153
153 1 2 20 14 153 154
154 1 2 20 14 154 155
155 1 2 20 14 155 156
156 1 2 20 14 156 157
157 1 2 20 14 157 158
158 1 2 20 14 158 159
159 1 2 20 14 159 160
160 1 2 20 14 160 1
161 2 2 2 2 1918 2409 2381
162 2 2 2 2 193 2441 1846
163 2 2 2 2 1378 2380 1693
164 2 2 2 2 180 2280 2279
165 2 2 2 2 182 2412 2131
166 2 2 2 2 2247 2248 194
167 2 2 2 2 1880 2330 1879
168 2 2 2 2 193 1846 1845
169 2 2 2 2 2131 2322 182
170 2 2 2 2 219 2353 1897
171 2 2 2 2 1376 2394 2333
172 2 2 2 2 2155 2156 163
173 2 2 2 2 2333 2409 1376
174 2 2 2 2 2381 2409 208
175 2 2 2 2 2154 2155 163
176 2 2 2 2 1406 2380 1378
177 2 2 2 2 217 1412 90
178 2 2 2 2 1219 2228 2158
179 2 2 2 2 165 1696 1694
180 2 2 2 2 180 2279 2193
181 2 2 2 2 120 2246 169
182 2 2 2 2 185 2223 1401
183 2 2 2 2 1897 2353 1896
184 2 2 2 2 1414 1497 171
185 2 2 2 2 204 2341 1892
186 2 2 2 2 162 2329 1996
187 2 2 2 2 220 2355 2232
188 2 2 2 2 224 2326 1392
189 2 2 2 2 1392 1881 224
190 2 2 2 2 1449 2366 222
191 2 2 2 2 90 1412 89
192 2 2 2 2 1411 2223 185
193 2 2 2 2 54 2324 53
194 2 2 2 2 1386 2378 1763
195 2 2 2 2 1892 2341 2301
196 2 2 2 2 1913 2320 225
197 2 2 2 2 1845 2342 193
198 2 2 2 2 1996 2329 1997
199 2 2 2 2 2232 2355 1285
200 2 2 2 2 1694 1696 1695
201 2 2 2 2 2158 2228 967
202 2 2 2 2 1409 2342 1845
203 2 2 2 2 1846 2441 1847
204 2 2 2 2 2376 2377 1283
205 2 2 2 2 1277 1497 1414
206 2 2 2 2 223 2299 1997
207 2 2 2 2 164 2330 1880
208 2 2 2 2 1997 2329 223
209 2 2 2 2 1093 1695 991
210 2 2 2 2 169 2246 2245
211 2 2 2 2 2319 2378 1386
212 2 2 2 2 170 2386 1919
213 2 2 2 2 2189 2366 1449
214 2 2 2 2 65 2323 64
215 2 2 2 2 146 2426 2411
216 2 2 2 2 1879 2330 1881
217 2 2 2 2 163 2331 2154
218 2 2 2 2 1667 2328 1669
219 2 2 2 2 2337 2338 2075
220 2 2 2 2 1219 2158 2155
221 2 2 2 2 1914 2320 1913
222 2 2 2 2 119 2326 118
223 2 2 2 2 1919 2431 170
224 2 2 2 2 1847 2441 2379
225 2 2 2 2 210 1694 1402
226 2 2 2 2 2078 2400 2391
227 2 2 2 2 1401 2321 185
228 2 2 2 2 180 2440 2280
229 2 2 2 2 163 2156 76
230 2 2 2 2 208 2409 2333
231 2 2 2 2 2411 2426 1395
232 2 2 2 2 2232 2458 220
233 2 2 2 2 1281 2373 2370
234 2 2 2 2 2193 2384 180
235 2 2 2 2 76 2156 75
236 2 2 2 2 1669 2328 190
237 2 2 2 2 1283 2439 2376
238 2 2 2 2 217 2417 1412
239 2 2 2 2 2333 2394 174
240 2 2 2 2 53 2324 221
241 2 2 2 2 2314 2324 54
242 2 2 2 2 117 2330 116
243 2 2 2 2 1897 2446 219
244 2 2 2 2 1402 1693 210
245 2 2 2 2 84 2328 83
246 2 2 2 2 991 1695 1099
247 2 2 2 2 121 2246 120
248 2 2 2 2 2379 2441 151
249 2 2 2 2 156 2329 155
250 2 2 2 2 2288 2418 2213
251 2 2 2 2 2154 2331 1407
252 2 2 2 2 1918 2381 1919
253 2 2 2 2 1402 1695 1093
254 2 2 2 2 1497 2457 171
255 2 2 2 2 1403 2335 200
256 2 2 2 2 188 2471 1447
257 2 2 2 2 1447 2399 188
258 2 2 2 2 165 1697 1696
259 2 2 2 2 223 2369 2299
260 2 2 2 2 1896 2353 172
261 2 2 2 2 2391 2400 187
262 2 2 2 2 118 2326 224
263 2 2 2 2 217 2350 1408
264 2 2 2 2 64 2323 199
265 2 2 2 2 78 2331 77
266 2 2 2 2 2239 2340 186
267 2 2 2 2 1258 1880 1879
268 2 2 2 2 2192 2384 2193
269 2 2 2 2 2155 2157 2156
270 2 2 2 2 221 2463 2132
271 2 2 2 2 1756 2340 2239
272 2 2 2 2 169 2326 119
273 2 2 2 2 116 2330 164
274 2 2 2 2 200 2424 1403
275 2 2 2 2 86 2321 1410
276 2 2 2 2 2299 2369 2300
277 2 2 2 2 190 2328 84
278 2 2 2 2 2370 2402 1281
279 2 2 2 2 2363 2448 1389
280 2 2 2 2 1407 2331 203
281 2 2 2 2 2325 2397 2222
282 2 2 2 2 203 2215 1407
283 2 2 2 2 223 2329 156
284 2 2 2 2 2080 2337 2075
285 2 2 2 2 1765 1880 1258
286 2 2 2 2 2132 2367 221
287 2 2 2 2 1103 1765 1025
288 2 2 2 2 1478 2343 191
289 2 2 2 2 1697 2383 1696
290 2 2 2 2 216 2322 2131
291 2 2 2 2 65 2437 2323
292 2 2 2 2 2382 2383 1697
293 2 2 2 2 155 2329 162
294 2 2 2 2 224 2330 117
295 2 2 2 2 226 2388 227
296 2 2 2 2 2377 2389 1283
297 2 2 2 2 218 2357 1448
298 2 2 2 2 1382 2398 2344
299 2 2 2 2 207 2342 1409
300 2 2 2 2 83 2328 194
301 2 2 2 2 1694 1695 1402
302 2 2 2 2 844 2180 1456
303 2 2 2 2 173 2390 2294
304 2 2 2 2 1408 2417 217
305 2 2 2 2 1455 2424 200
306 2 2 2 2 1285 2355 2310
307 2 2 2 2 1996 2454 162
308 2 2 2 2 203 2331 78
309 2 2 2 2 2129 2138 2137
310 2 2 2 2 222 2429 1449
311 2 2 2 2 2133 2134 1074
312 2 2 2 2 826 2139 968
313 2 2 2 2 2317 2349 2318
314 2 2 2 2 1025 1765 1258
315 2 2 2 2 1415 1765 1103
316 2 2 2 2 225 2465 1913
317 2 2 2 2 77 2331 163
318 2 2 2 2 1453 1458 689
319 2 2 2 2 6 2399 1455
320 2 2 2 2 2129 2137 2136
321 2 2 2 2 164 1880 1764
322 2 2 2 2 172 2387 1896
323 2 2 2 2 1074 2138 2133
324 2 2 2 2 2129 2136 2135
325 2 2 2 2 1083 2223 1411
326 2 2 2 2 1456 2180 1404
327 2 2 2 2 2362 2363 1389
328 2 2 2 2 168 2418 2288
329 2 2 2 2 1695 1696 1099
330 2 2 2 2 829 1769 831
331 2 2 2 2 2155 2158 2157
332 2 2 2 2 211 1764 1415
333 2 2 2 2 2135 2136 825
334 2 2 2 2 1720 1721 595
335 2 2 2 2 582 1770 1649
336 2 2 2 2 628 1451 1450
337 2 2 2 2 539 1459 570
338 2 2 2 2 1085 2237 1668
339 2 2 2 2 1649 1650 582
340 2 2 2 2 1451 1457 1450
341 2 2 2 2 826 2141 2139
342 2 2 2 2 1832 1877 1876
343 2 2 2 2 1177 2382 1374
344 2 2 2 2 1646 2311 1689
345 2 2 2 2 968 2139 1074
346 2 2 2 2 825 2267 2135
347 2 2 2 2 888 1872 1086
348 2 2 2 2 1409 2404 207
349 2 2 2 2 638 1844 639
350 2 2 2 2 545 1459 539
351 2 2 2 2 1607 1608 687
352 2 2 2 2 1156 2200 1270
353 2 2 2 2 916 1585 1030
354 2 2 2 2 649 2241 1602
355 2 2 2 2 1452 1453 689
356 2 2 2 2 1502 2312 1506
357 2 2 2 2 1502 1506 1504
358 2 2 2 2 537 1956 519
359 2 2 2 2 1586 1587 590
360 2 2 2 2 1741 1742 816
361 2 2 2 2 971 1894 902
362 2 2 2 2 1689 2311 1688
363 2 2 2 2 1713 1714 819
364 2 2 2 2 1585 1925 1030
365 2 2 2 2 447 1503 445
366 2 2 2 2 1456 1457 844
367 2 2 2 2 1081 2223 1083
368 2 2 2 2 1393 2458 2232
369 2 2 2 2 880 1686 655
370 2 2 2 2 1354 2206 2205
371 2 2 2 2 599 2173 806
372 2 2 2 2 1233 1921 1231
373 2 2 2 2 2200 2201 1270
374 2 2 2 2 819 2244 1713
375 2 2 2 2 727 1642 721
376 2 2 2 2 831 1769 963
377 2 2 2 2 1892 2427 204
378 2 2 2 2 964 1769 829
379 2 2 2 2 645 2021 1851
380 2 2 2 2 2140 2267 825
381 2 2 2 2 724 1638 727
382 2 2 2 2 747 2140 745
383 2 2 2 2 1797 1998 1185
384 2 2 2 2 1505 1875 1874
385 2 2 2 2 1556 1557 433
386 2 2 2 2 1764 2453 164
387 2 2 2 2 2077 2078 2070
388 2 2 2 2 2235 2241 649
389 2 2 2 2 1450 1452 628
390 2 2 2 2 1501 1503 447
391 2 2 2 2 797 1818 1817
392 2 2 2 2 1319 1721 1720
393 2 2 2 2 1459 1460 570
394 2 2 2 2 1551 2272 1555
395 2 2 2 2 745 2140 825
396 2 2 2 2 2346 2452 1793
397 2 2 2 2 2202 2289 1176
398 2 2 2 2 728 1638 724
399 2 2 2 2 1851 2021 1174
400 2 2 2 2 1502 1504 1503
401 2 2 2 2 2216 2327 1287
402 2 2 2 2 1069 1901 976
403 2 2 2 2 1326 2244 819
404 2 2 2 2 1461 2064 1469
405 2 2 2 2 1685 2244 1326
406 2 2 2 2 976 1901 974
407 2 2 2 2 1149 2274 2273
408 2 2 2 2 1280 1684 995
409 2 2 2 2 433 2297 1556
410 2 2 2 2 843 2180 844
411 2 2 2 2 1438 1458 1453
412 2 2 2 2 2240 2279 1423
413 2 2 2 2 1852 1854 645
414 2 2 2 2 2279 2280 2278
415 2 2 2 2 1250 2271 1252
416 2 2 2 2 2128 2138 2129
417 2 2 2 2 1506 2312 915
418 2 2 2 2 595 1773 1720
419 2 2 2 2 717 1645 715
420 2 2 2 2 1874 1878 1876
421 2 2 2 2 1668 2237 1328
422 2 2 2 2 1085 1668 1380
423 2 2 2 2 1930 2297 433
424 2 2 2 2 980 1904 978
425 2 2 2 2 1378 2421 1406
426 2 2 2 2 1873 1878 1874
427 2 2 2 2 1851 1852 645
428 2 2 2 2 723 1690 713
429 2 2 2 2 1149 2273 1935
430 2 2 2 2 715 1645 723
431 2 2 2 2 653 2197 1603
432 2 2 2 2 1069 1903 1902
433 2 2 2 2 1930 2304 2297
434 2 2 2 2 842 1872 888
435 2 2 2 2 1692 2243 1368
436 2 2 2 2 816 1893 1741
437 2 2 2 2 494 1820 500
438 2 2 2 2 1921 1922 1231
439 2 2 2 2 1819 2044 1821
440 2 2 2 2 990 1906 1905
441 2 2 2 2 1854 1855 894
442 2 2 2 2 1069 1902 1901
443 2 2 2 2 1715 1844 638
444 2 2 2 2 639 1844 828
445 2 2 2 2 486 1820 494
446 2 2 2 2 402 1928 404
447 2 2 2 2 489 2182 536
448 2 2 2 2 1686 1687 655
449 2 2 2 2 1098 2200 1156
450 2 2 2 2 902 1894 901
451 2 2 2 2 918 2096 1123
452 2 2 2 2 1835 1928 402
453 2 2 2 2 1817 1819 797
454 2 2 2 2 360 1727 1725
455 2 2 2 2 1866 1867 1366
456 2 2 2 2 713 1690 711
457 2 2 2 2 401 1835 402
458 2 2 2 2 1423 2279 2278
459 2 2 2 2 1185 1805 1797
460 2 2 2 2 763 1522 1521
461 2 2 2 2 1649 1651 1650
462 2 2 2 2 990 1904 980
463 2 2 2 2 1233 2255 1921
464 2 2 2 2 519 1956 1955
465 2 2 2 2 466 1501 447
466 2 2 2 2 2067 2077 2070
467 2 2 2 2 585 1956 537
468 2 2 2 2 1360 1964 1963
469 2 2 2 2 1741 1743 1742
470 2 2 2 2 1355 2242 2190
471 2 2 2 2 1498 1499 490
472 2 2 2 2 2205 2255 1354
473 2 2 2 2 373 1932 374
474 2 2 2 2 1672 1674 1673
475 2 2 2 2 1713 1715 1714
476 2 2 2 2 1160 2220 1271
477 2 2 2 2 990 1905 1904
478 2 2 2 2 2166 2178 579
479 2 2 2 2 1698 1699 1322
480 2 2 2 2 1725 2233 360
481 2 2 2 2 484 1818 797
482 2 2 2 2 2181 2183 2182
483 2 2 2 2 984 1909 982
484 2 2 2 2 1603 1604 653
485 2 2 2 2 1389 2448 1387
486 2 2 2 2 2271 2283 1252
487 2 2 2 2 474 1498 490
488 2 2 2 2 1602 2241 1566
489 2 2 2 2 687 1651 1607
490 2 2 2 2 928 1866 1865
491 2 2 2 2 518 1816 1815
492 2 2 2 2 1164 2216 1287
493 2 2 2 2 445 1503 458
494 2 2 2 2 951 2263 1363
495 2 2 2 2 622 1965 898
496 2 2 2 2 239 1539 644
497 2 2 2 2 1607 1609 1608
498 2 2 2 2 799 1534 800
499 2 2 2 2 2190 2242 635
500 2 2 2 2 643 1465 1463
501 2 2 2 2 1638 1639 727
502 2 2 2 2 864 2289 2202
503 2 2 2 2 1080 1909 984
504 2 2 2 2 1424 2240 1423
505 2 2 2 2 1168 2209 1393
506 2 2 2 2 1874 1876 1505
507 2 2 2 2 583 2173 599
508 2 2 2 2 2173 2237 806
509 2 2 2 2 613 1687 615
510 2 2 2 2 721 1642 719
511 2 2 2 2 942 1973 933
512 2 2 2 2 1480 1481 940
513 2 2 2 2 1641 1644 809
514 2 2 2 2 2065 2242 1355
515 2 2 2 2 971 1895 1894
516 2 2 2 2 862 1991 861
517 2 2 2 2 1289 1471 1470
518 2 2 2 2 1665 2152 1352
519 2 2 2 2 1852 1855 1854
520 2 2 2 2 1466 1467 1465
521 2 2 2 2 1637 1647 1639
522 2 2 2 2 1722 1770 582
523 2 2 2 2 920 1992 1708
524 2 2 2 2 2263 2266 1363
525 2 2 2 2 1499 1500 490
526 2 2 2 2 625 1494 1493
527 2 2 2 2 844 1457 1451
528 2 2 2 2 1673 1676 1672
529 2 2 2 2 590 1609 1586
530 2 2 2 2 774 1807 1806
531 2 2 2 2 1185 1998 770
532 2 2 2 2 1080 1911 1910
533 2 2 2 2 811 1534 799
534 2 2 2 2 427 2038 783
535 2 2 2 2 928 1867 1866
536 2 2 2 2 594 1854 647
537 2 2 2 2 793 1508 1507
538 2 2 2 2 1038 2260 1175
539 2 2 2 2 925 1749 1661
540 2 2 2 2 1484 2271 1250
541 2 2 2 2 1586 1588 1587
542 2 2 2 2 861 1991 1808
543 2 2 2 2 1849 1850 1246
544 2 2 2 2 2205 2206 1206
545 2 2 2 2 1363 2266 2254
546 2 2 2 2 898 1965 1964
547 2 2 2 2 1764 1765 1415
548 2 2 2 2 2344 2398 197
549 2 2 2 2 1826 1973 942
550 2 2 2 2 1080 1910 1909
551 2 2 2 2 645 1854 594
552 2 2 2 2 360 2233 2207
553 2 2 2 2 500 2063 496
554 2 2 2 2 1366 1869 1866
555 2 2 2 2 605 2219 608
556 2 2 2 2 1872 2214 1086
557 2 2 2 2 643 1466 1465
558 2 2 2 2 1819 2045 2044
559 2 2 2 2 1788 1789 1041
560 2 2 2 2 468 1472 451
561 2 2 2 2 1951 1952 1945
562 2 2 2 2 1784 1785 1209
563 2 2 2 2 1556 2274 1557
564 2 2 2 2 2220 2222 1271
565 2 2 2 2 1619 1634 1308
566 2 2 2 2 861 1808 1807
567 2 2 2 2 1127 1708 1707
568 2 2 2 2 1821 2306 2270
569 2 2 2 2 1463 1464 643
570 2 2 2 2 1549 2272 1551
571 2 2 2 2 1460 2064 1461
572 2 2 2 2 763 1521 883
573 2 2 2 2 1670 1735 1315
574 2 2 2 2 928 1865 438
575 2 2 2 2 2447 2462 1400
576 2 2 2 2 1736 1932 373
577 2 2 2 2 1807 1808 1806
578 2 2 2 2 1360 1963 1961
579 2 2 2 2 410 1930 433
580 2 2 2 2 1295 1590 1584
581 2 2 2 2 482 1818 484
582 2 2 2 2 1318 2001 2000
583 2 2 2 2 971 1898 1895
584 2 2 2 2 2207 2233 1329
585 2 2 2 2 1820 1821 500
586 2 2 2 2 1711 2059 247
587 2 2 2 2 2133 2138 2128
588 2 2 2 2 1578 1579 794
589 2 2 2 2 1026 1746 1745
590 2 2 2 2 1517 1518 1299
591 2 2 2 2 970 1787 1317
592 2 2 2 2 1480 1482 1481
593 2 2 2 2 536 1472 468
594 2 2 2 2 344 1838 1740
595 2 2 2 2 1237 2311 1646
596 2 2 2 2 490 1501 466
597 2 2 2 2 404 1928 424
598 2 2 2 2 860 2176 1203
599 2 2 2 2 1809 1814 1218
600 2 2 2 2 1876 1877 1505
601 2 2 2 2 515 2182 489
602 2 2 2 2 634 2065 1923
603 2 2 2 2 1004 2096 918
604 2 2 2 2 2096 2249 1123
605 2 2 2 2 2000 2001 897
606 2 2 2 2 1124 1706 1126
607 2 2 2 2 1645 1646 723
608 2 2 2 2 1470 1471 232
609 2 2 2 2 2273 2274 1555
610 2 2 2 2 942 1827 1826
611 2 2 2 2 679 1985 514
612 2 2 2 2 1315 1735 1733
613 2 2 2 2 1466 1468 1467
614 2 2 2 2 1636 1653 1133
615 2 2 2 2 690 1843 375
616 2 2 2 2 2151 2152 1351
617 2 2 2 2 2243 2256 1368
618 2 2 2 2 1929 1930 408
619 2 2 2 2 335 1748 333
620 2 2 2 2 1284 2177 1589
621 2 2 2 2 925 1662 361
622 2 2 2 2 1739 1747 346
623 2 2 2 2 1134 1619 1308
624 2 2 2 2 2004 2190 635
625 2 2 2 2 774 1806 772
626 2 2 2 2 1945 1952 1947
627 2 2 2 2 374 1932 405
628 2 2 2 2 1754 1939 1796
629 2 2 2 2 1018 1829 1828
630 2 2 2 2 932 1762 936
631 2 2 2 2 536 2182 1475
632 2 2 2 2 1535 1849 1246
633 2 2 2 2 576 2166 579
634 2 2 2 2 1349 2178 2166
635 2 2 2 2 1070 1788 1041
636 2 2 2 2 1786 1787 801
637 2 2 2 2 344 1740 340
638 2 2 2 2 1322 1883 1698
639 2 2 2 2 467 1699 1698
640 2 2 2 2 1171 1609 1169
641 2 2 2 2 313 1596 650
642 2 2 2 2 505 1498 474
643 2 2 2 2 1127 1707 1706
644 2 2 2 2 1248 2061 1200
645 2 2 2 2 1690 1691 711
646 2 2 2 2 925 1750 1749
647 2 2 2 2 1208 1782 1180
648 2 2 2 2 1640 1642 727
649 2 2 2 2 1967 1968 1151
650 2 2 2 2 1031 2115 1213
651 2 2 2 2 1058 2263 951
652 2 2 2 2 401 1836 1835
653 2 2 2 2 1304 1761 1760
654 2 2 2 2 655 1687 613
655 2 2 2 2 1982 1985 679
656 2 2 2 2 840 1953 1021
657 2 2 2 2 460 1946 491
658 2 2 2 2 1539 1540 644
659 2 2 2 2 237 1539 239
660 2 2 2 2 1557 2234 414
661 2 2 2 2 1656 1677 658
662 2 2 2 2 1944 1947 1946
663 2 2 2 2 1747 1748 346
664 2 2 2 2 1173 1589 1588
665 2 2 2 2 359 1616 450
666 2 2 2 2 2206 2208 1206
667 2 2 2 2 1475 2251 1473
668 2 2 2 2 1357 2258 1966
669 2 2 2 2 1521 1522 1330
670 2 2 2 2 856 1626 1625
671 2 2 2 2 933 1973 931
672 2 2 2 2 2225 2227 2224
673 2 2 2 2 408 1930 410
674 2 2 2 2 1208 1783 1782
675 2 2 2 2 510 1665 1352
676 2 2 2 2 1132 2085 1635
677 2 2 2 2 1070 1792 1791
678 2 2 2 2 1661 1662 925
679 2 2 2 2 1602 2197 649
680 2 2 2 2 1434 2251 1475
681 2 2 2 2 1027 1991 862
682 2 2 2 2 732 1992 920
683 2 2 2 2 1203 2176 1971
684 2 2 2 2 1725 1727 1726
685 2 2 2 2 801 1787 970
686 2 2 2 2 1542 1543 312
687 2 2 2 2 1855 2305 894
688 2 2 2 2 315 1596 313
689 2 2 2 2 2278 2281 1419
690 2 2 2 2 615 1687 618
691 2 2 2 2 2254 2266 1028
692 2 2 2 2 1167 1651 1165
693 2 2 2 2 1600 1601 1566
694 2 2 2 2 936 1762 1761
695 2 2 2 2 977 2243 1692
696 2 2 2 2 770 1998 397
697 2 2 2 2 1723 1724 1341
698 2 2 2 2 1235 1780 1779
699 2 2 2 2 1945 1947 1944
700 2 2 2 2 1248 2253 2061
701 2 2 2 2 534 2235 649
702 2 2 2 2 783 2038 1151
703 2 2 2 2 425 2038 427
704 2 2 2 2 1625 2081 856
705 2 2 2 2 1507 2186 793
706 2 2 2 2 593 1573 1572
707 2 2 2 2 1984 2285 1986
708 2 2 2 2 1523 1524 692
709 2 2 2 2 2256 2260 1038
710 2 2 2 2 1657 2036 1240
711 2 2 2 2 363 1804 369
712 2 2 2 2 1637 1639 1638
713 2 2 2 2 1957 2261 903
714 2 2 2 2 625 1496 1494
715 2 2 2 2 1148 1705 1703
716 2 2 2 2 1304 1760 1663
717 2 2 2 2 346 1748 335
718 2 2 2 2 1616 1617 450
719 2 2 2 2 1284 1589 1173
720 2 2 2 2 889 2115 1031
721 2 2 2 2 1341 1691 1344
722 2 2 2 2 1127 1706 1124
723 2 2 2 2 1067 1809 1218
724 2 2 2 2 1588 1737 785
725 2 2 2 2 1993 1995 1994
726 2 2 2 2 679 1983 1982
727 2 2 2 2 1989 2253 1248
728 2 2 2 2 1265 1640 1266
729 2 2 2 2 1460 1461 570
730 2 2 2 2 1080 1912 1911
731 2 2 2 2 1895 1898 1897
732 2 2 2 2 1960 1961 1060
733 2 2 2 2 361 1662 367
734 2 2 2 2 496 2063 498
735 2 2 2 2 518 2150 1816
736 2 2 2 2 1494 1495 1493
737 2 2 2 2 1370 2218 960
738 2 2 2 2 1593 2151 1351
739 2 2 2 2 603 2219 605
740 2 2 2 2 1155 1773 1771
741 2 2 2 2 1771 1773 1772
742 2 2 2 2 406 1929 408
743 2 2 2 2 550 1772 551
744 2 2 2 2 1960 2218 1370
745 2 2 2 2 1868 1869 657
746 2 2 2 2 686 1536 330
747 2 2 2 2 1912 1913 1911
748 2 2 2 2 1986 2285 2284
749 2 2 2 2 1121 1533 1532
750 2 2 2 2 1078 1900 1899
751 2 2 2 2 1348 2095 1346
752 2 2 2 2 1802 1804 363
753 2 2 2 2 612 1786 801
754 2 2 2 2 1303 1575 1302
755 2 2 2 2 1382 1416 228
756 2 2 2 2 1512 1513 1335
757 2 2 2 2 830 1962 641
758 2 2 2 2 1513 1514 1333
759 2 2 2 2 1018 1828 1827
760 2 2 2 2 1836 1837 1153
761 2 2 2 2 940 1483 1480
762 2 2 2 2 1767 1995 963
763 2 2 2 2 792 1811 1774
764 2 2 2 2 520 2036 1657
765 2 2 2 2 1799 2207 1329
766 2 2 2 2 1127 2249 1708
767 2 2 2 2 1481 1482 1276
768 2 2 2 2 1574 1575 1570
769 2 2 2 2 738 1518 1517
770 2 2 2 2 675 2082 673
771 2 2 2 2 2270 2306 2269
772 2 2 2 2 1626 1627 1625
773 2 2 2 2 1214 1999 1044
774 2 2 2 2 528 1676 858
775 2 2 2 2 1712 2059 1711
776 2 2 2 2 247 2059 245
777 2 2 2 2 1708 2249 920
778 2 2 2 2 1745 1746 1744
779 2 2 2 2 1026 1745 1104
780 2 2 2 2 1508 1509 1507
781 2 2 2 2 1906 1907 1905
782 2 2 2 2 423 1683 422
783 2 2 2 2 399 2176 860
784 2 2 2 2 1671 2095 1348
785 2 2 2 2 1819 1821 1820
786 2 2 2 2 1318 2000 604
787 2 2 2 2 1297 1517 1299
788 2 2 2 2 2017 2057 1976
789 2 2 2 2 2115 2116 1213
790 2 2 2 2 1682 1683 1681
791 2 2 2 2 1961 1962 1060
792 2 2 2 2 1817 2045 1819
793 2 2 2 2 827 2231 736
794 2 2 2 2 514 1985 543
795 2 2 2 2 358 1802 363
796 2 2 2 2 1982 1983 1980
797 2 2 2 2 2044 2306 1821
798 2 2 2 2 1335 1513 1333
799 2 2 2 2 1537 1547 1261
800 2 2 2 2 1565 1600 1566
801 2 2 2 2 1369 1968 1967
802 2 2 2 2 1311 1653 1636
803 2 2 2 2 1133 2085 1636
804 2 2 2 2 375 1843 376
805 2 2 2 2 1235 1779 1775
806 2 2 2 2 1179 1843 690
807 2 2 2 2 1578 1581 1579
808 2 2 2 2 963 1995 1993
809 2 2 2 2 1398 1793 1792
810 2 2 2 2 1368 2269 1692
811 2 2 2 2 1316 1619 1134
812 2 2 2 2 2081 2082 856
813 2 2 2 2 1220 2190 2004
814 2 2 2 2 2138 2139 2137
815 2 2 2 2 1323 1656 1655
816 2 2 2 2 1467 1474 1465
817 2 2 2 2 983 2043 1029
818 2 2 2 2 669 2092 668
819 2 2 2 2 871 2149 2102
820 2 2 2 2 1726 1729 1728
821 2 2 2 2 1516 1519 740
822 2 2 2 2 1703 1704 1148
823 2 2 2 2 2001 2002 897
824 2 2 2 2 536 1473 1472
825 2 2 2 2 1514 1520 1331
826 2 2 2 2 1352 2152 1839
827 2 2 2 2 2061 2062 1200
828 2 2 2 2 1570 1575 1303
829 2 2 2 2 1635 2164 1132
830 2 2 2 2 2071 2211 2069
831 2 2 2 2 1223 1800 1228
832 2 2 2 2 1323 1677 1656
833 2 2 2 2 1801 1802 366
834 2 2 2 2 1995 1996 1994
835 2 2 2 2 1594 2268 1595
836 2 2 2 2 491 1946 784
837 2 2 2 2 544 1977 341
838 2 2 2 2 1060 1962 830
839 2 2 2 2 1966 2258 898
840 2 2 2 2 1324 1972 1710
841 2 2 2 2 401 1837 1836
842 2 2 2 2 1021 1953 1952
843 2 2 2 2 1239 2034 2033
844 2 2 2 2 1571 1574 1570
845 2 2 2 2 458 1877 443
846 2 2 2 2 1226 2215 2214
847 2 2 2 2 414 2234 416
848 2 2 2 2 995 1686 880
849 2 2 2 2 1978 2309 2308
850 2 2 2 2 1351 2152 1665
851 2 2 2 2 1639 1640 727
852 2 2 2 2 462 1946 460
853 2 2 2 2 1356 2258 1357
854 2 2 2 2 1567 1568 855
855 2 2 2 2 1054 1484 1250
856 2 2 2 2 794 1580 1578
857 2 2 2 2 1149 1935 509
858 2 2 2 2 2008 2144 2007
859 2 2 2 2 1511 1512 1335
860 2 2 2 2 541 1665 510
861 2 2 2 2 476 1758 502
862 2 2 2 2 1333 1514 1331
863 2 2 2 2 2013 2282 2011
864 2 2 2 2 1635 2085 1308
865 2 2 2 2 1209 2001 1784
866 2 2 2 2 856 2082 675
867 2 2 2 2 593 1572 499
868 2 2 2 2 422 1683 1682
869 2 2 2 2 1829 2275 1828
870 2 2 2 2 1623 1632 1622
871 2 2 2 2 1816 2150 1305
872 2 2 2 2 1893 1908 1137
873 2 2 2 2 1295 1585 916
874 2 2 2 2 631 1567 855
875 2 2 2 2 2034 2037 767
876 2 2 2 2 764 1931 431
877 2 2 2 2 978 1904 1069
878 2 2 2 2 1206 2208 492
879 2 2 2 2 1343 1682 1681
880 2 2 2 2 2036 2037 2034
881 2 2 2 2 1861 2086 947
882 2 2 2 2 1860 2086 1861
883 2 2 2 2 2081 2083 2082
884 2 2 2 2 1414 2356 1277
885 2 2 2 2 1111 1478 1476
886 2 2 2 2 1151 1968 922
887 2 2 2 2 1596 2268 650
888 2 2 2 2 1500 1501 490
889 2 2 2 2 1924 1926 1925
890 2 2 2 2 1632 1633 1622
891 2 2 2 2 824 1547 1537
892 2 2 2 2 954 1723 1341
893 2 2 2 2 701 1724 1723
894 2 2 2 2 573 2021 645
895 2 2 2 2 366 1802 358
896 2 2 2 2 442 1877 1832
897 2 2 2 2 1509 1510 644
898 2 2 2 2 692 2007 1523
899 2 2 2 2 1523 1525 1524
900 2 2 2 2 1535 2261 1957
901 2 2 2 2 1126 1706 1148
902 2 2 2 2 1732 1736 1733
903 2 2 2 2 903 2261 1810
904 2 2 2 2 536 1475 1473
905 2 2 2 2 1208 1785 1784
906 2 2 2 2 1875 2041 999
907 2 2 2 2 997 1809 1067
908 2 2 2 2 623 1965 622
909 2 2 2 2 1983 1988 1980
910 2 2 2 2 1764 1880 1765
911 2 2 2 2 1119 2143 1000
912 2 2 2 2 2006 2008 2007
913 2 2 2 2 1737 1738 785
914 2 2 2 2 787 2307 838
915 2 2 2 2 1542 1544 1543
916 2 2 2 2 1673 1674 1601
917 2 2 2 2 960 2218 834
918 2 2 2 2 392 2058 395
919 2 2 2 2 551 1772 595
920 2 2 2 2 1361 2047 1242
921 2 2 2 2 786 1772 550
922 2 2 2 2 1568 1926 855
923 2 2 2 2 2102 2149 2101
924 2 2 2 2 1861 2167 1862
925 2 2 2 2 1060 2218 1960
926 2 2 2 2 1654 2302 1652
927 2 2 2 2 1660 1733 503
928 2 2 2 2 1557 2274 2234
929 2 2 2 2 1111 1479 1478
930 2 2 2 2 1184 2282 2013
931 2 2 2 2 661 2171 664
932 2 2 2 2 767 2142 2035
933 2 2 2 2 1862 2167 2012
934 2 2 2 2 1321 1860 1613
935 2 2 2 2 289 1859 291
936 2 2 2 2 1321 2086 1860
937 2 2 2 2 2297 2304 1554
938 2 2 2 2 443 1877 442
939 2 2 2 2 750 2140 747
940 2 2 2 2 463 1868 657
941 2 2 2 2 2109 2110 1110
942 2 2 2 2 1100 1913 1912
943 2 2 2 2 1823 2275 651
944 2 2 2 2 387 1811 792
945 2 2 2 2 354 2207 1799
946 2 2 2 2 1792 1793 1791
947 2 2 2 2 176 1416 22
948 2 2 2 2 1239 2033 1036
949 2 2 2 2 1482 1497 1276
950 2 2 2 2 1923 2065 1355
951 2 2 2 2 602 1738 905
952 2 2 2 2 1884 2084 1885
953 2 2 2 2 1748 1750 333
954 2 2 2 2 1589 2177 1268
955 2 2 2 2 1100 1914 1913
956 2 2 2 2 1331 1520 1330
957 2 2 2 2 616 2165 1236
958 2 2 2 2 1787 1789 1788
959 2 2 2 2 1821 2270 500
960 2 2 2 2 2168 2226 879
961 2 2 2 2 1052 1777 1356
962 2 2 2 2 1353 1942 1580
963 2 2 2 2 1225 2146 2099
964 2 2 2 2 659 1656 658
965 2 2 2 2 855 1926 1924
966 2 2 2 2 2170 2171 660
967 2 2 2 2 502 1758 1135
968 2 2 2 2 1437 1460 1458
969 2 2 2 2 864 1559 1558
970 2 2 2 2 1976 2057 1975
971 2 2 2 2 1646 1689 723
972 2 2 2 2 1256 2187 1255
973 2 2 2 2 1727 1729 1726
974 2 2 2 2 1342 2231 827
975 2 2 2 2 736 2231 733
976 2 2 2 2 1984 1986 589
977 2 2 2 2 935 2005 944
978 2 2 2 2 1476 1477 1111
979 2 2 2 2 1629 1632 1623
980 2 2 2 2 556 1920 652
981 2 2 2 2 944 2005 1943
982 2 2 2 2 1979 2298 1981
983 2 2 2 2 869 2208 2206
984 2 2 2 2 1832 1833 442
985 2 2 2 2 517 2204 1206
986 2 2 2 2 1692 2269 1055
987 2 2 2 2 1926 1927 1925
988 2 2 2 2 944 1943 949
989 2 2 2 2 927 2094 2093
990 2 2 2 2 1545 2277 1544
991 2 2 2 2 1238 2090 1053
992 2 2 2 2 1559 1560 1558
993 2 2 2 2 369 1804 432
994 2 2 2 2 1782 2303 1780
995 2 2 2 2 1388 1647 1077
996 2 2 2 2 672 2092 669
997 2 2 2 2 668 2092 1653
998 2 2 2 2 1786 1789 1787
999 2 2 2 2 800 1534 1533
1000 2 2 2 2 674 2149 871
1001 2 2 2 2 767 2035 2034
1002 2 2 2 2 1644 1646 1645
1003 2 2 2 2 911 2109 1110
1004 2 2 2 2 1070 1791 1790
1005 2 2 2 2 694 2202 1176
1006 2 2 2 2 520 2037 2036
1007 2 2 2 2 660 2171 661
1008 2 2 2 2 1228 1800 1329
1009 2 2 2 2 1733 1735 1732
1010 2 2 2 2 1022 1951 1138
1011 2 2 2 2 303 2028 309
1012 2 2 2 2 2047 2048 1242
1013 2 2 2 2 341 1977 345
1014 2 2 2 2 544 2016 1977
1015 2 2 2 2 1710 1972 415
1016 2 2 2 2 1324 1710 929
1017 2 2 2 2 1775 1776 1202
1018 2 2 2 2 1589 1737 1588
1019 2 2 2 2 1516 1517 1297
1020 2 2 2 2 1323 1655 1204
1021 2 2 2 2 865 1562 627
1022 2 2 2 2 383 1842 1811
1023 2 2 2 2 2027 2029 2028
1024 2 2 2 2 523 1488 1486
1025 2 2 2 2 1489 1490 1488
1026 2 2 2 2 1113 1484 1054
1027 2 2 2 2 930 1762 932
1028 2 2 2 2 1830 2275 1829
1029 2 2 2 2 1783 2303 1782
1030 2 2 2 2 940 1485 1483
1031 2 2 2 2 1777 1778 1356
1032 2 2 2 2 451 1472 1468
1033 2 2 2 2 2252 2254 1210
1034 2 2 2 2 982 1909 990
1035 2 2 2 2 630 1567 631
1036 2 2 2 2 2099 2146 2102
1037 2 2 2 2 1529 1871 328
1038 2 2 2 2 431 1931 1838
1039 2 2 2 2 919 1931 764
1040 2 2 2 2 956 2031 314
1041 2 2 2 2 1701 1702 765
1042 2 2 2 2 1388 1648 1647
1043 2 2 2 2 1253 2284 1256
1044 2 2 2 2 326 1529 328
1045 2 2 2 2 686 2277 1536
1046 2 2 2 2 2318 2349 216
1047 2 2 2 2 634 1923 1922
1048 2 2 2 2 1780 1781 1779
1049 2 2 2 2 1938 2253 1989
1050 2 2 2 2 328 1871 342
1051 2 2 2 2 644 1540 1509
1052 2 2 2 2 501 2021 573
1053 2 2 2 2 480 1757 478
1054 2 2 2 2 891 2114 2020
1055 2 2 2 2 2103 2170 660
1056 2 2 2 2 1508 1510 1509
1057 2 2 2 2 1563 1795 456
1058 2 2 2 2 858 1676 1673
1059 2 2 2 2 641 1962 640
1060 2 2 2 2 809 1645 717
1061 2 2 2 2 409 1823 651
1062 2 2 2 2 523 1489 1488
1063 2 2 2 2 1752 1939 1754
1064 2 2 2 2 1980 1988 1058
1065 2 2 2 2 1000 2143 848
1066 2 2 2 2 1622 1633 1624
1067 2 2 2 2 330 2008 2006
1068 2 2 2 2 2112 2114 2113
1069 2 2 2 2 566 2003 635
1070 2 2 2 2 2017 2112 2057
1071 2 2 2 2 2015 2030 2019
1072 2 2 2 2 1357 1836 1153
1073 2 2 2 2 1730 2206 1354
1074 2 2 2 2 395 2058 769
1075 2 2 2 2 391 2058 392
1076 2 2 2 2 1180 1782 1235
1077 2 2 2 2 1468 1472 1467
1078 2 2 2 2 673 2082 866
1079 2 2 2 2 1575 2287 1302
1080 2 2 2 2 1310 1548 1546
1081 2 2 2 2 1536 2008 330
1082 2 2 2 2 2011 2282 2060
1083 2 2 2 2 1352 1840 452
1084 2 2 2 2 1491 1493 1490
1085 2 2 2 2 295 1863 598
1086 2 2 2 2 293 1859 289
1087 2 2 2 2 1613 1860 1614
1088 2 2 2 2 1740 1838 1325
1089 2 2 2 2 1624 1633 355
1090 2 2 2 2 1202 1777 1052
1091 2 2 2 2 1102 1530 1408
1092 2 2 2 2 651 2275 1830
1093 2 2 2 2 1757 1759 1758
1094 2 2 2 2 348 1729 1727
1095 2 2 2 2 1885 2084 1631
1096 2 2 2 2 600 1738 602
1097 2 2 2 2 1627 1629 1623
1098 2 2 2 2 1774 1775 1202
1099 2 2 2 2 1225 2292 2146
1100 2 2 2 2 364 1616 359
1101 2 2 2 2 886 2098 1628
1102 2 2 2 2 1248 2054 1989
1103 2 2 2 2 347 1729 348
1104 2 2 2 2 2227 2315 2295
1105 2 2 2 2 1839 1840 1352
1106 2 2 2 2 905 1738 1139
1107 2 2 2 2 617 2165 616
1108 2 2 2 2 426 1683 423
1109 2 2 2 2 1580 1942 1188
1110 2 2 2 2 879 2226 1075
1111 2 2 2 2 1342 2226 2168
1112 2 2 2 2 1486 1487 523
1113 2 2 2 2 1489 1491 1490
1114 2 2 2 2 478 1758 476
1115 2 2 2 2 1240 2036 1239
1116 2 2 2 2 1353 1580 794
1117 2 2 2 2 275 2160 274
1118 2 2 2 2 1261 1547 1120
1119 2 2 2 2 1964 1965 1963
1120 2 2 2 2 647 1854 894
1121 2 2 2 2 934 2005 935
1122 2 2 2 2 1138 1951 1950
1123 2 2 2 2 1100 1915 1914
1124 2 2 2 2 1106 1917 1386
1125 2 2 2 2 1231 1922 1229
1126 2 2 2 2 1203 1971 1205
1127 2 2 2 2 1238 2091 2090
1128 2 2 2 2 610 1781 1780
1129 2 2 2 2 309 2028 956
1130 2 2 2 2 2007 2144 1119
1131 2 2 2 2 1021 1951 1022
1132 2 2 2 2 1915 1916 1914
1133 2 2 2 2 1595 2268 1596
1134 2 2 2 2 1563 2195 1142
1135 2 2 2 2 1863 1864 598
1136 2 2 2 2 2214 2288 2213
1137 2 2 2 2 587 1678 578
1138 2 2 2 2 1236 2165 1778
1139 2 2 2 2 1053 2090 892
1140 2 2 2 2 1362 2088 2052
1141 2 2 2 2 269 2049 272
1142 2 2 2 2 1996 1997 1994
1143 2 2 2 2 2049 2050 272
1144 2 2 2 2 1361 2049 2047
1145 2 2 2 2 1827 1828 1826
1146 2 2 2 2 1683 2203 1681
1147 2 2 2 2 1234 1730 1354
1148 2 2 2 2 2034 2035 2033
1149 2 2 2 2 884 2098 886
1150 2 2 2 2 726 1709 722
1151 2 2 2 2 1193 1664 1582
1152 2 2 2 2 503 1736 373
1153 2 2 2 2 1801 1803 1802
1154 2 2 2 2 1606 2100 1199
1155 2 2 2 2 1545 2286 2277
1156 2 2 2 2 457 2028 303
1157 2 2 2 2 1677 1678 658
1158 2 2 2 2 1679 1680 941
1159 2 2 2 2 1346 2095 2094
1160 2 2 2 2 1857 1864 1863
1161 2 2 2 2 2112 2113 2111
1162 2 2 2 2 716 1701 765
1163 2 2 2 2 1670 1702 1701
1164 2 2 2 2 708 1561 1560
1165 2 2 2 2 1708 1992 1709
1166 2 2 2 2 1500 1502 1501
1167 2 2 2 2 625 1493 1491
1168 2 2 2 2 337 1529 326
1169 2 2 2 2 1757 1758 478
1170 2 2 2 2 1418 1462 1421
1171 2 2 2 2 1558 1560 1552
1172 2 2 2 2 708 1560 1559
1173 2 2 2 2 2046 2053 2048
1174 2 2 2 2 1192 1582 1581
1175 2 2 2 2 664 2171 870
1176 2 2 2 2 1544 2277 686
1177 2 2 2 2 709 1561 708
1178 2 2 2 2 1794 1795 1563
1179 2 2 2 2 456 1795 323
1180 2 2 2 2 2262 2292 1358
1181 2 2 2 2 2017 2114 2112
1182 2 2 2 2 2087 2159 2089
1183 2 2 2 2 2087 2089 2088
1184 2 2 2 2 1008 1545 1007
1185 2 2 2 2 467 1939 1752
1186 2 2 2 2 947 2167 1861
1187 2 2 2 2 2003 2004 635
1188 2 2 2 2 568 2003 566
1189 2 2 2 2 342 1871 434
1190 2 2 2 2 1728 1730 1726
1191 2 2 2 2 658 1678 587
1192 2 2 2 2 2052 2088 893
1193 2 2 2 2 452 1840 439
1194 2 2 2 2 1859 1863 291
1195 2 2 2 2 291 1863 295
1196 2 2 2 2 1989 2054 688
1197 2 2 2 2 1020 2086 1321
1198 2 2 2 2 1109 2290 912
1199 2 2 2 2 1193 1582 1192
1200 2 2 2 2 1102 1531 1530
1201 2 2 2 2 1358 2292 1225
1202 2 2 2 2 1678 1679 578
1203 2 2 2 2 1800 1801 366
1204 2 2 2 2 1183 1545 1544
1205 2 2 2 2 2100 2102 2101
1206 2 2 2 2 886 1627 1626
1207 2 2 2 2 1417 1462 1418
1208 2 2 2 2 1631 2084 542
1209 2 2 2 2 1236 1776 957
1210 2 2 2 2 1108 1495 1094
1211 2 2 2 2 926 1735 1670
1212 2 2 2 2 1154 1736 1732
1213 2 2 2 2 1357 1966 1716
1214 2 2 2 2 314 2031 316
1215 2 2 2 2 278 2160 275
1216 2 2 2 2 2160 2162 274
1217 2 2 2 2 329 1884 939
1218 2 2 2 2 1552 1560 1550
1219 2 2 2 2 1678 1680 1679
1220 2 2 2 2 1758 1759 1135
1221 2 2 2 2 1603 2197 1602
1222 2 2 2 2 1417 1418 1383
1223 2 2 2 2 782 2113 891
1224 2 2 2 2 1986 1987 589
1225 2 2 2 2 2100 2101 1199
1226 2 2 2 2 1007 1545 1183
1227 2 2 2 2 1094 1495 1096
1228 2 2 2 2 887 1561 709
1229 2 2 2 2 2250 2262 1358
1230 2 2 2 2 1078 1899 1898
1231 2 2 2 2 312 2282 1542
1232 2 2 2 2 456 2195 1563
1233 2 2 2 2 1684 1685 995
1234 2 2 2 2 251 1583 654
1235 2 2 2 2 670 2153 2101
1236 2 2 2 2 2054 2055 688
1237 2 2 2 2 2053 2055 2054
1238 2 2 2 2 1017 1606 1199
1239 2 2 2 2 1776 1777 1202
1240 2 2 2 2 1119 2144 2143
1241 2 2 2 2 1630 2296 1886
1242 2 2 2 2 1399 1916 1915
1243 2 2 2 2 1490 1492 1488
1244 2 2 2 2 1929 2304 1930
1245 2 2 2 2 654 1583 1582
1246 2 2 2 2 2113 2114 891
1247 2 2 2 2 1661 1749 1312
1248 2 2 2 2 1746 1954 1744
1249 2 2 2 2 1803 1804 1802
1250 2 2 2 2 1611 1612 650
1251 2 2 2 2 875 2254 1028
1252 2 2 2 2 1780 2303 610
1253 2 2 2 2 1207 2142 319
1254 2 2 2 2 386 2164 385
1255 2 2 2 2 1243 2088 1362
1256 2 2 2 2 1108 1492 1490
1257 2 2 2 2 2101 2153 1199
1258 2 2 2 2 722 1709 725
1259 2 2 2 2 1943 2013 949
1260 2 2 2 2 230 1417 1383
1261 2 2 2 2 2098 2296 1628
1262 2 2 2 2 611 1781 610
1263 2 2 2 2 2023 2025 2024
1264 2 2 2 2 277 2024 281
1265 2 2 2 2 1950 1954 1138
1266 2 2 2 2 1504 1875 1505
1267 2 2 2 2 768 1970 1969
1268 2 2 2 2 2023 2091 2025
1269 2 2 2 2 720 1841 726
1270 2 2 2 2 1969 2108 768
1271 2 2 2 2 2286 2287 1292
1272 2 2 2 2 1138 1954 1746
1273 2 2 2 2 778 2113 782
1274 2 2 2 2 1515 1519 1516
1275 2 2 2 2 768 2108 282
1276 2 2 2 2 1582 1664 654
1277 2 2 2 2 1362 2052 2051
1278 2 2 2 2 1864 2010 598
1279 2 2 2 2 264 2055 2053
1280 2 2 2 2 667 2153 670
1281 2 2 2 2 1130 1606 1017
1282 2 2 2 2 992 1492 1108
1283 2 2 2 2 1500 2312 1502
1284 2 2 2 2 1987 2283 852
1285 2 2 2 2 2199 2200 1098
1286 2 2 2 2 1502 1503 1501
1287 2 2 2 2 1611 1613 1612
1288 2 2 2 2 1964 1966 898
1289 2 2 2 2 1582 1583 1581
1290 2 2 2 2 1620 2083 2081
1291 2 2 2 2 1560 1561 1550
1292 2 2 2 2 281 2024 766
1293 2 2 2 2 2185 2257 2184
1294 2 2 2 2 1224 2026 1238
1295 2 2 2 2 276 2024 277
1296 2 2 2 2 1362 2051 2050
1297 2 2 2 2 1970 2250 1969
1298 2 2 2 2 1630 1886 1885
1299 2 2 2 2 2260 2261 1175
1300 2 2 2 2 500 2270 2063
1301 2 2 2 2 264 2053 2046
1302 2 2 2 2 2014 2030 2015
1303 2 2 2 2 1118 1527 1525
1304 2 2 2 2 1418 1419 1383
1305 2 2 2 2 234 1462 1417
1306 2 2 2 2 282 2108 279
1307 2 2 2 2 234 1464 1462
1308 2 2 2 2 2012 2013 2011
1309 2 2 2 2 1946 1947 784
1310 2 2 2 2 1314 1704 1702
1311 2 2 2 2 1825 1972 1324
1312 2 2 2 2 2028 2029 956
1313 2 2 2 2 234 1417 231
1314 2 2 2 2 1246 1851 1174
1315 2 2 2 2 1525 1527 1526
1316 2 2 2 2 1001 1527 1118
1317 2 2 2 2 1458 1460 1459
1318 2 2 2 2 2117 2118 750
1319 2 2 2 2 1147 1704 1314
1320 2 2 2 2 2181 2182 515
1321 2 2 2 2 1867 1870 1528
1322 2 2 2 2 1292 2287 1003
1323 2 2 2 2 383 1843 1842
1324 2 2 2 2 598 2010 2009
1325 2 2 2 2 1418 1420 1419
1326 2 2 2 2 1918 1919 1280
1327 2 2 2 2 1486 2290 1109
1328 2 2 2 2 1947 1948 784
1329 2 2 2 2 2145 2292 872
1330 2 2 2 2 1131 2100 1606
1331 2 2 2 2 1008 2286 1545
1332 2 2 2 2 1471 1700 232
1333 2 2 2 2 1210 2253 2252
1334 2 2 2 2 2117 2119 2118
1335 2 2 2 2 1842 1843 1179
1336 2 2 2 2 712 1734 926
1337 2 2 2 2 1772 1773 595
1338 2 2 2 2 1418 1421 1420
1339 2 2 2 2 268 2049 269
1340 2 2 2 2 1947 1952 1948
1341 2 2 2 2 1948 1949 784
1342 2 2 2 2 886 1628 1627
1343 2 2 2 2 1483 1484 1113
1344 2 2 2 2 1812 1813 1006
1345 2 2 2 2 1771 1772 786
1346 2 2 2 2 2252 2253 1938
1347 2 2 2 2 2119 2120 2118
1348 2 2 2 2 1887 1893 816
1349 2 2 2 2 232 1700 233
1350 2 2 2 2 1421 1422 1420
1351 2 2 2 2 1952 1953 1948
1352 2 2 2 2 1548 1549 1013
1353 2 2 2 2 1628 1629 1627
1354 2 2 2 2 1154 1732 1731
1355 2 2 2 2 1979 1980 1058
1356 2 2 2 2 1856 1859 293
1357 2 2 2 2 1614 1857 1856
1358 2 2 2 2 2224 2226 1342
1359 2 2 2 2 2119 2121 2120
1360 2 2 2 2 1422 1423 1420
1361 2 2 2 2 1549 1550 1013
1362 2 2 2 2 1628 1630 1629
1363 2 2 2 2 1732 1734 1731
1364 2 2 2 2 1979 1981 1980
1365 2 2 2 2 1614 1858 1857
1366 2 2 2 2 2010 2011 2009
1367 2 2 2 2 2119 2122 2121
1368 2 2 2 2 2121 2123 2120
1369 2 2 2 2 235 1464 234
1370 2 2 2 2 2088 2089 893
1371 2 2 2 2 2194 2195 456
1372 2 2 2 2 1422 1424 1423
1373 2 2 2 2 1423 2278 1420
1374 2 2 2 2 1511 1933 748
1375 2 2 2 2 1630 1631 1629
1376 2 2 2 2 1088 1592 1373
1377 2 2 2 2 1549 1551 1550
1378 2 2 2 2 2087 2088 1243
1379 2 2 2 2 1367 1528 1526
1380 2 2 2 2 1981 1982 1980
1381 2 2 2 2 2026 2257 2185
1382 2 2 2 2 1933 1934 845
1383 2 2 2 2 1614 1860 1858
1384 2 2 2 2 749 1933 752
1385 2 2 2 2 1511 1934 1933
1386 2 2 2 2 748 1933 749
1387 2 2 2 2 1238 2026 2025
1388 2 2 2 2 2123 2124 2120
1389 2 2 2 2 1089 1592 1088
1390 2 2 2 2 2122 2131 2121
1391 2 2 2 2 1533 1593 800
1392 2 2 2 2 2111 2113 778
1393 2 2 2 2 1261 1666 1537
1394 2 2 2 2 1518 1538 1299
1395 2 2 2 2 233 1700 236
1396 2 2 2 2 1381 1667 1666
1397 2 2 2 2 920 1538 734
1398 2 2 2 2 1381 1666 1261
1399 2 2 2 2 2024 2025 766
1400 2 2 2 2 1422 1425 1424
1401 2 2 2 2 734 1538 1518
1402 2 2 2 2 920 2249 1538
1403 2 2 2 2 1305 1593 1122
1404 2 2 2 2 1667 1669 1380
1405 2 2 2 2 1122 1593 1533
1406 2 2 2 2 520 1659 296
1407 2 2 2 2 1657 1659 520
1408 2 2 2 2 540 1577 546
1409 2 2 2 2 1630 1885 1631
1410 2 2 2 2 525 1570 1569
1411 2 2 2 2 546 1577 1576
1412 2 2 2 2 1551 1552 1550
1413 2 2 2 2 1666 1667 1380
1414 2 2 2 2 1569 2198 525
1415 2 2 2 2 546 1576 597
1416 2 2 2 2 1981 1984 1982
1417 2 2 2 2 630 1576 1564
1418 2 2 2 2 1663 2198 1569
1419 2 2 2 2 1535 1957 850
1420 2 2 2 2 2022 2023 276
1421 2 2 2 2 788 1597 1594
1422 2 2 2 2 1590 1591 1089
1423 2 2 2 2 1860 1861 1858
1424 2 2 2 2 1130 2259 2162
1425 2 2 2 2 788 1598 1597
1426 2 2 2 2 597 1576 630
1427 2 2 2 2 923 2198 1663
1428 2 2 2 2 512 1675 511
1429 2 2 2 2 1367 1867 1528
1430 2 2 2 2 1598 1599 1597
1431 2 2 2 2 800 1593 1351
1432 2 2 2 2 1671 1675 512
1433 2 2 2 2 2123 2125 2124
1434 2 2 2 2 1620 1621 1618
1435 2 2 2 2 1130 2162 1605
1436 2 2 2 2 1652 1653 1311
1437 2 2 2 2 2106 2163 2042
1438 2 2 2 2 1380 1669 1379
1439 2 2 2 2 1719 1882 529
1440 2 2 2 2 858 1577 540
1441 2 2 2 2 1217 2163 2106
1442 2 2 2 2 450 1624 357
1443 2 2 2 2 1717 1719 529
1444 2 2 2 2 2025 2026 766
1445 2 2 2 2 1425 1426 1424
1446 2 2 2 2 2162 2259 2147
1447 2 2 2 2 1617 1620 1618
1448 2 2 2 2 1618 1624 450
1449 2 2 2 2 2148 2236 2105
1450 2 2 2 2 529 1883 1717
1451 2 2 2 2 1599 1830 1307
1452 2 2 2 2 1597 1599 1307
1453 2 2 2 2 708 1559 704
1454 2 2 2 2 1610 2239 1397
1455 2 2 2 2 1340 2236 2148
1456 2 2 2 2 1717 1883 1322
1457 2 2 2 2 2076 2079 2075
1458 2 2 2 2 71 186 70
1459 2 2 2 2 1984 1985 1982
1460 2 2 2 2 1379 1669 1410
1461 2 2 2 2 511 1675 521
1462 2 2 2 2 1319 1722 1721
1463 2 2 2 2 1981 2285 1984
1464 2 2 2 2 1068 1610 1397
1465 2 2 2 2 69 209 68
1466 2 2 2 2 1599 1831 1830
1467 2 2 2 2 1095 1693 1402
1468 2 2 2 2 1551 1553 1552
1469 2 2 2 2 2023 2024 276
1470 2 2 2 2 2073 2076 2075
1471 2 2 2 2 982 990 980
1472 2 2 2 2 83 194 3
1473 2 2 2 2 467 1752 1699
1474 2 2 2 2 5 200 1
1475 2 2 2 2 122 201 4
1476 2 2 2 2 44 196 2
1477 2 2 2 2 705 2174 707
1478 2 2 2 2 1307 1830 1829
1479 2 2 2 2 1047 1610 1045
1480 2 2 2 2 1045 1610 1068
1481 2 2 2 2 1861 1862 1858
1482 2 2 2 2 379 1599 1598
1483 2 2 2 2 1262 1385 1071
1484 2 2 2 2 2072 2073 2068
1485 2 2 2 2 1045 1068 1044
1486 2 2 2 2 1591 1592 1089
1487 2 2 2 2 1719 1988 1983
1488 2 2 2 2 1212 2230 1224
1489 2 2 2 2 1378 1693 1095
1490 2 2 2 2 752 1933 845
1491 2 2 2 2 23 176 22
1492 2 2 2 2 704 1559 702
1493 2 2 2 2 333 1750 331
1494 2 2 2 2 140 174 139
1495 2 2 2 2 14 222 13
1496 2 2 2 2 1385 1755 1071
1497 2 2 2 2 131 220 130
1498 2 2 2 2 1279 1610 1047
1499 2 2 2 2 909 2073 2072
1500 2 2 2 2 379 1831 1599
1501 2 2 2 2 1107 1496 854
1502 2 2 2 2 53 221 52
1503 2 2 2 2 1061 1755 1279
1504 2 2 2 2 1105 1763 1415
1505 2 2 2 2 1621 1622 1618
1506 2 2 2 2 2125 2126 2124
1507 2 2 2 2 1564 1576 1565
1508 2 2 2 2 1755 1756 1279
1509 2 2 2 2 812 2174 705
1510 2 2 2 2 1275 1479 1064
1511 2 2 2 2 1386 1763 1105
1512 2 2 2 2 888 1012 1011
1513 2 2 2 2 1096 1378 1095
1514 2 2 2 2 1068 1214 1044
1515 2 2 2 2 8 188 7
1516 2 2 2 2 2123 2132 2125
1517 2 2 2 2 909 2076 2073
1518 2 2 2 2 107 172 106
1519 2 2 2 2 238 1464 235
1520 2 2 2 2 101 202 100
1521 2 2 2 2 1076 1077 966
1522 2 2 2 2 1094 1095 1093
1523 2 2 2 2 650 1612 308
1524 2 2 2 2 1071 1755 1061
1525 2 2 2 2 1830 1831 651
1526 2 2 2 2 1064 1479 1111
1527 2 2 2 2 249 1711 247
1528 2 2 2 2 702 864 700
1529 2 2 2 2 1257 1390 1117
1530 2 2 2 2 2026 2185 766
1531 2 2 2 2 1257 1391 1390
1532 2 2 2 2 996 1100 988
1533 2 2 2 2 906 1766 1259
1534 2 2 2 2 1719 1983 1882
1535 2 2 2 2 12 183 11
1536 2 2 2 2 331 338 332
1537 2 2 2 2 331 1750 338
1538 2 2 2 2 1334 1834 1337
1539 2 2 2 2 1337 1834 1833
1540 2 2 2 2 1116 1117 1115
1541 2 2 2 2 881 1798 1177
1542 2 2 2 2 642 1700 1114
1543 2 2 2 2 1387 1388 1077
1544 2 2 2 2 1346 2094 1345
1545 2 2 2 2 451 1468 244
1546 2 2 2 2 1094 1096 1095
1547 2 2 2 2 969 1064 854
1548 2 2 2 2 701 702 700
1549 2 2 2 2 1260 1381 1261
1550 2 2 2 2 808 1937 683
1551 2 2 2 2 129 184 128
1552 2 2 2 2 1259 1881 1392
1553 2 2 2 2 979 981 980
1554 2 2 2 2 1766 1879 1259
1555 2 2 2 2 981 983 982
1556 2 2 2 2 952 1938 1937
1557 2 2 2 2 51 182 50
1558 2 2 2 2 2066 2072 2068
1559 2 2 2 2 1426 1427 1424
1560 2 2 2 2 1043 1045 1044
1561 2 2 2 2 1426 1434 1428
1562 2 2 2 2 854 1496 637
1563 2 2 2 2 1714 1715 638
1564 2 2 2 2 824 1537 1328
1565 2 2 2 2 1042 1043 955
1566 2 2 2 2 599 806 799
1567 2 2 2 2 1268 2177 1281
1568 2 2 2 2 1258 1879 1766
1569 2 2 2 2 10 218 9
1570 2 2 2 2 2016 2017 1976
1571 2 2 2 2 1095 1402 1093
1572 2 2 2 2 1068 1397 1384
1573 2 2 2 2 1043 1046 1045
1574 2 2 2 2 683 1937 1936
1575 2 2 2 2 244 1468 242
1576 2 2 2 2 621 1714 638
1577 2 2 2 2 1268 1281 1267
1578 2 2 2 2 248 249 247
1579 2 2 2 2 1106 1386 1105
1580 2 2 2 2 853 1481 969
1581 2 2 2 2 74 195 73
1582 2 2 2 2 1994 2291 1296
1583 2 2 2 2 954 955 813
1584 2 2 2 2 127 215 126
1585 2 2 2 2 1257 2217 1391
1586 2 2 2 2 1104 1105 1103
1587 2 2 2 2 1822 1967 1151
1588 2 2 2 2 881 1177 1079
1589 2 2 2 2 857 1924 1294
1590 2 2 2 2 96 225 95
1591 2 2 2 2 49 216 48
1592 2 2 2 2 338 339 332
1593 2 2 2 2 853 854 637
1594 2 2 2 2 1751 2230 1212
1595 2 2 2 2 93 181 92
1596 2 2 2 2 20 197 19
1597 2 2 2 2 906 1259 1090
1598 2 2 2 2 91 217 90
1599 2 2 2 2 1104 1106 1105
1600 2 2 2 2 969 1275 1064
1601 2 2 2 2 316 331 315
1602 2 2 2 2 331 332 315
1603 2 2 2 2 1756 2239 1279
1604 2 2 2 2 954 1042 955
1605 2 2 2 2 1121 1531 1066
1606 2 2 2 2 637 1496 624
1607 2 2 2 2 1273 1274 1272
1608 2 2 2 2 642 1113 1054
1609 2 2 2 2 308 1612 302
1610 2 2 2 2 981 982 980
1611 2 2 2 2 1153 1837 680
1612 2 2 2 2 818 1924 857
1613 2 2 2 2 952 1937 808
1614 2 2 2 2 1924 1925 1294
1615 2 2 2 2 137 198 136
1616 2 2 2 2 706 813 812
1617 2 2 2 2 47 187 46
1618 2 2 2 2 996 1915 1100
1619 2 2 2 2 969 1481 1276
1620 2 2 2 2 703 706 705
1621 2 2 2 2 851 853 637
1622 2 2 2 2 563 564 562
1623 2 2 2 2 973 1810 1371
1624 2 2 2 2 479 1035 481
1625 2 2 2 2 250 251 249
1626 2 2 2 2 1067 1122 1121
1627 2 2 2 2 1064 1107 854
1628 2 2 2 2 706 954 813
1629 2 2 2 2 703 704 702
1630 2 2 2 2 683 1936 254
1631 2 2 2 2 125 189 124
1632 2 2 2 2 314 315 313
1633 2 2 2 2 1116 1257 1117
1634 2 2 2 2 1114 1115 1113
1635 2 2 2 2 313 650 308
1636 2 2 2 2 561 563 562
1637 2 2 2 2 120 169 119
1638 2 2 2 2 159 166 158
1639 2 2 2 2 565 1608 590
1640 2 2 2 2 879 966 805
1641 2 2 2 2 1309 1394 1274
1642 2 2 2 2 1063 1846 1372
1643 2 2 2 2 561 562 560
1644 2 2 2 2 1068 1384 1214
1645 2 2 2 2 853 969 854
1646 2 2 2 2 1172 1284 1173
1647 2 2 2 2 248 250 249
1648 2 2 2 2 1075 1076 966
1649 2 2 2 2 88 185 87
1650 2 2 2 2 815 901 814
1651 2 2 2 2 534 535 428
1652 2 2 2 2 2079 2080 2075
1653 2 2 2 2 309 313 308
1654 2 2 2 2 624 1496 625
1655 2 2 2 2 242 1468 1466
1656 2 2 2 2 1046 1047 1045
1657 2 2 2 2 888 1086 1012
1658 2 2 2 2 1170 2232 1172
1659 2 2 2 2 242 1466 240
1660 2 2 2 2 1993 1994 1296
1661 2 2 2 2 994 995 880
1662 2 2 2 2 2016 2018 2017
1663 2 2 2 2 1099 1798 913
1664 2 2 2 2 1215 1219 1216
1665 2 2 2 2 789 791 790
1666 2 2 2 2 103 161 102
1667 2 2 2 2 817 1451 629
1668 2 2 2 2 559 561 560
1669 2 2 2 2 1369 1370 960
1670 2 2 2 2 563 1608 565
1671 2 2 2 2 1621 1623 1622
1672 2 2 2 2 840 906 839
1673 2 2 2 2 815 902 901
1674 2 2 2 2 1105 1415 1103
1675 2 2 2 2 17 180 16
1676 2 2 2 2 559 560 558
1677 2 2 2 2 1061 1279 1047
1678 2 2 2 2 1048 1061 1047
1679 2 2 2 2 547 548 535
1680 2 2 2 2 699 1724 698
1681 2 2 2 2 251 654 249
1682 2 2 2 2 791 1038 790
1683 2 2 2 2 1279 2239 1610
1684 2 2 2 2 534 547 535
1685 2 2 2 2 838 840 839
1686 2 2 2 2 680 1837 388
1687 2 2 2 2 1023 1766 907
1688 2 2 2 2 759 2066 757
1689 2 2 2 2 2073 2074 2068
1690 2 2 2 2 624 625 549
1691 2 2 2 2 134 179 133
1692 2 2 2 2 592 814 591
1693 2 2 2 2 697 699 698
1694 2 2 2 2 571 1742 585
1695 2 2 2 2 569 787 786
1696 2 2 2 2 303 308 302
1697 2 2 2 2 913 1798 882
1698 2 2 2 2 592 815 814
1699 2 2 2 2 814 816 591
1700 2 2 2 2 838 839 837
1701 2 2 2 2 755 2210 753
1702 2 2 2 2 1043 1044 955
1703 2 2 2 2 1272 1409 1196
1704 2 2 2 2 695 697 696
1705 2 2 2 2 636 637 624
1706 2 2 2 2 1076 1387 1077
1707 2 2 2 2 823 881 822
1708 2 2 2 2 457 2229 1751
1709 2 2 2 2 1258 1766 1023
1710 2 2 2 2 1054 1250 1112
1711 2 2 2 2 840 907 906
1712 2 2 2 2 1172 1173 1171
1713 2 2 2 2 1397 1413 1384
1714 2 2 2 2 787 838 837
1715 2 2 2 2 2066 2068 2067
1716 2 2 2 2 494 500 496
1717 2 2 2 2 979 980 978
1718 2 2 2 2 627 1310 824
1719 2 2 2 2 1334 1337 1336
1720 2 2 2 2 806 811 799
1721 2 2 2 2 693 695 694
1722 2 2 2 2 692 1524 322
1723 2 2 2 2 907 1766 906
1724 2 2 2 2 1622 1624 1618
1725 2 2 2 2 759 2072 2066
1726 2 2 2 2 1332 1834 1334
1727 2 2 2 2 821 822 820
1728 2 2 2 2 252 253 251
1729 2 2 2 2 482 483 480
1730 2 2 2 2 1215 1216 998
1731 2 2 2 2 1024 1025 1023
1732 2 2 2 2 491 784 516
1733 2 2 2 2 631 818 817
1734 2 2 2 2 698 1724 701
1735 2 2 2 2 252 365 254
1736 2 2 2 2 841 1215 998
1737 2 2 2 2 1742 1743 585
1738 2 2 2 2 882 1798 881
1739 2 2 2 2 1026 1103 1025
1740 2 2 2 2 1337 1338 1336
1741 2 2 2 2 365 807 683
1742 2 2 2 2 762 1990 821
1743 2 2 2 2 1338 1934 1336
1744 2 2 2 2 572 592 591
1745 2 2 2 2 1314 1670 1315
1746 2 2 2 2 302 455 298
1747 2 2 2 2 250 252 251
1748 2 2 2 2 513 1489 523
1749 2 2 2 2 1368 2256 791
1750 2 2 2 2 789 790 501
1751 2 2 2 2 914 991 913
1752 2 2 2 2 470 1940 472
1753 2 2 2 2 625 1491 549
1754 2 2 2 2 940 1481 853
1755 2 2 2 2 642 1114 1113
1756 2 2 2 2 823 882 881
1757 2 2 2 2 821 823 822
1758 2 2 2 2 979 1055 981
1759 2 2 2 2 591 1742 571
1760 2 2 2 2 758 760 759
1761 2 2 2 2 299 302 298
1762 2 2 2 2 828 964 829
1763 2 2 2 2 760 761 759
1764 2 2 2 2 992 1093 991
1765 2 2 2 2 828 965 964
1766 2 2 2 2 572 591 571
1767 2 2 2 2 813 967 812
1768 2 2 2 2 761 2072 759
1769 2 2 2 2 1022 1023 907
1770 2 2 2 2 762 820 761
1771 2 2 2 2 365 683 254
1772 2 2 2 2 1974 1975 391
1773 2 2 2 2 991 1099 913
1774 2 2 2 2 760 762 761
1775 2 2 2 2 791 2256 1038
1776 2 2 2 2 602 905 648
1777 2 2 2 2 528 858 540
1778 2 2 2 2 1114 1116 1115
1779 2 2 2 2 612 655 613
1780 2 2 2 2 818 857 843
1781 2 2 2 2 482 484 483
1782 2 2 2 2 584 865 627
1783 2 2 2 2 1314 1315 1313
1784 2 2 2 2 396 2175 394
1785 2 2 2 2 754 756 755
1786 2 2 2 2 472 1940 527
1787 2 2 2 2 597 629 628
1788 2 2 2 2 706 812 705
1789 2 2 2 2 56 178 55
1790 2 2 2 2 519 1955 471
1791 2 2 2 2 758 759 757
1792 2 2 2 2 756 758 757
1793 2 2 2 2 621 638 623
1794 2 2 2 2 1123 1124 919
1795 2 2 2 2 1879 1881 1259
1796 2 2 2 2 597 630 629
1797 2 2 2 2 1022 1024 1023
1798 2 2 2 2 697 698 696
1799 2 2 2 2 584 627 626
1800 2 2 2 2 831 963 833
1801 2 2 2 2 618 819 619
1802 2 2 2 2 762 821 820
1803 2 2 2 2 338 361 339
1804 2 2 2 2 547 574 548
1805 2 2 2 2 1411 1412 1377
1806 2 2 2 2 1062 1071 1061
1807 2 2 2 2 807 899 808
1808 2 2 2 2 917 1089 1088
1809 2 2 2 2 639 828 641
1810 2 2 2 2 1216 1226 998
1811 2 2 2 2 972 1898 971
1812 2 2 2 2 1024 1026 1025
1813 2 2 2 2 602 648 603
1814 2 2 2 2 548 941 535
1815 2 2 2 2 549 1491 531
1816 2 2 2 2 701 703 702
1817 2 2 2 2 559 1650 561
1818 2 2 2 2 471 1955 524
1819 2 2 2 2 695 696 694
1820 2 2 2 2 630 631 629
1821 2 2 2 2 912 913 882
1822 2 2 2 2 372 1974 391
1823 2 2 2 2 252 254 253
1824 2 2 2 2 324 1524 337
1825 2 2 2 2 1126 1145 1144
1826 2 2 2 2 969 1276 1275
1827 2 2 2 2 619 1714 621
1828 2 2 2 2 899 1058 951
1829 2 2 2 2 631 855 818
1830 2 2 2 2 1250 1252 1251
1831 2 2 2 2 513 523 507
1832 2 2 2 2 915 1990 762
1833 2 2 2 2 59 214 58
1834 2 2 2 2 424 684 453
1835 2 2 2 2 1124 1126 1125
1836 2 2 2 2 974 1078 972
1837 2 2 2 2 254 1936 255
1838 2 2 2 2 916 960 834
1839 2 2 2 2 574 575 548
1840 2 2 2 2 569 786 550
1841 2 2 2 2 724 727 721
1842 2 2 2 2 1025 1258 1023
1843 2 2 2 2 978 1069 976
1844 2 2 2 2 2125 2127 2126
1845 2 2 2 2 832 1060 830
1846 2 2 2 2 857 917 908
1847 2 2 2 2 807 808 683
1848 2 2 2 2 557 559 558
1849 2 2 2 2 1617 1618 450
1850 2 2 2 2 703 705 704
1851 2 2 2 2 310 1543 317
1852 2 2 2 2 1026 1104 1103
1853 2 2 2 2 294 298 293
1854 2 2 2 2 618 1326 819
1855 2 2 2 2 734 1518 735
1856 2 2 2 2 1177 1374 1079
1857 2 2 2 2 1426 1428 1427
1858 2 2 2 2 631 817 629
1859 2 2 2 2 405 693 430
1860 2 2 2 2 324 337 326
1861 2 2 2 2 756 757 755
1862 2 2 2 2 787 837 836
1863 2 2 2 2 1145 1147 1146
1864 2 2 2 2 851 940 853
1865 2 2 2 2 1032 2305 1365
1866 2 2 2 2 243 244 242
1867 2 2 2 2 1232 1234 1233
1868 2 2 2 2 752 754 753
1869 2 2 2 2 1072 1262 1071
1870 2 2 2 2 1443 1444 1442
1871 2 2 2 2 1085 1380 1379
1872 2 2 2 2 470 471 469
1873 2 2 2 2 1334 1336 1335
1874 2 2 2 2 603 605 604
1875 2 2 2 2 436 928 438
1876 2 2 2 2 449 460 459
1877 2 2 2 2 986 1080 984
1878 2 2 2 2 910 1041 648
1879 2 2 2 2 961 2179 1269
1880 2 2 2 2 322 1524 324
1881 2 2 2 2 1276 1277 1275
1882 2 2 2 2 994 1280 995
1883 2 2 2 2 255 256 253
1884 2 2 2 2 600 601 581
1885 2 2 2 2 1126 1148 1145
1886 2 2 2 2 693 694 430
1887 2 2 2 2 904 971 902
1888 2 2 2 2 1170 1172 1171
1889 2 2 2 2 844 1451 817
1890 2 2 2 2 1038 1175 1174
1891 2 2 2 2 899 951 808
1892 2 2 2 2 1216 1407 1226
1893 2 2 2 2 1147 1314 1313
1894 2 2 2 2 1123 1127 1124
1895 2 2 2 2 1178 1359 1056
1896 2 2 2 2 438 449 448
1897 2 2 2 2 498 789 501
1898 2 2 2 2 715 723 713
1899 2 2 2 2 694 1176 430
1900 2 2 2 2 2006 2007 692
1901 2 2 2 2 320 2006 692
1902 2 2 2 2 807 900 899
1903 2 2 2 2 642 1054 454
1904 2 2 2 2 1147 1313 1312
1905 2 2 2 2 317 330 318
1906 2 2 2 2 449 461 460
1907 2 2 2 2 754 755 753
1908 2 2 2 2 912 914 913
1909 2 2 2 2 818 843 817
1910 2 2 2 2 1440 1443 1442
1911 2 2 2 2 1846 1847 1372
1912 2 2 2 2 1124 1125 919
1913 2 2 2 2 340 346 335
1914 2 2 2 2 819 1714 619
1915 2 2 2 2 531 1489 513
1916 2 2 2 2 246 247 245
1917 2 2 2 2 1114 1700 1471
1918 2 2 2 2 2050 2051 2022
1919 2 2 2 2 310 317 311
1920 2 2 2 2 1234 1354 1233
1921 2 2 2 2 1063 1372 1150
1922 2 2 2 2 1141 1322 1140
1923 2 2 2 2 638 639 623
1924 2 2 2 2 855 1924 818
1925 2 2 2 2 904 972 971
1926 2 2 2 2 807 2039 900
1927 2 2 2 2 1446 1454 1447
1928 2 2 2 2 1021 1022 907
1929 2 2 2 2 693 1154 695
1930 2 2 2 2 306 310 307
1931 2 2 2 2 434 436 435
1932 2 2 2 2 365 2040 2039
1933 2 2 2 2 752 845 754
1934 2 2 2 2 530 584 583
1935 2 2 2 2 252 2040 365
1936 2 2 2 2 1365 1941 1541
1937 2 2 2 2 306 307 305
1938 2 2 2 2 905 1139 1091
1939 2 2 2 2 857 1294 917
1940 2 2 2 2 1180 1235 1181
1941 2 2 2 2 1180 1181 1179
1942 2 2 2 2 914 992 991
1943 2 2 2 2 436 438 437
1944 2 2 2 2 1092 1846 1063
1945 2 2 2 2 262 2042 1353
1946 2 2 2 2 2009 2060 304
1947 2 2 2 2 245 297 244
1948 2 2 2 2 317 1543 686
1949 2 2 2 2 1145 1146 1144
1950 2 2 2 2 1359 1360 1056
1951 2 2 2 2 1845 1846 1092
1952 2 2 2 2 629 1451 628
1953 2 2 2 2 304 305 301
1954 2 2 2 2 861 1807 781
1955 2 2 2 2 1253 1256 1255
1956 2 2 2 2 1126 1144 1125
1957 2 2 2 2 749 752 751
1958 2 2 2 2 1230 1232 1231
1959 2 2 2 2 1553 1554 1552
1960 2 2 2 2 1444 1446 1445
1961 2 2 2 2 1056 1958 810
1962 2 2 2 2 241 242 240
1963 2 2 2 2 702 1559 864
1964 2 2 2 2 1959 1967 1822
1965 2 2 2 2 470 472 471
1966 2 2 2 2 1032 1365 1364
1967 2 2 2 2 531 1491 1489
1968 2 2 2 2 831 833 832
1969 2 2 2 2 248 793 250
1970 2 2 2 2 1276 1497 1277
1971 2 2 2 2 1141 1717 1322
1972 2 2 2 2 277 281 279
1973 2 2 2 2 1359 1964 1360
1974 2 2 2 2 806 2237 876
1975 2 2 2 2 992 1094 1093
1976 2 2 2 2 1196 1845 1092
1977 2 2 2 2 304 306 305
1978 2 2 2 2 684 810 453
1979 2 2 2 2 345 1974 372
1980 2 2 2 2 684 1056 810
1981 2 2 2 2 1175 1535 1246
1982 2 2 2 2 627 824 626
1983 2 2 2 2 1028 1140 1027
1984 2 2 2 2 997 1067 1066
1985 2 2 2 2 835 1296 1295
1986 2 2 2 2 1372 1396 1150
1987 2 2 2 2 828 829 641
1988 2 2 2 2 917 1088 908
1989 2 2 2 2 1147 1312 1146
1990 2 2 2 2 310 311 307
1991 2 2 2 2 1028 1141 1140
1992 2 2 2 2 652 2097 554
1993 2 2 2 2 1937 1938 1327
1994 2 2 2 2 254 255 253
1995 2 2 2 2 571 585 537
1996 2 2 2 2 1289 2217 1257
1997 2 2 2 2 300 301 296
1998 2 2 2 2 317 318 311
1999 2 2 2 2 1250 1251 1112
2000 2 2 2 2 2040 2186 2039
2001 2 2 2 2 1958 1959 810
2002 2 2 2 2 958 1179 690
2003 2 2 2 2 1384 1400 1214
2004 2 2 2 2 397 398 396
2005 2 2 2 2 1409 1845 1196
2006 2 2 2 2 441 1149 509
2007 2 2 2 2 285 287 286
2008 2 2 2 2 760 915 762
2009 2 2 2 2 1936 1937 1327
2010 2 2 2 2 463 470 469
2011 2 2 2 2 255 257 256
2012 2 2 2 2 474 490 466
2013 2 2 2 2 574 576 575
2014 2 2 2 2 390 1837 401
2015 2 2 2 2 837 2179 961
2016 2 2 2 2 481 482 480
2017 2 2 2 2 1524 1525 337
2018 2 2 2 2 633 658 587
2019 2 2 2 2 757 2066 878
2020 2 2 2 2 829 831 830
2021 2 2 2 2 698 701 700
2022 2 2 2 2 1232 1233 1231
2023 2 2 2 2 636 851 637
2024 2 2 2 2 1365 1541 1364
2025 2 2 2 2 561 1650 687
2026 2 2 2 2 281 283 282
2027 2 2 2 2 803 861 781
2028 2 2 2 2 918 919 764
2029 2 2 2 2 803 862 861
2030 2 2 2 2 1038 1174 790
2031 2 2 2 2 283 285 284
2032 2 2 2 2 395 396 394
2033 2 2 2 2 290 293 289
2034 2 2 2 2 471 524 469
2035 2 2 2 2 372 391 378
2036 2 2 2 2 961 962 836
2037 2 2 2 2 876 1085 1084
2038 2 2 2 2 1259 1392 1090
2039 2 2 2 2 911 912 882
2040 2 2 2 2 1228 1230 1229
2041 2 2 2 2 810 1959 1822
2042 2 2 2 2 752 753 751
2043 2 2 2 2 875 1028 1027
2044 2 2 2 2 857 908 843
2045 2 2 2 2 424 453 425
2046 2 2 2 2 576 577 575
2047 2 2 2 2 372 378 377
2048 2 2 2 2 2130 2133 2128
2049 2 2 2 2 1052 1356 1153
2050 2 2 2 2 958 1180 1179
2051 2 2 2 2 365 2039 807
2052 2 2 2 2 554 2097 552
2053 2 2 2 2 472 519 471
2054 2 2 2 2 1048 1062 1061
2055 2 2 2 2 633 659 658
2056 2 2 2 2 297 927 464
2057 2 2 2 2 398 419 418
2058 2 2 2 2 421 443 442
2059 2 2 2 2 681 1626 677
2060 2 2 2 2 351 2084 349
2061 2 2 2 2 300 304 301
2062 2 2 2 2 297 451 244
2063 2 2 2 2 2014 2015 544
2064 2 2 2 2 273 276 275
2065 2 2 2 2 712 713 711
2066 2 2 2 2 390 401 400
2067 2 2 2 2 387 680 388
2068 2 2 2 2 532 569 550
2069 2 2 2 2 281 282 279
2070 2 2 2 2 835 1993 1296
2071 2 2 2 2 461 462 460
2072 2 2 2 2 875 1027 862
2073 2 2 2 2 918 1123 919
2074 2 2 2 2 330 2006 318
2075 2 2 2 2 632 633 587
2076 2 2 2 2 1223 1228 1227
2077 2 2 2 2 1432 1437 1436
2078 2 2 2 2 418 2175 396
2079 2 2 2 2 1046 1048 1047
2080 2 2 2 2 1073 1283 1282
2081 2 2 2 2 287 289 288
2082 2 2 2 2 1252 1253 1251
2083 2 2 2 2 938 1008 1007
2084 2 2 2 2 598 2009 300
2085 2 2 2 2 1128 1794 1563
2086 2 2 2 2 1009 1302 1008
2087 2 2 2 2 916 1030 960
2088 2 2 2 2 295 598 300
2089 2 2 2 2 295 296 292
2090 2 2 2 2 621 623 622
2091 2 2 2 2 1440 1442 1441
2092 2 2 2 2 577 578 575
2093 2 2 2 2 1664 1712 1711
2094 2 2 2 2 684 1178 1056
2095 2 2 2 2 295 300 296
2096 2 2 2 2 392 395 394
2097 2 2 2 2 654 1711 249
2098 2 2 2 2 753 2210 877
2099 2 2 2 2 248 1508 793
2100 2 2 2 2 613 615 614
2101 2 2 2 2 1273 1309 1274
2102 2 2 2 2 1036 1128 1010
2103 2 2 2 2 300 2009 304
2104 2 2 2 2 542 2084 351
2105 2 2 2 2 1437 1438 1436
2106 2 2 2 2 876 2237 1085
2107 2 2 2 2 378 1522 377
2108 2 2 2 2 1974 1976 1975
2109 2 2 2 2 895 2305 1032
2110 2 2 2 2 320 692 322
2111 2 2 2 2 1322 1699 1140
2112 2 2 2 2 1336 1934 1511
2113 2 2 2 2 398 420 419
2114 2 2 2 2 1140 1699 1143
2115 2 2 2 2 735 737 736
2116 2 2 2 2 1230 1231 1229
2117 2 2 2 2 1551 1555 1553
2118 2 2 2 2 580 581 568
2119 2 2 2 2 268 269 267
2120 2 2 2 2 615 617 616
2121 2 2 2 2 1569 1570 1303
2122 2 2 2 2 404 424 423
2123 2 2 2 2 546 597 596
2124 2 2 2 2 938 1007 937
2125 2 2 2 2 367 503 373
2126 2 2 2 2 420 421 419
2127 2 2 2 2 391 392 378
2128 2 2 2 2 1699 1752 1143
2129 2 2 2 2 885 1036 1010
2130 2 2 2 2 361 367 362
2131 2 2 2 2 1198 2103 868
2132 2 2 2 2 796 884 681
2133 2 2 2 2 885 1010 884
2134 2 2 2 2 580 600 581
2135 2 2 2 2 265 266 263
2136 2 2 2 2 678 681 677
2137 2 2 2 2 619 621 620
2138 2 2 2 2 615 616 614
2139 2 2 2 2 502 929 475
2140 2 2 2 2 597 628 596
2141 2 2 2 2 259 260 257
2142 2 2 2 2 246 248 247
2143 2 2 2 2 1314 1702 1670
2144 2 2 2 2 1221 1223 1222
2145 2 2 2 2 840 1021 907
2146 2 2 2 2 387 792 680
2147 2 2 2 2 342 434 347
2148 2 2 2 2 1195 1715 1197
2149 2 2 2 2 792 1052 680
2150 2 2 2 2 894 2305 895
2151 2 2 2 2 1140 1143 1027
2152 2 2 2 2 1122 1533 1121
2153 2 2 2 2 1014 2085 1133
2154 2 2 2 2 1721 1722 555
2155 2 2 2 2 272 273 271
2156 2 2 2 2 336 2014 544
2157 2 2 2 2 421 444 443
2158 2 2 2 2 2104 2161 579
2159 2 2 2 2 881 1079 822
2160 2 2 2 2 735 1518 738
2161 2 2 2 2 388 1837 390
2162 2 2 2 2 367 373 368
2163 2 2 2 2 395 397 396
2164 2 2 2 2 276 277 275
2165 2 2 2 2 579 2161 577
2166 2 2 2 2 543 549 531
2167 2 2 2 2 2127 2128 2126
2168 2 2 2 2 318 2006 320
2169 2 2 2 2 257 1579 256
2170 2 2 2 2 1186 1358 1225
2171 2 2 2 2 283 284 282
2172 2 2 2 2 573 645 594
2173 2 2 2 2 465 466 447
2174 2 2 2 2 263 2042 262
2175 2 2 2 2 796 885 884
2176 2 2 2 2 678 796 681
2177 2 2 2 2 661 662 659
2178 2 2 2 2 951 1363 952
2179 2 2 2 2 970 994 880
2180 2 2 2 2 816 1742 591
2181 2 2 2 2 576 579 577
2182 2 2 2 2 793 2040 250
2183 2 2 2 2 622 896 620
2184 2 2 2 2 588 624 549
2185 2 2 2 2 973 975 974
2186 2 2 2 2 1175 1246 1174
2187 2 2 2 2 886 1626 681
2188 2 2 2 2 258 1327 688
2189 2 2 2 2 312 1543 310
2190 2 2 2 2 285 286 284
2191 2 2 2 2 392 394 393
2192 2 2 2 2 1332 1334 1333
2193 2 2 2 2 905 1091 910
2194 2 2 2 2 1228 1229 1227
2195 2 2 2 2 240 1466 643
2196 2 2 2 2 1128 1563 1142
2197 2 2 2 2 936 938 937
2198 2 2 2 2 277 279 278
2199 2 2 2 2 405 430 406
2200 2 2 2 2 306 2060 312
2201 2 2 2 2 1228 1329 1230
2202 2 2 2 2 822 2196 820
2203 2 2 2 2 904 1810 973
2204 2 2 2 2 1052 1153 680
2205 2 2 2 2 473 474 466
2206 2 2 2 2 577 586 578
2207 2 2 2 2 676 678 677
2208 2 2 2 2 1161 1319 1159
2209 2 2 2 2 906 1090 839
2210 2 2 2 2 433 1557 412
2211 2 2 2 2 735 738 737
2212 2 2 2 2 841 998 842
2213 2 2 2 2 1360 1958 1056
2214 2 2 2 2 1438 1440 1439
2215 2 2 2 2 1356 1357 1153
2216 2 2 2 2 394 2175 685
2217 2 2 2 2 1009 1303 1302
2218 2 2 2 2 380 1831 379
2219 2 2 2 2 961 1269 1097
2220 2 2 2 2 609 611 610
2221 2 2 2 2 586 587 578
2222 2 2 2 2 265 267 266
2223 2 2 2 2 280 1186 1057
2224 2 2 2 2 1030 1369 960
2225 2 2 2 2 377 1522 763
2226 2 2 2 2 572 1848 850
2227 2 2 2 2 506 507 505
2228 2 2 2 2 602 603 601
2229 2 2 2 2 1007 1183 1182
2230 2 2 2 2 1078 1898 972
2231 2 2 2 2 1054 1112 454
2232 2 2 2 2 938 1009 1008
2233 2 2 2 2 823 911 882
2234 2 2 2 2 676 677 675
2235 2 2 2 2 250 2040 252
2236 2 2 2 2 508 513 507
2237 2 2 2 2 446 447 445
2238 2 2 2 2 1718 1719 1717
2239 2 2 2 2 266 2106 2042
2240 2 2 2 2 258 688 259
2241 2 2 2 2 663 2302 662
2242 2 2 2 2 504 505 474
2243 2 2 2 2 1243 1362 1361
2244 2 2 2 2 501 573 499
2245 2 2 2 2 661 663 662
2246 2 2 2 2 707 2174 841
2247 2 2 2 2 1186 1225 1057
2248 2 2 2 2 553 1721 555
2249 2 2 2 2 444 445 443
2250 2 2 2 2 1197 1272 1196
2251 2 2 2 2 1308 2085 1014
2252 2 2 2 2 2015 2018 2016
2253 2 2 2 2 302 1612 455
2254 2 2 2 2 461 463 462
2255 2 2 2 2 269 272 271
2256 2 2 2 2 301 520 296
2257 2 2 2 2 306 312 310
2258 2 2 2 2 660 661 659
2259 2 2 2 2 258 259 257
2260 2 2 2 2 1267 1398 1091
2261 2 2 2 2 1525 1526 337
2262 2 2 2 2 264 265 263
2263 2 2 2 2 800 1351 798
2264 2 2 2 2 563 565 564
2265 2 2 2 2 868 2103 632
2266 2 2 2 2 967 2228 812
2267 2 2 2 2 508 514 513
2268 2 2 2 2 2015 2019 2018
2269 2 2 2 2 894 895 848
2270 2 2 2 2 506 508 507
2271 2 2 2 2 936 937 934
2272 2 2 2 2 265 268 267
2273 2 2 2 2 1037 1239 1036
2274 2 2 2 2 802 803 781
2275 2 2 2 2 732 920 734
2276 2 2 2 2 353 542 351
2277 2 2 2 2 608 609 607
2278 2 2 2 2 336 544 341
2279 2 2 2 2 1005 1298 1297
2280 2 2 2 2 789 1249 791
2281 2 2 2 2 269 271 270
2282 2 2 2 2 262 794 260
2283 2 2 2 2 1050 1221 1220
2284 2 2 2 2 318 320 319
2285 2 2 2 2 959 1243 1242
2286 2 2 2 2 677 1626 856
2287 2 2 2 2 561 687 563
2288 2 2 2 2 273 275 274
2289 2 2 2 2 258 1936 1327
2290 2 2 2 2 1444 1445 1442
2291 2 2 2 2 895 1032 1001
2292 2 2 2 2 605 607 606
2293 2 2 2 2 1032 1364 1033
2294 2 2 2 2 262 1353 794
2295 2 2 2 2 304 2060 306
2296 2 2 2 2 781 1807 776
2297 2 2 2 2 345 372 371
2298 2 2 2 2 647 894 848
2299 2 2 2 2 1014 1133 867
2300 2 2 2 2 540 546 545
2301 2 2 2 2 241 243 242
2302 2 2 2 2 297 464 451
2303 2 2 2 2 317 686 330
2304 2 2 2 2 1223 1227 1222
2305 2 2 2 2 1882 1983 679
2306 2 2 2 2 434 435 347
2307 2 2 2 2 409 651 407
2308 2 2 2 2 266 2042 263
2309 2 2 2 2 538 572 571
2310 2 2 2 2 1212 1224 1053
2311 2 2 2 2 1652 2302 666
2312 2 2 2 2 538 571 537
2313 2 2 2 2 948 1019 1018
2314 2 2 2 2 514 531 513
2315 2 2 2 2 769 770 397
2316 2 2 2 2 269 270 267
2317 2 2 2 2 1031 1212 1053
2318 2 2 2 2 287 290 289
2319 2 2 2 2 2015 2016 544
2320 2 2 2 2 1244 1657 1240
2321 2 2 2 2 472 526 519
2322 2 2 2 2 291 295 292
2323 2 2 2 2 1128 1142 1010
2324 2 2 2 2 674 676 675
2325 2 2 2 2 316 333 331
2326 2 2 2 2 261 263 262
2327 2 2 2 2 735 736 733
2328 2 2 2 2 787 836 786
2329 2 2 2 2 633 660 659
2330 2 2 2 2 691 958 690
2331 2 2 2 2 668 1652 666
2332 2 2 2 2 883 1005 1004
2333 2 2 2 2 586 632 587
2334 2 2 2 2 792 1202 1052
2335 2 2 2 2 281 766 283
2336 2 2 2 2 1007 1182 937
2337 2 2 2 2 410 433 412
2338 2 2 2 2 1320 1594 1306
2339 2 2 2 2 523 1487 507
2340 2 2 2 2 948 1020 1019
2341 2 2 2 2 639 641 640
2342 2 2 2 2 671 674 673
2343 2 2 2 2 350 1727 360
2344 2 2 2 2 384 386 385
2345 2 2 2 2 546 596 545
2346 2 2 2 2 668 1653 1652
2347 2 2 2 2 674 675 673
2348 2 2 2 2 888 1011 887
2349 2 2 2 2 1020 1320 1306
2350 2 2 2 2 488 512 511
2351 2 2 2 2 1347 1349 1348
2352 2 2 2 2 273 274 271
2353 2 2 2 2 632 2103 633
2354 2 2 2 2 1020 1306 1019
2355 2 2 2 2 794 1579 260
2356 2 2 2 2 1306 1597 1307
2357 2 2 2 2 1152 1620 1617
2358 2 2 2 2 573 594 593
2359 2 2 2 2 259 261 260
2360 2 2 2 2 507 1487 505
2361 2 2 2 2 504 506 505
2362 2 2 2 2 398 418 396
2363 2 2 2 2 1209 1785 1049
2364 2 2 2 2 657 1940 470
2365 2 2 2 2 359 450 357
2366 2 2 2 2 831 832 830
2367 2 2 2 2 874 875 862
2368 2 2 2 2 526 537 519
2369 2 2 2 2 1031 1053 892
2370 2 2 2 2 772 1185 770
2371 2 2 2 2 1200 2062 873
2372 2 2 2 2 665 666 663
2373 2 2 2 2 436 437 435
2374 2 2 2 2 438 448 437
2375 2 2 2 2 1362 2050 1361
2376 2 2 2 2 307 767 305
2377 2 2 2 2 279 280 278
2378 2 2 2 2 334 2014 336
2379 2 2 2 2 1079 2196 822
2380 2 2 2 2 255 1936 258
2381 2 2 2 2 1658 1659 1657
2382 2 2 2 2 685 1332 1331
2383 2 2 2 2 594 646 593
2384 2 2 2 2 884 886 681
2385 2 2 2 2 889 892 795
2386 2 2 2 2 267 2105 266
2387 2 2 2 2 1306 1307 1019
2388 2 2 2 2 449 459 448
2389 2 2 2 2 473 504 474
2390 2 2 2 2 1195 1196 1092
2391 2 2 2 2 1040 1198 868
2392 2 2 2 2 698 700 696
2393 2 2 2 2 948 1018 946
2394 2 2 2 2 2105 2106 266
2395 2 2 2 2 666 2302 663
2396 2 2 2 2 778 782 779
2397 2 2 2 2 388 390 389
2398 2 2 2 2 782 889 795
2399 2 2 2 2 374 405 380
2400 2 2 2 2 889 1031 892
2401 2 2 2 2 444 446 445
2402 2 2 2 2 1334 1335 1333
2403 2 2 2 2 427 783 429
2404 2 2 2 2 782 795 779
2405 2 2 2 2 664 665 663
2406 2 2 2 2 460 491 459
2407 2 2 2 2 947 948 946
2408 2 2 2 2 1221 1222 1220
2409 2 2 2 2 239 241 240
2410 2 2 2 2 479 480 478
2411 2 2 2 2 421 442 419
2412 2 2 2 2 685 2175 1332
2413 2 2 2 2 1446 1447 1445
2414 2 2 2 2 951 952 808
2415 2 2 2 2 556 652 554
2416 2 2 2 2 687 1608 563
2417 2 2 2 2 677 856 675
2418 2 2 2 2 1594 1597 1306
2419 2 2 2 2 1243 1361 1242
2420 2 2 2 2 775 778 777
2421 2 2 2 2 445 458 443
2422 2 2 2 2 287 288 286
2423 2 2 2 2 526 538 537
2424 2 2 2 2 285 2184 287
2425 2 2 2 2 592 1957 815
2426 2 2 2 2 806 876 811
2427 2 2 2 2 885 1037 1036
2428 2 2 2 2 671 673 672
2429 2 2 2 2 1743 1744 585
2430 2 2 2 2 255 258 257
2431 2 2 2 2 395 769 397
2432 2 2 2 2 1244 1658 1657
2433 2 2 2 2 465 473 466
2434 2 2 2 2 935 944 943
2435 2 2 2 2 309 314 313
2436 2 2 2 2 243 245 244
2437 2 2 2 2 1134 1308 1014
2438 2 2 2 2 579 2178 2104
2439 2 2 2 2 577 2161 586
2440 2 2 2 2 280 1057 890
2441 2 2 2 2 945 947 946
2442 2 2 2 2 716 765 718
2443 2 2 2 2 944 949 945
2444 2 2 2 2 1213 1751 1212
2445 2 2 2 2 670 671 669
2446 2 2 2 2 261 262 260
2447 2 2 2 2 1354 2255 1233
2448 2 2 2 2 1139 1268 1267
2449 2 2 2 2 1249 1368 791
2450 2 2 2 2 1307 1829 1019
2451 2 2 2 2 371 1838 344
2452 2 2 2 2 903 904 902
2453 2 2 2 2 924 1014 867
2454 2 2 2 2 763 883 764
2455 2 2 2 2 348 1727 350
2456 2 2 2 2 565 566 564
2457 2 2 2 2 61 175 60
2458 2 2 2 2 678 872 796
2459 2 2 2 2 1183 1184 1182
2460 2 2 2 2 314 316 315
2461 2 2 2 2 1017 1199 682
2462 2 2 2 2 431 1838 371
2463 2 2 2 2 778 779 777
2464 2 2 2 2 1019 1829 1018
2465 2 2 2 2 1020 1321 1320
2466 2 2 2 2 446 465 447
2467 2 2 2 2 661 664 663
2468 2 2 2 2 1428 1430 1429
2469 2 2 2 2 528 540 539
2470 2 2 2 2 780 781 776
2471 2 2 2 2 401 402 400
2472 2 2 2 2 377 763 431
2473 2 2 2 2 289 291 288
2474 2 2 2 2 98 177 97
2475 2 2 2 2 664 682 665
2476 2 2 2 2 883 918 764
2477 2 2 2 2 239 644 241
2478 2 2 2 2 803 874 862
2479 2 2 2 2 1432 1436 1435
2480 2 2 2 2 674 871 676
2481 2 2 2 2 270 2148 2105
2482 2 2 2 2 842 888 887
2483 2 2 2 2 260 1579 257
2484 2 2 2 2 284 768 282
2485 2 2 2 2 738 740 739
2486 2 2 2 2 372 377 371
2487 2 2 2 2 1040 1217 1198
2488 2 2 2 2 567 568 566
2489 2 2 2 2 547 2197 574
2490 2 2 2 2 582 1650 559
2491 2 2 2 2 621 622 620
2492 2 2 2 2 986 1912 1080
2493 2 2 2 2 1005 1297 1004
2494 2 2 2 2 776 1807 774
2495 2 2 2 2 284 2264 768
2496 2 2 2 2 647 847 646
2497 2 2 2 2 1037 1240 1239
2498 2 2 2 2 963 1993 833
2499 2 2 2 2 667 668 666
2500 2 2 2 2 1031 1213 1212
2501 2 2 2 2 1430 1432 1431
2502 2 2 2 2 286 2264 284
2503 2 2 2 2 944 945 943
2504 2 2 2 2 622 898 896
2505 2 2 2 2 2127 2130 2128
2506 2 2 2 2 594 647 646
2507 2 2 2 2 1141 1718 1717
2508 2 2 2 2 109 204 108
2509 2 2 2 2 1194 1347 1346
2510 2 2 2 2 932 936 934
2511 2 2 2 2 476 502 475
2512 2 2 2 2 1057 1131 890
2513 2 2 2 2 1224 1238 1053
2514 2 2 2 2 665 667 666
2515 2 2 2 2 810 1822 453
2516 2 2 2 2 432 690 375
2517 2 2 2 2 883 1004 918
2518 2 2 2 2 504 1883 529
2519 2 2 2 2 338 925 361
2520 2 2 2 2 1205 1682 1343
2521 2 2 2 2 1332 1333 1331
2522 2 2 2 2 538 1978 1848
2523 2 2 2 2 671 672 669
2524 2 2 2 2 1347 1348 1346
2525 2 2 2 2 820 909 761
2526 2 2 2 2 667 670 669
2527 2 2 2 2 931 1324 929
2528 2 2 2 2 67 173 66
2529 2 2 2 2 763 764 431
2530 2 2 2 2 2147 2148 270
2531 2 2 2 2 261 264 263
2532 2 2 2 2 1336 1511 1335
2533 2 2 2 2 878 2210 755
2534 2 2 2 2 463 469 462
2535 2 2 2 2 424 425 423
2536 2 2 2 2 1304 1569 1303
2537 2 2 2 2 586 2161 656
2538 2 2 2 2 667 669 668
2539 2 2 2 2 573 593 499
2540 2 2 2 2 496 497 495
2541 2 2 2 2 1440 1441 1439
2542 2 2 2 2 895 1000 848
2543 2 2 2 2 705 707 704
2544 2 2 2 2 866 924 867
2545 2 2 2 2 673 866 672
2546 2 2 2 2 866 867 672
2547 2 2 2 2 1187 2104 1189
2548 2 2 2 2 946 1827 943
2549 2 2 2 2 847 1002 849
2550 2 2 2 2 290 294 293
2551 2 2 2 2 538 1848 572
2552 2 2 2 2 521 528 522
2553 2 2 2 2 769 771 770
2554 2 2 2 2 1612 1613 455
2555 2 2 2 2 463 657 470
2556 2 2 2 2 895 1001 1000
2557 2 2 2 2 1002 1291 1003
2558 2 2 2 2 511 521 515
2559 2 2 2 2 1197 1273 1272
2560 2 2 2 2 376 381 370
2561 2 2 2 2 656 2161 1187
2562 2 2 2 2 656 868 632
2563 2 2 2 2 1170 1171 1169
2564 2 2 2 2 270 2105 267
2565 2 2 2 2 1040 2163 1217
2566 2 2 2 2 348 349 343
2567 2 2 2 2 1123 2249 1127
2568 2 2 2 2 361 362 339
2569 2 2 2 2 1139 1267 1091
2570 2 2 2 2 277 278 275
2571 2 2 2 2 924 1134 1014
2572 2 2 2 2 464 488 468
2573 2 2 2 2 320 322 321
2574 2 2 2 2 612 801 655
2575 2 2 2 2 496 498 497
2576 2 2 2 2 416 441 439
2577 2 2 2 2 1394 1395 1274
2578 2 2 2 2 1118 1119 1000
2579 2 2 2 2 958 1208 1180
2580 2 2 2 2 870 1017 682
2581 2 2 2 2 1172 2232 1285
2582 2 2 2 2 488 511 489
2583 2 2 2 2 376 382 381
2584 2 2 2 2 782 891 889
2585 2 2 2 2 392 393 378
2586 2 2 2 2 1039 1040 868
2587 2 2 2 2 326 328 327
2588 2 2 2 2 945 946 943
2589 2 2 2 2 574 653 576
2590 2 2 2 2 271 2147 270
2591 2 2 2 2 749 751 750
2592 2 2 2 2 318 319 311
2593 2 2 2 2 892 893 795
2594 2 2 2 2 1392 2238 1090
2595 2 2 2 2 1090 2238 2179
2596 2 2 2 2 802 2062 803
2597 2 2 2 2 1297 1299 1004
2598 2 2 2 2 1032 1033 1001
2599 2 2 2 2 324 326 325
2600 2 2 2 2 508 1882 679
2601 2 2 2 2 829 830 641
2602 2 2 2 2 1051 1130 1017
2603 2 2 2 2 1554 1558 1552
2604 2 2 2 2 291 292 288
2605 2 2 2 2 567 580 568
2606 2 2 2 2 526 1978 538
2607 2 2 2 2 780 802 781
2608 2 2 2 2 837 961 836
2609 2 2 2 2 647 848 847
2610 2 2 2 2 303 309 308
2611 2 2 2 2 1245 1248 1200
2612 2 2 2 2 322 324 323
2613 2 2 2 2 1152 1617 1316
2614 2 2 2 2 936 1761 938
2615 2 2 2 2 1350 1674 1672
2616 2 2 2 2 1613 1614 455
2617 2 2 2 2 246 1508 248
2618 2 2 2 2 586 656 632
2619 2 2 2 2 775 777 776
2620 2 2 2 2 1064 1111 1107
2621 2 2 2 2 1942 2163 1040
2622 2 2 2 2 872 2107 796
2623 2 2 2 2 873 2062 802
2624 2 2 2 2 240 643 238
2625 2 2 2 2 943 1827 942
2626 2 2 2 2 847 849 646
2627 2 2 2 2 595 1721 553
2628 2 2 2 2 341 345 344
2629 2 2 2 2 1438 1439 1436
2630 2 2 2 2 1131 1605 890
2631 2 2 2 2 1201 1209 1049
2632 2 2 2 2 930 931 929
2633 2 2 2 2 394 685 393
2634 2 2 2 2 1194 2172 1347
2635 2 2 2 2 1227 1355 1222
2636 2 2 2 2 540 545 539
2637 2 2 2 2 1152 1316 1134
2638 2 2 2 2 664 870 682
2639 2 2 2 2 973 974 972
2640 2 2 2 2 280 890 278
2641 2 2 2 2 555 1722 557
2642 2 2 2 2 905 910 648
2643 2 2 2 2 993 1342 827
2644 2 2 2 2 959 1242 1059
2645 2 2 2 2 1428 1429 1427
2646 2 2 2 2 1067 1121 1066
2647 2 2 2 2 1168 1169 1167
2648 2 2 2 2 773 775 774
2649 2 2 2 2 1187 2161 2104
2650 2 2 2 2 1241 1244 1240
2651 2 2 2 2 903 1810 904
2652 2 2 2 2 656 1039 868
2653 2 2 2 2 633 2103 660
2654 2 2 2 2 771 863 773
2655 2 2 2 2 860 1203 1016
2656 2 2 2 2 1018 1827 946
2657 2 2 2 2 924 1152 1134
2658 2 2 2 2 347 348 343
2659 2 2 2 2 1059 1200 873
2660 2 2 2 2 1752 1754 1753
2661 2 2 2 2 910 1070 1041
2662 2 2 2 2 508 679 514
2663 2 2 2 2 1718 1988 1719
2664 2 2 2 2 783 1151 922
2665 2 2 2 2 274 2147 271
2666 2 2 2 2 779 2159 777
2667 2 2 2 2 1191 1192 1190
2668 2 2 2 2 498 499 497
2669 2 2 2 2 2104 2172 1189
2670 2 2 2 2 1050 1220 1201
2671 2 2 2 2 737 2141 826
2672 2 2 2 2 362 1598 788
2673 2 2 2 2 1166 1167 1165
2674 2 2 2 2 584 626 583
2675 2 2 2 2 804 959 873
2676 2 2 2 2 294 299 298
2677 2 2 2 2 1364 1366 1033
2678 2 2 2 2 935 943 942
2679 2 2 2 2 1039 1942 1040
2680 2 2 2 2 1001 1118 1000
2681 2 2 2 2 1088 1373 1101
2682 2 2 2 2 590 1587 567
2683 2 2 2 2 771 772 770
2684 2 2 2 2 953 1050 1049
2685 2 2 2 2 975 977 976
2686 2 2 2 2 399 860 859
2687 2 2 2 2 506 1882 508
2688 2 2 2 2 656 1187 1039
2689 2 2 2 2 1189 1190 1188
2690 2 2 2 2 771 773 772
2691 2 2 2 2 1015 1132 859
2692 2 2 2 2 1009 1304 1303
2693 2 2 2 2 299 303 302
2694 2 2 2 2 581 897 568
2695 2 2 2 2 780 2159 804
2696 2 2 2 2 1187 1188 1039
2697 2 2 2 2 1187 1189 1188
2698 2 2 2 2 390 400 399
2699 2 2 2 2 712 714 713
2700 2 2 2 2 870 1051 1017
2701 2 2 2 2 860 1016 1015
2702 2 2 2 2 473 1883 504
2703 2 2 2 2 1051 2259 1130
2704 2 2 2 2 997 1066 1065
2705 2 2 2 2 1244 1970 1658
2706 2 2 2 2 567 1587 580
2707 2 2 2 2 739 2141 737
2708 2 2 2 2 1189 1191 1190
2709 2 2 2 2 815 1957 903
2710 2 2 2 2 1194 1346 1345
2711 2 2 2 2 1454 1455 1447
2712 2 2 2 2 399 859 389
2713 2 2 2 2 1203 1205 1204
2714 2 2 2 2 849 1573 646
2715 2 2 2 2 441 509 452
2716 2 2 2 2 565 567 566
2717 2 2 2 2 31 206 30
2718 2 2 2 2 148 207 147
2719 2 2 2 2 243 246 245
2720 2 2 2 2 780 804 802
2721 2 2 2 2 390 399 389
2722 2 2 2 2 1002 1003 849
2723 2 2 2 2 860 1015 859
2724 2 2 2 2 1339 2169 1340
2725 2 2 2 2 757 878 755
2726 2 2 2 2 646 1573 593
2727 2 2 2 2 870 1339 1051
2728 2 2 2 2 1059 1245 1200
2729 2 2 2 2 769 2056 771
2730 2 2 2 2 1349 1604 1350
2731 2 2 2 2 1191 1193 1192
2732 2 2 2 2 287 2184 290
2733 2 2 2 2 1194 1345 1193
2734 2 2 2 2 1253 1255 1254
2735 2 2 2 2 528 539 522
2736 2 2 2 2 874 1210 875
2737 2 2 2 2 1016 1311 1015
2738 2 2 2 2 1081 1082 811
2739 2 2 2 2 1085 1379 1084
2740 2 2 2 2 1345 1712 1664
2741 2 2 2 2 719 809 717
2742 2 2 2 2 904 973 972
2743 2 2 2 2 738 739 737
2744 2 2 2 2 1345 1664 1193
2745 2 2 2 2 1203 1204 1016
2746 2 2 2 2 1752 1753 1143
2747 2 2 2 2 2169 2236 1340
2748 2 2 2 2 484 797 486
2749 2 2 2 2 1565 1566 1301
2750 2 2 2 2 405 406 380
2751 2 2 2 2 741 744 743
2752 2 2 2 2 740 741 739
2753 2 2 2 2 1375 2196 1079
2754 2 2 2 2 1339 1340 1051
2755 2 2 2 2 367 368 362
2756 2 2 2 2 714 715 713
2757 2 2 2 2 432 691 690
2758 2 2 2 2 384 385 382
2759 2 2 2 2 639 640 623
2760 2 2 2 2 775 776 774
2761 2 2 2 2 1205 1343 1323
2762 2 2 2 2 572 850 592
2763 2 2 2 2 557 582 559
2764 2 2 2 2 730 805 728
2765 2 2 2 2 1188 1942 1039
2766 2 2 2 2 1024 1746 1026
2767 2 2 2 2 1241 2250 1244
2768 2 2 2 2 336 341 340
2769 2 2 2 2 1003 1034 849
2770 2 2 2 2 404 423 422
2771 2 2 2 2 402 404 403
2772 2 2 2 2 1347 2178 1349
2773 2 2 2 2 1037 1241 1240
2774 2 2 2 2 1205 1323 1204
2775 2 2 2 2 1164 1165 1163
2776 2 2 2 2 820 2196 909
2777 2 2 2 2 804 873 802
2778 2 2 2 2 393 1522 378
2779 2 2 2 2 580 785 600
2780 2 2 2 2 777 780 776
2781 2 2 2 2 464 468 451
2782 2 2 2 2 616 957 614
2783 2 2 2 2 1291 1292 1003
2784 2 2 2 2 1191 1194 1193
2785 2 2 2 2 1220 2004 1201
2786 2 2 2 2 320 321 319
2787 2 2 2 2 773 774 772
2788 2 2 2 2 707 841 709
2789 2 2 2 2 825 2136 743
2790 2 2 2 2 1430 1431 1429
2791 2 2 2 2 938 1761 1009
2792 2 2 2 2 509 530 510
2793 2 2 2 2 377 431 371
2794 2 2 2 2 1087 1288 1260
2795 2 2 2 2 628 1452 596
2796 2 2 2 2 1189 2172 1191
2797 2 2 2 2 953 1049 691
2798 2 2 2 2 521 522 515
2799 2 2 2 2 439 440 417
2800 2 2 2 2 1144 1325 1125
2801 2 2 2 2 498 501 499
2802 2 2 2 2 743 2136 742
2803 2 2 2 2 404 422 403
2804 2 2 2 2 441 452 439
2805 2 2 2 2 616 1236 957
2806 2 2 2 2 1244 2250 1970
2807 2 2 2 2 329 939 327
2808 2 2 2 2 1288 2248 2247
2809 2 2 2 2 989 997 996
2810 2 2 2 2 477 478 476
2811 2 2 2 2 1672 1675 1671
2812 2 2 2 2 959 1059 873
2813 2 2 2 2 777 2159 780
2814 2 2 2 2 1037 2107 1241
2815 2 2 2 2 511 515 489
2816 2 2 2 2 328 329 327
2817 2 2 2 2 530 583 541
2818 2 2 2 2 1049 1785 691
2819 2 2 2 2 415 1972 413
2820 2 2 2 2 968 1074 1073
2821 2 2 2 2 429 534 428
2822 2 2 2 2 425 427 426
2823 2 2 2 2 741 743 742
2824 2 2 2 2 488 489 468
2825 2 2 2 2 1269 1286 1097
2826 2 2 2 2 373 374 368
2827 2 2 2 2 2104 2178 2172
2828 2 2 2 2 1201 2004 2002
2829 2 2 2 2 1086 1087 1012
2830 2 2 2 2 1373 1405 1403
2831 2 2 2 2 328 342 329
2832 2 2 2 2 771 2056 863
2833 2 2 2 2 815 903 902
2834 2 2 2 2 1432 1435 1431
2835 2 2 2 2 1349 1350 1348
2836 2 2 2 2 342 343 329
2837 2 2 2 2 753 877 751
2838 2 2 2 2 341 344 340
2839 2 2 2 2 427 428 426
2840 2 2 2 2 350 351 349
2841 2 2 2 2 427 429 428
2842 2 2 2 2 1350 1671 1348
2843 2 2 2 2 1576 1577 1565
2844 2 2 2 2 1340 2259 1051
2845 2 2 2 2 485 923 483
2846 2 2 2 2 885 2107 1037
2847 2 2 2 2 605 608 607
2848 2 2 2 2 691 1785 958
2849 2 2 2 2 1366 1867 1367
2850 2 2 2 2 1604 1674 1350
2851 2 2 2 2 1366 1367 1033
2852 2 2 2 2 1201 2002 1209
2853 2 2 2 2 111 192 110
2854 2 2 2 2 388 389 386
2855 2 2 2 2 342 347 343
2856 2 2 2 2 922 1247 1129
2857 2 2 2 2 746 748 747
2858 2 2 2 2 1350 1672 1671
2859 2 2 2 2 363 364 359
2860 2 2 2 2 1162 1163 1161
2861 2 2 2 2 685 1331 1330
2862 2 2 2 2 1442 2032 1441
2863 2 2 2 2 326 327 325
2864 2 2 2 2 803 2062 874
2865 2 2 2 2 588 636 624
2866 2 2 2 2 1172 1285 1284
2867 2 2 2 2 362 788 339
2868 2 2 2 2 236 1700 642
2869 2 2 2 2 354 355 353
2870 2 2 2 2 930 932 931
2871 2 2 2 2 358 359 357
2872 2 2 2 2 514 543 531
2873 2 2 2 2 432 953 691
2874 2 2 2 2 793 2186 2040
2875 2 2 2 2 729 732 731
2876 2 2 2 2 1191 2172 1194
2877 2 2 2 2 987 989 988
2878 2 2 2 2 408 409 407
2879 2 2 2 2 796 2107 885
2880 2 2 2 2 734 735 733
2881 2 2 2 2 2066 2067 878
2882 2 2 2 2 345 371 344
2883 2 2 2 2 356 357 355
2884 2 2 2 2 1062 1072 1071
2885 2 2 2 2 354 1799 356
2886 2 2 2 2 1304 1663 1569
2887 2 2 2 2 324 325 323
2888 2 2 2 2 410 411 409
2889 2 2 2 2 599 798 541
2890 2 2 2 2 402 403 400
2891 2 2 2 2 425 426 423
2892 2 2 2 2 833 835 834
2893 2 2 2 2 613 614 611
2894 2 2 2 2 322 323 321
2895 2 2 2 2 935 942 933
2896 2 2 2 2 543 588 549
2897 2 2 2 2 510 1352 452
2898 2 2 2 2 491 516 492
2899 2 2 2 2 334 336 335
2900 2 2 2 2 792 1774 1202
2901 2 2 2 2 1168 1170 1169
2902 2 2 2 2 697 710 699
2903 2 2 2 2 557 558 556
2904 2 2 2 2 603 604 601
2905 2 2 2 2 369 370 364
2906 2 2 2 2 419 1833 418
2907 2 2 2 2 352 353 351
2908 2 2 2 2 1050 1201 1049
2909 2 2 2 2 826 827 736
2910 2 2 2 2 350 360 352
2911 2 2 2 2 1034 1573 849
2912 2 2 2 2 527 2309 1978
2913 2 2 2 2 565 590 567
2914 2 2 2 2 1009 1761 1304
2915 2 2 2 2 1195 1197 1196
2916 2 2 2 2 1407 2215 1226
2917 2 2 2 2 246 1510 1508
2918 2 2 2 2 744 746 745
2919 2 2 2 2 539 570 522
2920 2 2 2 2 1111 1477 1107
2921 2 2 2 2 737 826 736
2922 2 2 2 2 2136 2137 742
2923 2 2 2 2 489 536 468
2924 2 2 2 2 619 620 617
2925 2 2 2 2 369 432 375
2926 2 2 2 2 1166 1168 1167
2927 2 2 2 2 375 376 370
2928 2 2 2 2 412 413 411
2929 2 2 2 2 973 1371 975
2930 2 2 2 2 574 2197 653
2931 2 2 2 2 150 193 149
2932 2 2 2 2 356 366 358
2933 2 2 2 2 416 417 415
2934 2 2 2 2 33 191 32
2935 2 2 2 2 934 935 933
2936 2 2 2 2 555 556 554
2937 2 2 2 2 876 1084 1081
2938 2 2 2 2 932 934 933
2939 2 2 2 2 406 407 380
2940 2 2 2 2 414 415 413
2941 2 2 2 2 975 976 974
2942 2 2 2 2 494 495 493
2943 2 2 2 2 336 340 335
2944 2 2 2 2 710 712 711
2945 2 2 2 2 839 2179 837
2946 2 2 2 2 374 380 379
2947 2 2 2 2 491 492 459
2948 2 2 2 2 741 742 739
2949 2 2 2 2 2192 2193 1433
2950 2 2 2 2 325 456 323
2951 2 2 2 2 1160 1161 1159
2952 2 2 2 2 290 950 294
2953 2 2 2 2 799 800 798
2954 2 2 2 2 909 2196 2076
2955 2 2 2 2 685 1330 393
2956 2 2 2 2 1066 1102 1065
2957 2 2 2 2 348 350 349
2958 2 2 2 2 1164 1166 1165
2959 2 2 2 2 481 518 482
2960 2 2 2 2 1374 1375 1079
2961 2 2 2 2 1435 2189 1449
2962 2 2 2 2 374 379 368
2963 2 2 2 2 321 1207 319
2964 2 2 2 2 509 510 452
2965 2 2 2 2 983 1029 985
2966 2 2 2 2 909 2072 761
2967 2 2 2 2 553 554 552
2968 2 2 2 2 841 842 709
2969 2 2 2 2 958 1785 1208
2970 2 2 2 2 502 930 929
2971 2 2 2 2 1088 1101 908
2972 2 2 2 2 744 846 746
2973 2 2 2 2 406 408 407
2974 2 2 2 2 824 1328 626
2975 2 2 2 2 1253 1254 1251
2976 2 2 2 2 448 869 437
2977 2 2 2 2 479 481 480
2978 2 2 2 2 826 968 827
2979 2 2 2 2 534 649 547
2980 2 2 2 2 516 532 517
2981 2 2 2 2 732 734 733
2982 2 2 2 2 643 1464 238
2983 2 2 2 2 749 750 747
2984 2 2 2 2 243 1510 246
2985 2 2 2 2 600 602 601
2986 2 2 2 2 1158 1159 1157
2987 2 2 2 2 850 1957 592
2988 2 2 2 2 530 541 510
2989 2 2 2 2 1435 1449 1431
2990 2 2 2 2 833 834 832
2991 2 2 2 2 494 496 495
2992 2 2 2 2 369 375 370
2993 2 2 2 2 745 825 743
2994 2 2 2 2 618 619 617
2995 2 2 2 2 843 844 817
2996 2 2 2 2 352 354 353
2997 2 2 2 2 1162 1164 1163
2998 2 2 2 2 294 2229 299
2999 2 2 2 2 1296 1590 1295
3000 2 2 2 2 368 1598 362
3001 2 2 2 2 551 595 553
3002 2 2 2 2 532 550 533
3003 2 2 2 2 555 557 556
3004 2 2 2 2 358 363 359
3005 2 2 2 2 744 745 743
3006 2 2 2 2 583 599 541
3007 2 2 2 2 350 352 351
3008 2 2 2 2 363 369 364
3009 2 2 2 2 615 618 617
3010 2 2 2 2 968 993 827
3011 2 2 2 2 879 1075 966
3012 2 2 2 2 1441 1448 1439
3013 2 2 2 2 876 1081 811
3014 2 2 2 2 1449 2191 1431
3015 2 2 2 2 442 1833 419
3016 2 2 2 2 2172 2178 1347
3017 2 2 2 2 835 1295 916
3018 2 2 2 2 553 555 554
3019 2 2 2 2 1168 1393 1170
3020 2 2 2 2 551 552 533
3021 2 2 2 2 290 2184 950
3022 2 2 2 2 354 356 355
3023 2 2 2 2 408 410 409
3024 2 2 2 2 1251 1540 1112
3025 2 2 2 2 997 1065 996
3026 2 2 2 2 983 984 982
3027 2 2 2 2 239 240 238
3028 2 2 2 2 606 1318 604
3029 2 2 2 2 1100 1912 988
3030 2 2 2 2 356 1799 366
3031 2 2 2 2 334 335 333
3032 2 2 2 2 502 1135 930
3033 2 2 2 2 383 384 382
3034 2 2 2 2 1445 2032 1442
3035 2 2 2 2 977 979 978
3036 2 2 2 2 1073 2134 1283
3037 2 2 2 2 985 987 986
3038 2 2 2 2 1160 1162 1161
3039 2 2 2 2 356 358 357
3040 2 2 2 2 1164 1287 1166
3041 2 2 2 2 748 749 747
3042 2 2 2 2 1833 1834 418
3043 2 2 2 2 527 1978 526
3044 2 2 2 2 983 985 984
3045 2 2 2 2 472 527 526
3046 2 2 2 2 299 457 303
3047 2 2 2 2 516 517 492
3048 2 2 2 2 309 956 314
3049 2 2 2 2 551 553 552
3050 2 2 2 2 1288 2247 1260
3051 2 2 2 2 1379 1410 1401
3052 2 2 2 2 1156 1157 1155
3053 2 2 2 2 2067 2069 878
3054 2 2 2 2 1160 1271 1162
3055 2 2 2 2 1066 1531 1102
3056 2 2 2 2 1448 2188 1439
3057 2 2 2 2 338 1750 925
3058 2 2 2 2 504 529 506
3059 2 2 2 2 410 412 411
3060 2 2 2 2 481 2150 518
3061 2 2 2 2 950 2229 294
3062 2 2 2 2 1379 1401 1084
3063 2 2 2 2 729 731 730
3064 2 2 2 2 1102 1408 1399
3065 2 2 2 2 1158 1160 1159
3066 2 2 2 2 1076 1389 1387
3067 2 2 2 2 2184 2257 950
3068 2 2 2 2 1564 1565 1301
3069 2 2 2 2 932 933 931
3070 2 2 2 2 412 1557 414
3071 2 2 2 2 387 388 386
3072 2 2 2 2 1083 1293 1082
3073 2 2 2 2 550 551 533
3074 2 2 2 2 1300 1564 1301
3075 2 2 2 2 746 747 745
3076 2 2 2 2 1834 2175 418
3077 2 2 2 2 580 1587 785
3078 2 2 2 2 968 1073 993
3079 2 2 2 2 1393 2232 1170
3080 2 2 2 2 532 533 517
3081 2 2 2 2 376 383 382
3082 2 2 2 2 732 733 731
3083 2 2 2 2 835 916 834
3084 2 2 2 2 1373 1403 1101
3085 2 2 2 2 1102 1399 1065
3086 2 2 2 2 989 996 988
3087 2 2 2 2 1156 1270 1158
3088 2 2 2 2 529 1882 506
3089 2 2 2 2 1332 2175 1834
3090 2 2 2 2 1375 2079 2076
3091 2 2 2 2 1296 2291 1590
3092 2 2 2 2 730 879 805
3093 2 2 2 2 911 1110 1109
3094 2 2 2 2 145 170 144
3095 2 2 2 2 28 171 27
3096 2 2 2 2 1249 2269 1368
3097 2 2 2 2 1098 1155 962
3098 2 2 2 2 987 988 986
3099 2 2 2 2 1073 1282 993
3100 2 2 2 2 1087 1120 1012
3101 2 2 2 2 157 223 156
3102 2 2 2 2 783 922 921
3103 2 2 2 2 412 414 413
3104 2 2 2 2 1217 2169 1198
3105 2 2 2 2 644 1510 241
3106 2 2 2 2 379 1598 368
3107 2 2 2 2 384 387 386
3108 2 2 2 2 1156 1158 1157
3109 2 2 2 2 833 1993 835
3110 2 2 2 2 1129 1300 1211
3111 2 2 2 2 911 1109 912
3112 2 2 2 2 241 1510 243
3113 2 2 2 2 316 334 333
3114 2 2 2 2 1431 2191 1429
3115 2 2 2 2 1300 1301 1211
3116 2 2 2 2 414 416 415
3117 2 2 2 2 1074 2134 1073
3118 2 2 2 2 720 726 722
3119 2 2 2 2 1138 1746 1024
3120 2 2 2 2 712 926 714
3121 2 2 2 2 636 852 851
3122 2 2 2 2 299 2229 457
3123 2 2 2 2 1087 1260 1120
3124 2 2 2 2 2188 2189 1435
3125 2 2 2 2 517 1206 492
3126 2 2 2 2 1260 1261 1120
3127 2 2 2 2 961 1097 962
3128 2 2 2 2 910 1792 1070
3129 2 2 2 2 612 613 611
3130 2 2 2 2 731 2168 730
3131 2 2 2 2 710 711 699
3132 2 2 2 2 1664 1711 654
3133 2 2 2 2 851 1485 940
3134 2 2 2 2 801 880 655
3135 2 2 2 2 2067 2070 2069
3136 2 2 2 2 977 978 976
3137 2 2 2 2 2126 2135 2124
3138 2 2 2 2 1090 2179 839
3139 2 2 2 2 1110 1290 1109
3140 2 2 2 2 416 439 417
3141 2 2 2 2 605 606 604
3142 2 2 2 2 1330 1522 393
3143 2 2 2 2 1098 1156 1155
3144 2 2 2 2 486 494 493
3145 2 2 2 2 609 612 611
3146 2 2 2 2 1254 1540 1251
3147 2 2 2 2 2070 2071 2069
3148 2 2 2 2 566 635 564
3149 2 2 2 2 493 2198 485
3150 2 2 2 2 970 1278 994
3151 2 2 2 2 1398 1792 1091
3152 2 2 2 2 742 2141 739
3153 2 2 2 2 477 479 478
3154 2 2 2 2 1097 1098 962
3155 2 2 2 2 1063 1150 964
3156 2 2 2 2 965 1063 964
3157 2 2 2 2 1083 1411 1377
3158 2 2 2 2 1022 1138 1024
3159 2 2 2 2 1217 2236 2169
3160 2 2 2 2 1403 1404 1101
3161 2 2 2 2 1436 2188 1435
3162 2 2 2 2 985 986 984
3163 2 2 2 2 651 1831 407
3164 2 2 2 2 730 2168 879
3165 2 2 2 2 495 525 493
3166 2 2 2 2 725 729 728
3167 2 2 2 2 2129 2135 2126
3168 2 2 2 2 649 2197 547
3169 2 2 2 2 722 725 724
3170 2 2 2 2 609 610 607
3171 2 2 2 2 783 921 429
3172 2 2 2 2 1035 2150 481
3173 2 2 2 2 1439 2188 1436
3174 2 2 2 2 1065 1915 996
3175 2 2 2 2 1011 1013 887
3176 2 2 2 2 1136 1137 1106
3177 2 2 2 2 486 493 485
3178 2 2 2 2 2191 2192 1433
3179 2 2 2 2 407 1831 380
3180 2 2 2 2 965 1195 1092
3181 2 2 2 2 560 634 558
3182 2 2 2 2 2128 2129 2126
3183 2 2 2 2 965 1092 1063
3184 2 2 2 2 720 722 721
3185 2 2 2 2 842 887 709
3186 2 2 2 2 446 467 465
3187 2 2 2 2 525 2198 493
3188 2 2 2 2 1104 1136 1106
3189 2 2 2 2 596 1452 689
3190 2 2 2 2 922 1129 921
3191 2 2 2 2 1129 1211 921
3192 2 2 2 2 988 1912 986
3193 2 2 2 2 596 689 545
3194 2 2 2 2 28 1414 171
3195 2 2 2 2 485 2198 923
3196 2 2 2 2 118 224 117
3197 2 2 2 2 1091 1792 910
3198 2 2 2 2 801 970 880
3199 2 2 2 2 852 1485 851
3200 2 2 2 2 1116 1289 1257
3201 2 2 2 2 756 999 758
3202 2 2 2 2 992 1108 1094
3203 2 2 2 2 484 485 483
3204 2 2 2 2 440 477 476
3205 2 2 2 2 2137 2141 742
3206 2 2 2 2 40 213 39
3207 2 2 2 2 1429 2191 1433
3208 2 2 2 2 114 211 113
3209 2 2 2 2 413 487 411
3210 2 2 2 2 153 212 152
3211 2 2 2 2 36 210 35
3212 2 2 2 2 987 1006 989
3213 2 2 2 2 2135 2267 2124
3214 2 2 2 2 1067 1218 1122
3215 2 2 2 2 2069 2210 878
3216 2 2 2 2 954 1341 1042
3217 2 2 2 2 543 589 588
3218 2 2 2 2 1072 1263 1262
3219 2 2 2 2 413 1972 487
3220 2 2 2 2 707 708 704
3221 2 2 2 2 722 724 721
3222 2 2 2 2 1429 1433 1427
3223 2 2 2 2 557 1722 582
3224 2 2 2 2 599 799 798
3225 2 2 2 2 714 716 715
3226 2 2 2 2 718 720 719
3227 2 2 2 2 484 486 485
3228 2 2 2 2 79 203 78
3229 2 2 2 2 2229 2230 1751
3230 2 2 2 2 1317 1376 1278
3231 2 2 2 2 1260 2247 1381
3232 2 2 2 2 970 1317 1278
3233 2 2 2 2 1341 1344 1042
3234 2 2 2 2 1218 1305 1122
3235 2 2 2 2 1263 1264 1262
3236 2 2 2 2 729 730 728
3237 2 2 2 2 716 718 717
3238 2 2 2 2 1072 1265 1263
3239 2 2 2 2 720 721 719
3240 2 2 2 2 1345 2094 1712
3241 2 2 2 2 1116 1471 1289
3242 2 2 2 2 707 709 708
3243 2 2 2 2 1114 1471 1116
3244 2 2 2 2 1083 1377 1293
3245 2 2 2 2 725 728 724
3246 2 2 2 2 155 162 154
3247 2 2 2 2 292 2265 288
3248 2 2 2 2 236 642 454
3249 2 2 2 2 2179 2238 1269
3250 2 2 2 2 440 475 417
3251 2 2 2 2 718 719 717
3252 2 2 2 2 33 1406 191
3253 2 2 2 2 1269 2245 1286
3254 2 2 2 2 1048 1237 1062
3255 2 2 2 2 440 476 475
3256 2 2 2 2 1081 1083 1082
3257 2 2 2 2 1265 1266 1263
3258 2 2 2 2 812 2228 2174
3259 2 2 2 2 1399 1915 1065
3260 2 2 2 2 64 199 63
3261 2 2 2 2 716 717 715
3262 2 2 2 2 42 167 41
3263 2 2 2 2 2238 2245 1269
3264 2 2 2 2 142 208 141
3265 2 2 2 2 105 219 104
3266 2 2 2 2 2245 2246 1286
3267 2 2 2 2 116 164 115
3268 2 2 2 2 38 165 37
3269 2 2 2 2 25 205 24
3270 2 2 2 2 237 239 238
3271 2 2 2 2 77 163 76
3272 2 2 2 2 2076 2196 1375
3273 2 2 2 2 1215 2228 1219
3274 2 2 2 2 841 2174 1215
3275 2 2 2 2 950 2230 2229
3276 2 2 2 2 296 1659 292
3277 2 2 2 2 85 190 84
3278 2 2 2 2 357 1624 355
3279 2 2 2 2 2230 2257 1224
3280 2 2 2 2 81 168 80
3281 2 2 2 2 950 2257 2230
3282 2 2 2 2 2174 2228 1215
3283 2 2 2 2 2124 2267 2120
3284 2 2 2 2 274 2162 2147
3285 2 2 2 2 1353 2163 1942
3286 2 2 2 2 652 2255 2097
3287 2 2 2 2 2042 2163 1353
3288 2 2 2 2 1712 2094 927
3289 2 2 2 2 1658 2265 1659
3290 2 2 2 2 2105 2236 2106
3291 2 2 2 2 2106 2236 1217
3292 2 2 2 2 236 454 237
3293 2 2 2 2 237 238 235
3294 2 2 2 2 2299 2300 1591
3295 2 2 2 2 286 2265 2264
3296 2 2 2 2 1659 2265 292
3297 2 2 2 2 2148 2259 1340
3298 2 2 2 2 2147 2259 2148
3299 2 2 2 2 288 2265 286
3300 2 2 2 2 1940 1941 527
3301 2 2 2 2 1541 1941 1940
3302 2 2 2 2 2264 2265 1658
3303 2 2 2 2 768 2264 1970
3304 2 2 2 2 1970 2264 1658
3305 2 2 2 2 1541 1940 657
3306 2 2 2 2 1590 2291 1591
3307 2 2 2 2 1591 2300 1592
3308 2 2 2 2 1370 1967 1959
3309 2 2 2 2 1369 1967 1370
3310 2 2 2 2 2291 2299 1591
3311 2 2 2 2 236 237 235
3312 2 2 2 2 1941 2309 527
3313 2 2 2 2 233 236 235
3314 2 2 2 2 2120 2267 2118
3315 2 2 2 2 233 235 234
3316 2 2 2 2 233 234 231
3317 2 2 2 2 1242 2048 1059
3318 2 2 2 2 1420 2278 1419
3319 2 2 2 2 1733 1736 503
3320 2 2 2 2 1361 2050 2049
3321 2 2 2 2 1483 1485 1484
3322 2 2 2 2 232 233 231
3323 2 2 2 2 949 2013 2012
3324 2 2 2 2 578 1679 575
3325 2 2 2 2 2011 2060 2009
3326 2 2 2 2 2052 2091 2051
3327 2 2 2 2 435 1729 347
3328 2 2 2 2 1003 2287 1034
3329 2 2 2 2 928 1870 1867
3330 2 2 2 2 434 1870 436
3331 2 2 2 2 1890 1892 1889
3332 2 2 2 2 1888 1891 1890
3333 2 2 2 2 1145 1704 1147
3334 2 2 2 2 231 1417 230
3335 2 2 2 2 230 1383 1382
3336 2 2 2 2 229 232 231
3337 2 2 2 2 1526 1527 1367
3338 2 2 2 2 1033 1527 1001
3339 2 2 2 2 2099 2102 2100
3340 2 2 2 2 923 1759 1757
3341 2 2 2 2 487 1972 1825
3342 2 2 2 2 1096 1495 1477
3343 2 2 2 2 2099 2100 1131
3344 2 2 2 2 797 1820 486
3345 2 2 2 2 436 1870 928
3346 2 2 2 2 1148 1704 1145
3347 2 2 2 2 2027 2028 457
3348 2 2 2 2 1925 1927 1030
3349 2 2 2 2 261 2055 264
3350 2 2 2 2 1944 1946 462
3351 2 2 2 2 279 2108 280
3352 2 2 2 2 900 2298 1979
3353 2 2 2 2 2012 2167 949
3354 2 2 2 2 2018 2114 2017
3355 2 2 2 2 1302 2287 2286
3356 2 2 2 2 1367 1527 1033
3357 2 2 2 2 846 1519 1515
3358 2 2 2 2 1504 1505 458
3359 2 2 2 2 355 1633 353
3360 2 2 2 2 1969 2250 1358
3361 2 2 2 2 1858 1864 1857
3362 2 2 2 2 1950 1955 1954
3363 2 2 2 2 285 2185 2184
3364 2 2 2 2 1224 2257 2026
3365 2 2 2 2 273 2022 276
3366 2 2 2 2 766 2185 283
3367 2 2 2 2 272 2050 2022
3368 2 2 2 2 1634 1635 1308
3369 2 2 2 2 1359 1966 1964
3370 2 2 2 2 1321 1613 1611
3371 2 2 2 2 525 1571 1570
3372 2 2 2 2 497 1571 495
3373 2 2 2 2 1888 1890 1889
3374 2 2 2 2 524 1955 1950
3375 2 2 2 2 1236 1777 1776
3376 2 2 2 2 1605 1606 1130
3377 2 2 2 2 1199 2153 682
3378 2 2 2 2 665 2153 667
3379 2 2 2 2 688 2055 259
3380 2 2 2 2 2053 2054 1245
3381 2 2 2 2 2025 2091 1238
3382 2 2 2 2 1013 1561 887
3383 2 2 2 2 280 2108 1186
3384 2 2 2 2 775 2111 778
3385 2 2 2 2 863 2111 773
3386 2 2 2 2 230 1382 228
3387 2 2 2 2 229 231 230
3388 2 2 2 2 1186 2108 1969
3389 2 2 2 2 718 1841 720
3390 2 2 2 2 2046 2048 2047
3391 2 2 2 2 2051 2091 2023
3392 2 2 2 2 1057 2099 1131
3393 2 2 2 2 542 1632 1631
3394 2 2 2 2 1550 1561 1013
3395 2 2 2 2 1186 1969 1358
3396 2 2 2 2 265 2046 268
3397 2 2 2 2 1488 2290 1486
3398 2 2 2 2 2022 2051 2023
3399 2 2 2 2 1950 1951 1945
3400 2 2 2 2 283 2185 285
3401 2 2 2 2 272 2022 273
3402 2 2 2 2 1761 1762 1760
3403 2 2 2 2 1677 1680 1678
3404 2 2 2 2 259 2055 261
3405 2 2 2 2 1245 2054 1248
3406 2 2 2 2 548 1679 941
3407 2 2 2 2 2030 2031 956
3408 2 2 2 2 2089 2159 779
3409 2 2 2 2 804 2159 2087
3410 2 2 2 2 959 2087 1243
3411 2 2 2 2 893 2089 795
3412 2 2 2 2 872 2292 2262
3413 2 2 2 2 1132 2164 859
3414 2 2 2 2 389 2164 386
3415 2 2 2 2 307 2142 767
3416 2 2 2 2 319 2142 311
3417 2 2 2 2 437 1728 435
3418 2 2 2 2 1210 2254 875
3419 2 2 2 2 1302 2286 1008
3420 2 2 2 2 575 1679 548
3421 2 2 2 2 2094 2095 2093
3422 2 2 2 2 1321 1611 1320
3423 2 2 2 2 1184 2013 1943
3424 2 2 2 2 495 1571 525
3425 2 2 2 2 1006 1814 1809
3426 2 2 2 2 1291 2144 2008
3427 2 2 2 2 1011 1548 1013
3428 2 2 2 2 1131 1606 1605
3429 2 2 2 2 682 2153 665
3430 2 2 2 2 627 1562 1310
3431 2 2 2 2 1209 2002 2001
3432 2 2 2 2 2283 2284 1252
3433 2 2 2 2 939 2194 327
3434 2 2 2 2 325 2194 456
3435 2 2 2 2 2272 2273 1555
3436 2 2 2 2 1241 2262 2250
3437 2 2 2 2 872 2262 2107
3438 2 2 2 2 479 1839 1035
3439 2 2 2 2 2019 2030 2029
3440 2 2 2 2 863 2112 2111
3441 2 2 2 2 1364 1869 1366
3442 2 2 2 2 912 2290 914
3443 2 2 2 2 773 2111 775
3444 2 2 2 2 487 1825 1824
3445 2 2 2 2 343 1884 329
3446 2 2 2 2 349 2084 1884
3447 2 2 2 2 890 2160 278
3448 2 2 2 2 1605 2162 2160
3449 2 2 2 2 2010 2012 2011
3450 2 2 2 2 1256 2298 2187
3451 2 2 2 2 253 1583 251
3452 2 2 2 2 765 1841 718
3453 2 2 2 2 1223 1801 1800
3454 2 2 2 2 1628 2296 1630
3455 2 2 2 2 1225 2099 1057
3456 2 2 2 2 1631 1632 1629
3457 2 2 2 2 974 1901 1078
3458 2 2 2 2 1298 1516 1297
3459 2 2 2 2 1503 1504 458
3460 2 2 2 2 1824 2275 1823
3461 2 2 2 2 264 2046 265
3462 2 2 2 2 1530 1531 1293
3463 2 2 2 2 948 2086 1020
3464 2 2 2 2 678 2145 872
3465 2 2 2 2 871 2145 676
3466 2 2 2 2 1490 1493 1108
3467 2 2 2 2 439 1840 440
3468 2 2 2 2 1997 2291 1994
3469 2 2 2 2 1546 1547 1310
3470 2 2 2 2 606 1783 1318
3471 2 2 2 2 1813 1814 1006
3472 2 2 2 2 1493 1495 1108
3473 2 2 2 2 869 2206 1730
3474 2 2 2 2 945 2167 947
3475 2 2 2 2 1884 1885 939
3476 2 2 2 2 2002 2004 2003
3477 2 2 2 2 897 2003 568
3478 2 2 2 2 2146 2292 2145
3479 2 2 2 2 446 1939 467
3480 2 2 2 2 1853 1855 1852
3481 2 2 2 2 795 2089 779
3482 2 2 2 2 804 2087 959
3483 2 2 2 2 2019 2116 2020
3484 2 2 2 2 2195 2296 1142
3485 2 2 2 2 2020 2116 2115
3486 2 2 2 2 1207 1795 1794
3487 2 2 2 2 323 1795 321
3488 2 2 2 2 859 2164 389
3489 2 2 2 2 311 2142 307
3490 2 2 2 2 869 1728 437
3491 2 2 2 2 2277 2286 1292
3492 2 2 2 2 1526 1529 337
3493 2 2 2 2 1021 1952 1951
3494 2 2 2 2 512 2095 1671
3495 2 2 2 2 434 1871 1870
3496 2 2 2 2 714 1701 716
3497 2 2 2 2 1670 1701 926
3498 2 2 2 2 1543 1544 686
3499 2 2 2 2 1888 1889 1887
3500 2 2 2 2 381 1634 1619
3501 2 2 2 2 1236 1778 1777
3502 2 2 2 2 1728 1729 435
3503 2 2 2 2 1327 1989 688
3504 2 2 2 2 1751 2027 457
3505 2 2 2 2 1010 2098 884
3506 2 2 2 2 1655 2302 1654
3507 2 2 2 2 1148 1706 1705
3508 2 2 2 2 1473 1474 1467
3509 2 2 2 2 2048 2053 1245
3510 2 2 2 2 1059 2048 1245
3511 2 2 2 2 1074 2139 2138
3512 2 2 2 2 327 2194 325
3513 2 2 2 2 1581 1583 256
3514 2 2 2 2 2107 2262 1241
3515 2 2 2 2 1002 2144 1291
3516 2 2 2 2 503 1662 1660
3517 2 2 2 2 2227 2295 1075
3518 2 2 2 2 2082 2083 866
3519 2 2 2 2 2029 2030 956
3520 2 2 2 2 1768 1996 1995
3521 2 2 2 2 1579 1581 256
3522 2 2 2 2 1247 1927 1926
3523 2 2 2 2 422 1971 403
3524 2 2 2 2 1205 1971 1682
3525 2 2 2 2 477 1839 479
3526 2 2 2 2 1137 1917 1106
3527 2 2 2 2 316 2031 334
3528 2 2 2 2 256 1583 253
3529 2 2 2 2 892 2090 893
3530 2 2 2 2 937 2005 934
3531 2 2 2 2 1310 1547 824
3532 2 2 2 2 229 230 228
3533 2 2 2 2 1343 1677 1323
3534 2 2 2 2 2090 2091 2052
3535 2 2 2 2 349 1884 343
3536 2 2 2 2 1605 2160 890
3537 2 2 2 2 1474 2276 1465
3538 2 2 2 2 1339 2171 2170
3539 2 2 2 2 1190 1580 1188
3540 2 2 2 2 1316 1617 1616
3541 2 2 2 2 1290 1487 1486
3542 2 2 2 2 1716 1966 1359
3543 2 2 2 2 993 2224 1342
3544 2 2 2 2 620 2165 617
3545 2 2 2 2 785 1738 600
3546 2 2 2 2 477 1840 1839
3547 2 2 2 2 1815 1816 1814
3548 2 2 2 2 2102 2146 871
3549 2 2 2 2 1181 1775 1774
3550 2 2 2 2 332 1596 315
3551 2 2 2 2 340 1740 346
3552 2 2 2 2 1030 1927 1369
3553 2 2 2 2 1377 1530 1293
3554 2 2 2 2 869 1730 1728
3555 2 2 2 2 947 2086 948
3556 2 2 2 2 1615 1619 1316
3557 2 2 2 2 740 1519 741
3558 2 2 2 2 298 1856 293
3559 2 2 2 2 1614 1856 455
3560 2 2 2 2 676 2145 678
3561 2 2 2 2 914 1492 992
3562 2 2 2 2 440 1840 477
3563 2 2 2 2 524 1950 1945
3564 2 2 2 2 1601 1602 1566
3565 2 2 2 2 1343 1680 1677
3566 2 2 2 2 1247 1926 1568
3567 2 2 2 2 1120 1547 1546
3568 2 2 2 2 2060 2282 312
3569 2 2 2 2 769 2058 2056
3570 2 2 2 2 1975 2058 391
3571 2 2 2 2 949 2167 945
3572 2 2 2 2 2002 2003 897
3573 2 2 2 2 1706 1707 1705
3574 2 2 2 2 848 2143 847
3575 2 2 2 2 899 1979 1058
3576 2 2 2 2 353 1633 542
3577 2 2 2 2 444 1939 446
3578 2 2 2 2 1870 1871 1528
3579 2 2 2 2 411 1823 409
3580 2 2 2 2 1533 1534 1532
3581 2 2 2 2 2187 2298 900
3582 2 2 2 2 891 2115 889
3583 2 2 2 2 697 1731 710
3584 2 2 2 2 1154 1731 695
3585 2 2 2 2 1252 2284 1253
3586 2 2 2 2 1142 2296 2098
3587 2 2 2 2 1528 1871 1529
3588 2 2 2 2 321 1795 1207
3589 2 2 2 2 1509 1540 1254
3590 2 2 2 2 1339 2170 2169
3591 2 2 2 2 1198 2170 2103
3592 2 2 2 2 2020 2114 2018
3593 2 2 2 2 483 1757 480
3594 2 2 2 2 1908 1917 1137
3595 2 2 2 2 1316 1616 1615
3596 2 2 2 2 1178 1716 1359
3597 2 2 2 2 790 2021 501
3598 2 2 2 2 941 2203 535
3599 2 2 2 2 428 2203 426
3600 2 2 2 2 1528 1529 1526
3601 2 2 2 2 542 1633 1632
3602 2 2 2 2 1213 2116 2027
3603 2 2 2 2 926 1701 714
3604 2 2 2 2 1266 1640 1639
3605 2 2 2 2 334 2031 2014
3606 2 2 2 2 1838 1931 1325
3607 2 2 2 2 1125 1931 919
3608 2 2 2 2 1990 2110 2109
3609 2 2 2 2 1564 1567 630
3610 2 2 2 2 1811 1842 1774
3611 2 2 2 2 1681 2203 941
3612 2 2 2 2 1115 1483 1113
3613 2 2 2 2 1663 1759 923
3614 2 2 2 2 662 2302 1655
3615 2 2 2 2 1282 2225 2224
3616 2 2 2 2 1070 1790 1788
3617 2 2 2 2 1594 1595 788
3618 2 2 2 2 339 1595 332
3619 2 2 2 2 1548 1562 1549
3620 2 2 2 2 650 2268 1611
3621 2 2 2 2 1938 1989 1327
3622 2 2 2 2 1310 1562 1548
3623 2 2 2 2 1120 1546 1012
3624 2 2 2 2 1213 2027 1751
3625 2 2 2 2 1997 2299 2291
3626 2 2 2 2 1142 2098 1010
3627 2 2 2 2 1886 2194 939
3628 2 2 2 2 1082 1534 811
3629 2 2 2 2 1778 2165 896
3630 2 2 2 2 426 2203 1683
3631 2 2 2 2 1247 1568 1129
3632 2 2 2 2 417 1710 415
3633 2 2 2 2 929 1710 475
3634 2 2 2 2 1977 2016 1976
3635 2 2 2 2 345 1977 1974
3636 2 2 2 2 2047 2049 268
3637 2 2 2 2 2014 2031 2030
3638 2 2 2 2 2027 2116 2029
3639 2 2 2 2 1204 1655 1654
3640 2 2 2 2 1077 1647 1637
3641 2 2 2 2 1895 1897 1896
3642 2 2 2 2 1329 1800 1799
3643 2 2 2 2 870 2171 1339
3644 2 2 2 2 864 2202 700
3645 2 2 2 2 696 2202 694
3646 2 2 2 2 1298 1520 1514
3647 2 2 2 2 1239 2036 2034
3648 2 2 2 2 871 2146 2145
3649 2 2 2 2 1990 2109 821
3650 2 2 2 2 823 2109 911
3651 2 2 2 2 2035 2142 1207
3652 2 2 2 2 893 2090 2052
3653 2 2 2 2 1514 1515 1298
3654 2 2 2 2 1320 2268 1594
3655 2 2 2 2 671 2149 674
3656 2 2 2 2 1653 2092 1133
3657 2 2 2 2 867 2092 672
3658 2 2 2 2 1655 1656 662
3659 2 2 2 2 740 1517 1516
3660 2 2 2 2 1814 1816 1218
3661 2 2 2 2 927 2093 464
3662 2 2 2 2 488 2093 512
3663 2 2 2 2 979 1692 1055
3664 2 2 2 2 2097 2204 552
3665 2 2 2 2 533 2204 517
3666 2 2 2 2 1886 2296 2195
3667 2 2 2 2 1428 1469 1430
3668 2 2 2 2 1184 1943 1182
3669 2 2 2 2 1337 1833 1832
3670 2 2 2 2 1749 1750 1748
3671 2 2 2 2 1643 1644 1641
3672 2 2 2 2 301 2037 520
3673 2 2 2 2 1682 1971 422
3674 2 2 2 2 2101 2149 670
3675 2 2 2 2 1981 2298 2285
3676 2 2 2 2 1716 1836 1357
3677 2 2 2 2 1943 2005 1182
3678 2 2 2 2 558 1920 556
3679 2 2 2 2 1096 1477 1476
3680 2 2 2 2 346 1740 1739
3681 2 2 2 2 1235 1782 1780
3682 2 2 2 2 1182 2005 937
3683 2 2 2 2 2168 2231 1342
3684 2 2 2 2 733 2231 731
3685 2 2 2 2 1255 2187 2186
3686 2 2 2 2 2039 2187 900
3687 2 2 2 2 487 1824 1823
3688 2 2 2 2 2182 2183 1475
3689 2 2 2 2 1975 2057 2056
3690 2 2 2 2 606 2303 1783
3691 2 2 2 2 814 1887 816
3692 2 2 2 2 1832 1876 1338
3693 2 2 2 2 1218 1816 1305
3694 2 2 2 2 1754 1805 1753
3695 2 2 2 2 1492 2290 1488
3696 2 2 2 2 1290 1486 1109
3697 2 2 2 2 1282 2224 993
3698 2 2 2 2 896 2165 620
3699 2 2 2 2 1005 1520 1298
3700 2 2 2 2 1152 2083 1620
3701 2 2 2 2 1034 1575 1574
3702 2 2 2 2 1390 1497 1482
3703 2 2 2 2 1294 1925 1585
3704 2 2 2 2 1036 2033 1128
3705 2 2 2 2 1235 1775 1181
3706 2 2 2 2 461 1868 463
3707 2 2 2 2 1469 2064 1430
3708 2 2 2 2 952 2252 1938
3709 2 2 2 2 2046 2047 268
3710 2 2 2 2 352 2207 354
3711 2 2 2 2 384 1811 387
3712 2 2 2 2 2224 2227 2226
3713 2 2 2 2 367 1662 503
3714 2 2 2 2 1465 2276 1463
3715 2 2 2 2 846 1513 1512
3716 2 2 2 2 1473 2251 1474
3717 2 2 2 2 1857 1859 1856
3718 2 2 2 2 455 1856 298
3719 2 2 2 2 385 2164 1635
3720 2 2 2 2 1705 1841 1703
3721 2 2 2 2 2284 2285 1256
3722 2 2 2 2 1775 1779 1776
3723 2 2 2 2 1499 2110 1500
3724 2 2 2 2 1311 1654 1652
3725 2 2 2 2 1204 1654 1016
3726 2 2 2 2 1546 1548 1011
3727 2 2 2 2 760 2041 915
3728 2 2 2 2 999 2041 758
3729 2 2 2 2 914 2290 1492
3730 2 2 2 2 1959 1960 1370
3731 2 2 2 2 805 1638 728
3732 2 2 2 2 953 1803 1050
3733 2 2 2 2 370 1615 364
3734 2 2 2 2 1885 1886 939
3735 2 2 2 2 1157 1773 1155
3736 2 2 2 2 836 1771 786
3737 2 2 2 2 1155 1771 962
3738 2 2 2 2 499 1572 497
3739 2 2 2 2 589 1987 588
3740 2 2 2 2 834 2218 832
3741 2 2 2 2 2056 2058 1975
3742 2 2 2 2 1043 1688 1046
3743 2 2 2 2 1344 1688 1042
3744 2 2 2 2 1363 2254 2252
3745 2 2 2 2 1183 1544 1542
3746 2 2 2 2 987 1812 1006
3747 2 2 2 2 1029 1812 985
3748 2 2 2 2 1948 2307 1949
3749 2 2 2 2 1422 2276 1425
3750 2 2 2 2 1625 1627 1623
3751 2 2 2 2 1266 1648 1263
3752 2 2 2 2 589 1985 1984
3753 2 2 2 2 847 2143 1002
3754 2 2 2 2 900 1979 899
3755 2 2 2 2 866 2083 924
3756 2 2 2 2 989 1809 997
3757 2 2 2 2 2019 2020 2018
3758 2 2 2 2 1850 1853 1852
3759 2 2 2 2 487 1823 411
3760 2 2 2 2 1175 2261 1535
3761 2 2 2 2 1731 1734 710
3762 2 2 2 2 695 1731 697
3763 2 2 2 2 1866 1869 1868
3764 2 2 2 2 767 2037 305
3765 2 2 2 2 636 1987 852
3766 2 2 2 2 2169 2170 1198
3767 2 2 2 2 1778 2258 1356
3768 2 2 2 2 1922 1923 1229
3769 2 2 2 2 1118 1525 1523
3770 2 2 2 2 1523 2007 1119
3771 2 2 2 2 923 1757 483
3772 2 2 2 2 1426 2251 1434
3773 2 2 2 2 1174 2021 790
3774 2 2 2 2 535 2203 428
3775 2 2 2 2 634 1922 1920
3776 2 2 2 2 1615 1616 364
3777 2 2 2 2 706 1723 954
3778 2 2 2 2 701 1723 703
3779 2 2 2 2 845 1873 754
3780 2 2 2 2 756 1873 999
3781 2 2 2 2 1726 1730 1234
3782 2 2 2 2 420 1998 1797
3783 2 2 2 2 382 1634 381
3784 2 2 2 2 1343 1681 1680
3785 2 2 2 2 560 2065 634
3786 2 2 2 2 1886 2195 2194
3787 2 2 2 2 1237 1646 1644
3788 2 2 2 2 1647 1648 1266
3789 2 2 2 2 744 1519 846
3790 2 2 2 2 1425 2276 1474
3791 2 2 2 2 2093 2095 512
3792 2 2 2 2 492 2208 459
3793 2 2 2 2 448 2208 869
3794 2 2 2 2 1603 1674 1604
3795 2 2 2 2 953 1804 1803
3796 2 2 2 2 1325 1931 1125
3797 2 2 2 2 1768 1995 1767
3798 2 2 2 2 1300 1567 1564
3799 2 2 2 2 901 1888 1887
3800 2 2 2 2 1644 1645 809
3801 2 2 2 2 1034 1574 1573
3802 2 2 2 2 1573 1574 1572
3803 2 2 2 2 798 1665 541
3804 2 2 2 2 748 1512 1511
3805 2 2 2 2 846 1512 746
3806 2 2 2 2 1971 2176 403
3807 2 2 2 2 2143 2144 1002
3808 2 2 2 2 1144 1739 1325
3809 2 2 2 2 509 1935 530
3810 2 2 2 2 584 1935 865
3811 2 2 2 2 1515 1516 1298
3812 2 2 2 2 898 2258 896
3813 2 2 2 2 1300 1568 1567
3814 2 2 2 2 788 1595 339
3815 2 2 2 2 532 1949 569
3816 2 2 2 2 469 1944 462
3817 2 2 2 2 416 2234 441
3818 2 2 2 2 784 1949 516
3819 2 2 2 2 2225 2315 2227
3820 2 2 2 2 1012 1546 1011
3821 2 2 2 2 1344 1691 1690
3822 2 2 2 2 1129 1568 1300
3823 2 2 2 2 475 1710 417
3824 2 2 2 2 1974 1977 1976
3825 2 2 2 2 1853 2313 1855
3826 2 2 2 2 1472 1473 1467
3827 2 2 2 2 2069 2211 2210
3828 2 2 2 2 1889 1908 1893
3829 2 2 2 2 1799 1800 366
3830 2 2 2 2 1087 2213 1288
3831 2 2 2 2 874 2062 2061
3832 2 2 2 2 700 2202 696
3833 2 2 2 2 2057 2112 863
3834 2 2 2 2 2029 2116 2019
3835 2 2 2 2 1702 1704 1703
3836 2 2 2 2 821 2109 823
3837 2 2 2 2 1034 2287 1575
3838 2 2 2 2 1862 2012 2010
3839 2 2 2 2 1857 1863 1859
3840 2 2 2 2 670 2149 671
3841 2 2 2 2 1133 2092 867
3842 2 2 2 2 981 2043 983
3843 2 2 2 2 1797 1805 1754
3844 2 2 2 2 1237 1643 1062
3845 2 2 2 2 432 1804 953
3846 2 2 2 2 1222 2190 1220
3847 2 2 2 2 1796 1797 1754
3848 2 2 2 2 1192 1581 1578
3849 2 2 2 2 464 2093 488
3850 2 2 2 2 1263 1648 1264
3851 2 2 2 2 1035 2152 2151
3852 2 2 2 2 977 1692 979
3853 2 2 2 2 1611 2268 1320
3854 2 2 2 2 552 2204 533
3855 2 2 2 2 1313 1661 1312
3856 2 2 2 2 1434 1469 1428
3857 2 2 2 2 1337 1832 1338
3858 2 2 2 2 2280 2281 2278
3859 2 2 2 2 376 1843 383
3860 2 2 2 2 1181 1842 1179
3861 2 2 2 2 1636 2085 1132
3862 2 2 2 2 1311 1636 1015
3863 2 2 2 2 922 1968 1247
3864 2 2 2 2 1703 1841 765
3865 2 2 2 2 1577 1600 1565
3866 2 2 2 2 1862 1864 1858
3867 2 2 2 2 634 1920 558
3868 2 2 2 2 229 1470 232
3869 2 2 2 2 662 1656 659
3870 2 2 2 2 1949 2307 569
3871 2 2 2 2 1096 1476 1378
3872 2 2 2 2 543 1985 589
3873 2 2 2 2 1927 1968 1369
3874 2 2 2 2 726 1841 1705
3875 2 2 2 2 731 2231 2168
3876 2 2 2 2 1739 1740 1325
3877 2 2 2 2 2186 2187 2039
3878 2 2 2 2 738 1517 740
3879 2 2 2 2 1689 1690 723
3880 2 2 2 2 2020 2115 891
3881 2 2 2 2 581 2000 897
3882 2 2 2 2 604 2000 601
3883 2 2 2 2 227 229 228
3884 2 2 2 2 228 1416 176
3885 2 2 2 2 689 1459 545
3886 2 2 2 2 710 1734 712
3887 2 2 2 2 2056 2057 863
3888 2 2 2 2 1663 1760 1759
3889 2 2 2 2 901 1887 814
3890 2 2 2 2 1892 1908 1889
3891 2 2 2 2 400 2176 399
3892 2 2 2 2 1432 2064 1437
3893 2 2 2 2 772 1806 1185
3894 2 2 2 2 741 1519 744
3895 2 2 2 2 1889 1893 1887
3896 2 2 2 2 1743 1745 1744
3897 2 2 2 2 1104 1745 1136
3898 2 2 2 2 607 2303 606
3899 2 2 2 2 245 2059 297
3900 2 2 2 2 927 2059 1712
3901 2 2 2 2 1672 1676 1675
3902 2 2 2 2 521 1676 528
3903 2 2 2 2 1044 1999 955
3904 2 2 2 2 813 1999 967
3905 2 2 2 2 1542 2282 1184
3906 2 2 2 2 2033 2035 1794
3907 2 2 2 2 614 1781 611
3908 2 2 2 2 1513 1515 1514
3909 2 2 2 2 1390 1482 1117
3910 2 2 2 2 1128 2033 1794
3911 2 2 2 2 1363 2252 952
3912 2 2 2 2 1344 1689 1688
3913 2 2 2 2 1075 2295 1076
3914 2 2 2 2 360 2207 352
3915 2 2 2 2 1908 2301 1917
3916 2 2 2 2 1208 1784 1783
3917 2 2 2 2 383 1811 384
3918 2 2 2 2 1475 2183 1434
3919 2 2 2 2 1734 1735 926
3920 2 2 2 2 1794 2035 1207
3921 2 2 2 2 1396 1768 1767
3922 2 2 2 2 1221 1801 1223
3923 2 2 2 2 167 2461 2079
3924 2 2 2 2 569 2307 787
3925 2 2 2 2 957 1781 614
3926 2 2 2 2 990 1909 1906
3927 2 2 2 2 1536 2277 1292
3928 2 2 2 2 305 2037 301
3929 2 2 2 2 608 2219 1789
3930 2 2 2 2 610 2303 607
3931 2 2 2 2 1787 1788 1317
3932 2 2 2 2 609 1786 612
3933 2 2 2 2 1221 1803 1801
3934 2 2 2 2 924 2083 1152
3935 2 2 2 2 1986 2283 1987
3936 2 2 2 2 1862 2010 1864
3937 2 2 2 2 524 1945 1944
3938 2 2 2 2 2234 2274 1149
3939 2 2 2 2 1293 1532 1082
3940 2 2 2 2 1121 1532 1531
3941 2 2 2 2 1315 1733 1660
3942 2 2 2 2 1016 1654 1311
3943 2 2 2 2 758 2041 760
3944 2 2 2 2 1216 2154 1407
3945 2 2 2 2 1211 2241 2235
3946 2 2 2 2 1620 2081 1621
3947 2 2 2 2 1958 1960 1959
3948 2 2 2 2 430 1929 406
3949 2 2 2 2 1050 1803 1221
3950 2 2 2 2 1708 1709 1707
3951 2 2 2 2 381 1615 370
3952 2 2 2 2 648 2219 603
3953 2 2 2 2 1035 2151 2150
3954 2 2 2 2 1305 2151 1593
3955 2 2 2 2 1291 1536 1292
3956 2 2 2 2 962 1771 836
3957 2 2 2 2 498 2063 789
3958 2 2 2 2 832 2218 1060
3959 2 2 2 2 1042 1688 1043
3960 2 2 2 2 1028 2266 1141
3961 2 2 2 2 1229 1923 1227
3962 2 2 2 2 1291 2008 1536
3963 2 2 2 2 1680 1681 941
3964 2 2 2 2 1958 1961 1960
3965 2 2 2 2 1953 2307 1948
3966 2 2 2 2 985 1812 987
3967 2 2 2 2 1779 1781 957
3968 2 2 2 2 1421 2276 1422
3969 2 2 2 2 711 1691 699
3970 2 2 2 2 1415 1763 211
3971 2 2 2 2 1069 1904 1903
3972 2 2 2 2 1572 1574 1571
3973 2 2 2 2 1961 1963 1962
3974 2 2 2 2 1461 2183 2181
3975 2 2 2 2 588 1987 636
3976 2 2 2 2 1006 1809 989
3977 2 2 2 2 2043 2044 1029
3978 2 2 2 2 1935 2273 865
3979 2 2 2 2 1360 1961 1958
3980 2 2 2 2 1494 1496 1107
3981 2 2 2 2 1595 1596 332
3982 2 2 2 2 497 1572 1571
3983 2 2 2 2 518 1818 482
3984 2 2 2 2 1828 2275 1824
3985 2 2 2 2 1649 1770 1163
3986 2 2 2 2 1558 2289 864
3987 2 2 2 2 1371 2260 2256
3988 2 2 2 2 657 1869 1541
3989 2 2 2 2 1909 1910 1906
3990 2 2 2 2 1255 2186 1507
3991 2 2 2 2 1151 2038 1822
3992 2 2 2 2 453 2038 425
3993 2 2 2 2 1118 1523 1119
3994 2 2 2 2 429 2235 534
3995 2 2 2 2 1211 2235 921
3996 2 2 2 2 1621 2081 1625
3997 2 2 2 2 397 1998 398
3998 2 2 2 2 1110 2110 1499
3999 2 2 2 2 1660 1662 1661
4000 2 2 2 2 1425 2251 1426
4001 2 2 2 2 2061 2253 1210
4002 2 2 2 2 1135 1762 930
4003 2 2 2 2 703 1723 706
4004 2 2 2 2 754 1873 756
4005 2 2 2 2 838 2307 1953
4006 2 2 2 2 966 1637 805
4007 2 2 2 2 1839 2152 1035
4008 2 2 2 2 385 1634 382
4009 2 2 2 2 562 2065 560
4010 2 2 2 2 1139 1738 1737
4011 2 2 2 2 1650 1651 687
4012 2 2 2 2 1326 1686 1685
4013 2 2 2 2 1477 1495 1494
4014 2 2 2 2 2131 2318 216
4015 2 2 2 2 729 1992 732
4016 2 2 2 2 1183 1542 1184
4017 2 2 2 2 459 2208 448
4018 2 2 2 2 931 1973 1324
4019 2 2 2 2 1143 1991 1027
4020 2 2 2 2 1249 2270 2269
4021 2 2 2 2 1396 1767 1150
4022 2 2 2 2 2118 2267 2140
4023 2 2 2 2 1541 1869 1364
4024 2 2 2 2 1444 1457 1446
4025 2 2 2 2 1904 1905 1903
4026 2 2 2 2 2309 2313 1853
4027 2 2 2 2 1784 2001 1318
4028 2 2 2 2 883 1521 1005
4029 2 2 2 2 1329 2233 1230
4030 2 2 2 2 2117 2212 2119
4031 2 2 2 2 1351 1665 798
4032 2 2 2 2 746 1512 748
4033 2 2 2 2 1920 1922 1921
4034 2 2 2 2 1898 1899 1897
4035 2 2 2 2 1146 1739 1144
4036 2 2 2 2 530 1935 584
4037 2 2 2 2 1621 1625 1623
4038 2 2 2 2 1578 1580 1190
4039 2 2 2 2 1694 2444 165
4040 2 2 2 2 1237 1644 1643
4041 2 2 2 2 2044 2045 1029
4042 2 2 2 2 1812 2045 1813
4043 2 2 2 2 1154 1932 1736
4044 2 2 2 2 1732 1735 1734
4045 2 2 2 2 994 1918 1280
4046 2 2 2 2 1709 1992 725
4047 2 2 2 2 838 1953 840
4048 2 2 2 2 454 1539 237
4049 2 2 2 2 1112 1540 1539
4050 2 2 2 2 516 1949 532
4051 2 2 2 2 524 1944 469
4052 2 2 2 2 441 2234 1149
4053 2 2 2 2 618 1687 1326
4054 2 2 2 2 1988 2263 1058
4055 2 2 2 2 1315 1660 1313
4056 2 2 2 2 1520 1521 1330
4057 2 2 2 2 896 2258 1778
4058 2 2 2 2 420 1796 421
4059 2 2 2 2 1247 1968 1927
4060 2 2 2 2 1747 1749 1748
4061 2 2 2 2 2289 2304 1176
4062 2 2 2 2 1086 2214 2213
4063 2 2 2 2 1815 1818 518
4064 2 2 2 2 1895 1896 1891
4065 2 2 2 2 2210 2211 877
4066 2 2 2 2 2305 2313 1365
4067 2 2 2 2 1941 2313 2309
4068 2 2 2 2 1487 1498 505
4069 2 2 2 2 852 2283 2271
4070 2 2 2 2 1086 2213 1087
4071 2 2 2 2 874 2061 1210
4072 2 2 2 2 1462 1464 1463
4073 2 2 2 2 1317 1790 1376
4074 2 2 2 2 1986 2284 2283
4075 2 2 2 2 215 2397 2325
4076 2 2 2 2 1698 1883 473
4077 2 2 2 2 467 1698 465
4078 2 2 2 2 967 2403 2158
4079 2 2 2 2 1506 2041 1875
4080 2 2 2 2 653 2166 576
4081 2 2 2 2 1349 2166 1604
4082 2 2 2 2 850 1849 1535
4083 2 2 2 2 1608 1609 590
4084 2 2 2 2 1702 1703 765
4085 2 2 2 2 405 1932 693
4086 2 2 2 2 1055 2043 981
4087 2 2 2 2 1796 1939 444
4088 2 2 2 2 846 1515 1513
4089 2 2 2 2 2043 2306 2044
4090 2 2 2 2 1705 1707 726
4091 2 2 2 2 1355 2190 1222
4092 2 2 2 2 975 2243 977
4093 2 2 2 2 1371 2256 2243
4094 2 2 2 2 1146 1747 1739
4095 2 2 2 2 1388 2293 1648
4096 2 2 2 2 1072 1643 1265
4097 2 2 2 2 1219 2155 2154
4098 2 2 2 2 1813 1815 1814
4099 2 2 2 2 1265 1643 1641
4100 2 2 2 2 1774 1842 1181
4101 2 2 2 2 1825 1826 1824
4102 2 2 2 2 1015 1636 1132
4103 2 2 2 2 858 1600 1577
4104 2 2 2 2 420 1797 1796
4105 2 2 2 2 2285 2298 1256
4106 2 2 2 2 1783 1784 1318
4107 2 2 2 2 1759 1760 1135
4108 2 2 2 2 1776 1779 957
4109 2 2 2 2 1299 2096 1004
4110 2 2 2 2 1538 2249 2096
4111 2 2 2 2 205 2388 226
4112 2 2 2 2 522 2181 515
4113 2 2 2 2 1532 1534 1082
4114 2 2 2 2 424 1928 684
4115 2 2 2 2 1437 2064 1460
4116 2 2 2 2 601 2000 581
4117 2 2 2 2 1410 2321 1401
4118 2 2 2 2 403 2176 400
4119 2 2 2 2 1430 2064 1432
4120 2 2 2 2 751 2117 750
4121 2 2 2 2 1810 2261 2260
4122 2 2 2 2 1506 1875 1504
4123 2 2 2 2 1117 1482 1480
4124 2 2 2 2 1507 1509 1254
4125 2 2 2 2 1136 1745 1743
4126 2 2 2 2 1192 1578 1190
4127 2 2 2 2 297 2059 927
4128 2 2 2 2 1849 2308 1850
4129 2 2 2 2 1675 1676 521
4130 2 2 2 2 955 1999 813
4131 2 2 2 2 1819 1820 797
4132 2 2 2 2 1294 1584 917
4133 2 2 2 2 1584 1590 1089
4134 2 2 2 2 1587 1588 785
4135 2 2 2 2 1312 1747 1146
4136 2 2 2 2 1341 1724 1691
4137 2 2 2 2 2097 2255 2205
4138 2 2 2 2 1227 1923 1355
4139 2 2 2 2 2226 2227 1075
4140 2 2 2 2 438 1865 449
4141 2 2 2 2 1866 1868 1865
4142 2 2 2 2 1921 2255 652
4143 2 2 2 2 1076 2295 1389
4144 2 2 2 2 635 2242 564
4145 2 2 2 2 2193 2279 2240
4146 2 2 2 2 1978 2308 1848
4147 2 2 2 2 1707 1709 726
4148 2 2 2 2 1850 2308 1853
4149 2 2 2 2 385 1635 1634
4150 2 2 2 2 608 1789 1786
4151 2 2 2 2 1892 2301 1908
4152 2 2 2 2 1480 1483 1115
4153 2 2 2 2 1029 2045 1812
4154 2 2 2 2 1185 1806 1805
4155 2 2 2 2 1139 1737 1268
4156 2 2 2 2 608 1786 609
4157 2 2 2 2 1825 1973 1826
4158 2 2 2 2 1450 1457 1444
4159 2 2 2 2 1531 1532 1293
4160 2 2 2 2 381 1619 1615
4161 2 2 2 2 1219 2154 1216
4162 2 2 2 2 1173 1588 1586
4163 2 2 2 2 1176 1929 430
4164 2 2 2 2 1268 1737 1589
4165 2 2 2 2 1041 2219 648
4166 2 2 2 2 2150 2151 1305
4167 2 2 2 2 1600 1673 1601
4168 2 2 2 2 1901 1902 1900
4169 2 2 2 2 1741 1893 1137
4170 2 2 2 2 789 2063 1249
4171 2 2 2 2 2308 2309 1853
4172 2 2 2 2 1141 2266 1718
4173 2 2 2 2 1789 2219 1041
4174 2 2 2 2 640 1965 623
4175 2 2 2 2 1474 2251 1425
4176 2 2 2 2 1805 1808 1753
4177 2 2 2 2 1463 2276 1421
4178 2 2 2 2 1584 1585 1295
4179 2 2 2 2 1265 1641 1640
4180 2 2 2 2 2204 2205 1206
4181 2 2 2 2 1566 2241 1301
4182 2 2 2 2 1808 1991 1753
4183 2 2 2 2 1586 1609 1171
4184 2 2 2 2 1850 1852 1851
4185 2 2 2 2 1485 2271 1484
4186 2 2 2 2 1477 1494 1107
4187 2 2 2 2 1660 1661 1313
4188 2 2 2 2 1806 1808 1805
4189 2 2 2 2 1810 2260 1371
4190 2 2 2 2 1826 1828 1824
4191 2 2 2 2 1062 1643 1072
4192 2 2 2 2 2269 2306 1055
4193 2 2 2 2 1255 1507 1254
4194 2 2 2 2 227 1470 229
4195 2 2 2 2 1312 1749 1747
4196 2 2 2 2 1822 2038 453
4197 2 2 2 2 921 2235 429
4198 2 2 2 2 398 1998 420
4199 2 2 2 2 1555 2274 1556
4200 2 2 2 2 1319 1770 1722
4201 2 2 2 2 1163 1770 1161
4202 2 2 2 2 719 1642 809
4203 2 2 2 2 1835 1836 1716
4204 2 2 2 2 1077 1637 966
4205 2 2 2 2 1718 2266 2263
4206 2 2 2 2 1639 1647 1266
4207 2 2 2 2 1725 1726 1234
4208 2 2 2 2 725 1992 729
4209 2 2 2 2 562 2242 2065
4210 2 2 2 2 1753 1991 1143
4211 2 2 2 2 1324 1973 1825
4212 2 2 2 2 626 2173 583
4213 2 2 2 2 1328 2237 2173
4214 2 2 2 2 1169 1609 1607
4215 2 2 2 2 2118 2140 750
4216 2 2 2 2 1166 2209 1168
4217 2 2 2 2 1117 1480 1115
4218 2 2 2 2 1562 2272 1549
4219 2 2 2 2 2193 2240 1433
4220 2 2 2 2 1427 2240 1424
4221 2 2 2 2 1685 1686 995
4222 2 2 2 2 2119 2212 2122
4223 2 2 2 2 1230 2233 1232
4224 2 2 2 2 809 1642 1641
4225 2 2 2 2 1850 1851 1246
4226 2 2 2 2 2071 2317 2316
4227 2 2 2 2 1760 1762 1135
4228 2 2 2 2 1078 1901 1900
4229 2 2 2 2 1813 2045 1817
4230 2 2 2 2 1443 1452 1450
4231 2 2 2 2 1607 1651 1167
4232 2 2 2 2 1817 1818 1815
4233 2 2 2 2 1278 1918 994
4234 2 2 2 2 1505 1877 458
4235 2 2 2 2 1162 2216 1164
4236 2 2 2 2 1112 1539 454
4237 2 2 2 2 1718 2263 1988
4238 2 2 2 2 2078 2391 2070
4239 2 2 2 2 1434 2183 1469
4240 2 2 2 2 901 1894 1888
4241 2 2 2 2 421 1796 444
4242 2 2 2 2 2071 2316 2211
4243 2 2 2 2 1865 1868 461
4244 2 2 2 2 1554 2304 2289
4245 2 2 2 2 1437 1458 1438
4246 2 2 2 2 191 2421 1478
4247 2 2 2 2 2293 2294 1264
4248 2 2 2 2 1176 2304 1929
4249 2 2 2 2 1365 2313 1941
4250 2 2 2 2 1290 1498 1487
4251 2 2 2 2 1158 2220 1160
4252 2 2 2 2 1691 1724 699
4253 2 2 2 2 1055 2306 2043
4254 2 2 2 2 1197 1715 1713
4255 2 2 2 2 1855 2313 2305
4256 2 2 2 2 1232 2233 1725
4257 2 2 2 2 1688 2311 1046
4258 2 2 2 2 465 1698 473
4259 2 2 2 2 179 2310 133
4260 2 2 2 2 1604 2166 653
4261 2 2 2 2 1848 1849 850
4262 2 2 2 2 1136 1743 1741
4263 2 2 2 2 1165 1651 1649
4264 2 2 2 2 845 1878 1873
4265 2 2 2 2 2068 2077 2067
4266 2 2 2 2 1744 1956 585
4267 2 2 2 2 693 1932 1154
4268 2 2 2 2 1955 1956 1954
4269 2 2 2 2 1290 1499 1498
4270 2 2 2 2 1469 2183 1461
4271 2 2 2 2 915 2041 1506
4272 2 2 2 2 1005 1521 1520
4273 2 2 2 2 1371 2243 975
4274 2 2 2 2 1601 1674 1603
4275 2 2 2 2 915 2312 1990
4276 2 2 2 2 1326 1687 1686
4277 2 2 2 2 1462 1463 1421
4278 2 2 2 2 1110 1499 1290
4279 2 2 2 2 1097 2199 1098
4280 2 2 2 2 1405 2456 160
4281 2 2 2 2 1232 1725 1234
4282 2 2 2 2 1788 1790 1317
4283 2 2 2 2 1178 1928 1835
4284 2 2 2 2 1538 2096 1299
4285 2 2 2 2 1195 1844 1715
4286 2 2 2 2 828 1844 965
4287 2 2 2 2 1554 2289 1558
4288 2 2 2 2 1461 2181 570
4289 2 2 2 2 1601 1603 1602
4290 2 2 2 2 570 2181 522
4291 2 2 2 2 227 228 176
4292 2 2 2 2 2063 2270 1249
4293 2 2 2 2 998 1872 842
4294 2 2 2 2 1178 1835 1716
4295 2 2 2 2 684 1928 1178
4296 2 2 2 2 1874 1875 999
4297 2 2 2 2 1553 2297 1554
4298 2 2 2 2 877 2117 751
4299 2 2 2 2 1641 1642 1640
4300 2 2 2 2 1048 2311 1237
4301 2 2 2 2 1637 1638 805
4302 2 2 2 2 917 1584 1089
4303 2 2 2 2 2294 2437 173
4304 2 2 2 2 1537 1668 1328
4305 2 2 2 2 1380 1668 1666
4306 2 2 2 2 449 1865 461
4307 2 2 2 2 1962 1963 640
4308 2 2 2 2 908 2180 843
4309 2 2 2 2 1404 2180 1101
4310 2 2 2 2 564 2242 562
4311 2 2 2 2 858 1673 1600
4312 2 2 2 2 852 2271 1485
4313 2 2 2 2 2122 2318 2131
4314 2 2 2 2 1458 1459 689
4315 2 2 2 2 877 2212 2117
4316 2 2 2 2 1876 1878 1338
4317 2 2 2 2 1309 1684 1394
4318 2 2 2 2 963 1769 1767
4319 2 2 2 2 1309 2244 1685
4320 2 2 2 2 1443 1453 1452
4321 2 2 2 2 1556 2297 1553
4322 2 2 2 2 1848 2308 1849
4323 2 2 2 2 1273 2244 1309
4324 2 2 2 2 1319 1720 1159
4325 2 2 2 2 1648 2293 1264
4326 2 2 2 2 1226 2214 1872
4327 2 2 2 2 1920 1921 652
4328 2 2 2 2 865 2272 1562
4329 2 2 2 2 1287 2359 2209
4330 2 2 2 2 1301 2241 1211
4331 2 2 2 2 2097 2205 2204
4332 2 2 2 2 1873 1874 999
4333 2 2 2 2 1294 1585 1584
4334 2 2 2 2 1555 1556 1553
4335 2 2 2 2 2211 2316 2212
4336 2 2 2 2 1150 1769 964
4337 2 2 2 2 2110 2312 1500
4338 2 2 2 2 1894 1895 1891
4339 2 2 2 2 1161 1770 1319
4340 2 2 2 2 1454 1456 1404
4341 2 2 2 2 2221 2222 2220
4342 2 2 2 2 1438 1453 1440
4343 2 2 2 2 1713 2244 1273
4344 2 2 2 2 1084 2223 1081
4345 2 2 2 2 178 2314 55
4346 2 2 2 2 2211 2212 877
4347 2 2 2 2 1328 2173 626
4348 2 2 2 2 1963 1965 640
4349 2 2 2 2 1287 2209 1166
4350 2 2 2 2 1433 2240 1427
4351 2 2 2 2 1813 1817 1815
4352 2 2 2 2 2222 2397 1271
4353 2 2 2 2 1720 1773 1157
4354 2 2 2 2 1099 2383 1798
4355 2 2 2 2 2212 2316 2122
4356 2 2 2 2 1271 2216 1162
4357 2 2 2 2 2156 2395 75
4358 2 2 2 2 2316 2318 2122
4359 2 2 2 2 1878 1934 1338
4360 2 2 2 2 1888 1894 1891
4361 2 2 2 2 1270 2220 1158
4362 2 2 2 2 1309 1685 1684
4363 2 2 2 2 1197 1713 1273
4364 2 2 2 2 1344 1690 1689
4365 2 2 2 2 1914 2368 2320
4366 2 2 2 2 1136 1741 1137
4367 2 2 2 2 2127 2324 2130
4368 2 2 2 2 2293 2323 2294
4369 2 2 2 2 1954 1956 1744
4370 2 2 2 2 2074 2077 2068
4371 2 2 2 2 1173 1586 1171
4372 2 2 2 2 865 2273 2272
4373 2 2 2 2 2139 2141 2137
4374 2 2 2 2 2071 2391 2317
4375 2 2 2 2 2317 2318 2316
4376 2 2 2 2 1990 2312 2110
4377 2 2 2 2 1169 1607 1167
4378 2 2 2 2 965 1844 1195
4379 2 2 2 2 1226 1872 998
4380 2 2 2 2 1046 2311 1048
4381 2 2 2 2 1443 1450 1444
4382 2 2 2 2 1270 2221 2220
4383 2 2 2 2 1165 1649 1163
4384 2 2 2 2 1666 1668 1537
4385 2 2 2 2 2201 2221 1270
4386 2 2 2 2 1101 2180 908
4387 2 2 2 2 22 1416 21
4388 2 2 2 2 111 2319 192
4389 2 2 2 2 1446 1457 1456
4390 2 2 2 2 1159 1720 1157
4391 2 2 2 2 2130 2324 2314
4392 2 2 2 2 225 2320 95
4393 2 2 2 2 1919 2386 1280
4394 2 2 2 2 29 1414 28
4395 2 2 2 2 34 1406 33
4396 2 2 2 2 845 1934 1878
4397 2 2 2 2 2079 2416 167
4398 2 2 2 2 1767 1769 1150
4399 2 2 2 2 1440 1453 1443
4400 2 2 2 2 2134 2439 1283
4401 2 2 2 2 1401 2223 1084
4402 2 2 2 2 1446 1456 1454
4403 2 2 2 2 1798 2383 1177
4404 2 2 2 2 133 2310 132
4405 2 2 2 2 198 2370 136
4406 2 2 2 2 2345 2346 1793
4407 2 2 2 2 195 2462 2447
4408 2 2 2 2 1896 2387 1891
4409 2 2 2 2 2133 2413 2134
4410 2 2 2 2 40 2375 213
4411 2 2 2 2 79 2372 203
4412 2 2 2 2 157 2369 223
4413 2 2 2 2 55 2314 54
4414 2 2 2 2 203 2372 2215
4415 2 2 2 2 1684 2386 1394
4416 2 2 2 2 183 2357 11
4417 2 2 2 2 184 2358 128
4418 2 2 2 2 2199 2434 2200
4419 2 2 2 2 112 2319 111
4420 2 2 2 2 1448 2401 218
4421 2 2 2 2 187 2349 2317
4422 2 2 2 2 226 227 176
4423 2 2 2 2 2361 2400 2078
4424 2 2 2 2 99 2392 2352
4425 2 2 2 2 2070 2391 2071
4426 2 2 2 2 95 2320 94
4427 2 2 2 2 2317 2391 187
4428 2 2 2 2 1177 2383 2382
4429 2 2 2 2 1289 2388 2217
4430 2 2 2 2 153 2364 212
4431 2 2 2 2 1282 2389 2225
4432 2 2 2 2 227 2388 1470
4433 2 2 2 2 2209 2420 1393
4434 2 2 2 2 181 2350 92
4435 2 2 2 2 136 2370 135
4436 2 2 2 2 2281 2398 1419
4437 2 2 2 2 1441 2401 1448
4438 2 2 2 2 1262 2390 1385
4439 2 2 2 2 2157 2395 2156
4440 2 2 2 2 1281 2449 2373
4441 2 2 2 2 185 2371 1411
4442 2 2 2 2 214 2377 58
4443 2 2 2 2 2294 2390 1264
4444 2 2 2 2 177 2374 97
4445 2 2 2 2 107 2339 172
4446 2 2 2 2 67 2348 173
4447 2 2 2 2 47 2349 187
4448 2 2 2 2 8 2347 188
4449 2 2 2 2 2216 2397 2327
4450 2 2 2 2 174 2346 139
4451 2 2 2 2 199 2363 63
4452 2 2 2 2 161 2334 102
4453 2 2 2 2 148 2342 207
4454 2 2 2 2 109 2341 204
4455 2 2 2 2 31 2343 206
4456 2 2 2 2 129 2351 184
4457 2 2 2 2 69 2340 209
4458 2 2 2 2 172 2353 106
4459 2 2 2 2 175 2332 60
4460 2 2 2 2 106 2353 105
4461 2 2 2 2 104 2365 103
4462 2 2 2 2 143 2381 142
4463 2 2 2 2 103 2365 161
4464 2 2 2 2 219 2365 104
4465 2 2 2 2 142 2381 208
4466 2 2 2 2 105 2353 219
4467 2 2 2 2 23 226 176
4468 2 2 2 2 205 226 24
4469 2 2 2 2 140 2333 174
4470 2 2 2 2 208 2333 141
4471 2 2 2 2 30 2356 29
4472 2 2 2 2 61 2362 175
4473 2 2 2 2 24 226 23
4474 2 2 2 2 141 2333 140
4475 2 2 2 2 70 2340 69
4476 2 2 2 2 2132 2412 182
4477 2 2 2 2 130 2351 129
4478 2 2 2 2 1791 2394 1790
4479 2 2 2 2 20 2344 197
4480 2 2 2 2 98 2352 177
4481 2 2 2 2 137 2345 198
4482 2 2 2 2 206 2356 30
4483 2 2 2 2 213 2382 1697
4484 2 2 2 2 32 2343 31
4485 2 2 2 2 149 2342 148
4486 2 2 2 2 110 2341 109
4487 2 2 2 2 62 2362 61
4488 2 2 2 2 2315 2332 175
4489 2 2 2 2 102 2334 101
4490 2 2 2 2 63 2363 62
4491 2 2 2 2 134 2373 179
4492 2 2 2 2 56 2376 178
4493 2 2 2 2 1793 2452 1791
4494 2 2 2 2 2327 2359 1287
4495 2 2 2 2 139 2346 138
4496 2 2 2 2 9 2347 8
4497 2 2 2 2 48 2349 47
4498 2 2 2 2 1383 2398 1382
4499 2 2 2 2 16 2384 15
4500 2 2 2 2 186 2340 70
4501 2 2 2 2 68 2348 67
4502 2 2 2 2 220 2351 130
4503 2 2 2 2 108 2339 107
4504 2 2 2 2 97 2374 96
4505 2 2 2 2 21 2344 20
4506 2 2 2 2 99 2352 98
4507 2 2 2 2 138 2345 137
4508 2 2 2 2 58 2377 57
4509 2 2 2 2 93 2368 181
4510 2 2 2 2 152 2379 151
4511 2 2 2 2 113 2378 112
4512 2 2 2 2 35 2380 34
4513 2 2 2 2 1280 2386 1684
4514 2 2 2 2 14 2354 222
4515 2 2 2 2 131 2355 220
4516 2 2 2 2 191 2343 32
4517 2 2 2 2 192 2341 110
4518 2 2 2 2 193 2342 149
4519 2 2 2 2 1400 2403 1214
4520 2 2 2 2 1272 2404 1409
4521 2 2 2 2 1395 2404 1274
4522 2 2 2 2 92 2350 91
4523 2 2 2 2 101 2334 202
4524 2 2 2 2 154 2364 153
4525 2 2 2 2 222 2366 13
4526 2 2 2 2 12 2366 183
4527 2 2 2 2 221 2367 52
4528 2 2 2 2 51 2367 182
4529 2 2 2 2 135 2373 134
4530 2 2 2 2 57 2376 56
4531 2 2 2 2 218 2347 9
4532 2 2 2 2 216 2349 48
4533 2 2 2 2 180 2384 16
4534 2 2 2 2 128 2358 127
4535 2 2 2 2 11 2357 10
4536 2 2 2 2 209 2348 68
4537 2 2 2 2 1 2335 160
4538 2 2 2 2 4 2336 121
4539 2 2 2 2 2 2337 43
4540 2 2 2 2 210 2444 1694
4541 2 2 2 2 204 2339 108
4542 2 2 2 2 96 2374 225
4543 2 2 2 2 59 2332 214
4544 2 2 2 2 88 2371 185
4545 2 2 2 2 1999 2403 967
4546 2 2 2 2 60 2332 59
4547 2 2 2 2 94 2368 93
4548 2 2 2 2 158 2369 157
4549 2 2 2 2 80 2372 79
4550 2 2 2 2 41 2375 40
4551 2 2 2 2 1387 2406 1388
4552 2 2 2 2 212 2379 152
4553 2 2 2 2 211 2378 113
4554 2 2 2 2 210 2380 35
4555 2 2 2 2 15 2354 14
4556 2 2 2 2 132 2355 131
4557 2 2 2 2 1891 2387 1890
4558 2 2 2 2 2123 2412 2132
4559 2 2 2 2 2131 2412 2121
4560 2 2 2 2 1413 2435 72
4561 2 2 2 2 91 2350 217
4562 2 2 2 2 1375 2416 2079
4563 2 2 2 2 162 2364 154
4564 2 2 2 2 1902 2407 1900
4565 2 2 2 2 13 2366 12
4566 2 2 2 2 52 2367 51
4567 2 2 2 2 1281 2402 1267
4568 2 2 2 2 2246 2336 1286
4569 2 2 2 2 2201 2385 2221
4570 2 2 2 2 160 2335 1405
4571 2 2 2 2 1284 2408 2177
4572 2 2 2 2 127 2358 215
4573 2 2 2 2 10 2357 218
4574 2 2 2 2 2314 2413 2130
4575 2 2 2 2 200 2335 1
4576 2 2 2 2 201 2336 4
4577 2 2 2 2 196 2337 2
4578 2 2 2 2 1454 2424 1455
4579 2 2 2 2 89 2371 88
4580 2 2 2 2 1907 2393 1905
4581 2 2 2 2 1275 2410 1479
4582 2 2 2 2 1278 2409 1918
4583 2 2 2 2 15 2384 2354
4584 2 2 2 2 100 2392 99
4585 2 2 2 2 1470 2388 1289
4586 2 2 2 2 1403 2424 1404
4587 2 2 2 2 1410 1669 190
4588 2 2 2 2 2247 2433 1381
4589 2 2 2 2 202 2396 2393
4590 2 2 2 2 166 2369 158
4591 2 2 2 2 168 2372 80
4592 2 2 2 2 167 2375 41
4593 2 2 2 2 44 2361 196
4594 2 2 2 2 122 2360 201
4595 2 2 2 2 2217 2405 1391
4596 2 2 2 2 2199 2470 2434
4597 2 2 2 2 2393 2396 1903
4598 2 2 2 2 75 2395 74
4599 2 2 2 2 178 2413 2314
4600 2 2 2 2 2323 2437 2294
4601 2 2 2 2 1373 2423 1405
4602 2 2 2 2 2300 2423 1592
4603 2 2 2 2 1847 2432 1372
4604 2 2 2 2 2217 2388 205
4605 2 2 2 2 112 2378 2319
4606 2 2 2 2 1382 2344 1416
4607 2 2 2 2 1696 2383 1099
4608 2 2 2 2 1530 2417 1408
4609 2 2 2 2 1412 2417 1377
4610 2 2 2 2 1910 2414 1906
4611 2 2 2 2 2188 2436 2189
4612 2 2 2 2 62 2363 2362
4613 2 2 2 2 215 2325 126
4614 2 2 2 2 2213 2418 1288
4615 2 2 2 2 138 2346 2345
4616 2 2 2 2 2280 2415 2281
4617 2 2 2 2 2293 2406 2323
4618 2 2 2 2 1264 2390 1262
4619 2 2 2 2 1271 2397 2216
4620 2 2 2 2 2336 2470 1286
4621 2 2 2 2 2370 2373 135
4622 2 2 2 2 1478 2421 1476
4623 2 2 2 2 1899 2446 1897
4624 2 2 2 2 1916 2368 1914
4625 2 2 2 2 57 2377 2376
4626 2 2 2 2 1447 2471 1445
4627 2 2 2 2 1283 2389 1282
4628 2 2 2 2 34 2380 1406
4629 2 2 2 2 2320 2368 94
4630 2 2 2 2 197 2398 2281
4631 2 2 2 2 1395 2426 2404
4632 2 2 2 2 25 2405 205
4633 2 2 2 2 2079 2461 2080
4634 2 2 2 2 2074 2419 2077
4635 2 2 2 2 1756 2445 209
4636 2 2 2 2 211 2453 1764
4637 2 2 2 2 1790 2394 1376
4638 2 2 2 2 29 2356 1414
4639 2 2 2 2 194 2433 2247
4640 2 2 2 2 2315 2443 2295
4641 2 2 2 2 165 2466 1697
4642 2 2 2 2 1416 2344 21
4643 2 2 2 2 1900 2422 1899
4644 2 2 2 2 125 2325 189
4645 2 2 2 2 1697 2466 213
4646 2 2 2 2 146 2411 145
4647 2 2 2 2 2323 2406 199
4648 2 2 2 2 2310 2355 132
4649 2 2 2 2 1384 2447 1400
4650 2 2 2 2 49 2322 216
4651 2 2 2 2 2301 2450 1917
4652 2 2 2 2 2347 2471 188
4653 2 2 2 2 1390 2457 1497
4654 2 2 2 2 1905 2393 1903
4655 2 2 2 2 2132 2463 2125
4656 2 2 2 2 1755 2445 1756
4657 2 2 2 2 202 2392 100
4658 2 2 2 2 1903 2396 1902
4659 2 2 2 2 192 2450 2301
4660 2 2 2 2 2392 2393 1907
4661 2 2 2 2 197 2415 19
4662 2 2 2 2 1449 2429 2191
4663 2 2 2 2 2248 2438 82
4664 2 2 2 2 1913 2465 1911
4665 2 2 2 2 1412 2371 89
4666 2 2 2 2 2127 2463 2324
4667 2 2 2 2 182 2322 50
4668 2 2 2 2 45 2361 44
4669 2 2 2 2 123 2360 122
4670 2 2 2 2 1455 2399 1447
4671 2 2 2 2 2032 2471 2347
4672 2 2 2 2 1419 2398 1383
4673 2 2 2 2 38 2466 165
4674 2 2 2 2 74 2395 195
4675 2 2 2 2 175 2443 2315
4676 2 2 2 2 1911 2428 1910
4677 2 2 2 2 171 2425 27
4678 2 2 2 2 2354 2384 2192
4679 2 2 2 2 2339 2387 172
4680 2 2 2 2 1910 2428 2414
4681 2 2 2 2 2324 2463 221
4682 2 2 2 2 1274 2404 1272
4683 2 2 2 2 2445 2473 2348
4684 2 2 2 2 2407 2422 1900
4685 2 2 2 2 147 2426 146
4686 2 2 2 2 170 2431 144
4687 2 2 2 2 2301 2341 192
4688 2 2 2 2 2080 2461 43
4689 2 2 2 2 187 2400 46
4690 2 2 2 2 1214 2403 1999
4691 2 2 2 2 205 2405 2217
4692 2 2 2 2 72 2435 71
4693 2 2 2 2 173 2437 66
4694 2 2 2 2 151 2441 150
4695 2 2 2 2 82 2438 81
4696 2 2 2 2 7 2399 6
4697 2 2 2 2 2356 2410 1277
4698 2 2 2 2 2327 2397 215
4699 2 2 2 2 160 2456 159
4700 2 2 2 2 114 2453 211
4701 2 2 2 2 164 2453 115
4702 2 2 2 2 36 2444 210
4703 2 2 2 2 165 2444 37
4704 2 2 2 2 189 2325 2222
4705 2 2 2 2 2280 2440 2415
4706 2 2 2 2 2310 2408 1285
4707 2 2 2 2 1394 2468 1395
4708 2 2 2 2 1267 2402 1398
4709 2 2 2 2 2405 2425 1391
4710 2 2 2 2 185 2321 87
4711 2 2 2 2 2410 2460 1479
4712 2 2 2 2 196 2338 2337
4713 2 2 2 2 2416 2451 2375
4714 2 2 2 2 2334 2396 202
4715 2 2 2 2 17 2440 180
4716 2 2 2 2 2281 2415 197
4717 2 2 2 2 179 2408 2310
4718 2 2 2 2 2121 2412 2123
4719 2 2 2 2 213 2466 39
4720 2 2 2 2 2032 2401 1441
4721 2 2 2 2 189 2385 124
4722 2 2 2 2 1374 2416 1375
4723 2 2 2 2 1277 2410 1275
4724 2 2 2 2 2408 2449 2177
4725 2 2 2 2 1374 2451 2416
4726 2 2 2 2 1388 2406 2293
4727 2 2 2 2 123 2385 2360
4728 2 2 2 2 43 2461 42
4729 2 2 2 2 126 2325 125
4730 2 2 2 2 2352 2392 1907
4731 2 2 2 2 2413 2439 2134
4732 2 2 2 2 1399 2455 1916
4733 2 2 2 2 182 2367 2132
4734 2 2 2 2 143 2431 2381
4735 2 2 2 2 166 2423 2300
4736 2 2 2 2 26 2405 25
4737 2 2 2 2 1376 2409 1278
4738 2 2 2 2 2221 2385 189
4739 2 2 2 2 1285 2408 1284
4740 2 2 2 2 198 2402 2370
4741 2 2 2 2 2420 2458 1393
4742 2 2 2 2 2189 2436 183
4743 2 2 2 2 188 2399 7
4744 2 2 2 2 202 2393 2392
4745 2 2 2 2 2360 2385 2201
4746 2 2 2 2 209 2340 1756
4747 2 2 2 2 2381 2431 1919
4748 2 2 2 2 1406 2421 191
4749 2 2 2 2 1397 2472 1413
4750 2 2 2 2 1890 2427 1892
4751 2 2 2 2 209 2445 2348
4752 2 2 2 2 72 2469 1413
4753 2 2 2 2 214 2389 2377
4754 2 2 2 2 1404 2424 1454
4755 2 2 2 2 2238 2442 2245
4756 2 2 2 2 183 2366 2189
4757 2 2 2 2 1392 2442 2238
4758 2 2 2 2 2177 2449 1281
4759 2 2 2 2 145 2411 170
4760 2 2 2 2 2359 2420 2209
4761 2 2 2 2 2077 2419 2078
4762 2 2 2 2 2130 2413 2133
4763 2 2 2 2 1693 2380 210
4764 2 2 2 2 2300 2369 166
4765 2 2 2 2 1592 2423 1373
4766 2 2 2 2 1906 2414 1907
4767 2 2 2 2 2404 2426 207
4768 2 2 2 2 2358 2359 2327
4769 2 2 2 2 2389 2467 2225
4770 2 2 2 2 171 2457 2425
4771 2 2 2 2 1881 2330 224
4772 2 2 2 2 43 2337 2080
4773 2 2 2 2 50 2322 49
4774 2 2 2 2 1377 2417 1530
4775 2 2 2 2 189 2222 2221
4776 2 2 2 2 2347 2401 2032
4777 2 2 2 2 45 2400 2361
4778 2 2 2 2 215 2358 2327
4779 2 2 2 2 167 2416 2375
4780 2 2 2 2 1478 2460 2343
4781 2 2 2 2 1405 2335 1403
4782 2 2 2 2 198 2459 2402
4783 2 2 2 2 161 2407 2334
4784 2 2 2 2 2379 2432 1847
4785 2 2 2 2 19 2415 18
4786 2 2 2 2 2422 2446 1899
4787 2 2 2 2 1385 2473 2445
4788 2 2 2 2 1381 2433 1667
4789 2 2 2 2 1288 2418 2248
4790 2 2 2 2 2423 2456 1405
4791 2 2 2 2 2402 2459 1398
4792 2 2 2 2 206 2410 2356
4793 2 2 2 2 2191 2429 2192
4794 2 2 2 2 1395 2468 2411
4795 2 2 2 2 184 2359 2358
4796 2 2 2 2 1476 2421 1378
4797 2 2 2 2 2350 2455 1408
4798 2 2 2 2 2200 2434 2201
4799 2 2 2 2 124 2385 123
4800 2 2 2 2 2326 2442 1392
4801 2 2 2 2 26 2425 2405
4802 2 2 2 2 2382 2451 1374
4803 2 2 2 2 2387 2427 1890
4804 2 2 2 2 2396 2407 1902
4805 2 2 2 2 2225 2467 2315
4806 2 2 2 2 2361 2419 196
4807 2 2 2 2 195 2469 73
4808 2 2 2 2 1479 2460 1478
4809 2 2 2 2 1768 2454 1996
4810 2 2 2 2 2352 2414 177
4811 2 2 2 2 206 2460 2410
4812 2 2 2 2 2334 2407 2396
4813 2 2 2 2 1413 2472 2435
4814 2 2 2 2 27 2425 26
4815 2 2 2 2 1911 2465 2428
4816 2 2 2 2 87 2321 86
4817 2 2 2 2 1396 2430 1768
4818 2 2 2 2 1386 2450 2319
4819 2 2 2 2 2339 2427 2387
4820 2 2 2 2 207 2426 147
4821 2 2 2 2 2319 2450 192
4822 2 2 2 2 2415 2440 18
4823 2 2 2 2 2414 2428 177
4824 2 2 2 2 2315 2467 2332
4825 2 2 2 2 2434 2470 201
4826 2 2 2 2 161 2422 2407
4827 2 2 2 2 144 2431 143
4828 2 2 2 2 1372 2432 1396
4829 2 2 2 2 1387 2448 2406
4830 2 2 2 2 1408 2455 1399
4831 2 2 2 2 46 2400 45
4832 2 2 2 2 1396 2432 2430
4833 2 2 2 2 2365 2422 161
4834 2 2 2 2 179 2449 2408
4835 2 2 2 2 71 2435 186
4836 2 2 2 2 1448 2436 2188
4837 2 2 2 2 66 2437 65
4838 2 2 2 2 18 2440 17
4839 2 2 2 2 2430 2432 212
4840 2 2 2 2 73 2469 72
4841 2 2 2 2 150 2441 193
4842 2 2 2 2 1411 2371 1412
4843 2 2 2 2 1413 2447 1384
4844 2 2 2 2 1667 2433 2328
4845 2 2 2 2 81 2438 168
4846 2 2 2 2 2295 2443 1389
4847 2 2 2 2 121 2336 2246
4848 2 2 2 2 1385 2445 1755
4849 2 2 2 2 2078 2419 2361
4850 2 2 2 2 1917 2450 1386
4851 2 2 2 2 2245 2442 169
4852 2 2 2 2 1400 2464 2403
4853 2 2 2 2 2158 2464 2157
4854 2 2 2 2 2351 2420 184
4855 2 2 2 2 177 2428 2374
4856 2 2 2 2 1763 2378 211
4857 2 2 2 2 2239 2472 1397
4858 2 2 2 2 1391 2457 1390
4859 2 2 2 2 2386 2468 1394
4860 2 2 2 2 2364 2430 212
4861 2 2 2 2 1791 2452 2394
4862 2 2 2 2 1398 2459 1793
4863 2 2 2 2 42 2461 167
4864 2 2 2 2 159 2456 166
4865 2 2 2 2 37 2444 36
4866 2 2 2 2 174 2452 2346
4867 2 2 2 2 2125 2463 2127
4868 2 2 2 2 39 2466 38
4869 2 2 2 2 2390 2473 1385
4870 2 2 2 2 115 2453 114
4871 2 2 2 2 2338 2419 2074
4872 2 2 2 2 2354 2429 222
4873 2 2 2 2 1445 2471 2032
4874 2 2 2 2 204 2427 2339
4875 2 2 2 2 2288 2372 168
4876 2 2 2 2 212 2432 2379
4877 2 2 2 2 181 2368 1916
4878 2 2 2 2 1916 2455 181
4879 2 2 2 2 2157 2462 2395
4880 2 2 2 2 183 2436 2357
4881 2 2 2 2 2375 2451 213
4882 2 2 2 2 2425 2457 1391
4883 2 2 2 2 2376 2439 178
4884 2 2 2 2 181 2455 2350
4885 2 2 2 2 199 2448 2363
4886 2 2 2 2 2362 2443 175
4887 2 2 2 2 2348 2473 173
4888 2 2 2 2 219 2446 2365
4889 2 2 2 2 214 2467 2389
4890 2 2 2 2 2373 2449 179
4891 2 2 2 2 2360 2434 201
4892 2 2 2 2 2357 2436 1448
4893 2 2 2 2 2192 2429 2354
4894 2 2 2 2 2343 2460 206
4895 2 2 2 2 2345 2459 198
4896 2 2 2 2 1907 2414 2352
4897 2 2 2 2 218 2401 2347
4898 2 2 2 2 2328 2433 194
4899 2 2 2 2 162 2454 2364
4900 2 2 2 2 169 2442 2326
4901 2 2 2 2 220 2458 2351
4902 2 2 2 2 1389 2443 2362
4903 2 2 2 2 2394 2452 174
4904 2 2 2 2 2332 2467 214
4905 2 2 2 2 2374 2465 225
4906 2 2 2 2 178 2439 2413
4907 2 2 2 2 213 2451 2382
4908 2 2 2 2 2365 2446 2422
4909 2 2 2 2 170 2468 2386
4910 2 2 2 2 2430 2454 1768
4911 2 2 2 2 201 2470 2336
4912 2 2 2 2 2462 2464 1400
4913 2 2 2 2 173 2473 2390
4914 2 2 2 2 2364 2454 2430
4915 2 2 2 2 2428 2465 2374
4916 2 2 2 2 2447 2469 195
4917 2 2 2 2 166 2456 2423
4918 2 2 2 2 2395 2462 195
4919 2 2 2 2 2157 2464 2462
4920 2 2 2 2 2406 2448 199
4921 2 2 2 2 196 2419 2338
4922 2 2 2 2 2403 2464 2158
4923 2 2 2 2 184 2420 2359
4924 2 2 2 2 1793 2459 2345
4925 2 2 2 2 2351 2458 2420
4926 2 2 2 2 2201 2434 2360
4927 2 2 2 2 2411 2468 170
4928 2 2 2 2 186 2472 2239
4929 2 2 2 2 2418 2438 2248
4930 2 2 2 2 168 2438 2418
4931 2 2 2 2 2435 2472 186
4932 2 2 2 2 1413 2469 2447
4933 2 2 2 2 3 194 82
4934 2 2 2 2 6 200 5
4935 2 2 2 2 6 1455 200
4936 2 2 2 2 194 2248 82
4937 2 2 2 2 86 190 85
4938 2 2 2 2 86 1410 190
4939 2 2 2 2 1286 2470 1097
4940 2 2 2 2 1097 2470 2199
4941 2 2 2 2 2073 2338 2074
4942 2 2 2 2 2075 2338 2073
4943 2 2 2 2 2215 2372 2214
4944 2 2 2 2 2214 2372 2288
$EndElements
