$MeshFormat
2.2 0 8
$EndMeshFormat
$Nodes
5990
1 -0.5 0 0
2 0 -0.5 0
3 0.5 0 0
4 0 0.5 0
5 -0.4929577464788652 -0.007042253521134786 0
6 -0.4859154929577305 -0.01408450704226951 0
7 -0.4788732394365965 -0.02112676056340348 0
8 -0.4718309859154629 -0.02816901408453715 0
9 -0.4647887323943279 -0.03521126760567206 0
10 -0.4577464788731919 -0.0422535211268081 0
11 -0.4507042253520558 -0.04929577464794415 0
12 -0.4436619718309198 -0.05633802816908019 0
13 -0.436619718309794 -0.06338028169020601 0
14 -0.4295774647886972 -0.0704225352113028 0
15 -0.4225352112676051 -0.07746478873239486 0
16 -0.4154929577465131 -0.08450704225348693 0
17 -0.408450704225421 -0.09154929577457899 0
18 -0.401408450704329 -0.09859154929567104 0
19 -0.3943661971832369 -0.1056338028167631 0
20 -0.3873239436621448 -0.1126760563378552 0
21 -0.3802816901410528 -0.1197183098589472 0
22 -0.3732394366199607 -0.1267605633800393 0
23 -0.3661971830988686 -0.1338028169011314 0
24 -0.3591549295777766 -0.1408450704222234 0
25 -0.3521126760566845 -0.1478873239433155 0
26 -0.3450704225355925 -0.1549295774644075 0
27 -0.3380281690145004 -0.1619718309854996 0
28 -0.3309859154934084 -0.1690140845065916 0
29 -0.3239436619723163 -0.1760563380276837 0
30 -0.3169014084512242 -0.1830985915487758 0
31 -0.3098591549301322 -0.1901408450698678 0
32 -0.3028169014090401 -0.1971830985909599 0
33 -0.2957746478879481 -0.2042253521120519 0
34 -0.288732394366856 -0.211267605633144 0
35 -0.2816901408457639 -0.218309859154236 0
36 -0.2746478873246718 -0.2253521126753281 0
37 -0.2676056338035798 -0.2323943661964202 0
38 -0.2605633802824877 -0.2394366197175123 0
39 -0.2535211267613947 -0.2464788732386053 0
40 -0.2464788732402733 -0.2535211267597267 0
41 -0.2394366197191235 -0.2605633802808765 0
42 -0.2323943661979728 -0.2676056338020272 0
43 -0.225352112676822 -0.274647887323178 0
44 -0.2183098591556714 -0.2816901408443286 0
45 -0.2112676056345207 -0.2887323943654793 0
46 -0.20422535211337 -0.29577464788663 0
47 -0.1971830985922192 -0.3028169014077808 0
48 -0.1901408450710685 -0.3098591549289315 0
49 -0.1830985915499178 -0.3169014084500822 0
50 -0.1760563380287671 -0.3239436619712329 0
51 -0.1690140845076164 -0.3309859154923836 0
52 -0.1619718309864657 -0.3380281690135343 0
53 -0.1549295774653149 -0.3450704225346851 0
54 -0.1478873239441643 -0.3521126760558357 0
55 -0.1408450704230136 -0.3591549295769864 0
56 -0.1338028169018629 -0.3661971830981371 0
57 -0.1267605633807121 -0.3732394366192879 0
58 -0.1197183098595614 -0.3802816901404386 0
59 -0.1126760563384107 -0.3873239436615893 0
60 -0.10563380281726 -0.39436619718274 0
61 -0.0985915492961093 -0.4014084507038907 0
62 -0.09154929577495863 -0.4084507042250414 0
63 -0.0845070422538079 -0.4154929577461921 0
64 -0.07746478873265716 -0.4225352112673428 0
65 -0.07042253521150643 -0.4295774647884936 0
66 -0.06338028169035581 -0.4366197183096442 0
67 -0.05633802816920508 -0.4436619718307949 0
68 -0.04929577464805435 -0.4507042253519457 0
69 -0.04225352112690367 -0.4577464788730963 0
70 -0.0352112676057531 -0.4647887323942469 0
71 -0.02816901408460243 -0.4718309859153976 0
72 -0.02112676056345186 -0.4788732394365481 0
73 -0.01408450704230124 -0.4859154929576988 0
74 -0.007042253521150565 -0.4929577464788494 0
75 0.007042253521134786 -0.4929577464788652 0
76 0.01408450704226951 -0.4859154929577305 0
77 0.02112676056340348 -0.4788732394365965 0
78 0.02816901408453715 -0.4718309859154629 0
79 0.03521126760567206 -0.4647887323943279 0
80 0.0422535211268081 -0.4577464788731919 0
81 0.04929577464794415 -0.4507042253520558 0
82 0.05633802816908019 -0.4436619718309198 0
83 0.06338028169020601 -0.436619718309794 0
84 0.0704225352113028 -0.4295774647886972 0
85 0.07746478873239486 -0.4225352112676051 0
86 0.08450704225348693 -0.4154929577465131 0
87 0.09154929577457899 -0.408450704225421 0
88 0.09859154929567104 -0.401408450704329 0
89 0.1056338028167631 -0.3943661971832369 0
90 0.1126760563378552 -0.3873239436621448 0
91 0.1197183098589472 -0.3802816901410528 0
92 0.1267605633800393 -0.3732394366199607 0
93 0.1338028169011314 -0.3661971830988686 0
94 0.1408450704222234 -0.3591549295777766 0
95 0.1478873239433155 -0.3521126760566845 0
96 0.1549295774644075 -0.3450704225355925 0
97 0.1619718309854996 -0.3380281690145004 0
98 0.1690140845065916 -0.3309859154934084 0
99 0.1760563380276837 -0.3239436619723163 0
100 0.1830985915487758 -0.3169014084512242 0
101 0.1901408450698678 -0.3098591549301322 0
102 0.1971830985909599 -0.3028169014090401 0
103 0.2042253521120519 -0.2957746478879481 0
104 0.211267605633144 -0.288732394366856 0
105 0.218309859154236 -0.2816901408457639 0
106 0.2253521126753281 -0.2746478873246718 0
107 0.2323943661964202 -0.2676056338035798 0
108 0.2394366197175123 -0.2605633802824877 0
109 0.2464788732386053 -0.2535211267613947 0
110 0.2535211267597267 -0.2464788732402733 0
111 0.2605633802808765 -0.2394366197191235 0
112 0.2676056338020272 -0.2323943661979728 0
113 0.274647887323178 -0.225352112676822 0
114 0.2816901408443286 -0.2183098591556714 0
115 0.2887323943654793 -0.2112676056345207 0
116 0.29577464788663 -0.20422535211337 0
117 0.3028169014077808 -0.1971830985922192 0
118 0.3098591549289315 -0.1901408450710685 0
119 0.3169014084500822 -0.1830985915499178 0
120 0.3239436619712329 -0.1760563380287671 0
121 0.3309859154923836 -0.1690140845076164 0
122 0.3380281690135343 -0.1619718309864657 0
123 0.3450704225346851 -0.1549295774653149 0
124 0.3521126760558357 -0.1478873239441643 0
125 0.3591549295769864 -0.1408450704230136 0
126 0.3661971830981371 -0.1338028169018629 0
127 0.3732394366192879 -0.1267605633807121 0
128 0.3802816901404386 -0.1197183098595614 0
129 0.3873239436615893 -0.1126760563384107 0
130 0.39436619718274 -0.10563380281726 0
131 0.4014084507038907 -0.0985915492961093 0
132 0.4084507042250414 -0.09154929577495863 0
133 0.4154929577461921 -0.0845070422538079 0
134 0.4225352112673428 -0.07746478873265716 0
135 0.4295774647884936 -0.07042253521150643 0
136 0.4366197183096442 -0.06338028169035581 0
137 0.4436619718307949 -0.05633802816920508 0
138 0.4507042253519457 -0.04929577464805435 0
139 0.4577464788730963 -0.04225352112690367 0
140 0.4647887323942469 -0.0352112676057531 0
141 0.4718309859153976 -0.02816901408460243 0
142 0.4788732394365481 -0.02112676056345186 0
143 0.4859154929576988 -0.01408450704230124 0
144 0.4929577464788494 -0.007042253521150565 0
145 0.4929577464788652 0.007042253521134786 0
146 0.4859154929577305 0.01408450704226951 0
147 0.4788732394365965 0.02112676056340348 0
148 0.4718309859154629 0.02816901408453715 0
149 0.4647887323943279 0.03521126760567206 0
150 0.4577464788731919 0.0422535211268081 0
151 0.4507042253520558 0.04929577464794415 0
152 0.4436619718309198 0.05633802816908019 0
153 0.436619718309794 0.06338028169020601 0
154 0.4295774647886972 0.0704225352113028 0
155 0.4225352112676051 0.07746478873239486 0
156 0.4154929577465131 0.08450704225348693 0
157 0.408450704225421 0.09154929577457899 0
158 0.401408450704329 0.09859154929567104 0
159 0.3943661971832369 0.1056338028167631 0
160 0.3873239436621448 0.1126760563378552 0
161 0.3802816901410528 0.1197183098589472 0
162 0.3732394366199607 0.1267605633800393 0
163 0.3661971830988686 0.1338028169011314 0
164 0.3591549295777766 0.1408450704222234 0
165 0.3521126760566845 0.1478873239433155 0
166 0.3450704225355925 0.1549295774644075 0
167 0.3380281690145004 0.1619718309854996 0
168 0.3309859154934084 0.1690140845065916 0
169 0.3239436619723163 0.1760563380276837 0
170 0.3169014084512242 0.1830985915487758 0
171 0.3098591549301322 0.1901408450698678 0
172 0.3028169014090401 0.1971830985909599 0
173 0.2957746478879481 0.2042253521120519 0
174 0.288732394366856 0.211267605633144 0
175 0.2816901408457639 0.218309859154236 0
176 0.2746478873246718 0.2253521126753281 0
177 0.2676056338035798 0.2323943661964202 0
178 0.2605633802824877 0.2394366197175123 0
179 0.2535211267613947 0.2464788732386053 0
180 0.2464788732402733 0.2535211267597267 0
181 0.2394366197191235 0.2605633802808765 0
182 0.2323943661979728 0.2676056338020272 0
183 0.225352112676822 0.274647887323178 0
184 0.2183098591556714 0.2816901408443286 0
185 0.2112676056345207 0.2887323943654793 0
186 0.20422535211337 0.29577464788663 0
187 0.1971830985922192 0.3028169014077808 0
188 0.1901408450710685 0.3098591549289315 0
189 0.1830985915499178 0.3169014084500822 0
190 0.1760563380287671 0.3239436619712329 0
191 0.1690140845076164 0.3309859154923836 0
192 0.1619718309864657 0.3380281690135343 0
193 0.1549295774653149 0.3450704225346851 0
194 0.1478873239441643 0.3521126760558357 0
195 0.1408450704230136 0.3591549295769864 0
196 0.1338028169018629 0.3661971830981371 0
197 0.1267605633807121 0.3732394366192879 0
198 0.1197183098595614 0.3802816901404386 0
199 0.1126760563384107 0.3873239436615893 0
200 0.10563380281726 0.39436619718274 0
201 0.0985915492961093 0.4014084507038907 0
202 0.09154929577495863 0.4084507042250414 0
203 0.0845070422538079 0.4154929577461921 0
204 0.07746478873265716 0.4225352112673428 0
205 0.07042253521150643 0.4295774647884936 0
206 0.06338028169035581 0.4366197183096442 0
207 0.05633802816920508 0.4436619718307949 0
208 0.04929577464805435 0.4507042253519457 0
209 0.04225352112690367 0.4577464788730963 0
210 0.0352112676057531 0.4647887323942469 0
211 0.02816901408460243 0.4718309859153976 0
212 0.02112676056345186 0.4788732394365481 0
213 0.01408450704230124 0.4859154929576988 0
214 0.007042253521150565 0.4929577464788494 0
215 -0.007042253521134786 0.4929577464788652 0
216 -0.01408450704226951 0.4859154929577305 0
217 -0.02112676056340348 0.4788732394365965 0
218 -0.02816901408453715 0.4718309859154629 0
219 -0.03521126760567206 0.4647887323943279 0
220 -0.0422535211268081 0.4577464788731919 0
221 -0.04929577464794415 0.4507042253520558 0
222 -0.05633802816908019 0.4436619718309198 0
223 -0.06338028169020601 0.436619718309794 0
224 -0.0704225352113028 0.4295774647886972 0
225 -0.07746478873239486 0.4225352112676051 0
226 -0.08450704225348693 0.4154929577465131 0
227 -0.09154929577457899 0.408450704225421 0
228 -0.09859154929567104 0.401408450704329 0
229 -0.1056338028167631 0.3943661971832369 0
230 -0.1126760563378552 0.3873239436621448 0
231 -0.1197183098589472 0.3802816901410528 0
232 -0.1267605633800393 0.3732394366199607 0
233 -0.1338028169011314 0.3661971830988686 0
234 -0.1408450704222234 0.3591549295777766 0
235 -0.1478873239433155 0.3521126760566845 0
236 -0.1549295774644075 0.3450704225355925 0
237 -0.1619718309854996 0.3380281690145004 0
238 -0.1690140845065916 0.3309859154934084 0
239 -0.1760563380276837 0.3239436619723163 0
240 -0.1830985915487758 0.3169014084512242 0
241 -0.1901408450698678 0.3098591549301322 0
242 -0.1971830985909599 0.3028169014090401 0
243 -0.2042253521120519 0.2957746478879481 0
244 -0.211267605633144 0.288732394366856 0
245 -0.218309859154236 0.2816901408457639 0
246 -0.2253521126753281 0.2746478873246718 0
247 -0.2323943661964202 0.2676056338035798 0
248 -0.2394366197175123 0.2605633802824877 0
249 -0.2464788732386053 0.2535211267613947 0
250 -0.2535211267597267 0.2464788732402733 0
251 -0.2605633802808765 0.2394366197191235 0
252 -0.2676056338020272 0.2323943661979728 0
253 -0.274647887323178 0.225352112676822 0
254 -0.2816901408443286 0.2183098591556714 0
255 -0.2887323943654793 0.2112676056345207 0
256 -0.29577464788663 0.20422535211337 0
257 -0.3028169014077808 0.1971830985922192 0
258 -0.3098591549289315 0.1901408450710685 0
259 -0.3169014084500822 0.1830985915499178 0
260 -0.3239436619712329 0.1760563380287671 0
261 -0.3309859154923836 0.1690140845076164 0
262 -0.3380281690135343 0.1619718309864657 0
263 -0.3450704225346851 0.1549295774653149 0
264 -0.3521126760558357 0.1478873239441643 0
265 -0.3591549295769864 0.1408450704230136 0
266 -0.3661971830981371 0.1338028169018629 0
267 -0.3732394366192879 0.1267605633807121 0
268 -0.3802816901404386 0.1197183098595614 0
269 -0.3873239436615893 0.1126760563384107 0
270 -0.39436619718274 0.10563380281726 0
271 -0.4014084507038907 0.0985915492961093 0
272 -0.4084507042250414 0.09154929577495863 0
273 -0.4154929577461921 0.0845070422538079 0
274 -0.4225352112673428 0.07746478873265716 0
275 -0.4295774647884936 0.07042253521150643 0
276 -0.4366197183096442 0.06338028169035581 0
277 -0.4436619718307949 0.05633802816920508 0
278 -0.4507042253519457 0.04929577464805435 0
279 -0.4577464788730963 0.04225352112690367 0
280 -0.4647887323942469 0.0352112676057531 0
281 -0.4718309859153976 0.02816901408460243 0
282 -0.4788732394365481 0.02112676056345186 0
283 -0.4859154929576988 0.01408450704230124 0
284 -0.4929577464788494 0.007042253521150565 0
285 -0.2439012294499993 -0.2439012302882239 0
286 0.243914780721908 0.2439290339298981 0
287 -0.2444020846009636 0.2437670258573304 0
288 0.2453490672590937 -0.2450323572209746 0
289 -0.2936389987727419 0.1937230922631083 0
290 -0.1946054549328324 -0.2931970041145853 0
291 0.1946054549003776 0.2931970041947883 0
292 0.2936904033049516 -0.1936107350789467 0
293 0.2931970042299828 0.1946054549329946 0
294 0.1937230829553838 -0.2936390016532988 0
295 -0.2931970037231209 -0.1946054551738757 0
296 -0.193680288776336 0.2936717694512788 0
297 -0.3427708905204664 0.144645358836445 0
298 -0.145309680048291 -0.3424927789640391 0
299 0.3426423543669205 -0.1444483952524164 0
300 0.1453096802988732 0.3424927788724665 0
301 0.3354661074978789 0.1523776980045883 0
302 0.1522667684327557 -0.3351929928786705 0
303 -0.1522008228920113 0.3353302430804884 0
304 -0.3354505238876523 -0.1523519352810707 0
305 0.3777196285450361 0.1101241768304626 0
306 -0.1105852171315272 0.3767632210475506 0
307 -0.3777040468932104 -0.1100984139020516 0
308 0.1109717275539474 -0.3778402324710392 0
309 0.3844643556524674 -0.1031445975189564 0
310 -0.3842361626050502 0.1029962554620139 0
311 0.1030561591465777 0.3847463000078344 0
312 -0.1030561591286284 -0.3847462999729577 0
313 0.4129205659431746 0.0749066525663924 0
314 -0.07570925709120169 0.4132862813629748 0
315 0.07501249124884146 -0.412348543610247 0
316 -0.4129153132321832 -0.07488714762913258 0
317 0.4199429671953642 -0.06720776586454844 0
318 0.06784489155298261 0.4199575676100246 0
319 -0.06784489210881116 -0.4199575678999448 0
320 -0.4197443234652252 0.06680482688292086 0
321 -0.0467181309899672 0.4410843281729429 0
322 0.4411121341369928 0.04673168071655298 0
323 0.04671813095932239 -0.441084328142298 0
324 -0.4410843269541544 -0.0467181332736526 0
325 0.03969146326979112 0.4481523442910897 0
326 0.4484696953257996 -0.03981039623700117 0
327 -0.03967587826682288 -0.4481265818095531 0
328 -0.4481265816262491 0.03967587743929388 0
329 -0.3565772842894864 -0.1312251750776862 0
330 0.3216377828053654 -0.164969737207917 0
331 0.3635654647174028 -0.1238870737685818 0
332 -0.2724954796268227 0.2141208434907231 0
333 0.124198504357583 0.3636453014427725 0
334 0.2227744690357628 0.2650279901271131 0
335 0.2725222729909367 -0.2140909635088829 0
336 0.3143425675304221 0.1735260058028704 0
337 0.2720702436667065 0.215732215496271 0
338 0.1664334281819601 0.3213772615765262 0
339 0.3565772859198115 0.131225173243166 0
340 -0.2157322140171815 -0.2720702438304602 0
341 -0.1734786943247813 -0.3143237647673239 0
342 -0.31501436973697 0.174462414249081 0
343 -0.1738432328563376 0.3149408633097276 0
344 -0.3143237643572149 -0.173478694695765 0
345 -0.1318714582317002 0.3575969956123751 0
346 0.2143034021524164 -0.2723333046016862 0
347 0.1745109062140273 -0.3149359489461337 0
348 -0.2650279890031048 -0.2227744694618229 0
349 -0.2237142598354879 0.2658035038752709 0
350 -0.1241829190064474 -0.3636195393292473 0
351 -0.3635591803196227 0.1239568382066412 0
352 0.1316904953767716 -0.3568226485308315 0
353 0.4622110887352898 0.02559137042973037 0
354 -0.02579515880298133 0.4616478455562051 0
355 0.02547082190617993 -0.46180176514916 0
356 -0.4622110872553142 -0.02559137249566115 0
357 0.4691952753471167 -0.01825291868549095 0
358 -0.0185491167540795 -0.469253342642358 0
359 0.018549116910755 0.469253342256353 0
360 -0.4691595691942553 0.01832573641784145 0
361 -0.2581148990573893 0.2299458849697328 0
362 0.3973246076529725 -0.08926175778802437 0
363 -0.08926175237021003 0.3973246120571086 0
364 -0.2298167216891767 -0.2579857368829782 0
365 0.05376865083777455 0.4340503376734366 0
366 0.3072277743143465 -0.1801771491311994 0
367 0.3988308070463631 0.08897165211661434 0
368 0.2579857366163087 0.2298167225423229 0
369 0.4333111393341568 -0.05377901725167043 0
370 0.4270110644726336 0.06079962539132278 0
371 0.0819346519807746 0.4058925670080546 0
372 -0.06225794981819533 0.4281244912176241 0
373 0.09540023742776721 -0.391952595633874 0
374 -0.2088930057342703 0.2784520281011454 0
375 0.2582635201556479 -0.2298274130043882 0
376 -0.4269998201858881 -0.06080264007721859 0
377 -0.08192939882553939 -0.4058730617543362 0
378 -0.4058730605364097 0.08192939856517634 0
379 -0.4328598348409202 0.05371017353821419 0
380 -0.05376038518341401 -0.4340420747246544 0
381 -0.3275398956563413 0.1597752813046661 0
382 0.06083973155814346 -0.4279210542396183 0
383 0.2302240929930286 -0.2588159914039785 0
384 0.1805209478750037 0.3072815112878722 0
385 0.2086899619596064 0.2791124972032695 0
386 -0.3988308060550871 -0.08897165447161791 0
387 -0.1593941871530737 -0.3284082719405131 0
388 -0.279112497190532 -0.2086899628361754 0
389 0.4762877986780736 0.01161417863250686 0
390 -0.01065735277768154 0.4767149929424824 0
391 0.01215488781033825 -0.4761219581440256 0
392 -0.4762712698668474 -0.01159765125198019 0
393 0.4824276048983415 -0.004817325107258573 0
394 0.004633049507047127 0.4834466076811853 0
395 -0.4824118102967738 0.004831888403471036 0
396 -0.004630037447907721 -0.4834435957074111 0
397 -0.166436440754353 -0.3213660182872414 0
398 -0.1638587971006726 -0.311746121092957 0
399 -0.1709010506323909 -0.3047038675621216 0
400 -0.1612811534116036 -0.3021262238767281 0
401 -0.1683234069516464 -0.2950839703388434 0
402 -0.1587035097389132 -0.2925063266517622 0
403 -0.1657457632658322 -0.2854640731128162 0
404 -0.1561258660694611 -0.2828864293731851 0
405 -0.1490836125454059 -0.2899286829718548 0
406 -0.146505968885187 -0.2803087856683137 0
407 -0.1394637153274573 -0.2873510392007425 0
408 -0.1368860716726618 -0.277731141914522 0
409 -0.1298438181368247 -0.2847733954204403 0
410 -0.1272661744712703 -0.2751534981571679 0
411 -0.1202239209114872 -0.2821957516618546 0
412 -0.1176462772784709 -0.2725758544032451 0
413 -0.1246885308747773 -0.2655336009648397 0
414 -0.1150686337035183 -0.2629559571197711 0
415 -0.1221108872845442 -0.2559137037193177 0
416 -0.1124909901013117 -0.2533360599007009 0
417 -0.1195332437133648 -0.2462938064773014 0
418 -0.1099133465599799 -0.2437161627740994 0
419 -0.1169556000698296 -0.2366739092977461 0
420 -0.1073357028842529 -0.2340962655597498 0
421 -0.1143779564317388 -0.2270540121149762 0
422 -0.1047580592569781 -0.2244763683657383 0
423 -0.1118003128124235 -0.2174341148911675 0
424 -0.1021804155865565 -0.2148564711335404 0
425 -0.1092226691501716 -0.207814217672146 0
426 -0.09960277195159342 -0.2052365738922439 0
427 -0.1066450255174465 -0.1981943204588408 0
428 -0.09702512835056297 -0.1956166766474017 0
429 -0.1040673819357574 -0.1885744232579151 0
430 -0.09444748506218591 -0.1859967794749685 0
431 -0.1014897383741633 -0.178954525985809 0
432 -0.0918698417403037 -0.1763768825397009 0
433 -0.09891209494882762 -0.169334628809846 0
434 -0.08929219796489481 -0.1667569853082194 0
435 -0.09633445136912613 -0.1597147315478072 0
436 -0.08671455435349333 -0.1571370878335392 0
437 -0.09375680758508623 -0.1500948346953595 0
438 -0.08413691081149793 -0.147517191043878 0
439 -0.09117916424110038 -0.1404749369321329 0
440 -0.08155926715419708 -0.1378972936658449 0
441 -0.08860152026283373 -0.1308550394202453 0
442 -0.07898162344879456 -0.1282773959654127 0
443 -0.08602387709925359 -0.1212351424606665 0
444 -0.07640397991796692 -0.1186574987187377 0
445 -0.08344623348495013 -0.1116152452285375 0
446 -0.07382633631636498 -0.1090376015182337 0
447 -0.08086858980997376 -0.1019953479821592 0
448 -0.07124869260657876 -0.09941770435479186 0
449 -0.07829094609641121 -0.09237545080449583 0
450 -0.06867104896216676 -0.08979780722530643 0
451 -0.07571330237842515 -0.08275555364207697 0
452 -0.06609340518081186 -0.08017791010494124 0
453 -0.07313565820715981 -0.07313565608081921 0
454 -0.06351576132073539 -0.07055801282252441 0
455 -0.07055801424246184 -0.06351575881505882 0
456 -0.06093811739547335 -0.06093811569384319 0
457 -0.06798037067262941 -0.0538958620369232 0
458 -0.05836047346878818 -0.05131821870646494 0
459 -0.05131822030115091 -0.05836047283432916 0
460 -0.04874057623262112 -0.04874057562867223 0
461 -0.05578282951374039 -0.0416983216553197 0
462 -0.04616293224429244 -0.03912067828068236 0
463 -0.03912067903860481 -0.04616293243061642 0
464 -0.03654303498570566 -0.03654303486386234 0
465 -0.04358528829879865 -0.02950078112887083 0
466 -0.03396539107575712 -0.02692313767660307 0
467 -0.02692313775824751 -0.03396539140040888 0
468 -0.0243454938465375 -0.02434549421305698 0
469 -0.01730324050395501 -0.03138774786765999 0
470 -0.01472559665438603 -0.02176785073869936 0
471 -0.02176785001356812 -0.01472559707112658 0
472 -0.01214795280781567 -0.01214795360735699 0
473 -0.01919020617236517 -0.005105699915847695 0
474 -0.005105699446275647 -0.01919020722266113 0
475 -0.002528055522800804 -0.009570310123941245 0
476 0.004514197805966541 -0.01661256381034731 0
477 0.007091841713913097 -0.006992666724727425 0
478 0.01413409504934275 -0.01403492038561888 0
479 0.01671173894648204 -0.004415023303839472 0
480 0.02375399229687558 -0.01145727696014676 0
481 -0.07760026773814344 -0.05647350454893388 0
482 0.02633163617762015 -0.001837379872848238 0
483 0.03337388949888488 -0.008879633534447512 0
484 -0.07193937023048493 -0.1353196507089582 0
485 0.03595153339803786 0.0007402635770016874 0
486 0.04299378672325115 -0.006301990073419944 0
487 0.04557143061888735 0.003317907054497415 0
488 0.03852917728458605 0.01036016068070944 0
489 0.05261368392730986 -0.003724346602875406 0
490 0.05003603998879885 -0.01334424373797277 0
491 0.05965593720991731 -0.01076660029385104 0
492 0.0570782933198284 -0.02038649739157725 0
493 0.06669819055554038 -0.01780885398634491 0
494 0.06927583443915258 -0.008188956832336614 0
495 0.06412054659712835 -0.02742875106361159 0
496 0.0763180878112224 -0.01523121053920562 0
497 0.07889573171734621 -0.005611313429594755 0
498 0.08593798503265858 -0.0126535670549961 0
499 -0.08740523199539608 -0.1930390335145739 0
500 0.08851562893169274 -0.003033669939065842 0
501 0.09555788224988278 -0.01007592360776902 0
502 0.09813552614867226 -0.0004560264997771624 0
503 0.105177779472812 -0.007498280181054265 0
504 -0.09048848617548941 -0.1045729927365412 0
505 0.107755423384039 0.002121616926520131 0
506 0.1147976766924305 -0.004920636750510951 0
507 0.1122200327800895 -0.01454053383355852 0
508 0.1218399300168983 -0.01196289038163079 0
509 -0.1002934500036458 -0.2411385191004615 0
510 0.1192622861476321 -0.02158278744781555 0
511 0.1173753207487858 0.004699260254169113 0
512 0.1288821833471263 -0.01900514401480241 0
513 0.1263045395068727 -0.02862504110553665 0
514 0.1359244367033723 -0.02604739761689406 0
515 0.1333467928254843 -0.03566729475139174 0
516 0.1429666900546075 -0.03308965127535085 0
517 0.1403890461693466 -0.04270954841544006 0
518 0.1500089434289337 -0.04013190491811786 0
519 0.1525865872814658 -0.03051200780184704 0
520 0.147431299552816 -0.0497518020192107 0
521 0.1596288406498495 -0.03755426143511764 0
522 0.1622064845293991 -0.02793436431731991 0
523 -0.1033767038514033 -0.1526724791377154 0
524 0.1692487378755179 -0.03497661796388457 0
525 0.1718263817685176 -0.02535672084437329 0
526 0.1788686350326923 -0.03239897421295362 0
527 0.1814462789779545 -0.0227790773369649 0
528 0.1103330672919957 0.01174151400043832 0
529 0.1199529646959543 0.01431915735523454 0
530 0.1129107111671815 0.02136141111862011 0
531 0.122530608406507 0.02393905455803964 0
532 0.1154883550527379 0.03098130820895045 0
533 0.125108252261263 0.03355895168200324 0
534 0.1180659989185222 0.04060120532984385 0
535 0.127685896305784 0.0431788487940446 0
536 0.1206436428040856 0.05022110243771148 0
537 0.1302635403447742 0.05279874587982158 0
538 0.1232212867231595 0.0598409995397131 0
539 0.1328411840721637 0.06241864299874834 0
540 0.1257989305810925 0.06946089664802156 0
541 0.1884885322510148 -0.02982133067456066 0
542 0.1910661762906712 -0.02020143384035959 0
543 0.1354188279358202 0.07203854005798944 0
544 0.1283765744485881 0.07908079374577204 0
545 0.1981084295701143 -0.02724368743262272 0
546 0.2006860735384818 -0.01762379037923854 0
547 0.2077283267868704 -0.02466604398402046 0
548 0.2103059706493955 -0.0150461468599332 0
549 0.1955307858859149 -0.0368635838049426 0
550 0.1379964719998323 0.08165843706178494 0
551 0.1309542184317964 0.08870069083312365 0
552 0.1213343211014 0.08612304737988506 0
553 0.123911964941854 0.09574294453077704 0
554 0.1142920677313026 0.09316530098549408 0
555 0.116869711574553 0.1027851981076912 0
556 0.1072498146796727 0.1002075543434617 0
557 0.1098274582128101 0.1098274516624879 0
558 0.1002075609852996 0.1072498081479188 0
559 0.1027852047222094 0.1168697053060208 0
560 0.09316530800293965 0.1142920611901662 0
561 0.09574295139940797 0.1239119587740833 0
562 0.08612305418870425 0.1213343153031239 0
563 0.08870069795864567 0.1309542124861519 0
564 0.07908080072179563 0.128376569064365 0
565 0.08165844459498746 0.1379964662285564 0
566 0.07203854729245085 0.1354188227782657 0
567 0.07461619123355051 0.145038719911638 0
568 0.06499629396785483 0.1424610764818638 0
569 0.0675739379089863 0.1520809735899214 0
570 0.05795404102052848 0.1495033299592142 0
571 0.06053168465267987 0.1591232272035221 0
572 0.0509117882686609 0.1565455829553603 0
573 0.05348943140777122 0.166165480758421 0
574 0.04386953466304248 0.1635878367036332 0
575 0.04644717802984762 0.1732077344270309 0
576 0.03682728075196391 0.1706300910194637 0
577 0.03940492458801165 0.1802499882120236 0
578 0.0297850273828994 0.1776723448795232 0
579 0.03236267125327436 0.1872922419659506 0
580 0.0227427740542232 0.1847145986552439 0
581 0.02532041797972667 0.1943344957173925 0
582 0.01570052076248901 0.1917568524204845 0
583 0.0182781647583623 0.2013767495209973 0
584 0.01312287693471681 0.182136955164684 0
585 0.006080623245568129 0.1891792106466107 0
586 0.003502979503575143 0.1795593118644936 0
587 -0.003539274115547497 0.1866015674394642 0
588 -0.006116917623720797 0.1769816683865213 0
589 -0.01315917111971675 0.1840239224604878 0
590 -0.01573681461963922 0.1744040245063866 0
591 -0.02277906831768445 0.1814462786484544 0
592 -0.0253567121691966 0.1718263815080289 0
593 -0.03239896556140914 0.1788686351901473 0
594 -0.03497660925989998 0.1692487370495961 0
595 -0.04201886278925258 0.1762909915218849 0
596 -0.04459650658345836 0.1666710939386844 0
597 -0.02982132277978783 0.1884885333669998 0
598 -0.05163876000624112 0.1737133480589855 0
599 -0.0542164039529054 0.164093451289457 0
600 -0.06125865723455295 0.1711357046922642 0
601 -0.0638363010979624 0.161515807586555 0
602 0.2173482240057729 -0.02208840045887857 0
603 0.219925867918791 -0.01246850334294536 0
604 -0.07087855448145503 0.1685580611980287 0
605 -0.07345619830700878 0.1589381640803046 0
606 -0.08049845173133374 0.165980417687699 0
607 -0.08307609555021807 0.1563605206074425 0
608 0.2269681212106446 -0.01951075691491344 0
609 0.229545765138312 -0.009890859786166162 0
610 0.1053628487014402 0.1264896023174293 0
611 0.02789806197724404 0.2039543928275323 0
612 0.02085580864690684 0.2109966466234068 0
613 -0.1106040237260454 -0.2796181078918987 0
614 -0.06830091071030966 0.1781779583835286 0
615 -0.06162879538657878 -0.09684006130528008 0
616 0.1335318622514954 0.09832058802789724 0
617 0.07015158189011649 0.1617008706028674 0
618 -0.09011834896550737 0.1634027741797847 0
619 -0.09269599275869203 0.1537828770753685 0
620 0.2365880184163936 -0.01693311334578118 0
621 0.2391656622077414 -0.007313216211531748 0
622 0.03047570594215976 0.2135742899257772 0
623 0.02343345235239763 0.2206165438074854 0
624 0.2462079156006902 -0.01435546976234342 0
625 0.2487855593745822 -0.004735572631187235 0
626 0.2340103745712133 -0.02655301040993019 0
627 -0.0997382461923218 0.1608251306564238 0
628 -0.1023158899576633 0.1512052334876587 0
629 -0.1136872791301057 -0.1911520671290902 0
630 -0.09527363646328135 0.1441629799291266 0
631 -0.1048935329895172 0.1415853358390138 0
632 -0.1119357870379338 0.1486275897648345 0
633 -0.1145134307084888 0.1390076925192587 0
634 -0.1074711758035646 0.1319654383134886 0
635 -0.1170910735733867 0.1293877950976685 0
636 -0.1241333278619154 0.136430048712207 0
637 -0.1267109714627603 0.1268101514518973 0
638 -0.1196687164227292 0.1197678978954517 0
639 -0.1292886142637757 0.1171902541355563 0
640 -0.1363308686142386 0.124232507616846 0
641 -0.1389085122987434 0.1146126102594469 0
642 -0.1318662574658719 0.1075703569458007 0
643 -0.1414861555888587 0.1049927128966161 0
644 -0.1485284094288684 0.112034966314578 0
645 -0.1511060529310612 0.1024150689966333 0
646 -0.0279343546518292 0.1622064827682293 0
647 -0.1440637990661374 0.09537281549554871 0
648 -0.1536836963244414 0.09279517168110052 0
649 -0.1607259500933074 0.09983742502966393 0
650 -0.1633035934815111 0.09021752776921263 0
651 -0.1703458471821671 0.09725978108501426 0
652 -0.172923490587709 0.08763988379068688 0
653 -0.1658812369003639 0.08059763042396025 0
654 -0.1755011340990518 0.07801998649854625 0
655 -0.1825433877229278 0.08506223989825761 0
656 -0.18512103125105 0.07544234262010953 0
657 -0.1780787776354524 0.06840008920430551 0
658 -0.1876986748037105 0.06582244536117793 0
659 -0.1806564211958295 0.05878019191539458 0
660 -0.1902763183985817 0.05620254813013142 0
661 -0.1973185719516704 0.06324480157793756 0
662 -0.1998962155828316 0.05362490434457105 0
663 -0.1928539619882623 0.04658265089177113 0
664 -0.2024738591743931 0.04400500710879701 0
665 -0.1954316056151502 0.03696275365913818 0
666 -0.205051502794321 0.03438510988560764 0
667 -0.1980092492675848 0.02734285643804428 0
668 -0.2076291464289638 0.0247652126415213 0
669 -0.2005868928740318 0.01772295917660793 0
670 -0.2102067900653193 0.01514531538720271 0
671 -0.2172490438046813 0.02218756891494406 0
672 -0.2198266873378325 0.01256767161853636 0
673 -0.2127844336590717 0.005525418143948274 0
674 -0.2224043308484935 0.002947774380344839 0
675 -0.2153620772018283 -0.004094479090864148 0
676 -0.229446584739053 0.009990028021557698 0
677 -0.2249819744489158 -0.006672122865215013 0
678 -0.2179397208657062 -0.01371437637910586 0
679 -0.2275596180425466 -0.01629202007070203 0
680 -0.2205173645511105 -0.02333427362481527 0
681 0.2558278127733811 -0.01177782616343837 0
682 -0.2069384691723781 0.06066715779925705 0
683 -0.2301372618220942 -0.02591191731054986 0
684 -0.2230950082926611 -0.03295417083982044 0
685 0.2584054565447302 -0.002157929034979855 0
686 0.2513632031383335 0.004884324498886594 0
687 0.03305334989358866 0.2231941870622752 0
688 0.02601109628055348 0.2302364409234738 0
689 0.2654477099561942 -0.009200182577946525 0
690 -0.2327149055069931 -0.03553181452313338 0
691 -0.2256726520027551 -0.04257406799990172 0
692 -0.2397571589893835 -0.02848956100457802 0
693 0.2609831003296526 0.007461968090759552 0
694 0.2539408468863648 0.01450422163560344 0
695 0.03563099383715684 0.2328140841595965 0
696 0.02858874052211741 0.2398563379508707 0
697 0.055376396887444 0.1398834329814541 0
698 -0.2423348026703739 -0.038109458204952 0
699 -0.249377056188055 -0.03106720472664003 0
700 0.2635607440847024 0.01708186521616689 0
701 0.2565184906316512 0.02412411876507792 0
702 0.1378114023185507 -0.05232944552911967 0
703 0.1448536556488693 -0.05937169912148396 0
704 0.1352337584849818 -0.0619493426494207 0
705 0.1422760117649725 -0.06899159626428397 0
706 0.132656114595255 -0.07156923976023759 0
707 0.1396983677617645 -0.07861149342389834 0
708 0.1300784706199857 -0.08118913687230328 0
709 0.1371207239631059 -0.08823139062131934 0
710 0.1275008266630045 -0.09080903398795187 0
711 0.1345430797924768 -0.0978512876900431 0
712 0.1249231826614853 -0.1004289311718739 0
713 0.1319654358841935 -0.1074711848156412 0
714 0.1223455387522722 -0.1100488283756913 0
715 0.1293877920129105 -0.1170910819594005 0
716 0.1197678948790036 -0.1196687255704822 0
717 0.1415853334231664 -0.1048935403313971 0
718 0.1268101483114418 -0.1267109791697446 0
719 0.1171902510937564 -0.1292886227125115 0
720 0.1242325044873357 -0.1363308763228932 0
721 0.1146126072485717 -0.1389085198804046 0
722 0.1075703538638759 -0.1318662662439744 0
723 0.1049927100034381 -0.1414861634206186 0
724 0.1120349634164379 -0.1485284170171071 0
725 0.1024150661528265 -0.1511060606156157 0
726 0.109457319613524 -0.1581483141714148 0
727 0.09983742237906451 -0.1607259578266031 0
728 0.09279516893402809 -0.1536837042752127 0
729 0.09021752518091278 -0.1633036014887788 0
730 0.09725977861951798 -0.1703458550225517 0
731 0.08763988139834702 -0.1729234986216002 0
732 0.0946821348670201 -0.1799657521882832 0
733 0.08506223767538942 -0.1825433958202798 0
734 0.08317527180612258 -0.1562613479554809 0
735 0.09210449114253506 -0.1895856493916351 0
736 0.08248459394765754 -0.1921632930375348 0
737 0.08952684743066175 -0.1992055465801638 0
738 0.07990695018562725 -0.2017831902289253 0
739 0.07286469672202321 -0.1947409367172295 0
740 0.07028705297721466 -0.2043608338743562 0
741 0.06324479948959986 -0.1973185803640844 0
742 0.06066715578705424 -0.2069384775764648 0
743 0.06770940934024162 -0.2139807310776981 0
744 0.05808951217166147 -0.2165583748123584 0
745 0.06513176577325633 -0.2236006283172892 0
746 0.05551186862556552 -0.2261782721210712 0
747 0.03820863785627404 0.2424339812553046 0
748 0.03116638464259031 0.2494762350127497 0
749 0.0215464879434577 0.2468985923057354 0
750 0.02412413152721704 0.2565184889042056 0
751 0.01450423482448565 0.2539408462128149 0
752 0.01708187831588065 0.2635607427309313 0
753 0.007461981466701406 0.2609830999445405 0
754 0.01003962503671701 0.2706029965396901 0
755 0.0004197282135508518 0.2680253537418592 0
756 0.002997371806600813 0.2776452503532712 0
757 -0.006622525474570429 0.2750676071109731 0
758 -0.004044881443924009 0.2846875041053873 0
759 0.09914674465932546 -0.1966279028938007 0
760 0.06255412222765643 -0.233220525539189 0
761 0.05293422508776262 -0.2357981693596878 0
762 -0.01366477876466987 0.2821098609000875 0
763 0.05362490226293595 -0.1998962240028769 0
764 -0.1909669956810555 0.02030060289168513 0
765 -0.2160527547890436 -0.03999642436793778 0
766 -0.2186303985207662 -0.0496163215635366 0
767 -0.01108713465552047 0.2917297581033799 0
768 0.05997647868025321 -0.2428404227657372 0
769 0.05035658150807659 -0.2454180665553176 0
770 -0.2519546998476361 -0.0406871019688323 0
771 -0.2589969533985313 -0.03364484848170615 0
772 0.04331432739422841 -0.2383758128725711 0
773 0.0407366840608262 -0.2479957102491961 0
774 0.04777893788635697 -0.2550379637943723 0
775 0.03815904067406317 -0.2576156075728178 0
776 0.2661383878301584 0.02670176234130212 0
777 0.2590961345611815 0.03374401585866099 0
778 0.03374402861148301 0.2590961320383101 0
779 -0.001467237381396591 0.2943074011418008 0
780 0.04520129430421072 -0.2646578610154193 0
781 0.03558139711838719 -0.2672355048142001 0
782 -0.02070703198486684 0.2891521149514545 0
783 -0.008509490610799919 0.3013496552928071 0
784 0.03111678622336177 -0.2505733536099741 0
785 -0.2090105013268285 -0.04703867791510721 0
786 -0.2115881450530785 -0.05665857514485728 0
787 0.001110406748524195 0.3039272982154294 0
788 -0.2615745970498928 -0.04326474568212596 0
789 -0.2686168505621777 -0.03622249223396889 0
790 0.2687160317954927 0.03632165941610949 0
791 0.2616737791181679 0.04336391296586362 0
792 0.2757582850444701 0.02927940586700339 0
793 -0.005931846458611556 0.3109695521913681 0
794 0.04262365071199042 -0.2742777582636703 0
795 0.03300375353562762 -0.2768554020347292 0
796 0.0400460068899309 -0.2838976546801488 0
797 0.03042610988859699 -0.2864752990429342 0
798 0.04525089118807379 0.2353917275073379 0
799 -0.1239978536002091 -0.2296316558516095 0
800 -0.2019682478235008 -0.05408093149947035 0
801 -0.2045458915624647 -0.0637008287403745 0
802 0.2783359290076712 0.03889930295799759 0
803 0.2853781822600475 0.0318570494141967 0
804 0.003688050959403777 0.3135471952206143 0
805 -0.003354202178421195 0.3205894490893996 0
806 -0.2711944942437736 -0.04584238942188693 0
807 -0.278236747780485 -0.03880013602138774 0
808 0.1424610815244676 0.06499628631270336 0
809 0.04966590357960222 -0.2813200092896069 0
810 0.03746836301990453 -0.2935175508183993 0
811 0.02784846621989627 -0.2960951961143045 0
812 0.02080621273841747 -0.2890529429876392 0
813 0.01822856911981079 -0.2986728401226551 0
814 0.011186315581794 -0.291630586786618 0
815 0.008608671952709077 -0.3012504840079994 0
816 0.01565092550257209 -0.3082927374518851 0
817 0.006031028329713875 -0.310870381304257 0
818 0.0130732818920954 -0.3179126346939166 0
819 0.003453384709066906 -0.3204902784822259 0
820 0.08354541163125362 0.1117144172132828 0
821 -0.0232846761061179 0.2795322177331684 0
822 -0.03032692926402225 0.286574471572085 0
823 -0.03290457339561227 0.2769545744932616 0
824 -0.03994682652406463 0.2839968283275769 0
825 0.001566418410641854 -0.2942082305487372 0
826 -0.1949259943295906 -0.06112318508290571 0
827 -0.1975036380854076 -0.07074308231760298 0
828 -0.2071235353161164 -0.07332072594101501 0
829 -0.2000812818376446 -0.0803629794809555 0
830 -0.2097011790363437 -0.08294062314525232 0
831 -0.2026589255207536 -0.08998287664615325 0
832 -0.2122788226022084 -0.09256052038759313 0
833 -0.2052365691531491 -0.09960277383718272 0
834 -0.2148564662171426 -0.1021804176026204 0
835 -0.2078142127398006 -0.1092226710496151 0
836 0.2879558260696954 0.0414769465430222 0
837 0.2949980794289134 0.03443469296905427 0
838 0.01049563825323885 -0.3275325319860083 0
839 -0.04252447065097298 0.2743769312605125 0
840 -0.04956672386244714 0.2814191852799487 0
841 -0.05214436794318983 0.2717992880642513 0
842 -0.05918662124747277 0.2788415423499475 0
843 -0.06176426530801067 0.269221644909561 0
844 -0.2808143914292264 -0.04842003318199099 0
845 -0.2878566449977848 -0.04137777971659423 0
846 -0.2852790013580053 -0.03175788256031731 0
847 -0.2948988985255829 -0.03433552629726988 0
848 -0.2923212549870267 -0.02471562913187349 0
849 -0.3019411521477461 -0.02729327278072387 0
850 -0.2993635085610533 -0.01767337561838554 0
851 -0.308983405712576 -0.02025101923749083 0
852 -0.3064057621113542 -0.01063112209209043 0
853 -0.3160256592362131 -0.01320876576481657 0
854 -0.3134480155340175 -0.003588868529828385 0
855 -0.3230679128052785 -0.006166512225156087 0
856 -0.3204902690696881 0.003453384977808449 0
857 -0.3301101663941266 0.0008757412703152695 0
858 -0.3275325225701752 0.01049563827402258 0
859 -0.3179126255566287 0.0130732821861273 0
860 -0.2174341099266169 -0.1118003148160541 0
861 -0.2103918563786455 -0.118842568256023 0
862 -0.04698907981350688 0.2910390826951915 0
863 0.2494762375646749 0.03116637231430014 0
864 0.06959637584998372 -0.2402627788983397 0
865 0.0008757410460581289 -0.3301101756810271 0
866 0.006265695182556763 0.3231670922307967 0
867 -0.0007765579009480494 0.3302093461138607 0
868 -0.3371524198276515 0.007917994332957826 0
869 -0.3249548793627191 0.02011553508490255 0
870 -0.3153349817303951 0.02269317951311067 0
871 -0.06880651853718978 0.276263899070375 0
872 -0.07138416269505249 0.266644001777168 0
873 0.00791799452047226 -0.3371524292398603 0
874 -0.1981943156267445 -0.1066450273724327 0
875 -0.2974765421675236 -0.04395542349713372 0
876 -0.3326878100916926 -0.008744156005454362 0
877 -0.001701902706189404 -0.339730072908566 0
878 -0.008744156197926137 -0.3326878192651438 0
879 -0.1878837408634686 -0.06816543874098555 0
880 -0.1853060971435475 -0.05854554154127306 0
881 -0.07842641581519533 0.2736862558832248 0
882 -0.08100405999935383 0.2640663586455189 0
883 0.2975757232466403 0.04405459009820145 0
884 0.3046179766244828 0.03701233651489172 0
885 -0.3223772358623037 0.02973543252439944 0
886 -0.3127573381846904 0.03231307665868365 0
887 -0.2200117535858337 -0.1214202119991917 0
888 -0.2129695000058117 -0.1284624654646869 0
889 0.008843339389533356 0.3327869892327145 0
890 0.01588559252395577 0.3257447353598308 0
891 0.001801086312850808 0.3398292431343792 0
892 -0.007818811079118249 0.3372516000136069 0
893 0.2032637176935994 -0.008003893224393377 0
894 0.01753789175772311 -0.3345747854595171 0
895 -0.005241166814450582 0.3468714970342021 0
896 0.005340350800331004 -0.3467723264933267 0
897 -0.09716060239694635 0.1704450277626657 0
898 0.1153032854489252 -0.1030065746749838 0
899 0.1338524017114105 -0.1337532328231785 0
900 -0.2270540071281684 -0.11437795839827 0
901 0.2628700662004284 -0.0188200796962889 0
902 0.2724899633966398 -0.01624243609639769 0
903 0.2699123196584189 -0.0258623332224161 0
904 0.2795322168800149 -0.02328468961479668 0
905 0.2769545730881623 -0.03290458675330664 0
906 0.286574470295201 -0.03032694316407068 0
907 0.2839968265579078 -0.03994684030629503 0
908 0.2936167237550661 -0.0373691967255142 0
909 0.291039080007743 -0.04698909386187988 0
910 0.2814191828131576 -0.04956673745027561 0
911 0.3006589772110956 -0.04441145024045572 0
912 0.2884614362601169 -0.05660899102031102 0
913 0.2788415390747712 -0.05918663460511844 0
914 0.2858837924675933 -0.06622888820189282 0
915 0.2762638952637625 -0.0688065317492414 0
916 0.2905334698531905 0.05109684368143492 0
917 -0.0567940465517352 0.1544735542999442 0
918 0.1110237455919812 0.04764345895527454 0
919 -0.07967230143621076 -0.1641793424680559 0
920 0.009669485664560898 0.002627230366620201 0
921 0.01155645126464434 -0.02365481742524267 0
922 0.2833061486212814 -0.07584878536508628 0
923 0.2736862513962777 -0.07842642885565133 0
924 -0.0758487716585336 0.2833061533427169 0
925 -0.0148610641632061 0.3442938539785998 0
926 -0.08804631308642658 0.2711086128292584 0
927 -0.09062395728848231 0.2614887154706594 0
928 -0.3197995917583993 0.03935533019666775 0
929 -0.3101796944933061 0.04193297395512335 0
930 -0.1782638436306999 -0.06558779511676684 0
931 -0.1756861998849377 -0.05596789791324447 0
932 0.3001533670607062 0.05367448722117468 0
933 0.2931111136612067 0.06071674080805162 0
934 -0.2225893972226877 -0.1310401092126755 0
935 -0.2155471435823409 -0.1380823626716796 0
936 -0.2059272464168374 -0.1355047188819196 0
937 -0.2085048899946822 -0.1451246161146406 0
938 -0.1988849928085976 -0.1425469723739717 0
939 -0.201462636401465 -0.1521668695622844 0
940 -0.01132179991544781 -0.3423077165473987 0
941 -0.01836405340750062 -0.3352654629678979 0
942 0.01846323669745636 0.3353646323940961 0
943 0.02550548985249379 0.3283223785311156 0
944 0.3032366209278258 -0.03479155309102993 0
945 0.31027887440004 -0.04183380658544318 0
946 0.3128565180947995 -0.0322139094197072 0
947 0.3198987715792626 -0.03925616291544215 0
948 0.3224764152651399 -0.02963626574840866 0
949 0.3295186688543676 -0.03667851940028865 0
950 0.3320963124280434 -0.02705862208900367 0
951 0.2807285047349523 -0.08546868248866141 0
952 0.2711086074793448 -0.08804632594696304 0
953 0.1493182651835329 -0.07603384998949242 0
954 -0.1631681190723234 -0.2758441758699107 0
955 -0.01228341986366277 0.3539137510217164 0
956 -0.002663522503048195 0.3564913940684223 0
957 -0.3294194899179581 0.0367776856959928 0
958 -0.09766621043513135 0.2685309692438869 0
959 -0.1002438545861019 0.2589110722364102 0
960 -0.3172219480971686 0.04897522745641204 0
961 -0.3076020508431995 0.0515528711877191 0
962 -0.1918427392394623 -0.1495892258084114 0
963 -0.1944203828335179 -0.1592091229910758 0
964 -0.1686439464031781 -0.06301015150463193 0
965 -0.1660663026490695 -0.05339025432556727 0
966 0.3391385660684514 -0.03410087573872667 0
967 0.3417162096058978 -0.02448097841636537 0
968 -0.2110825335500908 -0.1547445132948833 0
969 0.3269410253295272 -0.04629841700632287 0
970 0.3027310108725737 0.0632943843434785 0
971 0.2956887574664729 0.07033663792170919 0
972 0.02808313399404417 0.3379422755807334 0
973 0.03512538712077329 0.3309000217615994 0
974 -0.009705775556799627 0.3635336480198701 0
975 -8.587828303485701e-05 0.3661112910584398 0
976 -0.3146443043757898 0.05859512467615022 0
977 -0.3050244071799271 0.06117276844639472 0
978 -0.1072861078343156 0.2659533263372199 0
979 -0.1098637520467172 0.2563334293987545 0
980 -0.02190331718635034 0.3513361079421898 0
981 -0.02094169710680802 -0.3448853601600846 0
982 -0.02798395056743044 -0.337843106613826 0
983 0.2781508608205775 -0.09508857959306471 0
984 0.2685309635714246 -0.09766622308030215 0
985 0.2614887102203574 -0.09062396939441453 0
986 0.2589110663038505 -0.1002438664964364 0
987 0.251868812975507 -0.09320161280185307 0
988 0.2492911690300464 -0.1028215099007745 0
989 0.2563334222911587 -0.1098637636128404 0
990 0.2467135250407257 -0.1124414069761066 0
991 0.2396712718350429 -0.1053991535249783 0
992 0.2370936278422019 -0.1150190505179713 0
993 0.2441358810997768 -0.1220613040893526 0
994 0.2345159838654466 -0.124638947517554 0
995 0.241558237168721 -0.1316812011802969 0
996 0.2319383399029242 -0.1342588445805436 0
997 0.2274737306912254 -0.1175966939378903 0
998 -0.2979821536059153 0.05413051496490695 0
999 -0.2954045099637728 0.06375041219335326 0
1000 -0.3024467635425047 0.07079266569649913 0
1001 -0.2928268663538443 0.07337030944298406 0
1002 0.1347281500118795 0.03613659496860543 0
1003 -0.1590240491716715 -0.06043250788962787 0
1004 -0.1564464054569095 -0.05081261070419996 0
1005 0.2903484019895994 -0.08289103902133171 0
1006 -0.16160169323614 -0.07005240498661588 0
1007 -0.1169060052626312 0.2633756834027099 0
1008 -0.1194836494382261 0.2537557864589418 0
1009 0.2389805932601251 -0.1413010983236572 0
1010 0.2293606959962153 -0.1438787417496094 0
1011 -0.104708463579074 0.2755732237616599 0
1012 0.3487584630994062 -0.03152323187250706 0
1013 0.3513361067585766 -0.02190333470560124 0
1014 -0.2998691199183611 0.08041256288778983 0
1015 -0.2902492228061467 0.08299020668725872 0
1016 -0.007128131270002051 0.373153545009665 0
1017 -0.1131816673327403 -0.2892380051365088 0
1018 -0.1035617701392858 -0.2866603613325777 0
1019 -0.273772137868566 -0.05546228664803761 0
1020 0.1230362172992027 -0.07414688304307321 0
1021 -0.1028214996990004 0.2492911752661971 0
1022 -0.07396180694664281 0.2570241046845327 0
1023 -0.2883622563557441 0.05670815885658381 0
1024 -0.1848004856822752 -0.1566314792538882 0
1025 -0.1873781293423793 -0.1662513764665081 0
1026 0.03770303124109941 0.3405199188031967 0
1027 0.04474528438529091 0.333477664962713 0
1028 -0.04510211560981625 0.2647570343896662 0
1029 0.03424963871745292 0.1610101922339179 0
1030 -0.1061394137095966 -0.2962802585327148 0
1031 -0.09651951649025486 -0.2937026147000126 0
1032 -0.09909716008732597 -0.3033225119392777 0
1033 -0.296785865250792 -0.008053478238119555 0
1034 -0.182222842096417 -0.147011581990201 0
1035 -0.03056159432397758 -0.3474630038336817 0
1036 -0.02351934082575835 -0.3545052573403557 0
1037 0.3053086546606664 0.072914281477026 0
1038 0.2982664012435615 0.07995653505904576 0
1039 0.3123509080764117 0.06587202788301733 0
1040 0.2886465040407317 0.07737889146375439 0
1041 0.2912241477860433 0.08699878860960179 0
1042 0.2816042505698886 0.0844211449782325 0
1043 0.2841818942989952 0.09404104212242226 0
1044 0.2745619970962743 0.09146339849859725 0
1045 0.2771396408668949 0.1010832956437627 0
1046 0.2675197436630224 0.0985056520597547 0
1047 0.2700973874259292 0.1081255491906616 0
1048 0.2604774902159241 0.1055479056063476 0
1049 0.263055133995456 0.1151678027389232 0
1050 0.2534352368050578 0.1125901591967733 0
1051 0.2560128805997072 0.1222100563071032 0
1052 0.2463929834040249 0.1196324127732891 0
1053 0.2438153396084697 0.1100125156472825 0
1054 0.2367730861987235 0.117054769224427 0
1055 0.239350730018956 0.1266746663559839 0
1056 0.2297308327951514 0.1240970228054347 0
1057 0.2323084766215814 0.1337169199390796 0
1058 0.2226885794177512 0.1311392764030222 0
1059 0.2252662232522348 0.1407591735247767 0
1060 0.2156463260500044 0.1381815300209669 0
1061 0.2182239699065979 0.1478014271172594 0
1062 0.2086040727015229 0.1452237836455752 0
1063 0.2111817165119427 0.1548436806745133 0
1064 0.2015618193406848 0.1522660372530426 0
1065 0.2041394631544629 0.1618859343135858 0
1066 0.1945195659902123 0.1593082908762354 0
1067 0.1970972098578301 0.1689281879883586 0
1068 0.1874773126472287 0.1663505445130977 0
1069 0.1900549565281189 0.1759704416217825 0
1070 0.180435059311637 0.1733927981322834 0
1071 0.1830127032037026 0.1830126952801123 0
1072 0.1733928059969846 0.1804350518186802 0
1073 0.1759704498601395 0.1900549489472498 0
1074 0.1663505526191607 0.1874773054773209 0
1075 0.1689281964991078 0.1970972026226399 0
1076 0.159308299246241 0.194519559145871 0
1077 0.1618859431174858 0.2041394562769988 0
1078 0.1522660459120797 0.2015618127523282 0
1079 0.1548436897328708 0.2111817099270203 0
1080 0.2341954424163279 0.1074348721059987 0
1081 0.1452237925425623 0.2086040664403668 0
1082 0.1478014364077945 0.2182239635654699 0
1083 0.1381815391836003 0.2156463201130441 0
1084 0.1407591830502853 0.2252662171988823 0
1085 0.2130686822146142 0.128561632898309 0
1086 0.1311392857739798 0.2226885737311463 0
1087 0.1337169296482228 0.2323084708311289 0
1088 0.1426461487085615 0.198984169246776 0
1089 0.1778574154455152 0.1637729010141301 0
1090 0.1240970323963532 0.2297308273337294 0
1091 0.1266746762890731 0.2393507245112976 0
1092 0.2278438669509095 0.1503790705905752 0
1093 0.1785480937533956 0.1996748460704026 0
1094 0.1215193886114137 0.2201109301730842 0
1095 0.2067171069618715 0.1715058314019763 0
1096 0.1574213336078521 0.2208016070362073 0
1097 0.1362945735303695 0.2419283679497731 0
1098 0.1292523201851448 0.2489706216159669 0
1099 0.1196324229509378 0.2463929781789415 0
1100 0.122210066830608 0.2560128752838055 0
1101 0.11259016960003 0.2534352318514329 0
1102 0.1151678134872546 0.2630551289566728 0
1103 0.002491765926550538 0.3757311880805083 0
1104 -0.2972914764043078 0.09003246011143237 0
1105 -0.287671579285591 0.09261010393934577 0
1106 -0.2806293256409021 0.08556785053075233 0
1107 -0.2780516821819151 0.0951877478285665 0
1108 -0.1265259025278192 0.2607980400862146 0
1109 -0.1291035466638915 0.2511781430586411 0
1110 -0.2850939357714463 0.1022300012618625 0
1111 -0.2754740387039508 0.1048076451072389 0
1112 -0.004550487043527451 0.3827734420661772 0
1113 0.2486004904786598 -0.1387234548107939 0
1114 0.2364029493561888 -0.1509209954366488 0
1115 0.2267830520495196 -0.1534986388802531 0
1116 0.2197407987477096 -0.1464563851406533 0
1117 0.2171631547773648 -0.1560762822198145 0
1118 0.2101209015525106 -0.1490340284752805 0
1119 0.207543257501228 -0.1586539255370217 0
1120 0.2145855106930941 -0.1656961793625549 0
1121 0.2049656134047414 -0.1682738225882979 0
1122 0.2120078665581447 -0.175316076387065 0
1123 0.2023879692454078 -0.1778937196001584 0
1124 0.3583783602324095 -0.02894558818546633 0
1125 0.3609560039087777 -0.01932569102264597 0
1126 0.3539137504262509 -0.01228343754496736 0
1127 0.3635336475842844 -0.009705793862511469 0
1128 0.3564913940989923 -0.002663540376314291 0
1129 0.3661112912627483 -8.589669645525655e-05 0
1130 0.3731535447437497 -0.007128150179422706 0
1131 0.3590690377818537 0.00695635678739509 0
1132 0.3757311884149213 0.002491746989686905 0
1133 0.3827734419026846 -0.004550506497063123 0
1134 -0.08947726292839413 -0.3007448681234771 0
1135 -0.08689961935487434 -0.2911249709030979 0
1136 -0.09205490643366809 -0.3103647652891621 0
1137 -0.2684317848854968 0.09776539151733288 0
1138 -0.2658541414709469 0.1073852887978879 0
1139 -0.2728963951759157 0.1144275423437862 0
1140 -0.2632764979925459 0.1170051862524746 0
1141 -0.256234244238761 0.1099629325669605 0
1142 -0.2536566007928543 0.1195828299783584 0
1143 -0.2606988544888603 0.1266250835230612 0
1144 -0.2510789573565685 0.129202727468501 0
1145 -0.2440367035417415 0.1221604737539699 0
1146 -0.2414590602013506 0.131780371165722 0
1147 -0.2485013144003122 0.1388226267788471 0
1148 -0.2388814168675893 0.1414002690437445 0
1149 -0.2318391631343737 0.1343580153773296 0
1150 -0.2292615198168253 0.143977912734754 0
1151 -0.2363037736415124 0.1510201679574866 0
1152 -0.2266838762625261 0.1535978099321646 0
1153 -0.2196416227593176 0.1465555563774666 0
1154 -0.2170639791238066 0.1561754539325459 0
1155 -0.2241062325263605 0.1632177071435318 0
1156 -0.2144863355728464 0.1657953511296003 0
1157 -0.2074440820318214 0.1587530978650573 0
1158 -0.2048664385293067 0.1683729951661868 0
1159 -0.2119086924944765 0.1754152495478044 0
1160 -0.2022887954181461 0.1779928936943469 0
1161 -0.1952465414111804 0.1709506393359629 0
1162 -0.1926688980287011 0.1805705364750141 0
1163 -0.1997111518930734 0.1876127938900931 0
1164 -0.1900912546092555 0.1901904356339022 0
1165 -0.1830490008468699 0.1831481804625048 0
1166 -0.1804713573690776 0.1927680777347971 0
1167 -0.1875136128721072 0.1998103347675275 0
1168 -0.1734291036790434 0.1857258240136284 0
1169 0.004884335519781124 0.2513632060634397 0
1170 0.04814907450614547 0.01293780415519596 0
1171 0.04110682118441245 0.01998005777544321 0
1172 0.1953457160327227 -0.1708514657732322 0
1173 0.1927680719360083 -0.1804713628204185 0
1174 0.1998103251752939 -0.1875136165801874 0
1175 0.1901904278323949 -0.1900912598740783 0
1176 0.1831481746279452 -0.1830490060035335 0
1177 0.1805705305005738 -0.1926689031272827 0
1178 0.1876127837352509 -0.1997111569361003 0
1179 0.1779928863992212 -0.20228880018552 0
1180 0.1055479164362299 0.2604774854200256 0
1181 0.1081255601130965 0.2700973825813063 0
1182 0.1709506331890273 -0.1952465464001186 0
1183 0.1683729890627712 -0.2048664435446487 0
1184 0.1754152422872568 -0.2119086973067787 0
1185 0.1657953449754084 -0.2144863406378845 0
1186 -0.1494041519421553 -0.05785486425469993 0
1187 -0.1468265081604482 -0.04823496701422644 0
1188 -0.1538687617577639 -0.04119271347632436 0
1189 -0.1442488645168622 -0.03861506973768131 0
1190 -0.1751805884862193 -0.15405383543465 0
1191 -0.1726029449799539 -0.1444339381900498 0
1192 0.1728375982030333 -0.2215285943717563 0
1193 0.1632177009024644 -0.2241062376946127 0
1194 0.3558007165926523 -0.03856548531300713 0
1195 0.0490248219377689 0.1828276316660193 0
1196 -0.01417038433306944 0.3801957990644472 0
1197 -0.1708514602233683 0.1953457213457939 0
1198 -0.1361457997554567 0.258220396950657 0
1199 -0.3069113735558953 0.08745481630322466 0
1200 0.3149285518743855 0.07549192502449131 0
1201 0.3219708053256848 0.06844967146489755 0
1202 0.2938017915211643 0.09661868570324533 0
1203 0.2726750311734644 0.1177454463049061 0
1204 0.385351085575342 0.00506939067047707 0
1205 0.3923933390612986 -0.001972862809157705 0
1206 0.1388722174308027 0.251548265053778 0
1207 0.04732292855686903 0.3430975619879921 0
1208 0.05436518168168458 0.3360553081522601 0
1209 0.05178753752108334 0.3264354111233844 0
1210 0.06140743486095846 0.329013054301443 0
1211 0.05882979068400717 0.3193931572690941 0
1212 0.06844968799882639 0.3219708004146964 0
1213 -0.07985736570807514 -0.2981672243196308 0
1214 -0.0772797220806738 -0.2885473273497874 0
1215 -0.1512911181081579 -0.03157281622788338 0
1216 -0.1416712211983197 -0.02899517275969815 0
1217 0.1744040259550916 -0.01573682368311603 0
1218 0.05072671840269775 0.02255770126114605 0
1219 0.04368446506120165 0.02959995488540497 0
1220 0.09850566326048737 0.2675197389026296 0
1221 -0.1638092065430348 0.1883034679064466 0
1222 -0.03313923803723277 -0.3570829010547863 0
1223 -0.02609698452898634 -0.3641251545444611 0
1224 -0.04018149087997062 -0.3500406462605863 0
1225 0.1177454573564018 0.272675026058573 0
1226 0.005069410262101559 0.3853510850945229 0
1227 -0.001972842739090874 0.3923933390847195 0
1228 0.1702599541020871 -0.2311484914791372 0
1229 0.1606400567834916 -0.2337261347432462 0
1230 -0.07023746852839699 -0.2955895804915741 0
1231 -0.06765982485559355 -0.2859696835761816 0
1232 -0.1487134745127984 -0.02195291904875149 0
1233 -0.1390935783154514 -0.01937527542723896 0
1234 -0.1461358308210242 -0.01233302173457652 0
1235 -0.1365159344620152 -0.009755377917364097 0
1236 -0.1435581871634777 -0.002713124464289812 0
1237 -0.1339382900836847 -0.000135480835983276 0
1238 -0.1268960374197329 -0.007177733522912302 0
1239 -0.1243183929005155 0.002442162985280577 0
1240 -0.1313606462718538 0.009484416478793389 0
1241 -0.1217407490158194 0.01206206013305355 0
1242 -0.1146984955290716 0.005019806557194154 0
1243 -0.1121208517627809 0.01463970375444085 0
1244 -0.1191631052585174 0.0216819573390753 0
1245 -0.1095432079962259 0.02425960097519013 0
1246 -0.1025009545042744 0.01721734736848105 0
1247 -0.09992331070836376 0.02683724455580665 0
1248 -0.09288105723831978 0.01979499091645391 0
1249 -0.09030341345308335 0.02941488810717366 0
1250 -0.09734566686720979 0.0364571417526848 0
1251 -0.08772576960968773 0.03903478532038603 0
1252 -0.09476802303286312 0.04607703896053318 0
1253 -0.08514812577194621 0.04865468249738826 0
1254 -0.07810587234913097 0.04161242887777442 0
1255 -0.07552822851364181 0.05123232607340555 0
1256 -0.06848597509377914 0.04419007246837543 0
1257 -0.06590833131042641 0.05380996963006768 0
1258 -0.07295058471269709 0.06085222328341577 0
1259 -0.06333068745728948 0.06342986682919244 0
1260 -0.05628843404331871 0.05638761309308708 0
1261 -0.05371079015006823 0.0660075102645629 0
1262 -0.04666853676040233 0.05896525648751942 0
1263 -0.04409089290409607 0.06858515377166698 0
1264 -0.0370486394972641 0.06154290000784966 0
1265 -0.03447099566799655 0.07116279718013525 0
1266 -0.06075304360479102 0.07304976418598923 0
1267 -0.02742874227147166 0.0641205434619657 0
1268 -0.02485109843798668 0.07374044057758007 0
1269 -0.03189335179026156 0.0807826942892149 0
1270 -0.02227345449651427 0.08336033773102174 0
1271 -0.01523120120038426 0.07631808401464264 0
1272 -0.01265355724500623 0.08593798120061484 0
1273 -0.005611303973928228 0.07889572746916135 0
1274 -0.003033660067570221 0.08851562463536355 0
1275 0.004008593254111015 0.08147337091727785 0
1276 -0.02931570785470805 0.09040259144026896 0
1277 0.00658623715017842 0.09109326802818235 0
1278 0.01362849052574744 0.08405101438522755 0
1279 -0.0004560161341932711 0.09813552175065583 0
1280 0.05330436229083235 0.03217759837824763 0
1281 0.1029702730845959 0.2508575879737797 0
1282 0.1107032038728278 0.2797172797481856 0
1283 0.001430948675613497 0.0718534738747259 0
1284 -0.1335681555855367 0.267840294112441 0
1285 0.3898156953798916 -0.01159275996563137 0
1286 -0.1387234439271131 0.2486004996311232 0
1287 -0.1316811913005396 0.2415582460595831 0
1288 -0.1457656970329124 0.2556427539457481 0
1289 -0.1663868499768807 0.1786835706167479 0
1290 -0.2193210760761831 -0.08551826683102973 0
1291 0.1613307358519509 -0.1978241897712159 0
1292 -0.06061757145122653 -0.2930119377260571 0
1293 -0.05803992761597673 -0.2833920400592498 0
1294 0.1535978035464117 -0.2266838809661907 0
1295 0.1510201594477188 -0.2363037780277802 0
1296 0.1580624126696947 -0.2433460318954944 0
1297 0.1484425153642973 -0.2459236751572317 0
1298 0.1414002621331107 -0.2388814213570257 0
1299 0.1388226180256888 -0.2485013184786262 0
1300 0.1458648713194401 -0.2555435722508135 0
1301 0.1362449740127862 -0.2581212156021817 0
1302 0.1317803648291598 -0.2414590646558539 0
1303 -0.1397842546681284 -0.05527722060967491 0
1304 -0.1655606913747712 -0.1514761916282798 0
1305 -0.1629830478420471 -0.1418562943778714 0
1306 0.3245484490666282 0.07806956861837272 0
1307 0.3315907025243079 0.07102731509329824 0
1308 0.0710273321847556 0.3315906974775754 0
1309 0.07806958535347358 0.3245484435843231 0
1310 0.05620254601007429 -0.19027632682641 0
1311 0.04658264879109272 -0.192853970407858 0
1312 0.04916029255308499 -0.1832340732918947 0
1313 0.0395403953279945 -0.1858117168411005 0
1314 0.0421180391687163 -0.1761918197188307 0
1315 0.03249814189765475 -0.1787694632382937 0
1316 0.03507578581420052 -0.1691495660814724 0
1317 0.02545588855934908 -0.1717272096045791 0
1318 0.02803353249164708 -0.1621073124508073 0
1319 0.02287824462992885 -0.1813471067716576 0
1320 0.01583599132764557 -0.17430485310299 0
1321 0.01325834737842825 -0.1839247502918291 0
1322 0.006216094061639144 -0.1768824966093118 0
1323 0.003638450117235792 -0.1865023937867564 0
1324 -0.003403803204432079 -0.1794601401581824 0
1325 -0.005981447082494207 -0.1890800372274127 0
1326 -0.0008261592918618887 -0.1698402429973594 0
1327 -0.01044605657395463 -0.1724178864998645 0
1328 -0.00786841260648774 -0.1627979893392494 0
1329 0.00106080622603516 -0.1961222909095229 0
1330 -0.008559090982211512 -0.1986999343469891 0
1331 -0.01748830991124735 -0.1653756327769334 0
1332 -0.0149106658891843 -0.1557557356417985 0
1333 0.00414406175662857 -0.2845883329458486 0
1334 0.116684642257061 -0.03120268451633643 0
1335 -0.2564193097945446 -0.02402495130728598 0
1336 -0.2083198236863965 -0.01113673260230234 0
1337 0.05450064939293386 -0.03000639447523046 0
1338 0.06154290262383187 -0.03704864815597267 0
1339 0.05192300540679529 -0.039626291599277 0
1340 0.0589652586914118 -0.04666854524086161 0
1341 0.04934536146306674 -0.04924618871608202 0
1342 0.05638761480579169 -0.05628844231904906 0
1343 0.04676771762673489 -0.05886608580032623 0
1344 0.05380997094108188 -0.06590833945125031 0
1345 0.04419007382651505 -0.06848598297227103 0
1346 0.05123232713534343 -0.07552823659913033 0
1347 0.04161242994398405 -0.07810588017700436 0
1348 0.04865468332245627 -0.08514813377647423 0
1349 0.03903478590975734 -0.08772577749755711 0
1350 0.03199253278261384 -0.0806835236922341 0
1351 0.02941488879729931 -0.09030342099125793 0
1352 0.04607703931753983 -0.09476803115266511 0
1353 0.02237263552349246 -0.08326116725395645 0
1354 0.01979499166386912 -0.09288106482791443 0
1355 0.01275273833960917 -0.08583881100076957 0
1356 0.01017509450453412 -0.09545870835446833 0
1357 0.003132841243054144 -0.08841645452165399 0
1358 0.0005551972817272322 -0.09803635197150488 0
1359 0.06085222431921836 -0.07295059298301045 0
1360 0.01721734793370554 -0.1025009616907107 0
1361 0.1046721710707244 0.09058765682472092 0
1362 0.3020403328197408 0.02739243939067243 0
1363 0.01620613436336465 0.09367091152632974 0
1364 0.02324838775224602 0.08662865786085062 0
1365 -0.03000638599347082 0.05450064641841493 0
1366 -0.03571688177479637 -0.3667027983094407 0
1367 -0.02867462823490775 -0.3737450517806453 0
1368 0.3949709827359779 0.007647034346597414 0
1369 0.3879287292531352 0.0146892878390194 0
1370 0.4020132362050332 0.0006047808794130693 0
1371 0.1203231011432693 0.2822949232356577 0
1372 0.007647054620108229 0.3949709820983943 0
1373 0.01468930749643282 0.3879287281299207 0
1374 0.0006048015987675237 0.4020132361003302 0
1375 0.1798798514240677 -0.228570848165057 0
1376 0.1432872272931649 -0.2651634693523633 0
1377 0.1336673300429436 -0.2677411126979845 0
1378 -0.1483433412357829 0.2460228564628518 0
1379 -0.1553855944136235 0.2530651103255972 0
1380 -0.001516837672727089 -0.2057421880361602 0
1381 -0.01113673493320259 -0.2083198314754706 0
1382 -0.01817898826162227 -0.2012775777653869 0
1383 -0.0207566322367564 -0.2108974749531929 0
1384 -0.01371437890820837 -0.2179397286317948 0
1385 -0.02333427616391283 -0.2205173721026105 0
1386 -0.0162920227956066 -0.2275596257649496 0
1387 -0.02591192009702238 -0.2301372691884934 0
1388 -0.03295417342651885 -0.2230950154700773 0
1389 -0.1567669528278711 0.1812612145416858 0
1390 -0.154189309434722 0.1908811117961113 0
1391 -0.0244809615271936 0.3417162109760022 0
1392 -0.03152321452362011 0.3487584649732071 0
1393 -0.006487056046909245 -0.09099409814624713 0
1394 -0.009064700004642268 -0.1006139954777121 0
1395 -0.03553181741894515 -0.2327149126093188 0
1396 -0.02848956392112113 -0.2397571663780936 0
1397 -0.04257407069450388 -0.2256726588417571 0
1398 0.06587204378330214 0.3123509033617228 0
1399 0.05625214647772264 0.3097732602641498 0
1400 -0.03410085886458131 0.3391385679648786 0
1401 -0.04114311183403292 0.3461808219819866 0
1402 -0.04372075617369946 0.3365609249977322 0
1403 -0.05076300916501487 0.343603179045177 0
1404 -0.04818536481037545 0.353223076005801 0
1405 -0.05780526217397491 0.3506454330268844 0
1406 -0.06038290644871215 0.3410255360027941 0
1407 -0.05522761788220992 0.3602653300364284 0
1408 -0.06508218335965198 -0.2763497870678917 0
1409 0.06858515585386234 -0.04409090162822954 0
1410 0.2692216419949946 -0.06176427821468861 0
1411 0.264942100010178 0.08888575503805325 0
1412 -0.02540630684567953 -0.3282232094205298 0
1413 0.03765342978555374 -0.1595296689607102 0
1414 0.06329439954963018 0.3027310063206233 0
1415 0.09656910097830215 -0.2062478001043445 0
1416 0.1132808477081916 0.2893371769112475 0
1417 0.1407095833051282 -0.2747833664129848 0
1418 0.1310896860041418 -0.2773610098097626 0
1419 0.1240474327572167 -0.2703187560433963 0
1420 0.1214697887122672 -0.279938653195724 0
1421 0.1144275354207417 -0.2728963993766138 0
1422 0.1118498914190188 -0.2825162965123852 0
1423 0.1188921446971659 -0.289558550306717 0
1424 0.1092722473760815 -0.2921361936266924 0
1425 0.1163145006021732 -0.2991784474366515 0
1426 0.106694603290248 -0.3017560907366708 0
1427 0.1048076381545795 -0.2754740427543749 0
1428 -0.06742515951787587 0.3480677900036229 0
1429 -0.07000280378869089 0.3384478929421729 0
1430 -0.1579632385640709 0.2434452132456733 0
1431 -0.1650054917629673 0.2504874672332571 0
1432 -0.06319521599367658 -0.3026318357800972 0
1433 -0.1593445962912189 0.1716413173067726 0
1434 -0.1016748036564567 -0.3129424092055641 0
1435 -0.09463255002288427 -0.319984662536178 0
1436 0.01533038240659526 -0.07621891347680822 0
1437 0.02582603155668749 0.09624855505233101 0
1438 0.03286828498474088 0.08920630140433077 0
1439 -0.02453056320325189 -0.1583333790869083 0
1440 -0.02195291919098724 -0.1487134819868078 0
1441 -0.0123330219158853 -0.1461358385261215 0
1442 -0.1557557281071003 -0.01491066538796554 0
1443 0.3250540589199494 -0.02001636860670596 0
1444 0.3116602300486752 0.02997008292146908 0
1445 -0.05099767475993523 -0.2904342950647706 0
1446 0.1061889981310915 -0.2036701564150223 0
1447 -0.03829452546184336 -0.3763226955135358 0
1448 -0.03125227195432668 -0.3833649489917073 0
1449 -0.02163237473202323 -0.3807873052524095 0
1450 -0.02421001843432539 -0.3904072024857221 0
1451 -0.01459012123105126 -0.3878295587778343 0
1452 -0.01716776495198473 -0.3974494560106326 0
1453 -0.007547867759383188 -0.3948718123647479 0
1454 -0.01012551148901702 -0.4044917094551225 0
1455 -0.0005056143302350283 -0.4019140658947806 0
1456 -0.003083258148053949 -0.4115339628492568 0
1457 0.002072029420842725 -0.3922941687229414 0
1458 0.009114282911647911 -0.399336422230392 0
1459 0.01169192662460959 -0.3897165251284158 0
1460 0.0187341801054953 -0.3967587786124771 0
1461 0.02131182385789029 -0.3871388815156898 0
1462 -0.1559407942152423 -0.1488985478124209 0
1463 -0.153363150693041 -0.1392786505690192 0
1464 -0.1585184378571676 -0.1585184450476689 0
1465 -0.1604054043131006 -0.1322363971415729 0
1466 -0.1507855071511481 -0.1296587533209392 0
1467 -0.1578277607861851 -0.1226164999035755 0
1468 -0.1482078636020226 -0.1200388560318383 0
1469 0.3975486264153616 0.01726693150690251 0
1470 0.3905063729397618 0.02430918499879481 0
1471 0.3341683462444252 0.08064721224954324 0
1472 0.3412105997038167 0.07360495873159506 0
1473 0.3386329559890106 0.06398506157580919 0
1474 0.3482528531609433 0.06656270521381702 0
1475 0.1229007449692778 0.2919148204099992 0
1476 0.115858491560104 0.2989570740959773 0
1477 0.08064722908084238 0.334168340756731 0
1478 0.01022469896335848 0.4045908790778744 0
1479 0.003182445951461776 0.4116331331090682 0
1480 -0.006437451397929228 0.4090554901272325 0
1481 -0.1471470556966497 0.1838388585010233 0
1482 -0.1445694123097441 0.1934587557697245 0
1483 0.03061117637889933 -0.1524874152883756 0
1484 0.04023107362047065 -0.1499097717496957 0
1485 0.3456752094463554 0.05694280805973873 0
1486 0.3552951066182434 0.05952045169225284 0
1487 0.0462621089055556 0.03921985203899769 0
1488 0.0558820061347446 0.04179749555107547 0
1489 0.03664221168623827 0.03664220853106337 0
1490 0.06292425951023652 0.03475524188178768 0
1491 0.06550190336159839 0.04437513899919449 0
1492 -0.3057150847408659 0.0252708233269771 0
1493 -0.02710820722023756 -0.1679532761963984 0
1494 0.1299429983867897 0.2848725666979863 0
1495 0.01381355492963471 0.2180389012902791 0
1496 0.1073852821819037 -0.2658541456445136 0
1497 0.0009253365608496433 0.1699394140472811 0
1498 0.3654206137148539 -0.0359878416635433 0
1499 0.3628429700518411 -0.04560773880784246 0
1500 0.3724628671817463 -0.04303009513925476 0
1501 0.3271260927733136 0.08768946576479186 0
1502 0.1137368564616292 -0.3087983444964123 0
1503 0.1041169591587925 -0.3113759878237935 0
1504 0.09707470602850685 -0.3043337340641636 0
1505 0.09449706189720417 -0.313953631186781 0
1506 -0.07704505688231522 0.3454901469151371 0
1507 -0.07962270112805753 0.3358702498873496 0
1508 -0.1624278475537539 0.2601073647062635 0
1509 0.02835407730607457 -0.3941811350742675 0
1510 0.03093172109246149 -0.3845612378816676 0
1511 0.1503294805839764 -0.272205723050139 0
1512 0.1015393150946499 -0.3209958849434042 0
1513 0.0919194178151243 -0.3235735282326229 0
1514 0.08487716467562131 -0.3165312744219412 0
1515 0.0822995205227946 -0.3261511715022158 0
1516 0.08934177371476715 -0.3331934252768525 0
1517 0.07972187641448911 -0.3357710685693329 0
1518 0.0726796232309074 -0.328728814753649 0
1519 0.07010197953247616 -0.3383487113662509 0
1520 0.07714423231635109 -0.3453909655889599 0
1521 0.06752433648747797 -0.3479686086405007 0
1522 -0.003859807016721728 0.4186753871257429 0
1523 0.3698852235047103 -0.05264999227499252 0
1524 0.3602653265084654 -0.05522763598151581 0
1525 -0.1675831358422878 0.2408675700685347 0
1526 -0.1746253890692901 0.2479098240277901 0
1527 0.03544592878471253 0.09882619854229246 0
1528 0.0284036753781811 0.1058684522077126 0
1529 0.04248818216026251 0.09178394492721309 0
1530 -0.07258044801447548 0.3288279959090555 0
1531 -0.08220034537060511 0.3262503528577231 0
1532 -0.08924259847661394 0.3332926067574831 0
1533 -0.09182024269529887 0.3236727097415821 0
1534 -0.10425244719608 -0.3225623064443554 0
1535 -0.09721019352327791 -0.3296045598375607 0
1536 -0.08759029635952134 -0.3270269159157893 0
1537 -0.09016793982232518 -0.3366468132114735 0
1538 0.0536745022234763 0.3001533632284936 0
1539 0.06071675528711373 0.2931111092652179 0
1540 0.2821098605588011 -0.01366479252582298 0
1541 0.04028067538847625 0.3501398158310199 0
1542 0.04990057268611436 0.3527174590293776 0
1543 0.3494491406175234 0.00437871310838378 0
1544 -0.01610695345395136 -0.09357174185113619 0
1545 -0.018684597297176 -0.1031916390604965 0
1546 -0.01352930950227255 -0.08395184454057708 0
1547 -0.03415046048219283 -0.160911022537148 0
1548 -0.03672810445546978 -0.1705309196347938 0
1549 -0.04515171465649832 -0.2352925559475769 0
1550 -0.05219396796507197 -0.2282503021742082 0
1551 -0.0496163239591024 -0.2186304050688526 0
1552 -0.04842003052066735 -0.2808143965488697 0
1553 -0.1411656099666307 -0.1270811094159682 0
1554 -0.1385879663740189 -0.1174612121469169 0
1555 0.06305972643588463 -0.3313064574472058 0
1556 -0.1488985406285375 -0.1559408012406533 0
1557 -0.1514761842682253 -0.165560698429688 0
1558 0.3578727503376253 0.06914034883979581 0
1559 0.364915003813913 0.06209809532612509 0
1560 0.3367459899566448 0.09026710940884941 0
1561 0.3297037364747035 0.09730936292322673 0
1562 0.1254783888219601 0.3015347175396254 0
1563 0.1184361354674531 0.3085769712245086 0
1564 0.1233567538213745 -0.3062207012037356 0
1565 0.3673075798599534 -0.06226988944310398 0
1566 0.357687682834555 -0.0648475331302138 0
1567 0.3794325068119628 -0.04980134999249075 0
1568 -0.09886249580856961 0.3307149635937823 0
1569 -0.1014401400141906 0.3210950666002636 0
1570 0.147751836552678 -0.281825620139712 0
1571 0.02577643353601579 -0.4038010321640397 0
1572 -0.01347970437092932 0.4160977441660025 0
1573 -0.1772030331398979 0.2382899268095922 0
1574 -0.1842452863300966 0.2453321806165718 0
1575 -0.1868229305662965 0.2357122830811502 0
1576 -0.1605408826485387 0.2338253162125427 0
1577 -0.1375271584002686 0.1864165022509133 0
1578 -0.1349495151481885 0.1960363996837827 0
1579 -0.1346289682331234 -0.03603742609191835 0
1580 -0.08275555424738545 -0.07571329933787529 0
1581 0.2338253053732553 -0.1605408925358742 0
1582 -0.1710365239557704 0.06135783575238082 0
1583 0.2755732169354923 -0.1047084767520859 0
1584 0.04400500495212374 -0.2024738676042568 0
1585 0.03318882026464548 -0.1428675181020827 0
1586 0.04280871750493356 -0.1402898746078046 0
1587 -0.3115610493724528 -0.02987091656190254 0
1588 -0.03502620407321963 -0.3308008530312501 0
1589 -0.03667850316568134 0.3295186710510655 0
1590 0.09795045658495559 -0.1344439098449697 0
1591 -0.1291531400406873 -0.2488714507808289 0
1592 0.2434452026338996 -0.1579632491518294 0
1593 0.2408675586885898 -0.167583146246592 0
1594 0.2504874558879206 -0.1650055028770467 0
1595 0.2479098119250464 -0.1746253999512045 0
1596 -0.1736141675850351 0.05173793853410102 0
1597 -0.1639942703180288 0.05431558230124829 0
1598 -0.1665719139734789 0.04469568508676591 0
1599 -0.1569520167750837 0.04727332884529171 0
1600 -0.1543743731162959 0.05689322603737984 0
1601 -0.1473321195471697 0.04985097255188058 0
1602 -0.1447544759032497 0.05947086976899085 0
1603 -0.1377122221448663 0.05242861624755946 0
1604 -0.1351345784973839 0.06204851348070711 0
1605 -0.1542388998199529 -0.3091684775666315 0
1606 -0.07502262399778085 -0.04685360823179605 0
1607 -0.0846425214473874 -0.04943125105322202 0
1608 -0.08206487685619797 -0.03981135469270944 0
1609 -0.04533677895116335 -0.3692804420627717 0
1610 -0.1595296604423613 0.03765343140853021 0
1611 -0.00202244657011362 -0.1076562494028289 0
1612 0.1639083799862969 -0.1882042925845325 0
1613 0.1542884826363982 -0.1907819359196052 0
1614 0.1568661267799806 -0.1811620387403171 0
1615 0.1472462294753375 -0.1837396820676177 0
1616 0.06701873234397117 -0.2498826761619807 0
1617 -0.1324214617568343 -0.2943932928042666 0
1618 -0.01988088439347163 -0.04100764503899762 0
1619 -0.254532343560611 -0.05030699918519428 0
1620 -0.07106361885703551 0.03457017526729302 0
1621 -0.1993906041991417 -0.04446103418270941 0
1622 0.2955036896648964 -0.06365124465375516 0
1623 0.1773022073276242 -0.2381907453043703 0
1624 0.1869221046196645 -0.2356131019962288 0
1625 0.1843444605575735 -0.2452329991018823 0
1626 -0.324264201627725 0.05601748095749672 0
1627 -0.1401048017776702 0.1767966042153492 0
1628 -0.00920017023023878 0.2654477116211056 0
1629 -0.01058152769731163 0.1936438211278387 0
1630 0.1194473553645147 0.1124050952492558 0
1631 0.1295728619127612 0.01689680079408283 0
1632 0.1385020807018101 -0.01642750052886011 0
1633 -0.07446741261181526 0.3551100439722906 0
1634 0.05569693671366702 -0.09219038743003599 0
1635 0.05311929290253431 -0.1018102845863118 0
1636 0.06273919014412274 -0.09923264098867229 0
1637 0.06016154641354973 -0.1088525381412474 0
1638 0.06978144358563132 -0.1062748946924682 0
1639 -0.0921903792132794 0.05569693610981781 0
1640 0.1762909916544672 -0.04201887058302728 0
1641 0.1989841754831642 0.1426461401375654 0
1642 -0.1423618984822863 -0.06489711771987608 0
1643 -0.1327420012214362 -0.06231947420802664 0
1644 -0.1353196450153812 -0.07193937127973216 0
1645 0.0397254643419382 -0.05182383202574489 0
1646 -0.2251670407904841 -0.1406600064536233 0
1647 -0.2322092944246129 -0.1336177530042441 0
1648 -0.2347869379875709 -0.1432376502724753 0
1649 -0.2418291915945049 -0.1361953968960454 0
1650 -0.2444068351709514 -0.1458152940724724 0
1651 -0.2514490887635935 -0.1387730407696265 0
1652 -0.2540267323055181 -0.1483929379387387 0
1653 -0.2610689859322524 -0.1413506845414975 0
1654 -0.2584913424575925 -0.1317307873754308 0
1655 -0.2681112396285488 -0.1343084311887925 0
1656 -0.2469844786716747 -0.1554351913074624 0
1657 -0.2655335961238627 -0.1246885339408781 0
1658 -0.2751534932990337 -0.1272661777849232 0
1659 -0.272575849784873 -0.1176462805406332 0
1660 -0.2821957469401652 -0.1202239243650526 0
1661 -0.2796181034200816 -0.110604027106237 0
1662 -0.2892380005833904 -0.1131816709339869 0
1663 -0.2699982058329554 -0.1080263829946973 0
1664 -0.2866603570970727 -0.1035617736578181 0
1665 -0.2962802541884048 -0.1061394174713699 0
1666 -0.270688883097255 -0.143928328453318 0
1667 -0.2918156441184218 -0.1228015682152249 0
1668 -0.2937026104416172 -0.09651952005549812 0
1669 -0.303322507831834 -0.09909716405793852 0
1670 -0.3007448637879906 -0.08947726649390744 0
1671 -0.310364761425125 -0.09205491065124519 0
1672 -0.3129424049752771 -0.1016748079942882 0
1673 -0.3199846586634297 -0.09463255459615848 0
1674 -0.3174070152154009 -0.08501265736578088 0
1675 -0.3270269123836663 -0.08759030126481196 0
1676 -0.3244492689223167 -0.07797040400063249 0
1677 -0.3340691660674613 -0.08054804792169709 0
1678 -0.3314915226081168 -0.07092815062746294 0
1679 -0.3411114197061594 -0.07350579452300203 0
1680 -0.3385337762502991 -0.06388589726472749 0
1681 -0.3481536733557444 -0.06646354111602459 0
1682 -0.3455760295295762 -0.05684364362442936 0
1683 -0.3551959269709721 -0.05942128765186409 0
1684 -0.3526182831357998 -0.04980139019869828 0
1685 -0.3622381805847816 -0.05237903432867966 0
1686 -0.3596605370571457 -0.04275913702864011 0
1687 -0.3692804343345548 -0.04533678101147908 0
1688 -0.3667027908231272 -0.03571688369700315 0
1689 -0.3763226880310845 -0.03829452768729841 0
1690 -0.3737450445652423 -0.02867463032849248 0
1691 -0.3833649416645097 -0.03125227418987508 0
1692 -0.3807872977216196 -0.0216323765999184 0
1693 -0.3904071953183608 -0.02421002083719288 0
1694 -0.3878295513862579 -0.01459012315971853 0
1695 -0.3974494489792091 -0.01716776739624214 0
1696 -0.3948718053742574 -0.007547870136429831 0
1697 -0.4044917025246426 -0.01012551399499823 0
1698 -0.4019140589672859 -0.0005056168609838124 0
1699 -0.392294161795385 0.002072027110198563 0
1700 -0.4115339564722735 -0.003083261094658687 0
1701 -0.3993364156324404 0.009114280180978686 0
1702 -0.3897165183394024 0.01169192434710201 0
1703 -0.3967587722264454 0.01873417757522765 0
1704 -0.3871388748700149 0.02131182161074049 0
1705 -0.3941811283768258 0.02835407505218789 0
1706 -0.3845612312707997 0.03093171891758872 0
1707 -0.3366468095762584 -0.0901679452183608 0
1708 -0.3577735706232433 -0.06904118515793795 0
1709 -0.3916034851437735 0.03797397214094399 0
1710 -0.3819835877315063 0.04055161612385783 0
1711 -0.3749413340688081 0.03350936273703595 0
1712 -0.3723636905324286 0.04312925995949036 0
1713 -0.4038010260112868 0.0257764307385965 0
1714 -0.3794059441090559 0.05017151338532959 0
1715 -0.3697860469587554 0.05274915716720689 0
1716 -0.3711673998499429 -0.01905473206080471 0
1717 -0.2566043758179687 -0.1580128351918708 0
1718 -0.2495621221247678 -0.1650550885903146 0
1719 -0.2591820192949766 -0.1676327324869053 0
1720 -0.2521397656357953 -0.1746749858377001 0
1721 -0.3789003316351798 -0.04791442509832545 0
1722 -0.3225623021393457 -0.1042524518877058 0
1723 0.103290813953763 0.01878376771310447 0
1724 -0.2043608255166772 0.07028705501730786 0
1725 -0.2139807227759637 0.06770941128430961 0
1726 -0.2114030790657125 0.07732930853246034 0
1727 -0.2210229762586949 0.07475166483532832 0
1728 -0.2236006199916236 0.06513176764094171 0
1729 -0.2184453325722138 0.08437156204799819 0
1730 -0.2306428734828062 0.07217402118366871 0
1731 -0.2332205172186931 0.06255412399997751 0
1732 -0.2402627705981313 0.06959637755191059 0
1733 -0.2428404144118363 0.0599764803782115 0
1734 -0.08432197576876233 -0.2815050736834955 0
1735 0.04009560329591444 0.2161519333086724 0
1736 0.2419283738604011 0.1362945634021669 0
1737 -0.3929848389207017 -0.03382991820747477 0
1738 -0.1969980265270737 -0.1688290202280767 0
1739 -0.1899557730151926 -0.1758712737050657 0
1740 -0.1995756702618066 -0.1784489174167513 0
1741 -0.1925334167080285 -0.1854911708961075 0
1742 -0.2021533139076101 -0.1880688145803775 0
1743 -0.1951110603459681 -0.1951110681230525 0
1744 -0.2047309575179126 -0.1976887117377329 0
1745 -0.1976887041390955 -0.2047309653224242 0
1746 -0.1880688068445613 -0.202153321676477 0
1747 -0.1906464506682133 -0.2117732188958881 0
1748 -0.1810265534134644 -0.2091955753111935 0
1749 -0.1836041972837076 -0.2188154724798533 0
1750 -0.2002663477948746 -0.2143508624284315 0
1751 -0.1739842999875872 -0.2162378289251796 0
1752 -0.1765619438060692 -0.2258577261043063 0
1753 -0.1714066561924152 -0.2066179315862934 0
1754 -0.1861818410542272 -0.2284353696403039 0
1755 0.2851931141650907 -0.1021308332512386 0
1756 0.282615470282117 -0.1117507303927885 0
1757 0.2922353675177989 -0.1091730869314181 0
1758 0.2896577235921808 -0.1187929840497651 0
1759 0.2992776208410742 -0.116215340611126 0
1760 0.2966999769006723 -0.1258352377175235 0
1761 0.3018552647619993 -0.1065954435005601 0
1762 0.3088975180831864 -0.1136376972343481 0
1763 0.3114751620130669 -0.1040178000655628 0
1764 0.3185174153193244 -0.1110600537983407 0
1765 0.3210950592436732 -0.1014401566723261 0
1766 0.2870800796623852 -0.1284128811423306 0
1767 0.2941223329833206 -0.1354551348157766 0
1768 0.2845024357407809 -0.1380327782236296 0
1769 -0.00667212555343194 -0.2249819822534911 0
1770 -0.009249769421720178 -0.234601879407907 0
1771 0.1637729087496539 0.1778574083287471 0
1772 -0.2840827128761411 -0.09394187593423528 0
1773 0.07235908734098866 -0.09665499733922316 0
1774 0.01073030398470476 0.3065049414072847 0
1775 0.01965952215522021 0.2731806397576064 0
1776 0.09127834189238626 0.1405741096376197 0
1777 -0.02881010339747805 -0.007683343375265633 0
1778 -0.02623245959227261 0.001936553759947501 0
1779 -0.03585235684463071 -0.0006410897803195009 0
1780 -0.03327471305485087 0.008978807396285204 0
1781 -0.02365481582478055 0.01155645097968316 0
1782 -0.1677682037584582 0.1068796783786392 0
1783 -0.1773881008486676 0.1043020344156452 0
1784 -0.1748104574205185 0.1139219317490425 0
1785 -0.1844303545732251 0.1113442878441915 0
1786 -0.1818527111102019 0.1209641851541796 0
1787 -0.1914726082782121 0.1183865412091619 0
1788 -0.1722328139512903 0.1235418290912236 0
1789 -0.1792750676624084 0.1305840825161063 0
1790 -0.1696551704475738 0.1331617263862931 0
1791 -0.2425198684464454 -0.1720973419644811 0
1792 -0.2450975119731531 -0.1817172392362732 0
1793 0.2321234091682792 -0.0002709626864461634 0
1794 -0.3043337300967112 0.09707471351258501 0
1795 -0.3139536272628681 0.0944970696713345 0
1796 -0.311375983764537 0.1041169668899913 0
1797 -0.3209958808945005 0.1015393230213638 0
1798 0.2147705801433385 -0.03170829757865923 0
1799 0.1926326004326437 0.185590338721163 0
1800 -0.4070693464057862 -0.01974541158605633 0
1801 -0.3800966206202843 0.01426956872961722 0
1802 -0.3235735244163116 0.09191942578233481 0
1803 -0.3306157780883682 0.09896167914871501 0
1804 -0.3331934215966497 0.08934178188928578 0
1805 0.3090825862138821 0.02035018581366893 0
1806 -0.1609110153904774 -0.03415045977919609 0
1807 -0.1808414876013652 -0.07520769227162256 0
1808 0.04782853515489865 0.2450116246003838 0
1809 0.05487078848063014 0.2379693709147394 0
1810 0.05744843239241337 0.2475892680341334 0
1811 0.3520267842902776 0.01399861026684596 0
1812 -0.1552501172266896 -0.112996602617219 0
1813 -0.09545870108937808 0.01017509373749348 0
1814 -0.08583880387382606 0.01275273733617843 0
1815 -0.1188425663534434 -0.2103918613850922 0
1816 -0.04906111617324699 0.1833332452651671 0
1817 0.04285831951558933 0.359759712878647 0
1818 0.05247821682230985 0.3623373560549336 0
1819 -0.07603384221584528 0.149318266962311 0
1820 -0.08054804261225423 -0.3340691692998445 0
1821 -0.08312568611466593 -0.3436890666109819 0
1822 0.06720379984154538 -0.1158947919146163 0
1823 -0.06678408277226205 -0.1160798549604416 0
1824 0.04543596367580826 0.3693796099411685 0
1825 0.1043020317300852 -0.177388108480082 0
1826 -0.05477161194070182 -0.2378701993087841 0
1827 -0.02314920686388064 -0.08652948825640888 0
1828 0.2005010042731359 -0.1516116717495213 0
1829 0.2030786483101377 -0.1419917747320141 0
1830 0.1934587510451256 -0.144569417950619 0
1831 0.1960363951592782 -0.1349495208849744 0
1832 0.1864164978535047 -0.1375271641401239 0
1833 0.1889941419852892 -0.1279072670648937 0
1834 0.1793742446795196 -0.130484910292449 0
1835 0.1819518887989124 -0.1208650132057188 0
1836 0.1767966005719122 -0.1401048073648524 0
1837 0.1915717860903761 -0.118287369979249 0
1838 0.1845295329325139 -0.1112451161061492 0
1839 0.1941494302248687 -0.1086674729498385 0
1840 0.1871071771304801 -0.1016252190358859 0
1841 0.1967270744500925 -0.09904757593820873 0
1842 0.1896848213678606 -0.09200532198054844 0
1843 0.199304718698876 -0.08942767892339519 0
1844 0.192262465637046 -0.08238542494726109 0
1845 0.201882362958721 -0.07980778190913602 0
1846 0.3623373600678213 0.05247819817018778 0
1847 0.3719572573040382 0.05505584182758977 0
1848 0.0644906857236759 0.240547014312939 0
1849 0.06191304183245849 0.2309271171921798 0
1850 0.07153293907461787 0.2335047606034776 0
1851 0.06895529517187132 0.2238848634976447 0
1852 0.07857519239899034 0.2264625069723578 0
1853 0.07599754852971091 0.2168426098315941 0
1854 0.06946090346388023 0.1257989256514256 0
1855 0.1446685853112131 -0.1933595792072553 0
1856 -0.04137777757368692 -0.2878566506063346 0
1857 0.1498238735763314 -0.1741197849452355 0
1858 -0.03880013334263895 -0.2782367527658192 0
1859 0.1036609504430727 0.2867595334539095 0
1860 -0.05923622123726455 -0.2212080483879646 0
1861 -0.179139587633752 -0.2354776232590813 0
1862 -0.1887594848676655 -0.2380552667868435 0
1863 -0.08841644764963852 0.003132840133102749 0
1864 0.1343580088976522 -0.2318391675522712 0
1865 0.05845964999659052 0.05141739266160446 0
1866 0.06807954724729957 0.05399503609816926 0
1867 -0.05665857721851095 -0.2115881513485189 0
1868 0.02067074336464288 0.07700876084089874 0
1869 -0.04791442266467088 -0.3789003392200848 0
1870 -0.05495667611629217 -0.371858085694265 0
1871 -0.03382991558697394 -0.3929848461161431 0
1872 -0.01974540861491176 -0.4070693529528329 0
1873 -0.04924618080071894 0.04934535995214055 0
1874 -0.07879655039312089 0.005710483737815297 0
1875 -0.1669420464683933 -0.2232800824288285 0
1876 0.1036113540925825 -0.2132900534762286 0
1877 -0.09168477481203902 -0.04238899806684007 0
1878 -0.1418562869939696 -0.1629830546505442 0
1879 -0.09564377285383459 -0.1238127863713709 0
1880 -0.1256997481031689 -0.069361728131179 0
1881 -0.1282773915924434 -0.07898162507114231 0
1882 0.02269317906224796 -0.3153349908529351 0
1883 -0.1444339305904928 -0.1726029518566958 0
1884 0.06563737009666629 -0.3216865608098389 0
1885 0.03797397453099905 -0.3916034914351362 0
1886 0.04055161774579683 -0.3819835947765351 0
1887 0.03350936471278895 -0.3749413408114448 0
1888 0.07456658811719284 -0.3550108627256165 0
1889 -0.3184182373943859 0.1111592202393176 0
1890 -0.3087983402690404 0.1137368641538122 0
1891 0.2575297091515883 -0.1720477565990061 0
1892 0.4001262701027915 0.02688682866507225 0
1893 0.407168523577666 0.01984457516973204 0
1894 0.05505586097144083 0.3719572531395072 0
1895 0.04801360784171771 0.3789995070000221 0
1896 0.06209811410981125 0.3649149992634378 0
1897 0.01280234333542046 0.4142107760521546 0
1898 0.01984459631134528 0.4071685220567691 0
1899 0.1207791097131486 -0.3158405982511207 0
1900 -0.3768283004214346 0.05979141064227067 0
1901 -0.3672084033049115 0.06236905430708611 0
1902 -0.1084823931103098 0.3281373203823066 0
1903 -0.1110600372737557 0.3185174233726007 0
1904 -0.3402356752770178 0.09638403529146083 0
1905 0.3037422302221801 -0.1328774914804564 0
1906 -0.1816676422475293 0.2549520782731701 0
1907 -0.3158405938578207 0.1207791174979816 0
1908 -0.3062206967589099 0.1233567614282985 0
1909 -0.09628485156992084 0.3403348606529928 0
1910 0.1573717338433349 -0.2792479767115995 0
1911 -0.01090206002940991 0.4257176411754525 0
1912 -0.00128216263947073 0.4282952841216511 0
1913 0.08418648544965586 -0.3524332194627993 0
1914 0.1939643578370456 -0.2426553558004709 0
1915 0.1965420019422328 -0.2330354586277483 0
1916 0.3281373125624928 -0.1084824103971218 0
1917 0.3307149564256344 -0.09886251326682788 0
1918 0.3236727031535061 -0.09182025958237644 0
1919 0.2915446890652074 -0.1450750319305369 0
1920 0.04759387144382633 -0.3890258481604291 0
1921 0.2549520651883873 -0.1816676536539082 0
1922 0.2453321679378404 -0.1842452970284932 0
1923 -0.1938651837114268 0.2427545372385008 0
1924 -0.1964428280461098 0.2331346398355638 0
1925 0.3647299361758415 -0.07188978660931117 0
1926 -0.3254604910446606 0.118201473658447 0
1927 -0.3653214369206835 0.03608700655363369 0
1928 -0.1279072610745519 0.1889941459119484 0
1929 -0.1253296179844092 0.1986140436365092 0
1930 -0.1323718717768026 0.2056562970093853 0
1931 -0.1227519746824153 0.2082339409511825 0
1932 -0.1157097209623244 0.2011916876902146 0
1933 -0.1131320776429636 0.2108115849516517 0
1934 -0.1060898238311211 0.2037693317305473 0
1935 -0.1035121805613369 0.2133892290169128 0
1936 -0.09646992676704294 0.206346975797237 0
1937 -0.09389228347761497 0.2159668730954291 0
1938 -0.08685002934953313 0.208924619368158 0
1939 -0.08427238635752203 0.2185445171000051 0
1940 -0.07723013210874406 0.2115022634180863 0
1941 -0.07465248869054709 0.2211221612239751 0
1942 -0.06761023520739366 0.2140799080102605 0
1943 -0.0650325913460727 0.2236998050653505 0
1944 -0.05799033823580768 0.216657552125686 0
1945 -0.05541269480145956 0.2262774491266592 0
1946 -0.04837044127578499 0.2192351963100703 0
1947 -0.04579279812587167 0.2288550936401434 0
1948 -0.0387505442855413 0.2218128405728803 0
1949 -0.03617290117270866 0.2314327379095274 0
1950 -0.02913064727131337 0.2243904847898636 0
1951 -0.350040639045707 -0.04018149243322393 0
1952 0.1774872797852841 -0.1042028621802364 0
1953 0.000370127843328974 -0.2320242358694684 0
1954 -0.002207515980267277 -0.2416441330386944 0
1955 -0.3289138785911276 -0.06130825304451969 0
1956 -0.3148293712192986 -0.07539275971028152 0
1957 -0.09274558330059986 -0.3462667104696035 0
1958 -0.08570332965924136 -0.3533089638834733 0
1959 -0.2833920350527439 -0.05803993042438419 0
1960 -0.104017784106717 0.3114751695080507 0
1961 -0.113637681393338 0.3088975263511103 0
1962 -0.1206799345822528 0.3159397801835365 0
1963 -0.1232575786668528 0.3063198831509328 0
1964 -0.1766974242783949 0.1402039800855005 0
1965 0.1697543474047114 -0.1330625535239073 0
1966 -0.07515809228349704 0.319208098896948 0
1967 -0.3601661497764614 0.05532680087342052 0
1968 0.0357664641606921 -0.1332476209902683 0
1969 0.02614656692221091 -0.1358252644932474 0
1970 -0.01937527525962632 -0.1390935848721208 0
1971 -0.0289951725328744 -0.1416712283346137 0
1972 -0.237685126907904 0.0792162746737409 0
1973 -0.1540538278267897 -0.1751805956631643 0
1974 -0.1470115741950158 -0.1822228490958991 0
1975 -0.1068300907024165 -0.3321822036788583 0
1976 -0.1138723443730966 -0.3251399503607882 0
1977 -0.02057156298317148 -0.07690959096772026 0
1978 -0.235798160958668 0.05293422679692115 0
1979 -0.2454180581662318 0.05035658314810749 0
1980 0.008103059511839206 -0.2031645445278037 0
1981 0.07254415673857872 0.03733288535560175 0
1982 0.004649673108978285 -0.3826742715977164 0
1983 0.05173793644963541 -0.173614176123847 0
1984 0.1671767032905673 -0.1426824505861023 0
1985 -0.1796451985983088 -0.1373916847802417 0
1986 -0.249882667758567 0.06701873398486292 0
1987 0.2790266069038566 0.07480124781486021 0
1988 -0.04560772050433137 0.3628429730175161 0
1989 -0.05264997354486962 0.3698852270319027 0
1990 0.2828005384443606 0.02223715230367257 0
1991 0.05109685793463503 0.2905334662262039 0
1992 0.07940134068083593 -0.1036972512270267 0
1993 0.08197898450674476 -0.09407735366078805 0
1994 -0.2617596627984108 -0.1772526298146491 0
1995 -0.2688019164427681 -0.1702103763992118 0
1996 -0.1378972891813028 -0.0815592680356889 0
1997 0.05813911095297691 0.2834912123391692 0
1998 0.2089246160446932 -0.08685003580839283 0
1999 0.2115022602727837 -0.07723013879396702 0
2000 0.08561744578466229 0.2194202532786084 0
2001 0.08303980192715073 0.2098003561265686 0
2002 0.06706832964010473 0.2501669114304608 0
2003 0.1190772166168179 -0.1555706705354398 0
2004 0.1948401099054989 -0.07276552793459384 0
2005 0.1852202125828848 -0.07534317096667316 0
2006 -0.0437703577433253 -0.1634886660352724 0
2007 -0.0463480017265005 -0.1731085631026179 0
2008 -0.08137419417910541 -0.003909413401139816 0
2009 -0.09099409123370519 -0.006487056851953832 0
2010 0.06775900802769574 0.2860688554442647 0
2011 0.03802357262186062 0.1084460956328711 0
2012 0.03098131925579294 0.1154883493182578 0
2013 0.0729142969057997 0.305308649446039 0
2014 -0.1231221051532881 -0.05974183080899645 0
2015 -0.04289461026852084 0.006401163812828348 0
2016 -0.09513816234915931 -0.2218987245837565 0
2017 0.108816238179446 0.3059993278238493 0
2018 0.1113938821962789 0.3156192246051573 0
2019 -0.1817172315349355 -0.245097520392667 0
2020 -0.1720973342404931 -0.2425198768813835 0
2021 0.0610372939500584 0.06103728917355146 0
2022 0.07065719133310316 0.06361493259443457 0
2023 0.03921985549580254 0.04626210567293387 0
2024 0.02959995828809814 0.0436844621135859 0
2025 0.02702231447358272 0.03406456498236356 0
2026 0.01998006105533172 0.04110681855941774 0
2027 -0.02655300415636447 0.2340103821708077 0
2028 -0.03069706926664316 0.01859870457737553 0
2029 -0.021077172045457 0.02117634817164871 0
2030 -0.118657494722973 -0.0764039818874645 0
2031 -0.1212351381869262 -0.0860238787326298 0
2032 0.07663862925455309 -0.2473050317546027 0
2033 0.07406098469670658 -0.2569249283294676 0
2034 -0.1315457127555247 -0.1245034655693121 0
2035 0.3393236336576392 0.09988700656597177 0
2036 0.3322813802110641 0.1069292600812353 0
2037 0.4097461672662397 0.02946447232755567 0
2038 0.4167884207152928 0.02242221883350509 0
2039 0.4027039137882072 0.0365067258234883 0
2040 0.1280560327219053 0.3111546146641469 0
2041 0.1350982860593279 0.3041123609693763 0
2042 0.3674731393053887 0.07171274159371399 0
2043 0.06467575826537997 0.3745348963243739 0
2044 0.07171801142847158 0.3674926424796998 0
2045 0.0224222406854862 0.4167884190336877 0
2046 0.02946449356021213 0.4097461650506724 0
2047 -0.2034850811836211 0.2401768942574555 0
2048 -0.2060627252826507 0.2305569970755524 0
2049 -0.3742505376622194 0.06941086442922068 0
2050 0.1913867137893473 -0.2522752529281942 0
2051 -0.3864481979785014 0.05721376677626829 0
2052 -0.01951075025479809 0.2269681290304954 0
2053 -0.1516116661453005 0.2005010091616162 0
2054 -0.03244856031441192 -0.3211809558706645 0
2055 -0.3575885060159346 0.06494669794204641 0
2056 -0.1913371288069758 -0.2476751639649955 0
2057 -0.19837938213331 -0.2406329103050114 0
2058 0.3551100391309859 -0.0744674302901549 0
2059 -0.1018102764856389 0.05311929257988024 0
2060 -0.09923263262310401 0.06273918979595274 0
2061 -0.02774928521519127 0.2961943691916606 0
2062 0.07341990462720915 0.2072227127088083 0
2063 0.080462157961815 0.2001804590356275 0
2064 0.09008205521791973 0.2027581024664751 0
2065 0.08750441129626674 0.1931382053279628 0
2066 0.09712430852943732 0.1957158487742139 0
2067 0.09454666464050387 0.18609595161993 0
2068 0.1041665619045435 0.1886735950513496 0
2069 0.1015889179905122 0.1790536979211962 0
2070 0.1112088151049483 0.1816313411931797 0
2071 0.1086311712859493 0.1720114442126175 0
2072 0.118251068468993 0.1745890875464617 0
2073 0.1156734246017891 0.1649691905024641 0
2074 0.1252933217570017 0.1675468338028364 0
2075 0.1227156779452431 0.1579269368215405 0
2076 0.1323355751750885 0.1605045802993573 0
2077 0.1297579313253019 0.1508846832160326 0
2078 0.1393778285564016 0.1534623266983145 0
2079 0.1368001847407627 0.1438424296174605 0
2080 0.1464200819401369 0.146420073085995 0
2081 0.1438424381328497 0.1368001759960805 0
2082 0.1534623353234689 0.1393778194458134 0
2083 0.1508846914927225 0.1297579223775377 0
2084 0.1605045886731614 0.1323355658315202 0
2085 0.1579269448175137 0.1227156687349124 0
2086 0.1675468420167284 0.1252933121980294 0
2087 0.1649691981988768 0.1156734151270951 0
2088 0.1745890953791029 0.1182510585799515 0
2089 0.172011451550611 0.1086311614828697 0
2090 0.1816313486246528 0.1112088048669887 0
2091 0.1790537049146786 0.101588907860606 0
2092 0.1886736019409356 0.1041665512396497 0
2093 0.1860959582712101 0.09454665424801513 0
2094 0.1764760611144963 0.09196901074696362 0
2095 0.1835183144940108 0.08492675715664444 0
2096 0.1931382116749345 0.08750440068151055 0
2097 0.1905605678743688 0.07788450355472137 0
2098 0.2001804651041757 0.08046214711196836 0
2099 0.1976028212586377 0.0708422499630022 0
2100 0.2072227185086541 0.07341989353476268 0
2101 0.2046450746509607 0.06379999638363476 0
2102 0.1950251774362881 0.06122235284040721 0
2103 0.2020674308404193 0.05418009925819117 0
2104 0.1924475336304664 0.05160245571226395 0
2105 0.1994897870155241 0.04456020212626073 0
2106 0.1898698898154321 0.041982558580762 0
2107 0.2142649718552784 0.06637763991280658 0
2108 0.1828276364307962 0.04902481218482242 0
2109 0.1802499926093253 0.03940491504731392 0
2110 0.196912143205911 0.03494030500072531 0
2111 0.2091096842152295 0.04713784568406 0
2112 0.1732077392283861 0.04644716865702368 0
2113 0.1706300954024678 0.03682727153057701 0
2114 0.1776723487709042 0.0297850179171984 0
2115 0.1680524515639195 0.0272073744100606 0
2116 0.1738984173070279 0.08234911362607955 0
2117 0.1750947049230067 0.02016512079758409 0
2118 0.1654748077186043 0.01758747728738957 0
2119 0.2168426157405763 0.07599753704644059 0
2120 0.2238848691060947 0.06895528340811408 0
2121 0.2027581088734466 0.09008204428620463 0
2122 0.2819247917919206 -0.1476526753409798 0
2123 -0.05647350808868803 -0.07760026705227993 0
2124 0.3360553122781963 0.0543651644157595 0
2125 0.08147337556165551 0.004008583757624973 0
2126 0.07769944449877107 0.05657267941630374 0
2127 0.18176681646798 -0.2548528962167294 0
2128 0.04405460487951196 0.2975757202059678 0
2129 0.07921627300616321 -0.2376851349827793 0
2130 -0.1648700144175037 -0.1155742464793249 0
2131 -0.1622923709349328 -0.1059543492463229 0
2132 0.08027708846296794 0.06619257647024984 0
2133 0.07323483570006345 0.07323482889880556 0
2134 0.03323842221719175 0.3571820696621691 0
2135 -0.2091955673578439 -0.1810265609938696 0
2136 -0.1940502515924095 0.1087666439355463 0
2137 -0.2010925054010139 0.1158088973167395 0
2138 0.04985097091092108 -0.1473321282142569 0
2139 0.3424068872077171 0.01142096656101149 0
2140 -0.04584238892984854 -0.2711944999941222 0
2141 0.3449845311649368 0.02104086372700876 0
2142 -0.03175788000382285 -0.28527900689599 0
2143 -0.02918023711393786 -0.2756591093404661 0
2144 0.04312926116242353 -0.3723636968535192 0
2145 0.03608700833879287 -0.3653214434807935 0
2146 0.1376263321499836 -0.1863173253714595 0
2147 -0.07350578893924388 -0.3411114226851307 0
2148 -0.05753431989793623 -0.3814779828613674 0
2149 -0.1085319916697293 -0.1719122722643068 0
2150 0.05601747375854844 -0.3242642043031455 0
2151 0.05343983260279889 -0.3338841038471056 0
2152 0.3621522924716968 -0.08150968377567985 0
2153 0.1303990070685017 -0.3132629549833641 0
2154 -0.130299831860983 0.3133621369567127 0
2155 -0.1328774759974937 0.3037422399175977 0
2156 -0.1399197291485745 0.3107844937581235 0
2157 -0.1424973733013543 0.3011645967225682 0
2158 -0.1277378854846048 0.3230951616153929 0
2159 0.1278213630497319 -0.3228828520966052 0
2160 0.0816088412630957 -0.3620531165113526 0
2161 -0.3132629503387366 0.1303990148105135 0
2162 -0.3036430532673339 0.1329766587207203 0
2163 0.264571962436259 -0.1790900103055815 0
2164 0.04501622788500487 -0.398645745083083 0
2165 0.2523744211940493 -0.1912875507611131 0
2166 0.2427545238936138 -0.1938651940956226 0
2167 0.3740082682605291 -0.06965954517615766 0
2168 0.3255596686730193 -0.1181023075441292 0
2169 0.154794089872997 -0.2888678738744415 0
2170 -0.00832441562753827 0.435337538151231 0
2171 0.001295481754789218 0.4379151810814483 0
2172 0.2889670450484174 -0.1546949291149847 0
2173 0.3377572099393007 -0.1059047667096783 0
2174 -0.0205219574054154 0.42313999820154 0
2175 -0.02309960172631703 0.4135201011850044 0
2176 0.2035842551167005 -0.2400777124469716 0
2177 0.206161899240978 -0.2304578152915212 0
2178 -0.1797806780467429 0.2286700277014425 0
2179 -0.04206845724225718 -0.3237585992185589 0
2180 -0.08942767203388452 0.1993047207950618 0
2181 -0.06457657310734694 -0.3744357283200623 0
2182 -0.1067804996178773 0.1678673842246498 0
2183 -0.1670775269633732 0.142781623911705 0
2184 -0.2763497814838697 -0.06508218389666717 0
2185 -0.1863173215760327 0.1376263361756025 0
2186 -0.009755378013851554 -0.1365159413729656 0
2187 -0.1402898659636443 0.04280871884184723 0
2188 -0.1741197806841235 0.149823877854689 0
2189 -0.2383758046900143 0.04331432954809916 0
2190 -0.2479957019397822 0.04073668595449015 0
2191 -0.2550379553991161 0.04777893953966458 0
2192 -0.2576155991731219 0.03815904235238582 0
2193 -0.2505733456649482 0.03111678875639011 0
2194 -0.260193242956423 0.02853914511678617 0
2195 -0.2531509893788628 0.02149689154999068 0
2196 -0.2627708866436611 0.01891924787261917 0
2197 -0.2557286331175076 0.01187699433457767 0
2198 -0.2653485303417636 0.009299350635938591 0
2199 -0.2698131401745617 0.02596150142110759 0
2200 -0.02641752860089516 -0.1320513311825303 0
2201 -0.03603742587343683 -0.1346289747577629 0
2202 -0.1165854614736371 0.03130185457985478 0
2203 -0.09532322673973628 -0.3558866076942121 0
2204 -0.125835222834689 0.2966999861160732 0
2205 0.1623915543031538 0.106053518105582 0
2206 -0.2559136986795322 -0.1221108900250132 0
2207 -0.1829135193843176 -0.1829135272170939 0
2208 0.163587842028574 0.04386952514182206 0
2209 -0.2212080422711126 -0.05923621876180354 0
2210 -0.2827013578666261 -0.02213798530115869 0
2211 -0.1341233563452041 -0.1341233628574806 0
2212 -0.03345978197150712 -0.1250090776141956 0
2213 0.08336034110977016 -0.02227346405852665 0
2214 -0.2346018719787487 -0.009249766445779947 0
2215 0.2264625127474254 0.07857518071412628 0
2216 0.2335047662853144 0.07153292691666903 0
2217 0.2309271224302529 0.06191302981158474 0
2218 0.02099127913310875 -0.1550650588443045 0
2219 0.1281915049740267 -0.0549070888053696 0
2220 -0.03930574839025702 -0.1801508167933894 0
2221 -0.1054487367877272 -0.2603783132115324 0
2222 0.1005281004315807 -0.1248240126239119 0
2223 -0.1439283243476151 -0.2706888888252516 0
2224 -0.0164770872719395 -0.3615475109286514 0
2225 0.1742189564390925 -0.1497247044153055 0
2226 -0.1164499878549617 -0.3347598475861792 0
2227 -0.1234922415236347 -0.3277175942710195 0
2228 0.2602924226355139 -0.02843997662554443 0
2229 0.02596149922852931 -0.2698131481591881 0
2230 -0.1727880167858197 -0.2784218195815764 0
2231 -0.03893560513506622 0.08782494806828091 0
2232 -0.03635796118292277 0.0974448451553933 0
2233 -0.04597785846855264 0.09486720183478911 0
2234 -0.04340021447589769 0.1044870988993077 0
2235 -0.0530201117986257 0.1019094555200178 0
2236 -0.03378031724115876 0.1070647422480163 0
2237 -0.04082257056987071 0.1141069959908345 0
2238 -0.03120267333404686 0.116684639380464 0
2239 -0.03824492663848193 0.1237268930964383 0
2240 -0.02862502940689984 0.1263045365363412 0
2241 -0.04786482392368495 0.1211492495447029 0
2242 -0.02158277604113595 0.1192622828245687 0
2243 -0.01900513220599556 0.1288821799930479 0
2244 -0.0119628788006728 0.1218399262903197 0
2245 -0.009385234968785738 0.1314598234530943 0
2246 -0.002342981566352376 0.1244175698308574 0
2247 0.0002346622616766214 0.1340374669524697 0
2248 0.346365887130298 0.09284475305076889 0
2249 -0.1935446393114338 0.01068070565404265 0
2250 -0.1839247421391825 0.01325834935106152 0
2251 -0.1865023858532348 0.003638452162448083 0
2252 -0.1768824886132517 0.006216095802978536 0
2253 -0.1794601323498532 -0.003403801372417817 0
2254 0.3808864759010143 0.02173154129233446 0
2255 -0.04547225410804849 -0.003218733296023124 0
2256 0.2774601824450226 -0.1309905245466202 0
2257 0.04349939566961529 -0.1043879283073156 0
2258 -0.04703867992202548 -0.2090105079986647 0
2259 0.166165485845751 0.05348942226160747 0
2260 0.07788451402682389 0.1905605619352588 0
2261 -0.006807591152770728 0.1410797206174572 0
2262 0.002812306081459992 0.1436573641331634 0
2263 0.009854559477920133 0.1366151104880494 0
2264 0.3820706620315156 -0.04040728501505487 0
2265 0.3890382846161183 -0.04717101214445394 0
2266 0.02646711127917913 -0.3678990872025716 0
2267 0.1459144707209286 0.244506011400093 0
2268 0.14849211466353 0.2541259084760656 0
2269 0.1555343679550182 0.2470836548187301 0
2270 0.1581120118849415 0.2567035519435031 0
2271 0.1651542651984084 0.2496612982416962 0
2272 0.1677319091208341 0.2592811953267947 0
2273 0.1747741624517021 0.2522389416394667 0
2274 0.1606896558052101 0.2663234490378332 0
2275 0.1773518063707288 0.2618588387912927 0
2276 0.1843940596759441 0.2548165851017787 0
2277 0.1818164157225179 0.2451966879608079 0
2278 0.1914363129874972 0.2477743313472032 0
2279 0.1888586690884268 0.2381544342509333 0
2280 0.1984785662894316 0.2407320777302377 0
2281 0.1959009224532373 0.2311121806491609 0
2282 0.2055208196675934 0.2336898240961653 0
2283 0.2029431757987393 0.2240699269885858 0
2284 0.2125630730077818 0.2266475704383725 0
2285 0.2099854291261812 0.217027673260886 0
2286 0.2196053263167003 0.2196053167107538 0
2287 0.2170276823978985 0.2099854196075713 0
2288 0.2266475796556134 0.2125630630260306 0
2289 0.2240699357143376 0.202943165941671 0
2290 0.233689832962972 0.2055208093619937 0
2291 0.2311121889792205 0.1959009122837166 0
2292 0.2407208425980734 0.1984815683999239 0
2293 0.2381525682994166 0.1888591607241557 0
2294 0.2477526448925828 0.1914316358018137 0
2295 0.2451956729737832 0.1818162242254668 0
2296 0.25480454187005 0.1843849757425126 0
2297 0.2522367698599797 0.1747726089653506 0
2298 0.261856474379669 0.1773500254167762 0
2299 0.2592804436276792 0.1677313455607894 0
2300 0.2689005775992338 0.1703091539993475 0
2301 0.2663232419459603 0.1606894872863804 0
2302 0.2759432300409069 0.1632671965753441 0
2303 0.2733656525970101 0.1536473488734122 0
2304 0.2829855761915103 0.156225011573746 0
2305 -0.01026098713478468 -0.03843000148443282 0
2306 -0.01283863098933713 -0.04804989864546727 0
2307 -0.003218733737550938 -0.04547225505034919 0
2308 0.39168618892184 -0.03781333123683294 0
2309 0.3987277140490284 -0.04485286635776952 0
2310 0.4013169464147113 -0.03527621883073251 0
2311 0.3955757783475843 -0.05509065691667504 0
2312 -0.02282866314210162 -0.3186033122708751 0
2313 0.03079624560339672 -0.01849953061487547 0
2314 -0.02038648888907661 0.05707828977283673 0
2315 0.3058142646098601 -0.02517165598823651 0
2316 0.1161790333626073 0.06688325318492122 0
2317 0.1544735527414542 -0.05679405527145159 0
2318 -0.01095166551950022 -0.07433194709894843 0
2319 0.3226614830187094 0.1043516164485843 0
2320 0.3252391267679511 0.1139715135967542 0
2321 -0.3155200484159785 -0.1112947052735231 0
2322 -0.3251399455560984 -0.1138723491820652 0
2323 -0.3180976918305177 -0.120914602558273 0
2324 -0.04892564563599699 -0.1827284603156478 0
2325 0.3480677858509888 -0.06742517720536984 0
2326 -0.04303007619613246 0.3724628700635751 0
2327 -0.05007232919670611 0.379505124053269 0
2328 -0.05969222667513718 0.3769274810304454 0
2329 -0.05711458231816052 0.3865473780439057 0
2330 -0.04749468496068564 0.3891250211019525 0
2331 -0.0655381949509982 0.3217857419458253 0
2332 -0.06811583924464978 0.3121658449208657 0
2333 0.09901127406071064 0.1694338008085438 0
2334 0.2544464568956811 -0.08358171568558648 0
2335 0.2448265597166541 -0.08615935903856065 0
2336 0.2474042042136884 -0.07653946186403104 0
2337 0.3156192295860599 0.1113938699738192 0
2338 0.3181968733249722 0.1210137671194358 0
2339 0.3085769761387234 0.1184361235052613 0
2340 0.3111546198864293 0.1280560206555612 0
2341 0.3015347226984542 0.1254783770422365 0
2342 -0.03566728272782421 0.1333467899966487 0
2343 0.1862810252118187 0.2285345372553734 0
2344 0.01740241726820951 0.03148692144608205 0
2345 0.01036016386389332 0.03852917499832947 0
2346 -0.07773573657773082 0.3095882019177256 0
2347 0.3041123664485507 0.1350982741879451 0
2348 -0.05849594190731589 0.3147434880007128 0
2349 0.007782520105731883 0.02890927785494146 0
2350 0.2355763154789516 0.1792388151197385 0
2351 -0.2909399002091634 0.04708826159164667 0
2352 0.3546044282673885 0.02361850738507498 0
2353 0.240547019685949 0.06449067329481091 0
2354 0.2804079480416764 0.1466051262629783 0
2355 0.1349132185444274 0.170124477209073 0
2356 -0.1289680692579991 -0.1148835683555267 0
2357 0.2360824093974266 0.08115282446192823 0
2358 0.1144771352553133 0.2271531837822109 0
2359 0.1701244855016796 0.1349132095117593 0
2360 0.1350486879745858 -0.1959372224545808 0
2361 0.1137864586555826 0.1912512382353557 0
2362 -0.110554434398346 0.2204314822040992 0
2363 -0.07092814542702611 -0.3314915254779736 0
2364 -0.06627847411328291 -0.2141657947950746 0
2365 0.1132312503895979 -0.2107124095173855 0
2366 -0.06370083040154652 -0.2045458976769811 0
2367 0.0007402665032688605 0.03595153152927166 0
2368 -0.08169474112151819 0.2281644145854757 0
2369 -0.3277175889842344 -0.1234922464699782 0
2370 -0.3206753352952256 -0.1305344998361333 0
2371 -0.3347598426965023 -0.1164499931371784 0
2372 0.124738111601889 -0.234416810920859 0
2373 -0.06885611782748099 -0.223785691964866 0
2374 -0.1245034591339684 -0.1315457190192226 0
2375 0.08625852556788477 -0.2447273872656806 0
2376 0.03991053710070142 0.08216404771525482 0
2377 -0.08828097307996258 -0.3629288611202169 0
2378 -0.09426241881331746 -0.05200889449907559 0
2379 -0.1013046717117839 -0.0449666409695601 0
2380 -0.09872702823237131 -0.03534674434001031 0
2381 -0.05283505169107933 0.2358973461004526 0
2382 -0.1116152409321903 -0.08344623520710873 0
2383 -0.1141928846792212 -0.0930661323133265 0
2384 -0.1270811027392214 -0.1411656163045727 0
2385 0.05859511709130335 -0.3146443070979456 0
2386 0.07198894398937716 -0.3646307597763754 0
2387 0.3489435308280709 0.1024646502101868 0
2388 0.327797262190606 0.1235861598947719 0
2389 0.2855632244335564 0.165844911769066 0
2390 0.2644090074647255 0.1869548202392416 0
2391 0.215140716916706 0.2362674675481956 0
2392 0.137664686052343 0.3137352708870439 0
2393 0.07428441094109722 0.3771155525218562 0
2394 0.2926055030569744 0.1588026767979206 0
2395 0.3559857843000039 0.09542239669097491 0
2396 0.1446968004386411 0.3066852543805137 0
2397 0.08131652463096334 0.3700655354205253 0
2398 0.130631802687133 0.3207750139026052 0
2399 0.06725152830606246 0.3841552955529002 0
2400 0.1888090696993623 -0.2618951499994569 0
2401 -0.2131049789565351 0.2375992511447325 0
2402 -0.2156826229219528 0.2279793538951138 0
2403 -0.2086403698988433 0.2209371001305032 0
2404 -0.2182602667628342 0.2183594567291692 0
2405 0.1644139871512238 -0.2862902304125096 0
2406 -0.2009074370285767 0.2497967919298453 0
2407 0.2497967771221232 -0.2009074478532011 0
2408 0.2401768798551859 -0.2034850911385417 0
2409 0.2331346266260331 -0.1964428374049473 0
2410 0.2305569824946001 -0.2060627344907544 0
2411 -0.03014185477818899 0.4205623551856918 0
2412 0.2132041524192401 -0.2375000691083323 0
2413 0.2377286087813358 -0.213139653820217 0
2414 -0.05453693804336339 0.3961672750595653 0
2415 -0.005746771281423532 0.4449574351633711 0
2416 0.408361009986147 -0.04232522750874285 0
2417 0.4109408867554044 -0.03271366448370282 0
2418 -0.2252337188432773 0.2253832750462313 0
2419 -0.2278686971614166 0.2157787408483252 0
2420 -0.2208359996491228 0.2087390475080624 0
2421 -0.2304555785119359 0.2061613189454358 0
2422 0.09122873860893216 -0.359475473264571 0
2423 -0.3106853076743556 0.1400189149501766 0
2424 -0.3010654106398689 0.1425965593933808 0
2425 -0.2940231562404503 0.1355543032359418 0
2426 -0.2914455127479847 0.1451742008555828 0
2427 0.0790311971118334 -0.3716730136179812 0
2428 0.05463612455774952 -0.396068102099255 0
2429 -0.2374977785515461 0.2132035585727305 0
2430 -0.2400777055053766 0.2035842731513717 0
2431 -0.2330350811519816 0.1965419180902648 0
2432 -0.2426552880831681 0.1939643592631399 0
2433 0.2985869423619956 -0.1521172856682579 0
2434 -0.2496975925127752 0.201006627231155 0
2435 -0.2522752349983176 0.1913867296672598 0
2436 -0.2452329820736794 0.1843444758402659 0
2437 -0.2548528911328648 0.1817668357941201 0
2438 -0.2618951422615031 0.1888090891562101 0
2439 -0.2644727881888958 0.1791891925123395 0
2440 -0.2574305353826864 0.1721469386865437 0
2441 -0.267050432686225 0.1695692955230806 0
2442 -0.2740926858137893 0.1766115494388469 0
2443 -0.2984877678989709 0.1522164623894414 0
2444 -0.06669323568597164 0.3838158098474118 0
2445 -0.2600081795339982 0.1625270416343809 0
2446 -0.02208839335897352 0.2173482317088846 0
2447 -0.04132818728084253 0.2121929422594319 0
2448 -0.06056798103900607 0.2070376539615442 0
2449 -0.2766703301238899 0.166991652379069 0
2450 -0.2837125832136266 0.174033906324994 0
2451 -0.2713795599686066 -0.179830273674364 0
2452 -0.2784218136403008 -0.1727880202455778 0
2453 -0.2643373062020172 -0.1868725270276627 0
2454 -0.1297942284752689 0.2152761942569422 0
2455 -0.01246849629680785 0.2199258759179654 0
2456 -0.350546252502524 0.05790444452603174 0
2457 -0.3479686087611514 0.06752434169140643 0
2458 -0.355010862149376 0.07456659499845494 0
2459 -0.03433552530609459 -0.2948989066194515 0
2460 -0.06199892956582199 -0.3648158321431212 0
2461 -0.1086674667260971 0.1941494336205301 0
2462 0.007412381263231446 -0.2390664894973762 0
2463 0.00483473743631313 -0.2486863866682938 0
2464 -0.004785159807240438 -0.2512640302112973 0
2465 0.009990025083433163 -0.229446592370818 0
2466 0.002257093612716851 -0.2583062838335599 0
2467 -0.2859696786659305 -0.06765982766094306 0
2468 0.05242861472132943 -0.137712231058994 0
2469 -0.1065954282230204 0.3018552724349098 0
2470 0.3525323954427063 -0.08408732747661585 0
2471 0.359574648800979 -0.09112958095552884 0
2472 -0.1090375985714033 -0.07382633753798409 0
2473 -0.01693310712810669 0.2365880263329557 0
2474 -0.02397536099111769 0.2436302794946703 0
2475 0.02872421084161705 -0.1262053673527432 0
2476 0.01910431362213051 -0.1287830108789325 0
2477 0.1584325543564522 0.02462973088752873 0
2478 0.1558549105167268 0.01500983377230114 0
2479 -0.1088525298402189 0.06016154624959662 0
2480 -0.1062748860258269 0.06978144345548715 0
2481 -0.09665498873984979 0.07235908693851933 0
2482 -0.1036972421413837 0.07940134063178889 0
2483 -0.09407734483198615 0.08197898415850502 0
2484 -0.1011195984310398 0.08902123792860522 0
2485 -0.0914997009524928 0.09159888128441429 0
2486 -0.09854195444143429 0.09864113527560586 0
2487 -0.08892205702606167 0.1012187784972617 0
2488 -0.1107394962889781 0.0864435948367293 0
2489 -0.0818798036114437 0.09417652495807566 0
2490 -0.07930215974599585 0.1037964220215222 0
2491 -0.0863444131265643 0.1108386755030398 0
2492 -0.07672451584947171 0.1134163189554902 0
2493 -0.08376676920241005 0.1204585726439199 0
2494 -0.07414687192528152 0.1230362160722128 0
2495 -0.1421768322912405 0.06909076699866361 0
2496 -0.1325569350592857 0.07166841078812485 0
2497 -0.04307967912401497 -0.1275867211403999 0
2498 -0.04050203534837227 -0.1179668239841325 0
2499 -0.04565732311534734 -0.1372066182586225 0
2500 -0.2009570259806025 -0.2502528074704293 0
2501 -0.2079992793777118 -0.2432105539854347 0
2502 -0.1939147726875396 -0.2572950608023112 0
2503 -0.1566314713824274 -0.1848004928856363 0
2504 -0.1495892178354245 -0.1918427463651107 0
2505 0.1601344498893717 -0.1356401972431403 0
2506 0.1627120941807076 -0.1260202997893679 0
2507 0.1575568059299953 -0.1452600940342548 0
2508 -0.01403491853231381 0.01413409429834196 0
2509 -0.1743048449246103 0.01583599296466497 0
2510 -0.2583062768195447 0.002257097118425352 0
2511 -0.2120937564911908 0.04142736335591425 0
2512 -0.1672625913472137 0.008793739436846401 0
2513 0.2157817965401484 -0.2278801720286213 0
2514 0.2087395434093741 -0.220837918184615 0
2515 -0.01297409973510888 0.3180118061179897 0
2516 0.1271802874194125 0.1412647862163378 0
2517 0.1329766511165238 -0.3036430578978129 0
2518 0.1401595697198856 -0.3107128995032412 0
2519 -0.1209145980749653 -0.3180976970428132 0
2520 -0.1305344951712266 -0.3206753409604543 0
2521 0.2671496063938636 -0.1694701132140115 0
2522 0.2741918596981448 -0.1765123669142241 0
2523 0.2716142157107374 -0.1861322640998123 0
2524 0.1130957806936574 0.1553492934045405 0
2525 0.2235147293609441 -0.1990204806929317 0
2526 0.1414498613558218 0.2611681621966427 0
2527 0.02904475497550627 -0.3582791899561587 0
2528 0.03866465216462649 -0.3557015462521715 0
2529 -0.2679261740085281 -0.0003205465613570491 0
2530 -0.2749684275529327 0.00672170691796331 0
2531 0.31423787383628 0.03958998007381381 0
2532 0.1412647941624318 0.127180279078769 0
2533 0.1221604675517535 -0.2440367080293531 0
2534 0.1151182144917657 -0.2369944546887067 0
2535 -0.2844032590228559 0.1381319468340457 0
2536 0.07360497631698498 0.3412105945243344 0
2537 0.0832248735967801 0.343788237707899 0
2538 0.09026712627045821 0.3367459840492962 0
2539 0.09284477084609515 0.3463658809238554 0
2540 0.09988702399667976 0.3393236271223354 0
2541 0.06996651284552487 0.02771298823197936 0
2542 0.07958641010851558 0.03029063167497931 0
2543 0.142090941113556 -0.2029794763045465 0
2544 0.3398292434697798 0.001801069425540758 0
2545 0.1599493777996441 -0.269628079609117 0
2546 0.07801998423252318 -0.1755011423227414 0
2547 0.0406012162344892 0.1180659924667112 0
2548 0.03355896291637235 0.125108246236297 0
2549 0.04764346982931038 0.1110237390086305 0
2550 -0.04491704070143627 0.3987449181212261 0
2551 -0.03787478764878494 0.3917026641328315 0
2552 0.1594437708756637 -0.171542141609386 0
2553 -0.1600352732450803 0.1357393703565787 0
2554 -0.1574576297409033 0.1453592677708871 0
2555 0.08731934173061671 0.05915032286037204 0
2556 -0.002713124651580273 -0.143558194985358 0
2557 0.09090820314894331 -0.1274016562249772 0
2558 0.02136142207914155 0.1129107059415197 0
2559 -0.321686557958853 0.06563737812589079 0
2560 0.1877978568929852 -0.06572327396045857 0
2561 0.1974177542067472 -0.06314563092941222 0
2562 0.1781779595325584 -0.06830091697076209 0
2563 0.1756003152334721 -0.07792081398885474 0
2564 0.08989698566165001 0.06877021996850545 0
2565 -0.03019146033244449 -0.07948723464967218 0
2566 -0.03276910412366957 -0.08910713183120418 0
2567 -0.02761381644772204 -0.06986733737859835 0
2568 -0.2088254353698439 0.0869492057757381 0
2569 -0.2158676889909715 0.0939914592673568 0
2570 0.006956374771577616 0.3590690371297484 0
2571 0.03254774296265723 0.3212801247857766 0
2572 0.2056562923521371 -0.1323718775898136 0
2573 0.04147696058650996 0.2879558232169931 0
2574 0.2074077852013873 0.2074077761806846 0
2575 0.03443470755676292 0.2949980771650342 0
2576 0.09399145737056386 -0.2158676973669322 0
2577 -0.1719122680614239 -0.1085319931511607 0
2578 0.2214922917788313 0.1933232688540553 0
2579 0.1725170610755354 0.01054522368065997 0
2580 0.1821369582822052 0.01312286718348821 0
2581 0.08902123779174227 -0.1011196077649136 0
2582 0.09159888168209447 -0.09149971026413807 0
2583 0.08455662824018144 -0.08445745645333984 0
2584 0.0941765254278266 -0.08187981285273964 0
2585 0.08713427205629326 -0.07483755925485819 0
2586 0.09675416924816654 -0.07225991570272755 0
2587 0.08971191590611799 -0.06521766207820351 0
2588 0.0993318131213009 -0.06264001860932022 0
2589 0.09228955976567516 -0.05559776498710761 0
2590 0.05947086815909707 -0.1447544846187235 0
2591 -0.06388589219877744 -0.338533778937303 0
2592 -0.235477614789377 -0.1791395953502337 0
2593 -0.2380552583084607 -0.1887594925600891 0
2594 -0.2328999712995788 -0.169519698076236 0
2595 0.3327869901532576 0.008843322862450043 0
2596 0.101909456960464 -0.05302012156291386 0
2597 -0.2646578526484173 0.04520129593680561 0
2598 0.1489977254385936 0.156039970376524 0
2599 0.1842089920620475 0.1208287021229609 0
2600 0.0383937105279567 0.3764218638113933 0
2601 0.06002607632679041 0.2572091651607528 0
2602 0.06964597358304281 0.2597868085240036 0
2603 0.2037693275101637 -0.1060898298425741 0
2604 0.09486720362509006 -0.04597786793079015 0
2605 0.3212801273593194 0.03254772648725158 0
2606 -0.169334624650028 -0.09891209589095952 0
2607 -0.1597147275098997 -0.09633445193334973 0
2608 0.2496609550921028 0.1651540047794953 0
2609 0.08819508963300676 0.2290401504187488 0
2610 0.04097135471823016 0.3860417607730797 0
2611 -0.05596789897930698 -0.1756862066785003 0
2612 0.3430975657367906 0.04732291091437746 0
2613 0.2637457665982093 0.1510697138734562 0
2614 0.2379693757878091 0.05487077618551219 0
2615 0.3693796135567915 0.04543594480055546 0
2616 0.2185445132057605 -0.0842723926477324 0
2617 0.2211221573751928 -0.07465249540447493 0
2618 0.3789995106294634 0.04801358867846772 0
2619 0.3815719019999446 0.05761397918498778 0
2620 -0.1360103229758235 -0.1078413150528754 0
2621 0.09970195246034493 0.2053357458669409 0
2622 0.0766882269048364 0.2527445548174332 0
2623 -0.04772935860014517 -0.2449124530849784 0
2624 -0.05734925599221502 -0.2474900964105099 0
2625 0.003317910419515291 0.04557142858527147 0
2626 0.02255770494646242 0.05072671536566069 0
2627 0.1280064347575784 -0.1888949691038305 0
2628 0.01243220328957589 0.1462350076497985 0
2629 -0.02811942536441475 0.02821860118051628 0
2630 -0.03773932216524656 0.02564095725126435 0
2631 0.1305840790480187 -0.1792750718753222 0
2632 -0.005475834755090933 -0.2871659771754597 0
2633 -0.008053478703932831 -0.2967858743308216 0
2634 -0.08395183768988081 -0.01352931036172014 0
2635 -0.0743319409269073 -0.01095166718528306 0
2636 -0.1746749783760584 -0.2521397734101679 0
2637 -0.1650550808992859 -0.2495621303218271 0
2638 0.1017739849497731 0.3130415810381006 0
2639 -0.05251450749630625 0.003823520290653346 0
2640 -0.06715421702627035 -0.3840556263401101 0
2641 -0.06011196352729436 -0.3910978797229012 0
2642 0.04953043475035734 0.08474169126992781 0
2643 0.0694112997906571 -0.3742506568367388 0
2644 -0.1083469249752733 -0.03792438726988048 0
2645 -0.10576928157332 -0.02830449064283039 0
2646 -0.1373916769771567 -0.1796452053692503 0
2647 0.09776538486976394 -0.2684317890236488 0
2648 0.0951877409187452 -0.2780516861506946 0
2649 -0.007362803600815301 -0.2608839273673891 0
2650 0.04897522248613685 -0.3172219523353035 0
2651 0.4123238109535325 0.0390843694877045 0
2652 0.4052732928999155 0.04611835899577305 0
2653 0.2433020127012616 0.2080950656858916 0
2654 0.2292057147983435 0.2221777095673446 0
2655 0.1940139569549666 0.2573942284751101 0
2656 0.313732263630764 0.1376759177980242 0
2657 0.1024646682884653 0.3489435240600212 0
2658 0.1095069211976044 0.3419012701874455 0
2659 0.003873126151537565 0.4475350780421564 0
2660 0.01091537914130286 0.4404928239868771 0
2661 0.0320308930630479 0.4193690750973092 0
2662 0.0390630060859305 0.4123190577457382 0
2663 -0.01536666874786502 0.4423797922246661 0
2664 0.07645355417926021 -0.3812929124073458 0
2665 0.2104339531569477 -0.2468984371326487 0
2666 -0.1495396264848052 0.3082068506336243 0
2667 -0.1521172706626827 0.2985869535720252 0
2668 -0.1450750174719086 0.2915446996427818 0
2669 -0.1546949148298065 0.2889670564804344 0
2670 -0.1617371680118339 0.2960093104173465 0
2671 -0.164314812181549 0.2863894133307156 0
2672 -0.1713570653320972 0.2934316671890742 0
2673 -0.1739347095336511 0.2838117701931429 0
2674 -0.3203052041833821 0.1374412686311214 0
2675 -0.003169126875420314 0.4545773321712256 0
2676 0.05205848117731435 -0.4056879987299175 0
2677 -0.05195929376435571 0.4057871720658759 0
2678 0.2228240497198336 -0.2349224258469904 0
2679 0.3691945459586383 -0.08855193723877031 0
2680 0.3668078765963498 -0.09827115587072821 0
2681 0.2960092983111268 -0.161737182814632 0
2682 0.4179461287949703 -0.03974833508851455 0
2683 0.4205179760409054 -0.03012856312273122 0
2684 0.4135124418027188 -0.02309642829352937 0
2685 0.4231313241773296 -0.02051922806239626 0
2686 0.1618363431785803 -0.2959101275503994 0
2687 0.1714562404856896 -0.2933324840879835 0
2688 0.174033884453355 -0.2837125870133666 0
2689 0.4301103221039194 -0.02747674710268744 0
2690 0.432740799657904 -0.01792777941500612 0
2691 0.4257130124711996 -0.01089886434130671 0
2692 0.4353375373666949 -0.008324438548072688 0
2693 0.4423816479407863 -0.01539210181321615 0
2694 0.4449718065851658 -0.005803512012469481 0
2695 0.4379175762938191 0.001286005757162478 0
2696 0.4475378726640055 0.003862074045072383 0
2697 0.4404936895258228 0.0109119422799272 0
2698 0.4545942553273193 -0.003232924206910903 0
2699 -0.281825615892967 0.1477518466413759 0
2700 -0.2503882821968044 0.165104684825282 0
2701 -0.03949081377449513 -0.3141387022699883 0
2702 -0.3373374861165341 -0.1260698903594224 0
2703 -0.09338666631674064 0.1178809293768517 0
2704 -0.04911071081325195 -0.3167163458406935 0
2705 0.1530921965317831 -0.1285979440453411 0
2706 0.01703227848833139 -0.2364888459886604 0
2707 0.01960992230682611 -0.2268689488623047 0
2708 -0.1689644933921151 0.1690636733368032 0
2709 -0.07419646951626153 -0.3770133709451209 0
2710 0.03834410818337745 -0.1236277237532385 0
2711 0.0620485119030975 -0.1351345874646694 0
2712 -0.2789274251021906 -0.07470208113553095 0
2713 -0.2693075279373173 -0.0721244373738236 0
2714 -0.2718851715255994 -0.08174433462234722 0
2715 -0.262265274387533 -0.07916669081878987 0
2716 0.01187699083307053 -0.2557286402620348 0
2717 -0.005796377607067082 -0.0550921522375134 0
2718 0.00382351964839138 -0.05251450869832525 0
2719 -0.1306699684268479 0.04538636216744514 0
2720 -0.2648429179016488 -0.08878658800289538 0
2721 -0.2552230207590935 -0.08620894416291017 0
2722 -0.2526453772443863 -0.07658904690899634 0
2723 -0.2456031236457959 -0.08363130027437957 0
2724 -0.2481807670453807 -0.0932511975346908 0
2725 -0.2430254802090043 -0.07401140307904375 0
2726 0.3570288341656089 -0.1007660316700142 0
2727 -0.1572725590113008 0.2793471594682824 0
2728 -0.1262053587961221 0.02872421098668854 0
2729 -0.1260698849690289 -0.3373374915457933 0
2730 -0.2486863795998205 0.004834740825362116 0
2731 0.156545588685566 0.05091177871893698 0
2732 0.1591232324749622 0.06053167585205023 0
2733 0.1012187788633152 -0.08892206695096141 0
2734 -0.06107358615865188 0.3051235909919345 0
2735 -0.05145368886412077 0.3077012340949688 0
2736 0.04846961503358345 -0.2191360185990991 0
2737 -0.2435310921207148 0.02407453516902601 0
2738 -0.02383988482964686 -0.1224314340187764 0
2739 -0.1190276313047036 -0.3443797448497612 0
2740 0.03130185477702541 -0.1165854701902201 0
2741 -0.09790087027770347 -0.3655065050560112 0
2742 0.1488126569919154 0.02205208742081226 0
2743 0.1462350131211882 0.01243219030680381 0
2744 0.1532772666431935 0.005389936664663642 0
2745 -0.1646849477554401 0.01841363664442136 0
2746 -0.1576426942086961 0.01137138315466057 0
2747 -0.1550650505880901 0.02099128034998697 0
2748 -0.08118912528272031 0.130078469755057 0
2749 -0.07156922801214487 0.1326561131485947 0
2750 -0.1691495576765246 0.03507578762956141 0
2751 -0.01849952820300355 0.03079624499370209 0
2752 0.333292600413615 -0.08924261581189721 0
2753 0.3262503470927566 -0.08220036235378775 0
2754 0.3166304498854665 -0.0847780058692143 0
2755 0.3192080938463128 -0.07515810879838586 0
2756 -0.004229947312260118 0.1506996177758307 0
2757 -0.01384984456074863 0.1481219742748388 0
2758 0.2216277639321677 -0.1727384330302376 0
2759 0.09919634094602581 0.303421684291819 0
2760 -0.0555977557477734 0.09228955849013641 0
2761 0.08575291552671109 -0.1466414507294382 0
2762 -0.02245852849992083 -0.05062754250900212 0
2763 -0.1636737249858589 -0.1777582395067306 0
2764 0.009299347177034165 -0.2653485373368206 0
2765 -0.1114301737256197 0.05054164906750623 0
2766 -0.1985148619773825 0.1254287945493509 0
2767 -0.2081347590704389 0.1228511507052003 0
2768 -0.2055571158099631 0.1324710482755406 0
2769 0.05758390264729861 -0.1184724352942071 0
2770 -0.02756421046899494 0.4301822521785793 0
2771 -0.2747833619233868 0.1407095910019992 0
2772 0.1182014657213621 -0.3254604954146007 0
2773 0.1252437189504512 -0.3325027492210918 0
2774 0.1156238216049879 -0.33508039252167 0
2775 -0.01440505703654577 -0.2538416737724425 0
2776 0.01942485781643388 -0.3608568336635265 0
2777 -0.06439150923992304 -0.2404478426955582 0
2778 -0.06696915332609404 -0.2500677397693594 0
2779 -0.07401140656962391 -0.243025485990707 0
2780 -0.07658905062651145 -0.2526453831511613 0
2781 -0.239251548047857 -0.1265754996976869 0
2782 0.3077012307229172 -0.05145370389676069 0
2783 -0.1157593109681311 -0.298857902416311 0
2784 0.05689322434309145 -0.1543743817338436 0
2785 -0.166251368620154 -0.1873781368401263 0
2786 0.01947445669258124 0.139192753996685 0
2787 0.1982854675152233 -0.2592790561902 0
2788 0.1958274064301093 -0.268930995350383 0
2789 -0.02586232134372717 0.2699123212832145 0
2790 0.2194202591322142 0.08561743457105747 0
2791 0.05482119132620938 -0.2620802166079255 0
2792 0.05933539790260611 0.221307220096882 0
2793 0.253065099880492 -0.1553856057406729 0
2794 0.03162239873267072 -0.3486592927585425 0
2795 0.05141739649209526 0.05845964612273409 0
2796 0.1125405702414685 -0.2466143513530999 0
2797 -0.2991784430908493 0.1163145080531992 0
2798 -0.2869809024377034 0.1285120494254467 0
2799 -0.08408730998361942 0.3525324008474585 0
2800 -0.08150966571119413 0.3621522978832299 0
2801 -0.09112956303528072 0.3595746547620758 0
2802 -0.08855191880047081 0.3691945517996818 0
2803 -0.1049431238588588 -0.3584642516292006 0
2804 0.2594166743824665 -0.198329804572868 0
2805 -0.1624774368878124 -0.2399422332323335 0
2806 -0.1554351833531143 -0.2469844868446855 0
2807 -0.1528575392384046 -0.2373645893327863 0
2808 0.05776897171425122 0.01551544761199797 0
2809 0.08009201868474536 -0.06779530563862035 0
2810 -0.2930119322681803 -0.06061757422004328 0
2811 -0.29558957587483 -0.07023747144437206 0
2812 -0.3026318294483189 -0.06319521801922019 0
2813 0.09542241513844417 0.3559857778715118 0
2814 0.3095881965039509 -0.07773575212548778 0
2815 0.001751484716840793 -0.1602203458109846 0
2816 0.3288279910641176 -0.07258046530137779 0
2817 0.321785737773308 -0.06553821166411289 0
2818 -0.03598782315991571 0.3654206160339868 0
2819 -0.2758441700934103 -0.163168122960652 0
2820 -0.2854640672505354 -0.1657457668192713 0
2821 -0.07621890657707131 0.01533038091533134 0
2822 -0.2512640231842095 -0.004785156517546685 0
2823 -0.3376580317592817 0.1060039325295989 0
2824 -0.3472779289781082 0.1034262887094866 0
2825 -0.3447002853978244 0.1130461859378622 0
2826 -0.3498555729647506 0.09380639111187228 0
2827 -0.3568978261612591 0.1008486447499418 0
2828 0.1795593144070645 0.003502970163718755 0
2829 0.02030060066808087 -0.1909670038745037 0
2830 0.1524015176258042 -0.1644998878301508 0
2831 0.1427816204405863 -0.1670775313766028 0
2832 0.1453592644259515 -0.1574576346263014 0
2833 -0.01201247757983692 -0.3782096616417598 0
2834 -0.247675155424038 -0.1913371364980513 0
2835 -0.2406329017980824 -0.1983793898028301 0
2836 -0.2502528007742824 -0.2009570335205789 0
2837 -0.2432105466461942 -0.2079992867375801 0
2838 -0.2335906482945193 -0.2054216431477701 0
2839 -0.2361682918393493 -0.2150415403851462 0
2840 -0.2265483945755231 -0.2124638965327343 0
2841 -0.2291260379679695 -0.222083793806927 0
2842 -0.2457881902178875 -0.2176191839279328 0
2843 -0.1827284534025942 -0.04892564432203203 0
2844 0.2159668690967625 -0.09389228972001556 0
2845 -0.1009841270211992 -0.277040464112715 0
2846 -0.2620802089052589 0.0548211931042661 0
2847 0.3302093463912015 -0.0007765743710130835 0
2848 0.3193931615544177 0.05882977432994878 0
2849 0.06821501423925697 -0.3120666638280832 0
2850 0.06117276111768161 -0.3050244099664154 0
2851 0.07079265848746796 -0.3024467668497992 0
2852 0.2994626890180941 0.01777254226221098 0
2853 0.306504942411793 0.01073028872999904 0
2854 0.2968850452201678 0.008152645139742454 0
2855 0.303927298614648 0.001110391568839741 0
2856 0.05059125201961811 0.3886194040415546 0
2857 -0.07244497854839442 -0.03723371131107475 0
2858 0.1687431296617372 0.06310931937698426 0
2859 -0.3678990802083547 0.02646710949975923 0
2860 -0.3582791831804657 0.02904475328128053 0
2861 -0.3608568255612118 0.01942485663843208 0
2862 -0.2054216353665337 -0.2335906568555502 0
2863 0.1513903009704317 0.03167198450053026 0
2864 -0.2828864237131868 -0.1561258695505809 0
2865 -0.2925063209056259 -0.1587035133860387 0
2866 -0.2899286773237596 -0.1490836161154892 0
2867 -0.2995485744881189 -0.1516612599724965 0
2868 -0.2950839644244669 -0.1683234106413891 0
2869 -0.296970930932932 -0.1420413627270345 0
2870 -0.3065908281068914 -0.1446190065490723 0
2871 -0.3040131845894414 -0.1349991093525216 0
2872 -0.08703509148224142 0.07493673064741811 0
2873 0.3070105526351251 -0.08735564928390864 0
2874 0.1551642313119678 -0.02089211065134026 0
2875 0.09380638275779685 -0.3498555761527888 0
2876 0.1008486359568148 -0.3568978299916731 0
2877 0.3846579781760247 -0.03082348600709972 0
2878 -0.0001354808122548401 -0.1339382978426548 0
2879 0.006906772566577152 -0.1409805515229398 0
2880 -0.2254875861428799 0.0914138155578551 0
2881 -0.2229099424940003 0.1010337128144402 0
2882 -0.2325298397059444 0.09845606904060493 0
2883 -0.2299521961926645 0.1080759662231252 0
2884 0.1668561639353492 0.08939136720022549 0
2885 0.1642785201165366 0.0797714700898758 0
2886 0.1572362667359595 0.08681372367295771 0
2887 0.3130415858417397 0.1017739728449532 0
2888 0.09693923893779584 0.06172796627039338 0
2889 0.09436159508115144 0.05210806919995675 0
2890 -0.3557015397321729 0.0386646503270562 0
2891 -0.3486592859636837 0.0316223970778387 0
2892 -0.1744899115443467 -0.118151890407657 0
2893 -0.139414125556739 0.2126985503195802 0
2894 -0.1368364815534391 0.2223184482154099 0
2895 -0.146456379181774 0.2197408037584508 0
2896 0.1908811069299931 -0.1541893149526231 0
2897 0.4142107769841004 0.01280232170482953 0
2898 0.02499801089627618 0.4264088181734689 0
2899 -0.2277446843378082 -0.1502799036928044 0
2900 -0.02779888555191222 -0.2038552212587279 0
2901 -0.02522124163120863 -0.1942353240866549 0
2902 -0.03484113883902877 -0.1968129675872428 0
2903 0.2283494785760649 0.05229313270784146 0
2904 0.1089517103243108 -0.0600623751592399 0
2905 0.02104088086854006 0.3449845294250289 0
2906 -0.1930390284389905 -0.08740523296773256 0
2907 -0.1963073492752208 -0.1329270751419374 0
2908 -0.1504153760414639 0.1383170142752495 0
2909 -0.1478377324898191 0.1479369114915062 0
2910 0.001245875785618467 -0.06213440585924784 0
2911 0.01086577301585033 -0.05955676239288599 0
2912 0.0134434168881683 -0.04993686523047458 0
2913 -0.04993686368504534 0.01344341742092871 0
2914 0.04488075216601883 -0.0325840378898552 0
2915 0.2443209496800184 0.01192657800123231 0
2916 -0.01454052266233986 0.1122200291568183 0
2917 0.02444467065684319 0.02444466784743204 0
2918 0.1625766212840386 0.2400414011790179 0
2919 0.09951688287857552 0.07134786337632726 0
2920 -0.003588868842752668 -0.3134480250668699 0
2921 0.07475166296008308 -0.2210229846294856 0
2922 0.04243858409605784 -0.4082656421897598 0
2923 0.2989570789619831 0.1158584799136931 0
2924 0.2919148255310554 0.1229007334358735 0
2925 -0.1272165842002366 0.2248960928766997 0
2926 -0.03341017887439302 0.3750405130508045 0
2927 0.2706029975139407 0.01003961166482947 0
2928 0.05210807922371108 0.09436158843315177 0
2929 -0.3460816425460329 0.04124229410415752 0
2930 0.2834912167205754 0.05813909730270633 0
2931 0.1421369755844962 0.2970693156069649 0
2932 0.1517480139179183 0.2996385621341 0
2933 0.1491801283364023 0.2900261901910285 0
2934 0.1588001753878767 0.2926036883606772 0
2935 0.2140799044648238 -0.06761024174141166 0
2936 0.2236998017315299 -0.06503259838511373 0
2937 0.216657548373679 -0.05799034462704331 0
2938 0.2262774453272337 -0.0554127014616359 0
2939 -0.1890800295784141 -0.005981445039328542 0
2940 -0.1820377761222995 -0.01302369857216078 0
2941 -0.0671046185779831 0.1159939623792274 0
2942 -0.3594754701486929 0.09122874698122437 0
2943 -0.007177734168999611 -0.1268960442259688 0
2944 0.002442163001863895 -0.1243184006763819 0
2945 -0.09697553093842817 0.3044329156129374 0
2946 -0.09955317504354705 0.2948130185731258 0
2947 -0.1091730723462121 0.292235375431574 0
2948 0.2729955730027157 -0.1143283738108142 0
2949 -0.08993327782489169 0.2973906618053885 0
2950 -0.0614437215785531 0.03714781892722213 0
2951 0.09247462963795798 0.07839011704623307 0
2952 0.1791891724469952 -0.264472793176993 0
2953 0.1721469191274269 -0.2574305394252415 0
2954 0.02048567019697969 -0.05697911888266 0
2955 0.02306331408609513 -0.04735922174048829 0
2956 0.1556698410341369 -0.1189780459241175 0
2957 -0.05854554279137053 -0.1853061037744906 0
2958 -0.06558779618524296 -0.1782638502189683 0
2959 -0.2284353612962894 -0.1861818486378395 0
2960 0.1436573694040896 0.002812293265299581 0
2961 0.08883616945977321 -0.2351074905304056 0
2962 -0.1789545216807807 -0.1014897398207532 0
2963 0.2412376958181167 0.1003926185494861 0
2964 -0.2775460712135973 -0.002898190299618686 0
2965 -0.2845883247744331 0.004144063220133054 0
2966 -0.2820106811174072 0.01376396042767979 0
2967 -0.2705038176896257 -0.009940443783813549 0
2968 -0.2916305782778781 0.01118631663109215 0
2969 0.3597597163453788 0.04285830116106065 0
2970 0.3066900102821821 0.1447181713088599 0
2971 0.1115293541932404 -0.05044247820952233 0
2972 -0.1916576733015413 -0.01560134227461943 0
2973 -0.1846154198570353 -0.02264359577824075 0
2974 -0.1942353170202604 -0.02522123955544436 0
2975 -0.1749955226553942 -0.02006595212507557 0
2976 -0.1775731661992475 -0.02968584952222648 0
2977 -0.223970751253746 -0.2028439992564551 0
2978 0.02688684907808681 0.4001262681191714 0
2979 0.1891792116099796 0.006080613683759728 0
2980 0.1917568554850122 0.01570051070413081 0
2981 0.1987991088359755 0.008658257128550229 0
2982 0.2013767526964191 0.01827815420506429 0
2983 0.2084190060496412 0.0112359006927974 0
2984 0.2109966498912942 0.02085579773974799 0
2985 -0.2385608699133266 -0.09067355368741842 0
2986 -0.2411385134444151 -0.1002934509098916 0
2987 -0.2507584105514963 -0.1028710947801909 0
2988 -0.03723371371780509 -0.07244498103924929 0
2989 -0.2890529345278791 0.02080621381258334 0
2990 0.1087666414106673 -0.1940502591495849 0
2991 0.1685580616123699 -0.07087856021268252 0
2992 0.1659804178440606 -0.08049845705449404 0
2993 0.2180389032408047 0.01381354424529663 0
2994 0.2206165470806157 0.02343344129950836 0
2995 -0.166756981203741 -0.08929219868593656 0
2996 -0.2105769232139519 -0.2528304509748648 0
2997 -0.2176191773206169 -0.2457881975025366 0
2998 -0.0733207265575576 -0.2071235413916212 0
2999 -0.2195061409042737 -0.2195061498715698 0
3000 0.3668019695348163 0.03581604800327337 0
3001 0.2475892730188962 0.05744841986472576 0
3002 0.2501669168891938 0.06706831689049993 0
3003 0.257209170290796 0.06002606352053869 0
3004 0.2353917318519992 0.04525087918967591 0
3005 0.2257718347074155 0.04267323561098768 0
3006 0.1699394172116506 0.000925326621098399 0
3007 0.2255867661138148 -0.09131464638818076 0
3008 0.2597868137354915 0.06964596075924701 0
3009 0.3314056350581769 -0.06296056812316719 0
3010 -0.0526995760829016 -0.1301643642203866 0
3011 -0.05527722016800207 -0.1397842616765709 0
3012 0.1312747575572671 -0.1433731295881762 0
3013 0.2333196991106669 -0.06245495531691489 0
3014 0.2358973431282805 -0.05283505835948511 0
3015 0.2429395964835234 -0.05987731204301078 0
3016 0.2455172405037859 -0.05025741509177879 0
3017 0.2288550881677903 -0.04579280452058793 0
3018 0.2328140879140458 0.03563098215985749 0
3019 0.09523734270173506 0.2219978965204885 0
3020 0.2527445601816051 0.07668821427262894 0
3021 0.132471043800141 -0.2055571199431195 0
3022 0.1395132969416569 -0.2125993734204505 0
3023 -0.1571370839927481 -0.08671455476000571 0
3024 -0.1500948303792577 -0.09375680812510255 0
3025 0.07926587074833497 0.2623644518314475 0
3026 0.1164995726857903 -0.1651905674011961 0
3027 0.09781498647785132 0.2316177937111898 0
3028 0.09077273341327796 0.2386600474839878 0
3029 -0.2739572043446326 -0.1894501710023801 0
3030 -0.266914952827828 -0.196492423986832 0
3031 -0.1153891779137985 -0.03088213406445151 0
3032 -0.3443797396688785 -0.1190276368490288 0
3033 -0.3418020964464442 -0.1094077397810535 0
3034 -0.3514219932803485 -0.1119853835565826 0
3035 -0.3488443501213295 -0.1023654864533147 0
3036 -0.3584642483098646 -0.1049431297577379 0
3037 -0.3558866040211617 -0.09532323303904366 0
3038 0.1903755008984478 -0.05610337701973514 0
3039 0.1999953971569834 -0.05352573387403076 0
3040 -0.3091684716379658 -0.1542389035258573 0
3041 -0.3162107252742006 -0.1471966503481086 0
3042 -0.06816543960266822 -0.187883747359082 0
3043 -0.06301015201934593 -0.1686439530976563 0
3044 0.09215408772039174 0.3104639379035716 0
3045 -0.1019953435427542 -0.08086859163414711 0
3046 0.1273157557565744 -0.2247969141827535 0
3047 0.1711357046070621 -0.06125866387555329 0
3048 -0.07677411379139919 -0.3866332695016937 0
3049 -0.04464610055246483 -0.3333784956092657 0
3050 -0.365506501973674 -0.09790087661467242 0
3051 -0.3629288576238852 -0.0882809798665501 0
3052 -0.372548755576048 -0.09085862349197055 0
3053 -0.3699711114530871 -0.08123872655042405 0
3054 -0.3795910085910567 -0.08381637037907468 0
3055 -0.3770133650774506 -0.07419647317260815 0
3056 -0.08381636621087202 -0.3795910152575591 0
3057 -0.05992690010925557 -0.2571099932718503 0
3058 -0.006301986563421569 0.04299378446940189 0
3059 0.05022111207804247 0.1206436369940038 0
3060 0.05726336549861016 0.1136013838167152 0
3061 0.05915033219713089 0.08731933495686256 0
3062 0.06172797620586985 0.09693923173619783 0
3063 0.06877022879592726 0.08989697847342754 0
3064 -0.1174612060848019 -0.1385879723662944 0
3065 -0.05509214973668164 -0.005796377884889292 0
3066 0.101033709638309 -0.2229099502615737 0
3067 -0.158012827687538 -0.2566043836447181 0
3068 -0.1483929309468032 -0.2540267400179004 0
3069 -0.3866332618132906 -0.07677411675169024 0
3070 -0.3840556187407466 -0.06715421982077348 0
3071 -0.3936755154554822 -0.06973186337459275 0
3072 -0.3910978723803693 -0.06011196646318676 0
3073 0.06236904664370974 -0.3672084029458038 0
3074 0.1003430290108375 -0.2588118924432493 0
3075 -0.06402136572276904 0.02752792204418508 0
3076 -0.1038823159826491 -0.05458653848809461 0
3077 -0.09684006086197798 -0.06162879172626221 0
3078 0.08957644393488084 0.3008440406795415 0
3079 -0.03516167664800014 0.03526085379761573 0
3080 0.08814548778932059 -0.2710094331305206 0
3081 0.0855678436793238 -0.2806293297270284 0
3082 0.07852559116322498 -0.2735870769295436 0
3083 0.07594794641308079 -0.2832069731835124 0
3084 0.08299019980649214 -0.2902492266965333 0
3085 -0.4007177691629442 -0.06268961003556894 0
3086 -0.3981401261325271 -0.0530697131394743 0
3087 -0.4077600229142927 -0.0556473567228809 0
3088 -0.4051823799102309 -0.04602745976603378 0
3089 -0.1148835627401002 -0.1289680752435818 0
3090 -0.003724342628740954 0.05261368160194184 0
3091 -0.1128115334708613 -0.0212622373085809 0
3092 0.0689056942342208 -0.2761647198129669 0
3093 -0.4148022766723295 -0.04860510337392555 0
3094 -0.4122246336398709 -0.03898520641533819 0
3095 -0.4218445303993938 -0.04156285000857477 0
3096 -0.4192668874198516 -0.03194295308539753 0
3097 0.005895555242781805 0.05519132439442302 0
3098 -0.01435546377111163 0.2462079229211757 0
3099 0.06375040604991911 -0.2954045132662453 0
3100 -0.4288867841567267 -0.03452059669762182 0
3101 -0.4263091411529135 -0.02490069979885337 0
3102 -0.4359290378141085 -0.02747834333527233 0
3103 -0.4333513948036186 -0.01785844649632289 0
3104 -0.4429712918859028 -0.02043609042623232 0
3105 -0.4403936485907325 -0.01081619329147915 0
3106 -0.4307737515069748 -0.008238549345835691 0
3107 -0.4378160052269106 -0.001196296033640225 0
3108 -0.4474359023711836 -0.003773940003924742 0
3109 -0.4448774088497465 0.005917425823292462 0
3110 -0.4352415534306032 0.008435512581083365 0
3111 -0.4422806155331969 0.0154658545070474 0
3112 -0.4326711490002155 0.01804813601764504 0
3113 -0.4545004976483277 0.0033516933243397 0
3114 -0.4256207350745449 0.01100400326161587 0
3115 -0.4230429380853852 0.02062237498123404 0
3116 -0.4300950649366492 0.0276670264050176 0
3117 -0.42046552892204 0.03024185021313431 0
3118 -0.457059523372823 -0.006337685927092076 0
3119 -0.007313210594385167 0.2391656698992843 0
3120 -0.120038851091774 -0.1482078695971603 0
3121 0.03489071929027222 -0.3031374477195447 0
3122 -0.1179668196434411 -0.04050203299392535 0
3123 0.1402457750734079 0.3233487891399728 0
3124 0.07686550036605128 0.3867290703324044 0
3125 0.4571549752345086 0.006450746154147369 0
3126 0.01348475767305995 0.4501044550243726 0
3127 0.3585521845392592 0.1050453065185927 0
3128 0.3162986638713985 0.1472988276286242 0
3129 0.2951718993668259 0.1684255836432148 0
3130 0.1613527895378497 0.3022085028240351 0
3131 0.1050310679349397 0.3585664340589665 0
3132 0.03461198283530265 0.4289825926169678 0
3133 0.2881112082193359 0.175451776490136 0
3134 0.3514914941201014 0.1120714997748252 0
3135 0.3092575155133075 0.1543303058168197 0
3136 0.0979703757807882 0.3655926268664747 0
3137 0.02052265373133544 0.4430721023998834 0
3138 0.3655842993045917 0.09799529156608106 0
3139 0.3233195350467063 0.1402518253897692 0
3140 0.16841159762745 0.2951731168003366 0
3141 0.1658426925748465 0.2855612712924783 0
3142 0.1754599633140352 0.2881360635758374 0
3143 0.13321132067001 0.3303944089266386 0
3144 0.1235911113873766 0.3278168483110204 0
3145 0.1261690672845923 0.337436662659743 0
3146 0.0697933591843618 0.3937523971847594 0
3147 -0.4641023984118889 0.0007068839498862792 0
3148 0.46419023481303 -0.000605362910726992 0
3149 0.2568390303012505 -0.2079497016447527 0
3150 0.4154000019099941 -0.0493770661957313 0
3151 -0.3665177234476558 0.09827100079812122 0
3152 -0.3690960169179043 0.08865045350215661 0
3153 -0.1469619822410065 0.3178267476521682 0
3154 0.1348636162512274 -0.3299251059197901 0
3155 -0.4272453341766123 0.03721369986832147 0
3156 -0.4178425767031453 0.03984947322835136 0
3157 -0.03711233883661047 0.4273367634118332 0
3158 0.08599624237998549 -0.3784271232243402 0
3159 0.3055708500240172 -0.1589417905804379 0
3160 0.3081971153288016 -0.1495033508167715 0
3161 0.1322300530498387 -0.3393363100563985 0
3162 -0.2529659258991288 0.1554847857871645 0
3163 -0.2862902270346401 0.1644140070099075 0
3164 -0.293332480484747 0.1714562628558052 0
3165 -0.01504613940352512 0.21030597733069 0
3166 -0.02466603719599507 0.2077283329219907 0
3167 -0.005426242360313138 0.2128836226064399 0
3168 -0.002848599271915331 0.2225035200943113 0
3169 -0.2722057196415359 0.1503294950844613 0
3170 -0.04653306689491987 -0.3070964488645876 0
3171 -0.06646353528041485 -0.3481536760711268 0
3172 -0.01127220075432196 0.1577418714362284 0
3173 -0.1438787342872219 0.2293607025852668 0
3174 -0.3453909641116755 0.07714423946407908 0
3175 -0.1042028558028965 0.1774872813835413 0
3176 -0.09458295854286619 0.1800649248745849 0
3177 -0.1138227530647048 0.1749096378513965 0
3178 -0.1164003968616837 0.1652897406739423 0
3179 -0.00289819211105169 -0.2775460790055146 0
3180 -0.340926355038672 0.06048208835693713 0
3181 -0.1548799861959479 0.1549791656748364 0
3182 -0.1452600890390113 0.1575568091028447 0
3183 -0.1382178353630381 0.1505145553584724 0
3184 -0.1356401917106457 0.160134452665718 0
3185 0.02665217571040485 -0.233911202454522 0
3186 0.02922981970715514 -0.2242913053908814 0
3187 0.02218756613934142 -0.2172490517299567 0
3188 -0.1075207675138286 -0.368084148782869 0
3189 -0.318788369477067 -0.1568165472599135 0
3190 -0.1158947835722002 0.06720380028753481 0
3191 -0.09251092183851439 0.2877707646954416 0
3192 -0.1234426504184123 0.1723319940799322 0
3193 -0.415999298495317 0.01357955418846168 0
3194 -0.03465606989667303 -0.06282508393028752 0
3195 0.09348584702031434 -0.117781758992094 0
3196 -0.1395991887740785 0.07871066437620443 0
3197 -0.1299792914928523 0.08128830803388157 0
3198 -0.1286475285878061 -0.3469573887721404 0
3199 -0.1602203378418169 0.001751485743472947 0
3200 -0.09614938268200819 -0.025726848722606 0
3201 -0.3744357215472676 -0.06457657587161836 0
3202 0.2254016938445632 -0.2253025287988245 0
3203 -0.2287559074793194 0.04589197323501527 0
3204 -0.2313335511266098 0.03627207599965943 0
3205 -0.2395720933283677 0.1054983224450499 0
3206 -0.2421497368989331 0.09587842522117256 0
3207 0.2209370850481376 -0.2086403778219546 0
3208 0.2138948319048414 -0.2015981239916009 0
3209 -0.1279568517663888 -0.3110554436818807 0
3210 -0.2437161572828899 -0.1099133483878065 0
3211 -0.137576748922459 -0.3136330875454793 0
3212 -0.1401543923529618 -0.3232529848527326 0
3213 0.1522161005441006 -0.298486482255016 0
3214 0.1592564229268043 -0.305525951323353 0
3215 0.2767695036779558 -0.1668924697520994 0
3216 0.2838117569455617 -0.173934723467174 0
3217 0.269727250404992 -0.159850216029168 0
3218 -0.1492190860412385 0.07613302070781305 0
3219 0.1730226709136102 -0.08754071102409726 0
3220 0.1634027735703623 -0.09011835416235751 0
3221 0.03180746366406924 -0.2146714083463994 0
3222 -0.1480227970237367 0.01394902674173215 0
3223 -0.1454451533908025 0.02356892407815642 0
3224 -0.3533089604075202 -0.08570333588420345 0
3225 0.3334776685003409 0.04474526726738137 0
3226 0.1491331943377888 -0.2100217301890148 0
3227 0.1728860087066204 0.2785198571348675 0
3228 0.1825025280348447 0.2810940720051198 0
3229 0.1034262800643931 -0.3472779329257762 0
3230 0.1104685332514071 -0.3543201867349724 0
3231 0.1460499434355219 -0.1215556901500273 0
3232 -0.1285979379194057 0.1530921994202858 0
3233 0.1195828233875026 -0.253656605074072 0
3234 0.2970701132126169 0.1421405275336888 0
3235 -0.1367009999320384 -0.1437432600737943 0
3236 0.1652897383128244 -0.1164004026468724 0
3237 0.1582474851611737 -0.1093581487062627 0
3238 0.07700876615770171 0.0206707345739907 0
3239 0.01689681279387883 0.1295728568100153 0
3240 -0.07188976837154042 0.3647299410026731 0
3241 0.07875670059512035 0.3604495969081105 0
3242 -0.1779433041714656 -0.2976616140192081 0
3243 -0.2151770128058753 0.1298934042166199 0
3244 0.213574293713553 0.03047569492707641 0
3245 0.1031057442996607 -0.1152041154490217 0
3246 0.1546586229474345 0.07719382660046246 0
3247 -0.1858117084782144 0.03954039744453842 0
3248 -0.1529930195934617 0.128697116980275 0
3249 -0.06264000913324885 0.09933181207075778 0
3250 -0.06521765299613236 0.089711915064739 0
3251 -0.04233939643511214 0.408364815123149 0
3252 0.3630132306102732 0.08838236438665448 0
3253 0.3726005800348268 0.09091604583093987 0
3254 0.08662866340597901 0.02324837801584308 0
3255 0.08920630736871243 0.0328682750852673 0
3256 0.0168472140902286 -0.370476730856855 0
3257 0.009804960616909823 -0.3634344773181125 0
3258 -0.2651634650518456 0.1432872364386348 0
3259 -0.04100764449183734 -0.01988088395706042 0
3260 -0.05062754160019543 -0.02245852737289977 0
3261 0.1620214149271614 -0.161922244558899 0
3262 0.1690636681816384 -0.1689644983224033 0
3263 0.3372515997827626 -0.007818827732689992 0
3264 0.01602106080382266 -0.04031696812021418 0
3265 0.0256409579070489 -0.03773932465066143 0
3266 0.005525415695839114 -0.2127844416688808 0
3267 -0.02636792586014087 0.3679982589992065 0
3268 0.2893371818027882 0.1132808363405914 0
3269 -0.2873510338794759 -0.1394637188718121 0
3270 -0.3610418928110714 -0.1145630259416816 0
3271 -0.3084777947574079 -0.1183369586793847 0
3272 0.03185706330045757 0.2853781801315145 0
3273 0.03889931640254285 0.2783359261557764 0
3274 0.02481481024993598 0.2924204340369401 0
3275 0.02739245447614047 0.3020403309052168 0
3276 -0.192163284823509 0.0824845960609807 0
3277 -0.1895856413011985 0.09210449328967195 0
3278 0.2570241014613606 -0.07396181862588991 0
3279 -0.2500677337601609 -0.06696914968472845 0
3280 -0.2404478365279434 -0.06439150593579002 0
3281 -0.2334055831344649 -0.07143375954587478 0
3282 -0.05150328937948523 -0.1923483573828519 0
3283 -0.3261511679212923 0.08229952851278799 0
3284 -0.04823496706369501 -0.1468265154057612 0
3285 -0.05785486430095602 -0.1494041588382749 0
3286 -0.0006410898611044213 -0.03585235794594688 0
3287 0.2164724761065987 -0.1919782269009315 0
3288 -0.05591829767520511 0.3243633850150289 0
3289 0.02476520992595627 -0.2076291545492989 0
3290 0.08524730643773594 -0.04855551142540679 0
3291 0.2943074014192687 -0.001467251948583992 0
3292 0.2872651480271586 0.005575001638603749 0
3293 0.3135471958139198 0.003688035110283927 0
3294 0.3109695519978712 -0.005931862014720901 0
3295 -0.001837377387473638 0.02633163457620362 0
3296 0.4308734708380429 0.008335567618660559 0
3297 0.4334508057874796 0.01795668287522256 0
3298 0.443062386932875 0.02052626557266901 0
3299 0.4360282145673581 0.02757750642041334 0
3300 0.1408946548656964 -0.140795485829368 0
3301 0.08386594982856624 -0.1203594026005742 0
3302 0.08128830609085681 -0.1299792999771677 0
3303 0.005204876219210244 0.01928938081184031 0
3304 -0.2717001060905455 0.0522435495196046 0
3305 -0.269122462215574 0.06186344658243846 0
3306 -0.2742777499090004 0.04262365211132478 0
3307 0.06909076529395244 -0.1421768409632774 0
3308 -0.2315186164366708 -0.09771580731809837 0
3309 -0.2062477919517279 0.09656910294280632 0
3310 0.1866015674679971 -0.003539283211445421 0
3311 0.215461259073193 0.004193647317756122 0
3312 0.03135145746064871 0.383464117462996 0
3313 0.02877381323689033 0.3738442204565576 0
3314 0.06260372013090731 0.2668290621357277 0
3315 0.05298382282724751 0.264251418665737 0
3316 0.1506996225463296 -0.004229960136873157 0
3317 0.04124229550527967 -0.3460816494890318 0
3318 0.03420004199074519 -0.3390393957820992 0
3319 0.04828454830629585 -0.3531239008901038 0
3320 0.08782495038350224 -0.03893561436985149 0
3321 0.09744484763251039 -0.03635797107596273 0
3322 -0.2107124023144258 0.1132312535864906 0
3323 0.2230091218831469 -0.1009345434354275 0
3324 0.3405199220068555 0.03770301381839846 0
3325 -0.3821686539582599 -0.09343626656159518 0
3326 -0.2220837850259707 -0.2291260472915326 0
3327 -0.2317036842324815 -0.2317036909916974 0
3328 0.04354899892997788 0.3956616577629685 0
3329 0.05316889622929426 0.3982393010835175 0
3330 0.3834641198875567 0.03135143841534361 0
3331 0.1357393670003834 -0.1600352791117965 0
3332 -0.1238127821686199 -0.09564377548247352 0
3333 -0.1167705287690155 -0.1026860289971737 0
3334 0.3956602831329694 0.04354760190909684 0
3335 0.3982407097104706 0.053156026508903 0
3336 0.4078428025560787 0.05571824324834629 0
3337 0.4007731260520436 0.06274059893169293 0
3338 0.2316177987067727 0.09781497507401637 0
3339 0.2245755452657557 0.1048572286286149 0
3340 0.1118994918634182 0.2175332863334438 0
3341 0.1189417452484878 0.2104910326575226 0
3342 0.2276588004300145 0.01639118775011322 0
3343 -0.02213798364074902 -0.2827013643479348 0
3344 0.2668290672820908 0.06260370714689634 0
3345 0.07134787250070918 0.09951687559170473 0
3346 0.07839012563998998 0.09247462187582751 0
3347 0.2377843072193842 -0.07911710526640103 0
3348 0.02205210025024333 0.1488126508935348 0
3349 0.01500984625638863 0.1558549052317661 0
3350 0.02909435385854459 0.141770397532315 0
3351 0.1209641816881195 -0.1818527170007804 0
3352 0.05979140496323264 -0.3768283028145883 0
3353 0.0863081236278791 0.2553221979559681 0
3354 -0.07520769247140879 -0.1808414936446736 0
3355 -0.05684363934178269 -0.3455760329402398 0
3356 0.2525594936580187 -0.05729966874042786 0
3357 0.255137136895295 -0.04767977106689081 0
3358 0.2480948837320125 -0.0406375177602662 0
3359 -0.07866107645842368 -0.3603512170920012 0
3360 0.09473173296247034 0.3200838339168371 0
3361 -0.1702103711709917 -0.2688019226012501 0
3362 -0.1798302687088294 -0.2713795659605954 0
3363 -0.1824079137329507 -0.2809994631777452 0
3364 -0.1894501658745936 -0.2739572096334345 0
3365 -0.4455489347870512 -0.03005598615625485 0
3366 0.106929275959057 0.3322813732739023 0
3367 0.0565726861278389 0.07769943819476827 0
3368 -0.02296413445018956 0.04745839294339765 0
3369 0.1054983175863614 -0.2395720983712571 0
3370 -0.07690958450211459 -0.02057156386848577 0
3371 -0.08363130301242344 -0.2456031293028221 0
3372 -0.081053658498493 -0.2359832323137311 0
3373 -0.08620894692277065 -0.2552230261555876 0
3374 -0.07916669410798594 -0.2622652797800092 0
3375 -0.08878658921282323 -0.2648429227334108 0
3376 -0.08639400946139617 -0.3892109127688118 0
3377 -0.06917665376910923 0.008288128043908161 0
3378 -0.06728968833070727 -0.01799391945394735 0
3379 -0.05440146927547355 0.03010556567977349 0
3380 -0.06130824893268175 -0.3289138824422561 0
3381 -0.06835050260195268 -0.3218716286656954 0
3382 -0.01698270085275497 -0.2634615709396686 0
3383 -0.02402495385842007 -0.256419316918974 0
3384 -0.1224314294622891 -0.02383988243457566 0
3385 -0.1078413112512678 -0.1360103280255249 0
3386 -0.1071506312450463 -0.1001083858715294 0
3387 -0.1097282750872475 -0.109728283046608 0
3388 0.05413050969449267 -0.2979821566532952 0
3389 -0.02139771620527688 0.2532501742884231 0
3390 -0.03101761379639484 0.2506725298602018 0
3391 -0.1563641318771963 0.3151907592394927 0
3392 0.4456279628286121 0.03010634029573755 0
3393 0.2976953762633482 0.1780249770497508 0
3394 0.3610756590315028 0.1146446974687073 0
3395 0.3188366724805078 0.1568961199065737 0
3396 0.107554537430685 0.3681658237795601 0
3397 0.02306211733579794 0.452670455502957 0
3398 -0.2808087264004999 0.1835663949589265 0
3399 0.09793869036000855 -0.3664286871313455 0
3400 0.2323533931602293 -0.2320068310440436 0
3401 -0.04929127509827592 0.4150697870260565 0
3402 0.04939098980362661 -0.4149725799549061 0
3403 0.03984596557487076 -0.4178296532851765 0
3404 -0.09784195530753766 0.3665285227002419 0
3405 -0.100694483532297 0.3569822806022755 0
3406 -0.09527928998048639 0.3763782288165597 0
3407 -0.08592179427019939 0.3788380193475524 0
3408 -0.0614077038569172 0.4031635791001713 0
3409 -0.3176423972543574 0.1467433215281226 0
3410 0.06139669819437863 -0.4030348792505124 0
3411 0.06420907261542083 -0.3934778787850827 0
3412 0.3641842664985935 -0.1077360568914296 0
3413 0.3543820613230153 -0.1101136570453762 0
3414 -0.3638717746588039 0.1076359796336088 0
3415 0.04667568278920545 -0.4234349885669407 0
3416 0.03717254857480347 -0.4269848332381175 0
3417 0.03022008928384983 -0.4203671012919167 0
3418 0.02764144878874204 -0.4299802990888636 0
3419 0.02061399505720617 -0.4230076825006248 0
3420 0.01803865160209133 -0.4326380692196 0
3421 0.02508128835158988 -0.4396820711926188 0
3422 0.01542615157729781 -0.4421309700208044 0
3423 0.008416178412338361 -0.4352096493508992 0
3424 0.005799951744183574 -0.4446861454826307 0
3425 -0.001205198599927168 -0.4377825376118789 0
3426 -0.003783088819533074 -0.447401641839443 0
3427 -0.01081919973291022 -0.4403823639808468 0
3428 0.00283349862365757 -0.4539138984710807 0
3429 -0.008240532043471589 -0.4307662962058886 0
3430 -0.01785927596825261 -0.4333482749794217 0
3431 -0.01339585933123438 -0.4500059574179914 0
3432 -0.01528126912077903 -0.423729738880862 0
3433 -0.02490091375508678 -0.4263083315290235 0
3434 -0.02747851495755619 -0.4359283861442205 0
3435 -0.03452065860474363 -0.4288865437574723 0
3436 -0.03194299687984251 -0.4192667160612377 0
3437 -0.04156286532416774 -0.4218444650120444 0
3438 -0.03898521396758046 -0.4122245979562823 0
3439 -0.04860510487643564 -0.4148022631686863 0
3440 -0.0460274588934426 -0.4051823757689238 0
3441 -0.05564735444007302 -0.4077600240649401 0
3442 0.2298178350970317 -0.2418758398479206 0
3443 -0.1081673840364961 0.3657633059980346 0
3444 -0.1104228065465323 0.3547042533452617 0
3445 -0.1175143471301272 0.3609728142928663 0
3446 -0.3271154066932619 0.1441674644659877 0
3447 -0.3295769336442292 0.1347280199768506 0
3448 0.08479795545250769 -0.3889402786007696 0
3449 0.07195567972536758 -0.4017834247338221 0
3450 -0.09237192759407387 0.3864686822529351 0
3451 -0.1827106571530103 0.2912933639220012 0
3452 -0.1835546069157923 0.28123412693087 0
3453 -0.1765123537722575 0.274191873083257 0
3454 -0.1861322511330176 0.2716142299245028 0
3455 -0.1930305621419868 0.2783247089569568 0
3456 -0.1954338578194254 0.2689024334406977 0
3457 -0.177847938834423 0.300595403682995 0
3458 -0.03615499651023807 0.4380134067405585 0
3459 0.1827959548983738 -0.2912180890693943 0
3460 0.183653781786864 -0.2811349435983039 0
3461 0.1778988035900672 -0.3005465324589569 0
3462 -0.1194049150110619 0.351436929420426 0
3463 -0.1128585200338404 0.344779486148212 0
3464 -0.1224550046782048 0.3421431476959634 0
3465 0.02273614077843721 -0.4510029811459887 0
3466 0.03144602730860976 -0.4464390520010141 0
3467 -0.08267036652237154 0.3886367384422364 0
3468 -0.07875891953671957 0.3979518815915599 0
3469 0.3039823178583989 -0.1697984747165383 0
3470 0.2662770746634233 -0.2054579569629958 0
3471 -0.4379249279277422 0.03591158723782051 0
3472 0.3152490929021167 -0.1565818960174749 0
3473 0.317825116147853 -0.1469559503297678 0
3474 0.3244031987542676 -0.1541793571820658 0
3475 0.3270555842165335 -0.1443286237871578 0
3476 0.3203389357135571 -0.1373318051048695 0
3477 0.3296350477115482 -0.1346695459543503 0
3478 0.205548943758302 -0.2657851165834778 0
3479 0.203435180609541 -0.2753656578726438 0
3480 0.2149672078601267 -0.2618496758222574 0
3481 -0.4247630902473502 0.0467801358448062 0
3482 -0.4152732818034311 0.04945841464332049 0
3483 -0.40825904131673 0.04243569982805027 0
3484 -0.4056811264239845 0.05205426157486591 0
3485 -0.4222954851236997 0.05634320538746912 0
3486 -0.3734747883802702 0.1051712043598442 0
3487 0.4252147725024047 -0.04665094569084977 0
3488 0.4224838256310197 -0.05639663203615219 0
3489 0.4344992544132489 -0.04332483105702221 0
3490 0.4128240522505495 -0.05915224721132517 0
3491 0.4088300288090659 -0.0678234743805321 0
3492 0.3763462210328742 -0.09564639999344071 0
3493 0.3787211357340808 -0.08609453930800987 0
3494 0.4617297287460467 -0.01050557940897268 0
3495 0.4714988924689589 -0.007523145553295977 0
3496 0.4587909000631638 -0.02017880642518793 0
3497 -0.4616693947461569 0.01062780692979345 0
3498 -0.4714563453377243 0.007582260213358302 0
3499 -0.4585357879229843 0.02082523235852823 0
3500 -0.1540080495604001 0.3246675985618867 0
3501 -0.14460822168746 0.3277452460772117 0
3502 -0.1415986207628144 0.3379797447372186 0
3503 -0.1348808646352307 0.3307090120927899 0
3504 0.1416784688599543 -0.3369749305914458 0
3505 0.1447937934328822 -0.3276149224154394 0
3506 0.1550270094835614 -0.3246762322449786 0
3507 0.1479072214185223 -0.3179008252891714 0
3508 0.1575273037972266 -0.3155275917461096 0
3509 -0.3706403701220715 0.115817380263943 0
3510 -0.1322768338164872 0.3403223247449056 0
3511 -0.1645756723524697 0.3218761051208274 0
3512 0.1388491727046589 -0.347573368493071 0
3513 0.3863968749200911 -0.09247664761968705 0
3514 0.3883286976600401 -0.08279571542363118 0
3515 0.3972513356839836 -0.07851933105954056 0
3516 0.3892885092287184 -0.07314973701247479 0
3517 0.3978924943823657 -0.06859421168011726 0
3518 0.3892423258255615 -0.06311699358659445 0
3519 0.373726254574575 -0.1053411939588884 0
3520 0.3708920395167973 -0.1155997966309315 0
3521 0.3344888874195648 -0.151426609228023 0
3522 -0.4520154121660822 0.01331702209470858 0
3523 -0.44913336768754 0.02303937503654298 0
3524 0.4520328295602755 -0.01303546119302912 0
3525 0.4492794371510714 -0.02239764722099834 0
3526 0.455838462907127 -0.03071444960986747 0
3527 -0.4397155312626477 0.0252055238098452 0
3528 -0.2959101240964131 0.1618363623066049 0
3529 -0.302436557848291 0.1684317334791509 0
3530 -0.3003808906598738 0.177812220204952 0
3531 -0.3053839791328762 0.1589600237008937 0
3532 -0.2792479734844628 0.1573717512521128 0
3533 -0.2433460277360967 0.1580624252796866 0
3534 -0.240768384650433 0.1676823268540344 0
3535 -0.008003885420086287 0.2032637245020857 0
3536 0.001616011587476263 0.2058413697006546 0
3537 -0.05942128313024658 -0.3551959309034939 0
3538 -0.03691316997873063 -0.3045188046187265 0
3539 -0.0208920984202951 0.1551642281272568 0
3540 -0.023469741505818 0.1455443307373743 0
3541 0.05086219108146017 -0.3435040033477319 0
3542 -0.3258306224578637 -0.1497742941316305 0
3543 -0.22019682285165 -0.2554080938289484 0
3544 -0.3469573832276187 -0.1286475342639527 0
3545 -0.3399151303950247 -0.1356897870902071 0
3546 -0.08652948331357982 -0.02314920593081479 0
3547 -0.004735565356016491 0.2487855653064006 0
3548 -0.331306455165242 0.06305973435597381 0
3549 -0.3390393886661714 0.03420004090082313 0
3550 -0.3416170313471075 0.0245801438274188 0
3551 -0.3357710658870234 0.07972188413322133 0
3552 -0.1064599565253912 -0.0642064390547137 0
3553 0.1589381632694252 -0.073456204611187 0
3554 -0.09941770250543105 -0.07124869141077872 0
3555 -0.009940445839625653 -0.2705038246903737 0
3556 -0.03051199582266834 0.1525865833384236 0
3557 -0.03755425216166464 0.1596288350589605 0
3558 -0.04013189279687085 0.1500089391836673 0
3559 -0.1016252125105979 0.1871071792322153 0
3560 -0.09200531532248946 0.1896848228448844 0
3561 -0.08496306140924054 0.1826425684818634 0
3562 -0.0823854178432757 0.1922624662711137 0
3563 -0.07980777395064532 0.201882363689482 0
3564 -0.07276552042017413 0.1948401103166763 0
3565 0.01891924490002612 -0.2627708941565399 0
3566 0.01634160180550427 -0.2723907914845201 0
3567 -0.403295413762808 -0.07230950550643112 0
3568 -0.1208650070046973 0.1819518918618384 0
3569 -0.1426824454459691 0.1671767065456423 0
3570 0.0240745320540926 -0.2435310996828083 0
3571 -0.0009616312726431486 0.1962214702651833 0
3572 -0.01762378270178451 0.2006860759334425 0
3573 -0.02724368206202094 0.1981084354690417 0
3574 -0.3052094734313796 -0.07281511555667364 0
3575 -0.3122517271441497 -0.06577286217289913 0
3576 -0.309674083107724 -0.05615296462684707 0
3577 -0.3192939807873413 -0.0587306087469283 0
3578 -0.3167163367170578 -0.04911071120507138 0
3579 -0.3263362344879663 -0.05168835534101837 0
3580 -0.3237585904275447 -0.04206845780127687 0
3581 -0.3333784878690653 -0.04464610173521598 0
3582 -0.3308008439961203 -0.03502620429799769 0
3583 -0.3404207413037569 -0.03760384816077061 0
3584 -0.3378430975417964 -0.02798395081018096 0
3585 -0.3282232002758175 -0.02540630696874907 0
3586 -0.3474629950898507 -0.03056159490929325 0
3587 -0.3448853510625806 -0.02094169730449263 0
3588 -0.3545052488256995 -0.02351934159438346 0
3589 -0.3519276046905864 -0.01389944391972765 0
3590 -0.3615475023457912 -0.01647708805447642 0
3591 -0.3589698582215093 -0.006857190387111314 0
3592 -0.3493499609746959 -0.004279546639130591 0
3593 -0.3563922144384025 0.002762706671379268 0
3594 -0.366012111616029 0.0001850629638223064 0
3595 -0.01509573104974429 -0.2897436205997806 0
3596 -0.01767337534615075 -0.2993635178288557 0
3597 -0.07861148135284127 0.1396983668485832 0
3598 -0.06899158410787028 0.142276010249228 0
3599 -0.06194933078227102 0.1352337565943947 0
3600 -0.08823137901884048 0.1371207236908145 0
3601 -0.05937168852136814 0.144853655821867 0
3602 -0.05232943435901595 0.1378114013090838 0
3603 0.03627207355854013 -0.2313335591674849 0
3604 -0.4173799210012838 -0.05822499861186418 0
3605 -0.1229370375758217 0.07424605425265952 0
3606 -0.1145630212141324 -0.3610418954201074 0
3607 0.06462615591986359 -0.1255146895483749 0
3608 0.05500625867341608 -0.1280923335676548 0
3609 -0.0439554221615101 -0.2974765502897985 0
3610 -0.05615296311055214 -0.3096740906548348 0
3611 0.1434722989313022 -0.1311755887833281 0
3612 -0.01831445774576794 0.1647841268058357 0
3613 0.04092175206123731 -0.1140078265751262 0
3614 -0.336461744078246 0.04381993880768952 0
3615 -0.001652304389562043 0.1603195152506236 0
3616 -0.2744628153951775 -0.09136423199718344 0
3617 -0.1534986318016595 0.2267830585604489 0
3618 -0.1560762762638349 0.2171631601594828 0
3619 -0.1631185290053108 0.2242054149048441 0
3620 -0.16569617340514 0.2145855163960181 0
3621 -0.1727384268862766 0.2216277699585709 0
3622 -0.1753160715688481 0.2120078724598188 0
3623 -0.1823583248448553 0.2190501285015703 0
3624 -0.1894005759340405 0.2260923846811993 0
3625 -0.1919782234055421 0.2164724873657641 0
3626 -0.2888678698241921 0.1547941031947894 0
3627 0.3473761956499233 -0.1032872617776862 0
3628 -0.2981672198735427 -0.07985736895990701 0
3629 -0.1203593942462188 0.08386595186589968 0
3630 -0.1274016476937014 0.09090820573585924 0
3631 -0.1177817500448837 0.09348584934193055 0
3632 -0.1081618521790266 0.09606349233195942 0
3633 -0.10558420738507 0.105683389664237 0
3634 -0.1152041049335123 0.103105746754711 0
3635 -0.1126264610784944 0.1127256437970718 0
3636 -0.1619222398669732 0.1620214197500363 0
3637 -0.1715421367577663 0.1594437760818266 0
3638 -0.1785843904810858 0.1664860292933512 0
3639 -0.1811620342080938 0.1568661322071923 0
3640 -0.1837396781289108 0.1472462343542854 0
3641 -0.1933595751840069 0.1446685904160456 0
3642 -0.1907819313727739 0.1542884883941944 0
3643 -0.1790899979858038 0.2645719759871519 0
3644 -0.1248240031331994 0.100528103505458 0
3645 -0.2533360547417549 -0.1124909924802706 0
3646 -0.260378308246181 -0.1054487389400884 0
3647 -0.02503617246650866 -0.06024743996141016 0
3648 -0.4166892437936972 -0.02232305566862477 0
3649 -0.008374021482363547 -0.06471204941830666 0
3650 -0.001331768035042966 -0.0717543032594693 0
3651 -0.2125993693966865 0.1395133018230948 0
3652 0.1366151160170971 0.009854546785361684 0
3653 0.1340374719208706 0.0002346498483202786 0
3654 -0.1236277149662168 0.03834410824499675 0
3655 0.1417704033638438 0.02909434119568548 0
3656 0.1443480475755687 0.03871423821474007 0
3657 -0.1330625478633022 0.1697543503940298 0
3658 -0.2369944497717743 0.1151182198280703 0
3659 -0.2273745528451948 0.1176958637213957 0
3660 0.1373057941151403 0.04575649208134903 0
3661 -0.2416441257762138 -0.002207512825628311 0
3662 -0.2442217691503025 -0.01182741025556056 0
3663 -0.2625858231759888 0.1529071422899331 0
3664 -0.4314644276758372 -0.04414049195962019 0
3665 0.1495033352685674 0.05795403232802938 0
3666 -0.05403133305195336 0.2980813369973698 0
3667 -0.06365123039689985 0.2955036939815023 0
3668 -0.0444114356894347 0.30065897999132 0
3669 -0.04183379157794054 0.3102788772305588 0
3670 -0.13324761237069 0.03576646490853164 0
3671 -0.4026047364831205 -0.03640756249299168 0
3672 -0.1004785146158128 -0.3751264031673424 0
3673 -0.004600090396869774 -0.1172761469846449 0
3674 0.005019806892335485 -0.1146985034427915 0
3675 -0.03479153840184301 0.3032366232217535 0
3676 -0.03221389440737914 0.3128565203607979 0
3677 -0.0251716412198088 0.3058142666443186 0
3678 0.324363381591866 -0.05591831434078297 0
3679 0.3339832789089747 -0.05334067075877746 0
3680 0.3365609228635889 -0.04372077378724569 0
3681 0.343603176189434 -0.0507630271439754 0
3682 -0.1679532690572684 -0.02710820591997666 0
3683 -0.08289102475805982 0.2903484077936049 0
3684 -0.1356897822845369 -0.3399151353900893 0
3685 -0.3986445949034481 0.04501562160974937 0
3686 -0.3960667607555418 0.05463531919790688 0
3687 -0.4030335074030986 0.06139585922644362 0
3688 -0.3934774228871861 0.06420879986512096 0
3689 -0.4018641288207295 0.07193761416944663 0
3690 -0.3909867773067507 0.07382716883105768 0
3691 0.03167199665098819 0.1513902941722638 0
3692 0.03871425041489278 0.1443480411174651 0
3693 -0.2491919905101227 0.1029206787395008 0
3694 -0.251769634009842 0.09330078144907383 0
3695 -0.06489711714586278 -0.1423619051483467 0
3696 -0.06747476089938208 -0.1519818022519521 0
3697 0.08096776959519963 0.1020945192344369 0
3698 0.08801002275702929 0.09505226529811595 0
3699 -0.04427596701182723 -0.06540272697015483 0
3700 -0.117140665402216 -0.3706617926872124 0
3701 -0.1471966460877674 -0.3162107313835214 0
3702 0.3147434842108304 -0.05849595769040542 0
3703 0.01790802635908943 -0.06659901606791367 0
3704 0.02752792345603981 -0.06402137259521783 0
3705 0.03438510759469908 -0.205051511151098 0
3706 -0.1694701006653049 0.2671496190324236 0
3707 -0.3338840993964287 0.05343983668372788 0
3708 -0.239066482066131 0.007412384420767915 0
3709 -0.1466414425521335 0.0857529180930004 0
3710 -0.1384028998033226 0.01652667019501201 0
3711 -0.130484904415733 0.1793742481144427 0
3712 -0.1349991054440364 -0.3040131901859399 0
3713 -0.3885202289245719 -0.05049206920075319 0
3714 -0.3319971334392748 0.02715778804463441 0
3715 -0.2004018285945569 0.1517108442232463 0
3716 0.1261194699351804 -0.1626129235126804 0
3717 -0.01164234385162095 -0.1102338930009038 0
3718 -0.02126224129621992 -0.1128115363170249 0
3719 -0.02830449451359623 -0.1057692827173531 0
3720 0.1178809294197673 -0.09338667743888458 0
3721 0.108261032237194 -0.09596432097285021 0
3722 0.03613660629047512 0.1347281436303713 0
3723 -0.1475171866956049 -0.08413691142051169 0
3724 0.1269952185316959 0.007276903422670178 0
3725 -0.171727201331031 0.02545589023708345 0
3726 -0.142867509762695 0.03318882154445459 0
3727 0.147616369482649 0.08423608036631913 0
3728 0.1501940131347697 0.09385597763856174 0
3729 -0.2217136538219571 0.0388497197059158 0
3730 -0.219136010168649 0.0484696169091358 0
3731 0.09606349103586335 -0.1081618617680209 0
3732 -0.2942082219851342 0.001566419540058414 0
3733 -0.30125047541971 0.008608672862016387 0
3734 0.3384478885327827 -0.0700028211853852 0
3735 -0.1614166266444715 0.06393547956773309 0
3736 -0.1531780843725252 -0.005290768023850048 0
3737 -0.1627979816252662 -0.00786841151477144 0
3738 -0.08979780614543156 -0.06867104381143516 0
3739 -0.2555435690001803 0.1458648847491098 0
3740 -0.2242912974612574 0.02922982243885382 0
3741 -0.342998385166022 -0.04722374563917812 0
3742 0.2351574343754202 -0.2227090033193075 0
3743 0.2421412427597812 -0.2294320990147402 0
3744 0.1991196460840755 -0.2234155614600086 0
3745 0.2016972902802104 -0.2137956643477586 0
3746 0.1920773928862349 -0.2163733077153316 0
3747 0.3309000246323572 0.03512537023089151 0
3748 -0.1490340226788124 0.2101209065426703 0
3749 -0.346772317220232 0.005340350396518215 0
3750 -0.353814571176255 0.01238260336059294 0
3751 -0.2801237145603586 -0.0125180878603031 0
3752 -0.3648158242240685 -0.06199893185553425 0
3753 -0.03207842588780496 -0.05320518644268002 0
3754 0.1683798832338931 -0.3023860932199253 0
3755 -0.164499883645146 0.1524015219708358 0
3756 -0.1253792082630918 -0.3014355462948979 0
3757 -0.1420413590038266 -0.2969709366124008 0
3758 -0.1497742898584127 -0.3258306283871787 0
3759 -0.3383487107328222 0.07010198599291526 0
3760 -0.2108974674165747 -0.02075662991644943 0
3761 0.3238577711913813 0.04216762367035809 0
3762 0.3283223808087407 0.02550547323479729 0
3763 0.2312476613309289 -0.1701607896537228 0
3764 -0.1210500709646484 0.04796400560066687 0
3765 -0.1280923247517777 0.05500625956946922 0
3766 -0.1337532251374455 0.1338524048156473 0
3767 -0.266039206891355 -0.0266025950091405 0
3768 -0.2634615636425927 -0.0169826976818872 0
3769 -0.211217695448297 0.2113171176188586 0
3770 -0.2137952860628608 0.2016972061712967 0
3771 -0.2041757307749432 0.2042749410733069 0
3772 -0.2067533383064857 0.194655032983705 0
3773 -0.216373229259724 0.1920773851931267 0
3774 -0.09306612948666643 -0.1141928901518175 0
3775 -0.137206611388338 -0.04565732366241401 0
3776 -0.3186033029657731 -0.02282866305313001 0
3777 -0.2387459368927296 -0.2246614377971803 0
3778 -0.2483658334414817 -0.2272390812984022 0
3779 -0.2554080884627835 -0.2201968271798371 0
3780 -0.2547174091055233 -0.1842948831483732 0
3781 0.1704450266636305 -0.09716060818483334 0
3782 0.1608251293311332 -0.09973825132454071 0
3783 0.1537828759721145 -0.09269599753001602 0
3784 0.1512052319687622 -0.1023158941940754 0
3785 -0.0581753996900337 0.08266966138061116 0
3786 -0.06779529692808282 0.08009201797775133 0
3787 -0.05113314629931451 0.07562740760420421 0
3788 -0.07037294092935867 0.07047212079427501 0
3789 -0.03861506980833321 -0.1442488718952484 0
3790 -0.184935971487508 0.2094302309824384 0
3791 -0.3570828929629898 -0.03313923935506462 0
3792 0.0336944298108672 -0.2409534563857369 0
3793 -0.02144731042894137 -0.2467994200639142 0
3794 0.02011553547677466 -0.324954888159336 0
3795 0.0297354322708679 -0.3223772446374577 0
3796 0.05104725853240059 -0.2095161212027782 0
3797 0.04142736130622449 -0.212093764881518 0
3798 0.03387949833899039 -0.1069655728535582 0
3799 0.02425960141276952 -0.1095432164990006 0
3800 0.1356038952443151 0.206026423030765 0
3801 0.1330262515834133 0.1964065257835662 0
3802 0.1400685047635196 0.1893642721387865 0
3803 0.1304486082611865 0.1867866282079381 0
3804 -0.168273817036772 0.2049656188002199 0
3805 0.1426195898802022 -0.3010685088833217 0
3806 0.1355581354641818 -0.2940236764858277 0
3807 -0.1684588803488855 0.07097773314950662 0
3808 0.2863894009911856 -0.1643148262652523 0
3809 -0.1370215451989092 0.08833056174907172 0
3810 -0.1344439013560417 0.097950459377719 0
3811 0.02715778885273408 -0.3319971417841051 0
3812 0.03677768476424784 -0.3294194980681318 0
3813 -0.2344168061132879 0.1247381169711663 0
3814 -0.1399693206429605 -0.1892651026104445 0
3815 -0.1425469643143948 -0.1988849998526532 0
3816 -0.1521668614981529 -0.2014626435962892 0
3817 -0.1451246079200047 -0.208504897074872 0
3818 -0.1329270671716002 -0.1963073561170492 0
3819 -0.1547445052437179 -0.2110825410223482 0
3820 -0.1477022515595161 -0.2181247943236813 0
3821 -0.1380823543648765 -0.2155471505470923 0
3822 -0.1406599980567191 -0.2251670477836258 0
3823 -0.1502798953342097 -0.2277446917169522 0
3824 -0.1432376416627671 -0.2347869449990491 0
3825 -0.1458152860580483 -0.2444068425161003 0
3826 -0.1617867588690624 -0.2040402877207719 0
3827 -0.1303494234279453 -0.1866874588962938 0
3828 -0.1277717810675482 -0.1770675609170311 0
3829 0.2934316541850788 -0.1713570800499493 0
3830 0.291100220750208 -0.1825843656548243 0
3831 -0.08123872072549541 -0.3699711151394394 0
3832 -0.3673934678203057 -0.07161882920335701 0
3833 -0.1059543480325512 -0.1622923758940278 0
3834 -0.1155742442879656 -0.1648700192800337 0
3835 0.01896884284275924 0.2372786971320487 0
3836 -0.3141386930519408 -0.0394908138844539 0
3837 -0.3211809466972225 -0.03244856044500678 0
3838 -0.06954679740600961 -0.2596876364578701 0
3839 -0.07212443898541795 -0.2693075330345838 0
3840 -0.3892109067156959 -0.08639401298104935 0
3841 -0.06434190959258801 0.2596017477781765 0
3842 -0.06691955440342467 0.2499818508956176 0
3843 -0.07653945127130302 0.2474042076241649 0
3844 -0.05729965785859535 0.2525594940995659 0
3845 -0.06949719929405151 0.2403619543990921 0
3846 -0.2572950541850153 -0.1939147803922331 0
3847 -0.1080263807988569 -0.26999821039217 0
3848 0.08694920377990696 -0.2088254437801145 0
3849 0.1894997487339377 -0.2259932048111182 0
3850 -0.4134217904590647 0.02319923775119532 0
3851 -0.4108355575624491 0.03281650327527848 0
3852 -0.111245109912977 0.1845295357342711 0
3853 -0.07617646837010823 0.3812501730951405 0
3854 -0.05660897715018864 0.2884614397108015 0
3855 -0.173293622135583 -0.1803358834129046 0
3856 -0.1707159786277668 -0.170715986142614 0
3857 -0.1758712658231383 -0.1899557807299792 0
3858 -0.1784489096583177 -0.1995756781264282 0
3859 -0.1698402350635797 -0.0008261577909697837 0
3860 -0.1183369545305487 -0.308477799729878 0
3861 0.1029206737011482 -0.2491919956561129 0
3862 -0.2467994126614067 -0.02144730756752126 0
3863 -0.1651905602668168 0.1164995756919085 0
3864 0.1439779061936775 -0.2292615242635252 0
3865 -0.08791084240554231 -0.09495309568631721 0
3866 0.2113171876214855 -0.2112180210900013 0
3867 0.2042749344665352 -0.204175767314408 0
3868 -0.004415021249524323 0.01671173762277535 0
3869 -0.1140078176493903 0.04092175181941279 0
3870 -0.02524465504301194 0.4399336326428113 0
3871 -0.03159250944190544 0.4464135156795921 0
3872 -0.02303152125467456 0.4509952059994766 0
3873 -0.01278902461728265 0.4519996893710287 0
3874 -0.01004002491798229 0.4613125756042237 0
3875 -0.000492327260347758 0.463804358398618 0
3876 -0.1348140341933807 -0.1700253077358583 0
3877 -0.1322363904470021 -0.1604054105347676 0
3878 -0.4525911882519313 -0.0230137322256218 0
3879 -0.173108556190344 -0.0463480007356043 0
3880 -0.18015080979002 -0.03930574694884612 0
3881 0.09661869709062061 0.2938017871646481 0
3882 0.08699880020465217 0.2912241432944718 0
3883 -0.395562482649277 -0.04344981579296233 0
3884 -0.3859425853455898 -0.0408721717689562 0
3885 0.02223716612881121 0.2828005368762034 0
3886 0.01519491293756242 0.2898427907450487 0
3887 0.004329128713196073 -0.1506004486610468 0
3888 -0.296600799609627 0.1259344054778319 0
3889 0.01238260433719111 -0.353814580117167 0
3890 0.002762707139818951 -0.3563922237688535 0
3891 0.0001850633836832927 -0.3660121208833162 0
3892 -0.004279546370832471 -0.3493499701538804 0
3893 0.0149602480144273 -0.3441946829257846 0
3894 0.08644359388750483 -0.1107395052608666 0
3895 -0.289558545923427 0.1188921520018862 0
3896 -0.1312251729783542 -0.3565772858692904 0
3897 -0.01886966664211306 -0.2371795229092553 0
3898 0.06398507906747242 0.3386329513637741 0
3899 0.06656272326303253 0.3482528483879394 0
3900 -0.2167434324599514 -0.07589836958543772 0
3901 -0.2263633296135535 -0.07847601311900455 0
3902 -0.1626129167716158 0.1261194729321254 0
3903 0.02720738459822369 0.1680524471260121 0
3904 -0.0310672076975986 -0.2493770637168696 0
3905 -0.03364485028727794 -0.2589969597919785 0
3906 -0.04068710519675885 -0.2519547063284958 0
3907 -0.2904342885849709 -0.05099767693175712 0
3908 0.2080984635602607 0.243309721165836 0
3909 0.2177100959806444 0.2458790998346412 0
3910 0.2247606141357974 0.2388451110149155 0
3911 0.210671446148016 0.2529249569937827 0
3912 0.2272895647069476 0.2484448289854785 0
3913 -0.08998287541535406 -0.2026589307209769 0
3914 -0.02006595383229098 -0.1749955299223947 0
3915 0.06582244325529364 -0.187698683144626 0
3916 0.1664860240760636 -0.1785843954107137 0
3917 -0.02950078176980278 -0.04358528876817377 0
3918 -0.2296316507999812 -0.1239978557874634 0
3919 -0.1958017382680913 -0.2310130132282174 0
3920 0.2891521140354479 -0.02070704608350032 0
3921 -0.2399422249699066 -0.1624774446983026 0
3922 -0.1043879203681125 0.04349939542915059 0
3923 0.2748825384757595 -0.1406104216261259 0
3924 0.2678402852104402 -0.1335681678789708 0
3925 0.2652626411935371 -0.1431880650388666 0
3926 0.2582203879219595 -0.1361458112298051 0
3927 0.2607980317696252 -0.1265259142307901 0
3928 -0.3045187957967541 -0.03691317008487049 0
3929 -0.2339111948110658 0.02665217876222331 0
3930 -0.3706617931341403 -0.1171406674998619 0
3931 -0.2672354964325544 0.03558139865708852 0
3932 -0.2768553936602454 0.0330037547874425 0
3933 -0.09803634482705727 0.000555196607458841 0
3934 -0.1006139896192582 -0.009064699233860912 0
3935 0.2450116289769719 0.04782852295142975 0
3936 0.05224354733713325 -0.2717001126545196 0
3937 -0.01153443466821314 -0.4763132202038289 0
3938 -0.009048928032422481 -0.4666477919742664 0
3939 -0.002495612951137156 -0.4743885951320791 0
3940 0.06651312143808014 -0.1517967381689734 0
3941 0.06393547758375946 -0.1614166353547762 0
3942 0.04883975271271539 0.04883974914151364 0
3943 0.04179749930811839 0.05588200281336297 0
3944 0.04437514324723996 0.06550189998416396 0
3945 0.03475524652312806 0.06292425502848026 0
3946 -0.1598997928967237 -0.2303223357746152 0
3947 -0.1573221490429665 -0.2207024384519393 0
3948 -0.2007719591806887 -0.1162649245071661 0
3949 -0.1911520621282009 -0.1136872808427019 0
3950 -0.3542404932391438 0.1101711371631746 0
3951 -0.3532333453896914 0.1209146299755562 0
3952 -0.3423711095159879 0.1228037816468841 0
3953 -0.3486726972612267 0.1293289483173786 0
3954 -0.1854911631303112 -0.1925334245032612 0
3955 0.01863702953114344 -0.4691561820490315 0
3956 0.01604922348493167 -0.4597101439260953 0
3957 0.01012465784520233 -0.4668506656300339 0
3958 -0.1524874069250218 0.03061117777632615 0
3959 -0.01661256237887221 0.004514197252391203 0
3960 -0.153548220999428 -0.2732665322358345 0
3961 -0.4063789358574932 0.01615671938158313 0
3962 0.1517108384671624 -0.2004018330907957 0
3963 -0.3763486349649296 0.09566310553738597 0
3964 -0.3865880693674296 0.09238944320243597 0
3965 -0.3788795421915938 0.08591358555959383 0
3966 -0.3717003613459741 0.07900393398512041 0
3967 0.1120631811932917 0.3515164172541536 0
3968 -0.1219258156825824 -0.1219258218669364 0
3969 -0.09085861696719218 -0.372548758870865 0
3970 -0.2478106362456824 0.1747245812503334 0
3971 -0.2473272232631622 0.2110477654088827 0
3972 -0.2445423143947153 0.2202464241409011 0
3973 -0.2567398558845354 0.2080488839822675 0
3974 0.2690062628451423 -0.1957664776774102 0
3975 0.2756697051322053 -0.2031953808238235 0
3976 -0.145630220048095 -0.1104189587825015 0
3977 -0.1430525766263462 -0.1007990615925343 0
3978 0.1761059214105359 -0.1760067521619079 0
3979 0.1786835654581307 -0.1663868551144087 0
3980 0.2783303165464465 -0.1933940874127513 0
3981 -0.2593174960389938 0.1984289857376704 0
3982 -0.2689373964176022 0.1958513434237767 0
3983 -0.2662442608617867 0.2055180848532272 0
3984 -0.2756158129153373 0.2032578886146451 0
3985 -0.2488714452307474 -0.1291531435144469 0
3986 -0.2057421800937095 -0.001516835305838626 0
3987 -0.1610960814379848 -0.1681383423154164 0
3988 -0.1437432535160308 -0.1367010067529615 0
3989 0.0543155803736982 -0.1639942789393644 0
3990 0.06135783367936799 -0.1710365325157327 0
3991 0.3008440449753245 0.08957643217916988 0
3992 -0.0779703992609854 -0.3244492721010828 0
3993 -0.07539275612060542 -0.3148293748485043 0
3994 -0.07069348352686744 0.3025459479656715 0
3995 0.09072313249425767 -0.2613895368997265 0
3996 0.1170547792737636 0.236773080963515 0
3997 -0.06659901007139969 0.01790802538712033 0
3998 -0.01743870844180734 0.3346739569193002 0
3999 -0.08068351618873081 0.03199253168920214 0
4000 0.08216405397726967 0.03991052876987577 0
4001 -0.1871930634432634 -0.03226349318972607 0
4002 -0.1968129607300518 -0.03484113677126072 0
4003 0.1381325792974543 -0.2844033495248267 0
4004 -0.1516612561797522 -0.299548580284356 0
4005 -0.1761918112834657 0.0421180412334301 0
4006 0.2068525784889572 -0.194555870283006 0
4007 0.06241865036516298 0.1328411796199097 0
4008 0.05279875457808179 0.130263535022578 0
4009 0.02992049802409141 -0.1883893603042502 0
4010 -0.149724699105093 0.1742189609567894 0
4011 -0.05339025508412529 -0.1660663094449474 0
4012 0.0423031082639443 -0.04220393493107494 0
4013 -0.1526724737602224 -0.1033767053671673 0
4014 -0.2696280763952066 0.1599493963716744 0
4015 -0.04275913486777368 -0.3596605436926935 0
4016 -0.01560134431832698 -0.1916576806940367 0
4017 -0.05472201252092285 0.2621793910398173 0
4018 -0.0476797610224919 0.2551371374136887 0
4019 -0.2066179236563787 -0.1714066639340028 0
4020 -0.2162378208004863 -0.173984307559407 0
4021 0.03494031524197272 0.1969121390532742 0
4022 0.1799284911872241 0.2714777870395612 0
4023 0.1895448049088648 0.2740518377199128 0
4024 0.1869707866290224 0.2644355671976842 0
4025 0.196587061168265 0.2670095863935182 0
4026 0.2036291521884881 0.2599671702278518 0
4027 -0.3890256306624811 0.04759374992216184 0
4028 -0.3080691328076582 0.1495360582222792 0
4029 -0.3166388652421809 0.1569433066519261 0
4030 -0.301756086606569 0.1066946107718157 0
4031 -0.2947138329250437 0.09965235735227315 0
4032 0.06682583549039098 -0.3838684627487376 0
4033 -0.418576710846834 0.003959562400658319 0
4034 -0.3428133197441781 0.08676413732351312 0
4035 0.007597450845200249 -0.1050786061401813 0
4036 -0.2710094283885172 0.08814549437906655 0
4037 -0.2735870720082412 0.07852559713358076 0
4038 -0.2639671746549911 0.08110324095997107 0
4039 -0.2832069692418459 0.07594795328636506 0
4040 -0.26654481836662 0.07148334386062823 0
4041 -0.1920278108941716 -0.2835771068288697 0
4042 -0.1990700630807401 -0.2765348532265649 0
4043 -0.1119853776004211 -0.3514219982011635 0
4044 -0.2677411082510951 0.1336673374290619 0
4045 -0.2667298842775894 -0.06250454015746079 0
4046 0.02356892300307054 -0.1454451616927634 0
4047 0.1826425682931867 -0.08496306797837339 0
4048 -0.08666495424286451 0.3429125037851522 0
4049 0.2498305364184183 -0.2364099872729238 0
4050 -0.2215285892111044 0.172837604626482 0
4051 -0.2189509340856262 0.1824575007344862 0
4052 -0.2285708431020195 0.1798798577138139 0
4053 -0.225993123508223 0.1894997411904577 0
4054 -0.3210557551053876 0.1668678525798597 0
4055 0.3143237647582401 -0.1734786943369258 0
4056 -0.2320242282404137 0.0003701307356299144 0
4057 -0.280999457378979 -0.1824079173304607 0
4058 -0.2835771039240393 -0.1920278135826381 0
4059 -0.2756591041877646 -0.02918023877599786 0
4060 0.2929260458472829 -0.07327114185718203 0
4061 0.3025459430755187 -0.07069349830204585 0
4062 0.3051235869263016 -0.06107360117675711 0
4063 -0.292136189481202 0.1092722546241092 0
4064 -0.2825162923339858 0.1118498985036029 0
4065 -0.2799386487901605 0.1214697958647859 0
4066 0.1800649240090116 -0.09458296505365167 0
4067 -0.2268689412623392 0.01960992523324506 0
4068 -0.2815050688112903 -0.08432197839559896 0
4069 -0.2730814608010563 -0.01956034139935942 0
4070 0.1062385943157393 0.2963794306100865 0
4071 -0.01624242328701953 0.272489964696037 0
4072 -0.1959372187108155 0.1350486925216938 0
4073 0.1318299640994743 0.2585905187300809 0
4074 0.1344076079882567 0.2682104158619585 0
4075 0.1440275052195183 0.270788059318921 0
4076 0.1369852517882577 0.2778303129864395 0
4077 0.1247877107247315 0.2656327724262647 0
4078 0.1273653545551799 0.2752526695380231 0
4079 0.1298933998648261 -0.2151770176428975 0
4080 -0.3436890632383873 -0.08312569189691071 0
4081 -0.3507313169683327 -0.07608343853429961 0
4082 -0.3462667067647233 -0.09274558914128077 0
4083 -0.1568165434710541 -0.3187883747799761 0
4084 0.04570690431611971 -0.3627437976832629 0
4085 -0.2141657887908809 -0.06627847238026946 0
4086 -0.03170829066066745 0.2147705871516156 0
4087 0.1023352947763031 -0.3835249984513054 0
4088 0.004193654664839674 0.2154612670229214 0
4089 0.006771298078306065 0.2250811634802196 0
4090 0.2659533197048591 -0.1072861202195786 0
4091 -0.1021308192445943 0.285193121340837 0
4092 -0.1117507167250812 0.2826154783328473 0
4093 -0.1143283612116395 0.272995581072177 0
4094 -0.1213706140895064 0.2800378350506392 0
4095 -0.09508856620269085 0.2781508670852161 0
4096 -0.01642748840471581 0.138502077149577 0
4097 0.3011629656001788 -0.1424913400086038 0
4098 -0.2674205618782476 -0.09840648551470607 0
4099 -0.1214202100178576 -0.2200117586013401 0
4100 0.318702483482862 0.02292782953656364 0
4101 -0.02987091672009534 -0.3115610583032148 0
4102 0.11304617743108 -0.3447002896117692 0
4103 0.1195304162504059 -0.3513537607235508 0
4104 0.1163463633221756 -0.3619678313143509 0
4105 0.1060039242622434 -0.3376580358224835 0
4106 0.1225078334608961 -0.3418143740514605 0
4107 0.1085815683651015 -0.3280381387399824 0
4108 0.0644410885617486 -0.2595025728744687 0
4109 -0.009570308950463555 -0.002528056484128183 0
4110 -0.2857846127867801 0.06632805603273707 0
4111 -0.03944121934348356 0.1859108887849813 0
4112 -0.04648347265493269 0.192953142279422 0
4113 -0.05610336988286599 0.190375499839873 0
4114 -0.05352572683611734 0.199995398695666 0
4115 -0.04390582909804483 0.2025730404847288 0
4116 -0.264152240612298 -0.05288464290088386 0
4117 -0.3120666607191317 0.06821502193499446 0
4118 -0.1228015645466988 -0.2918156489564264 0
4119 -0.0190547310358001 -0.371167408116952 0
4120 -0.1849855576111069 -0.2906193604523782 0
4121 -0.2016477080660974 -0.2861547505857626 0
4122 0.1529567240735157 0.2374637577140103 0
4123 -0.1886568468986202 0.2619719735809941 0
4124 -0.1982679028107225 0.2593906038959629 0
4125 -0.2059060179496915 0.2677989542448547 0
4126 -0.2078691890392457 0.2569665886837851 0
4127 -0.210513917663733 0.2472404057649894 0
4128 -0.2201449961632004 0.2446450484683418 0
4129 -0.2172439313157696 0.2536338636836086 0
4130 -0.2264869595453413 0.2514023759037847 0
4131 -0.229239039478761 0.2424773716606528 0
4132 -0.2794330373852181 0.02338385760548556 0
4133 -0.2723907838158049 0.0163416041487687 0
4134 0.09537281275382466 -0.1440638070138593 0
4135 0.1678673824636518 -0.1067805053808115 0
4136 -0.3256455566807869 -0.01578640967511435 0
4137 0.0849267673831731 0.1835183082172625 0
4138 0.07530687006197517 0.180940664783972 0
4139 0.06826461680622407 0.1879829184779084 0
4140 0.08234912330224031 0.1738984111076389 0
4141 0.06568697276640617 0.1783630213604595 0
4142 0.05864471952642177 0.1854052750599496 0
4143 0.06122236345750393 0.1950251721972633 0
4144 0.05160246627469724 0.192447528785101 0
4145 0.05418011016058899 0.2020674258741306 0
4146 0.04456021270483512 0.1994897824644569 0
4147 0.04713785673550748 0.20910967958177 0
4148 -0.1589054848223887 0.3055611379480999 0
4149 -0.2652670738565644 0.222674118027088 0
4150 -0.2549232330068242 0.219144543651326 0
4151 -0.01039645537828859 0.3276317029293433 0
4152 -0.02001635287349035 0.325054060116599 0
4153 -0.3685897554049068 -0.009434834054474588 0
4154 -0.3756320089034591 -0.002392580413907955 0
4155 -0.3730543656356897 0.007227316272851322 0
4156 -0.3826742641541055 0.004649671473702162 0
4157 -0.3852519077817776 -0.00497022584216876 0
4158 0.1747245632524552 -0.2478106424334927 0
4159 0.165104665915308 -0.2503882857151295 0
4160 0.1676823100057819 -0.2407683885917274 0
4161 -0.1112947008772576 -0.3155200531118167 0
4162 0.01463970415382716 -0.1121208597619956 0
4163 -0.1182873639419647 0.1915717897203521 0
4164 -0.03359525769672245 0.2410526340695885 0
4165 -0.09978783699982498 -0.3392244570426948 0
4166 0.04727332694518663 -0.1569520253203672 0
4167 -0.07741519415043968 0.07751437432437674 0
4168 -0.149909763215614 0.04023107518171196 0
4169 0.2723048944402466 -0.1502303187414059 0
4170 -0.3423077074673765 -0.0113218000807303 0
4171 0.156730655396458 0.1848996620333876 0
4172 0.1541530119199146 0.1752797645906945 0
4173 0.1611952652671102 0.1682375112031623 0
4174 -0.2234147163563837 0.1991194361551984 0
4175 -0.3077871174969374 -0.08243501308763404 0
4176 -0.130855035807261 -0.08860152173556227 0
4177 0.05054164925535107 -0.1114301821088149 0
4178 -0.4141116000523107 -0.0127031582535265 0
4179 0.02292784558757976 0.3187024815727915 0
4180 -0.2073086010366543 -0.2073086088064591 0
4181 0.00138023855798048 -0.4281918826429542 0
4182 0.2642514234337171 0.0529838100128569 0
4183 0.09404105320340012 0.284181889990295 0
4184 0.08442115660851518 0.2816042458218338 0
4185 0.09146341010686306 0.2745619922033298 0
4186 -0.05094808394146745 0.2096152972887869 0
4187 -0.28854732237884 -0.07727972494611679 0
4188 -0.1583333717402834 -0.02453056275113327 0
4189 0.07751437485272193 -0.07741520284299851 0
4190 0.07493673109872864 -0.0870351001024771 0
4191 -0.1255146813190758 0.06462615716583449 0
4192 0.05155286630826969 -0.3076020540542127 0
4193 0.07544234045970456 -0.1851210395124306 0
4194 -0.09256051887920214 -0.2122788277366335 0
4195 -0.08551826592479794 -0.2193210814038324 0
4196 0.2999682991986665 -0.08031339553766259 0
4197 0.2973906553493742 -0.08993329270866796 0
4198 0.1364300455043639 -0.1241333351858379 0
4199 0.2248960866034426 -0.1272165908534255 0
4200 0.2178538335503122 -0.1201743371926471 0
4201 0.07719383515157829 0.1546586169741327 0
4202 -0.455461907928289 0.03131443769775957 0
4203 -0.06181386513163653 -0.2308279455901326 0
4204 0.02458014515290047 -0.3416170391907074 0
4205 -0.06904118035121884 -0.3577735743047338 0
4206 -0.3321821992461536 -0.1068300958266988 0
4207 -0.009015095747688939 0.3994355931409215 0
4208 -0.004094481695485985 -0.2153620851410016 0
4209 0.1715058403640064 0.2067170997301039 0
4210 0.1811257375918285 0.2092947431783349 0
4211 0.1740834841686777 0.2163369967906893 0
4212 0.1881679909287118 0.2022524895144907 0
4213 0.1907456348020118 0.2118723865110902 0
4214 0.1562238077880893 0.2829846925105794 0
4215 0.06637765129232676 0.2142649663870363 0
4216 0.09965235009270437 -0.2947138369290566 0
4217 -0.1682229733992406 0.3025269499384305 0
4218 0.03645714189732226 -0.0973456752701385 0
4219 -0.2511776484209424 0.2369872983006649 0
4220 -0.2424934259212035 0.2347522679542169 0
4221 0.2157322155482865 0.2720702435789216 0
4222 -0.3021262180848663 -0.1612811569848814 0
4223 -0.3047038616203941 -0.1709010544528023 0
4224 -0.2976616086242951 -0.1779433075813571 0
4225 0.07488500797089165 0.412929808635193 0
4226 0.06527204500427958 0.4103486709167699 0
4227 0.05822499439177925 0.4173799239306695 0
4228 -0.2855673643364423 0.2008470279275185 0
4229 0.1312349327680124 0.3565879083031805 0
4230 0.1382721531391449 0.3495397953670165 0
4231 0.1875632013291232 0.3002392578256258 0
4232 -0.1386063595938163 0.3485000756096833 0
4233 -0.2158868767205317 0.272011032822182 0
4234 -0.06681409343248923 0.419512193147304 0
4235 -0.1883893520789314 0.02992050012303699 0
4236 -0.1787694548799112 0.03249814385880023 0
4237 -0.01159274007012029 0.3898156961100072 0
4238 -0.01863499310227534 0.3968579501483142 0
4239 -0.02121263736654849 0.3872380531255458 0
4240 -0.06973186044421588 -0.3936755232164593 0
4241 -0.257800664423919 -0.09582884149285345 0
4242 -0.004920625404301104 0.1147976726610564 0
4243 0.004699271837457053 0.1173753161579336 0
4244 0.002121627826247696 0.1077554189728227 0
4245 -0.2773610052438708 0.1310896932389895 0
4246 0.174909635633713 -0.1138227593084824 0
4247 0.08676412959094398 -0.3428133224220504 0
4248 0.05229314457031346 0.2283494738037882 0
4249 -0.1069655641835414 0.03387949818953119 0
4250 0.1124051020518869 0.1194473488046236 0
4251 0.1220249992807036 0.12202499239143 0
4252 0.1290672526639965 0.1149827387857049 0
4253 0.1316448966317794 0.1246026358213273 0
4254 0.09196902065810973 0.1764760545451102 0
4255 0.08939137666033263 0.1668561574356142 0
4256 0.09643363009247891 0.1598139036875447 0
4257 0.08681373276811916 0.1572362603851893 0
4258 -0.0503070028262432 -0.2545323496883105 0
4259 -0.05288464507447377 -0.2641522463350824 0
4260 -0.08961273532870159 0.0653168333641652 0
4261 0.07033665265937811 0.2956887523449157 0
4262 0.1554847685820275 -0.2529659289463092 0
4263 -0.1912683831677441 0.2523663609276563 0
4264 -0.2880417110003287 -0.175365663749122 0
4265 -0.1009345372989398 0.2230091263006864 0
4266 -0.1079767910838004 0.2300513795193186 0
4267 -0.09835689259155134 0.2326290239201804 0
4268 -0.105399147848295 0.2396712768009664 0
4269 -0.1150190439117296 0.2370936336572773 0
4270 0.2223184426248243 -0.1368364879606134 0
4271 -0.3000541858014685 -0.05357532077460034 0
4272 -0.3070964394327913 -0.04653306732096217 0
4273 0.1026001355390241 -0.01711817720808373 0
4274 -0.2714606722882064 0.1862168783358514 0
4275 0.01099782520451997 -0.4256036787494848 0
4276 0.01357713012298104 -0.4159905835868417 0
4277 -0.3268418458028317 0.04639758327151227 0
4278 0.07650315737573472 0.1187566720249967 0
4279 0.07392551518016943 0.1091367736154728 0
4280 -0.04045243189465337 0.3820827671640254 0
4281 -0.1760067470870241 0.176105926744697 0
4282 -0.1172761395043387 -0.004600089956438513 0
4283 -0.1354551202037193 0.2941223428443746 0
4284 -0.1380327643888857 0.2845024457786315 0
4285 -0.1476526616882061 0.2819248026069632 0
4286 -0.1502303058909706 0.2723049055904784 0
4287 -0.1598502032361859 0.2697272622852142 0
4288 -0.1528079501847923 0.2626850081056593 0
4289 -0.02673806385100473 0.1000224885677771 0
4290 -0.02416041994893914 0.1096423857173072 0
4291 -0.01711816659869374 0.1026001320711529 0
4292 -0.1621073041264706 0.02803353399335633 0
4293 -0.2864752907935391 0.03042611106033649 0
4294 0.2426183791602197 0.1721961880436068 0
4295 0.2329989617462331 0.1696188201761818 0
4296 0.2259567884990815 0.1766611197677669 0
4297 0.2233792064334749 0.1670412140338201 0
4298 0.2400413337274401 0.1625765735224704 0
4299 0.2470835905015713 0.1555343094165076 0
4300 -0.09394187295365999 -0.284082717695378 0
4301 0.00727691563180527 0.1269952132834934 0
4302 0.246022846590833 -0.1483433520184775 0
4303 0.2556427438722902 -0.1457657085051902 0
4304 -0.1519817959314313 -0.06747476126838221 0
4305 -0.3165312707127527 0.08487717248620297 0
4306 0.1064888824657051 -0.3638832056199893 0
4307 -0.2146714001302525 0.03180746615055231 0
4308 -0.09320160166658448 0.2518688183718278 0
4309 -0.09577924613720494 0.2422489213258831 0
4310 0.07411058295742563 0.2431246576797508 0
4311 -0.1720477449633982 0.2575297216071872 0
4312 -0.07364126291648253 0.02495027834129016 0
4313 0.05040617903722444 0.2546315216996754 0
4314 0.05694282589799992 0.3456752051725279 0
4315 -0.0664139434692565 0.1518959098563027 0
4316 -0.09904756953000372 0.1967270773461625 0
4317 0.005389949600723642 0.1532772614324816 0
4318 0.007967591562202558 0.1628971599327739 0
4319 0.01054523370416988 0.1725170577477586 0
4320 -0.03037652947408481 -0.2134751183731998 0
4321 -0.2781016482010359 0.1933185233457152 0
4322 -0.01799391885328072 -0.06728969337219713 0
4323 0.1376574284701281 -0.3203832600274061 0
4324 0.2719843533891965 0.08184350141043889 0
4325 0.3264354150056343 0.05178752080573761 0
4326 -0.03962628342421996 0.05192300364902595 0
4327 0.1307691488877342 -0.04528719175981682 0
4328 0.08405101944811577 0.01362848093157787 0
4329 0.07443112223868682 0.01105083744486683 0
4330 0.07185347831488664 0.00143094033695057 0
4331 0.09109327279805894 0.006586227272191769 0
4332 0.1185716075798692 -0.05748473173248941 0
4333 0.1159939638595927 -0.06710462914497727 0
4334 -0.2569249212066946 0.07406098765948688 0
4335 -0.1695196903175817 -0.2328999796501167 0
4336 0.1721965185303262 0.2426190445540169 0
4337 0.1696188746575116 0.2329991474808806 0
4338 0.01878377820511594 0.1032908087417732 0
4339 0.1201380340176791 0.1483070397513481 0
4340 0.1105181367681046 0.1457293963104721 0
4341 0.1175603900981942 0.138687142807278 0
4342 -0.1753656604342451 -0.2880417167376997 0
4343 -0.1133171399615615 0.07682369755777931 0
4344 0.07820505308586519 -0.04151325796868671 0
4345 0.1735282773027988 -0.1856266492649584 0
4346 -0.1087170573092767 -0.3059001558151448 0
4347 -0.01063112241048929 -0.3064057715667732 0
4348 -0.2732665265393417 -0.1535482257008693 0
4349 -0.2803087802042977 -0.1465059723143294 0
4350 -0.3627437933941751 0.04570690372016258 0
4351 -0.4126212455285893 0.05884785297082375 0
4352 -0.08533319838621678 -0.08533319839952591 0
4353 -0.02968585109382937 -0.177573173326329 0
4354 -0.09080902257637172 0.1275008264171597 0
4355 -0.1004289198359744 0.1249231829442649 0
4356 -0.2466143470777874 0.1125405761902424 0
4357 -0.2093310235750043 0.1850351426737087 0
4358 0.1010833068317715 0.2771396361462021 0
4359 -0.4000270927941473 -0.02678766495620116 0
4360 -0.1317307838058957 -0.2584913483960529 0
4361 0.1111592123895044 -0.3184182416290837 0
4362 0.01105084638209058 0.07443111742313663 0
4363 0.01809309800022769 0.06738886391327119 0
4364 0.02200250153543089 -0.3512369364335271 0
4365 -0.1162153254583042 0.2992776293744653 0
4366 -0.01727567285117665 0.4683182143279929 0
4367 -0.06484751527458386 0.3576876870211687 0
4368 0.2619892669614705 -0.188712293504504 0
4369 0.1067442056732322 0.198293492134207 0
4370 0.112725641557168 -0.1126264718882614 0
4371 -0.3352654538707566 -0.01836405368528594 0
4372 0.01155146820926916 0.476330250047651 0
4373 -0.3838805722812071 0.0668171518826243 0
4374 0.05895093609551508 -0.4122818387624892 0
4375 -0.09771580613645892 -0.2315186219272087 0
4376 0.07549194092705863 0.3149285465698443 0
4377 -0.2134751111373234 -0.03037652715318286 0
4378 0.01859870465678068 -0.03069707097263563 0
4379 -0.4237314977621473 -0.01528080263628522 0
4380 0.3229062455256839 -0.1277046698722554 0
4381 0.3325244204287651 -0.1251258200881168 0
4382 0.3401179541929132 -0.1338114138539367 0
4383 0.3422878655416542 -0.1228345609033965 0
4384 0.348307600910663 -0.1292904050028323 0
4385 0.3531919403941745 -0.1208355928055083 0
4386 0.344799463424338 -0.1129470208815588 0
4387 0.3159271415397374 -0.1206770284841043 0
4388 -0.2770404595683312 -0.1009841296185889 0
4389 0.2743769295235887 -0.04252448372025602 0
4390 -0.001011225211679456 -0.3038281278141819 0
4391 0.156039978713287 0.1489977169542342 0
4392 0.4692685715707699 0.01858353162277299 0
4393 0.3173211279410292 -0.04887606031100306 0
4394 0.03581606635868845 0.3668019667078646 0
4395 0.0261961691141781 0.36422432347635 0
4396 0.01915391606345913 0.3712665772295141 0
4397 -0.01145727478750763 0.02375399135517624 0
4398 0.1807556028300005 -0.05868102027143726 0
4399 0.1833332456295756 -0.04906112356478051 0
4400 -0.1888949648743389 0.128006438699026 0
4401 0.09265969893471587 0.2123779993736272 0
4402 -0.2608839203260667 -0.007362800302541508 0
4403 0.1986140392560093 -0.1253296238230993 0
4404 -0.0760834323875062 -0.35073131996053 0
4405 -0.1842948756253133 -0.2547174170150822 0
4406 -0.02705860584439211 0.3320963140489581 0
4407 0.1647841288047099 -0.01831446715293282 0
4408 -0.2368589760276807 -0.2509434830815849 0
4409 -0.2272390788114519 -0.2483658394262844 0
4410 0.1176958587436243 -0.2273745586489591 0
4411 -0.203534669944767 -0.2598727043071831 0
4412 -0.05364335462533653 0.4329898677548851 0
4413 0.05413766871840167 -0.4348751799629683 0
4414 0.2367662706001417 -0.2499771164155598 0
4415 0.265296672363982 -0.222649755479864 0
4416 0.255259582863624 -0.2193061872167188 0
4417 -0.07488714559849338 -0.4129153149598286 0
4418 -0.4126435934066154 0.07492897247844384 0
4419 -0.04671813196336267 -0.4410843283476072 0
4420 -0.06080263889863745 -0.4269998212345978 0
4421 0.04673277967696071 0.4411001830408099 0
4422 0.1734834448404396 0.3143451453751563 0
4423 -0.3972644246501995 0.089333057151066 0
4424 0.285559976051478 -0.2008226016909182 0
4425 0.3006143271456312 -0.1869497199352502 0
4426 -0.03263362489684297 -0.4551688354014503 0
4427 -0.3342705709617363 0.1512991645454948 0
4428 0.201647708390971 0.28615475080287 0
4429 -0.180520947859574 -0.3072815112683357 0
4430 -0.1875632013651028 -0.3002392577348933 0
4431 0.4340485828615582 0.05376214069580343 0
4432 0.4315023356110003 0.0441557629956072 0
4433 0.4244592257944957 0.05119859344204419 0
4434 0.4058709232981528 0.08194389288102155 0
4435 0.3962497945922059 0.07936541369462125 0
4436 0.3892215918706759 0.08639327223330823 0
4437 0.3866332661907237 0.0767741112974763 0
4438 0.3936994179683165 0.06975726372754465 0
4439 0.3796161633742723 0.08384082275712923 0
4440 -0.2720702436360618 -0.215732215465626 0
4441 -0.2624503452627023 -0.2131545730771309 0
4442 0.3495350323987194 0.1382674267642581 0
4443 0.3469573887407516 0.1286475295851997 0
4444 0.3399307173441115 0.1357155472709075 0
4445 0.2861547507088909 0.2016477084540866 0
4446 0.283577107050924 0.1920278112750269 0
4447 0.2765401056074166 0.199089572311054 0
4448 0.2008723470891987 -0.2855316297043547 0
4449 0.08192939855580512 -0.4058730606293041 0
4450 0.08891413070828699 -0.3988645294160885 0
4451 0.4199798246137758 0.06785289249493309 0
4452 0.2509457416320561 0.236863610098562 0
4453 0.2483658394500041 0.2272390788644238 0
4454 0.2554080929716808 0.2201968253779077 0
4455 0.2413389229033431 0.2343190129497078 0
4456 0.06652929123407604 -0.4192431599469937 0
4457 0.1510697585416589 0.2637458056114356 0
4458 -0.03760384718994881 -0.3404207495042768 0
4459 0.09896167102720047 -0.3306157820491348 0
4460 -0.06452697468224133 0.1256138595068546 0
4461 -0.05748472130138105 0.118571606014005 0
4462 0.04267324724472926 0.2257718304020845 0
4463 0.0497155006339325 0.2187295766996891 0
4464 -0.05049206616338059 -0.3885202361149547 0
4465 -0.04087216899296965 -0.3859425925177694 0
4466 -0.1668924563806123 0.2767695162276056 0
4467 -0.1287830025919254 0.01910431378952963 0
4468 -0.3814779752330231 -0.05753432255331078 0
4469 0.1857258186946723 -0.1734291089659593 0
4470 0.3121658403939694 -0.0681158549567511 0
4471 -0.4500141656938072 -0.01339152001288531 0
4472 -0.3296045558230107 -0.09721019854595833 0
4473 -0.3392244530004641 -0.09978784249205183 0
4474 0.03751795929726598 0.2065320361727686 0
4475 0.02670177535979662 0.2661383859385004 0
4476 0.2948130114326005 -0.09955318981738787 0
4477 0.1210134152202114 0.3181969653114023 0
4478 0.102229994135565 -0.2850939398525859 0
4479 0.2980813334581459 -0.05403134747845858 0
4480 0.2133892247361723 -0.103512186624282 0
4481 -0.3641251467629557 -0.02609698601140073 0
4482 0.0285391427012833 -0.2601932507398346 0
4483 -0.3005597973341172 0.04451061777408662 0
4484 -0.3031374410178067 0.03489072057157115 0
4485 -0.234705461245037 0.2223003721345493 0
4486 -0.3302952326608002 -0.1331121433773934 0
4487 0.2793471477220923 -0.1572725725333771 0
4488 -0.1093581433696676 0.158247487053591 0
4489 -0.1189780405362571 0.1556698433286566 0
4490 -0.2095161128101585 0.05104726059584752 0
4491 0.1099629263275262 -0.2562342486711113 0
4492 0.1170051794657758 -0.2632765022282527 0
4493 -0.2181247871544991 -0.1477022598946606 0
4494 -0.2207024307056558 -0.1573221570674288 0
4495 -0.1382674265465813 -0.349535032406681 0
4496 0.3847684050035384 0.1030657050237935 0
4497 0.03029063967289296 0.07958640437716744 0
4498 -0.008188949115621125 0.06927583043521029 0
4499 0.1943344993363335 0.02532040781288353 0
4500 -0.02894557016463277 0.3583783619819625 0
4501 0.03217760235346284 0.05330435848786491 0
4502 -0.203164536479663 0.008103061939007616 0
4503 0.1259350379540224 -0.2966008900647702 0
4504 -0.3782096530181002 -0.01201247813622452 0
4505 -0.01182741321041363 -0.2442217766003479 0
4506 -0.1413010885360128 0.2389806021297958 0
4507 -0.1342588362473754 0.2319383477684172 0
4508 0.3205894491954382 -0.003354218257704322 0
4509 0.3078862984186287 0.08253417860590789 0
4510 0.03612716246389898 -0.437847807286654 0
4511 -0.2524603115991781 0.05739883669541716 0
4512 0.2626849971333602 -0.1528079622760218 0
4513 0.01445463471841679 -0.2461087431470856 0
4514 0.07374044379902024 -0.02485110755657768 0
4515 -0.3228248196758944 0.1277987703256561 0
4516 -0.3324764567655865 0.1252403093409462 0
4517 -0.3351174181615082 0.1156462099207168 0
4518 0.1017243881925169 -0.1870080056931342 0
4519 -0.1674476579593524 -0.1251941438048701 0
4520 0.1792387718448207 0.2355767909101547 0
4521 0.2362524284770279 0.2151278733714992 0
4522 -0.1301643580253284 -0.05269957738931366 0
4523 -0.1205444628432767 -0.050121931926877 0
4524 -0.1724178789277942 -0.01044605500233958 0
4525 0.006401163574674656 -0.04289461161519947 0
4526 -0.2461087357975299 0.01445463797799092 0
4527 -0.4692492873175571 -0.018564249874438 0
4528 -0.1265754966641837 -0.2392515532071161 0
4529 0.08858284285684878 -0.3690325063411092 0
4530 -0.08257048193102831 0.05827457970781524 0
4531 0.1034758834410217 0.1527716499950809 0
4532 0.1008982394149478 0.1431517529149517 0
4533 0.09385598602977384 0.1501940066817432 0
4534 0.0826696625419998 -0.0581754085700539 0
4535 0.07304976532586038 -0.06075305221370564 0
4536 0.01639119767689229 0.227658799199437 0
4537 -0.3400449726532573 0.1338805365226107 0
4538 0.09602217162168507 0.3917968166537257 0
4539 0.09345644563151723 0.3822173441744936 0
4540 0.08898507016310929 0.3988459173080391 0
4541 0.1523519337416276 0.3354505253756344 0
4542 0.159401950398604 0.3284184094143073 0
4543 0.1568361393045654 0.3188392497261069 0
4544 0.0573988351548963 -0.2524603199776243 0
4545 -0.2003133531793927 0.2852663011643341 0
4546 -0.1712215905614909 -0.07263004862280227 0
4547 4.958832712979866e-05 4.95868929367288e-05 0
4548 -0.03810946127026991 -0.2423348096386804 0
4549 -0.2871659682915798 -0.005475834332822824 0
4550 -0.07143376209452683 -0.2334055889751388 0
4551 0.3351776567633591 -0.1155661477492035 0
4552 -0.006857190091012932 -0.3589698673008227 0
4553 -0.02043709365127193 -0.4429675189088769 0
4554 0.1703094599014144 0.2689010021028251 0
4555 0.1096423888493188 -0.02416043094093107 0
4556 0.1070647449240981 -0.03378032784968832 0
4557 -0.1904613847010705 -0.07778533581651531 0
4558 -0.4096469900285001 -0.02936530899600691 0
4559 -0.1832340648356204 0.04916029468431898 0
4560 -0.03856546748936217 0.3558007190064141 0
4561 -0.0327194990976174 0.4109424581682479 0
4562 -0.3110554382004021 -0.1279568559224446 0
4563 0.1644635869695541 0.2137593533664426 0
4564 0.1670412308062782 0.2233792504086677 0
4565 -0.02020142577691786 0.1910661778280005 0
4566 0.1204585733872591 -0.0837667802462211 0
4567 0.113416320041277 -0.07672452640675109 0
4568 0.1056833882350793 -0.1055842182676617 0
4569 0.1264896088717295 0.1053628416315436 0
4570 0.1361095060845444 0.1079404851655973 0
4571 0.1431517594389717 0.1008982315951893 0
4572 0.1457294034568762 0.1105181285986966 0
4573 0.1527716568172449 0.1034758749247744 0
4574 0.140574115791846 0.09127833425470706 0
4575 0.08437156024136395 -0.2184453409334042 0
4576 -0.2847733905114537 -0.1298438215457213 0
4577 0.06034661563555595 0.02513534471934557 0
4578 0.3200838393123809 0.09473171931399101 0
4579 0.1292027207524216 -0.2510789617951976 0
4580 0.1285128953371337 -0.2869810216028081 0
4581 0.1669916310820483 -0.2766703333271284 0
4582 0.1402039763729243 -0.1766974285903392 0
4583 -0.07175429766671958 -0.001331769630016688 0
4584 -0.02559137079305299 -0.462211089351201 0
4585 -0.1355047108079866 -0.2059272533214198 0
4586 0.3425062374760866 0.1453265328999707 0
4587 0.2791133725382681 0.2086932132119709 0
4588 0.2694906087231274 0.20612735433022 0
4589 0.2624582792662884 0.2131653424928445 0
4590 0.2598924961068527 0.2035862873991616 0
4591 0.3616466814645325 0.01657625393600425 0
4592 -0.3359561320474829 -0.05426599944833511 0
4593 -0.1813470985286123 0.02287824657178994 0
4594 -0.2261782637013636 0.05551187047616346 0
4595 -0.01812938800276337 0.2987720124534853 0
4596 0.05827458052194806 -0.08257049020445145 0
4597 -0.1588389831720664 0.07355537691746744 0
4598 0.02651670975615612 0.1321505001819832 0
4599 -0.06540272646668852 -0.04427596496402011 0
4600 0.2811093889840146 -0.1836334688312846 0
4601 0.1471107584696587 0.182322018225632 0
4602 -0.2364888384680796 0.01703228158355119 0
4603 -0.2636466294001532 -0.1509705817743715 0
4604 -0.2662242729414434 -0.1605904791165949 0
4605 0.08059762801353924 -0.1658812451873248 0
4606 -0.1803358757525949 -0.1732936299515471 0
4607 -0.3775189773030513 0.02388946575192055 0
4608 -0.1419917689352765 0.2030786530709754 0
4609 0.04589197130229584 -0.2287559157311712 0
4610 0.2242054080099478 -0.1631185359635339 0
4611 0.2286700172444587 -0.1797806866968116 0
4612 -0.06388632912377579 0.3933504639191535 0
4613 0.1321505056621995 0.02651669799584211 0
4614 0.2436302718237593 -0.02397536686564317 0
4615 0.2410526280346487 -0.03359526408209175 0
4616 0.08836279126530883 0.3630166680626996 0
4617 0.08579902866378725 0.3534061088085036 0
4618 -0.1947409283889208 0.07286469881980255 0
4619 0.2213072252129488 0.05933538631922031 0
4620 -0.08326116003306519 0.02237263456146726 0
4621 0.01841363529621411 -0.1646849559726471 0
4622 0.005760090334895329 0.4212530300989306 0
4623 0.01537967532725454 0.4238307567408382 0
4624 -0.3136330816954281 -0.1375767531683638 0
4625 -0.1024424482537221 0.3839313867328097 0
4626 0.1654935456832743 -0.3216996096988495 0
4627 -0.1331121386593983 -0.3302952382041635 0
4628 -0.02567724608942922 0.4039002042365416 0
4629 0.01293780782725064 0.04814907163613578 0
4630 0.04538636150879674 -0.1306699772836217 0
4631 -0.1094077341255037 -0.3418021009143811 0
4632 -0.3218716249000483 -0.06835050641533059 0
4633 0.1063740665029376 -0.06968227228216418 0
4634 0.309773264289573 0.0562521307532729 0
4635 0.00294777174339475 -0.2224043387722227 0
4636 0.2098003622256032 0.08303979074825835 0
4637 0.2123780056004032 0.09265968815355018 0
4638 0.205335752158897 0.09970194169862789 0
4639 -0.4410538915167989 0.04654267877532431 0
4640 -0.07911709603771938 0.2377843115245085 0
4641 0.1451787219014199 -0.2914459184578683 0
4642 -0.09131463900296932 0.2255867706938701 0
4643 -0.1509209854411148 0.2364029593782729 0
4644 -0.0002709567304727267 0.2321234166709765 0
4645 0.00934894320474311 0.2347010567092945 0
4646 0.1838388537282986 -0.1471470611653464 0
4647 0.3290130588084215 0.06140741793023819 0
4648 0.08745480886222014 -0.3069113773404061 0
4649 0.1824574955224727 -0.2189509510690347 0
4650 -0.09439788680030081 0.3140528126771223 0
4651 0.2008071024725879 -0.2496158290911603 0
4652 0.4038977291583218 -0.02567226755976927 0
4653 0.4064761575149903 -0.01605600403132951 0
4654 0.1060535273681131 0.1623915470915384 0
4655 -0.1111096345730622 -0.1815321695294299 0
4656 -0.04975179172234179 0.1474313000504597 0
4657 0.1187566772572497 0.0765031502697131 0
4658 0.07977147925778066 0.1642785140126311 0
4659 -0.04321515472694593 0.2384749897922947 0
4660 0.06080401573946842 0.4270011982921249 0
4661 0.05119947441070022 0.4244490875739127 0
4662 0.3783681715933898 -0.06016228972499306 0
4663 0.1972326811570611 -0.1971335135805989 0
4664 0.05606707529685356 0.1757853779825823 0
4665 0.08285473252679786 0.07581247326174757 0
4666 -0.1463208970877028 -0.1463209040280357 0
4667 -0.240953448396879 0.03369443236994779 0
4668 0.224390477342751 -0.02913065393722586 0
4669 0.2218128336391891 -0.03875055087470979 0
4670 0.2121929364640925 -0.04132819403765818 0
4671 -0.03981135752743159 -0.08206487819396667 0
4672 -0.0423890013041808 -0.09168477544217146 0
4673 -0.04943125460940379 -0.08464252136667527 0
4674 0.02527082258714121 -0.3057150932273732 0
4675 0.03231307542486318 -0.3127573461480356 0
4676 -0.05320518500556584 -0.03207842466304381 0
4677 0.3745201465052235 0.06466098659926239 0
4678 0.07047212148825484 -0.07037294936372364 0
4679 0.1855903470788801 0.1926325924035842 0
4680 0.1952102442883656 0.1952102357922562 0
4681 0.2022524975900961 0.1881679821403746 0
4682 -0.06296055072778245 0.3314056389938675 0
4683 0.30631776919373 -0.1232571072993448 0
4684 -0.2629559522538606 -0.1150686365100828 0
4685 -0.06936172637559185 -0.1256997528298593 0
4686 -0.05974182921938356 -0.1231221088985716 0
4687 -0.05716418544797758 -0.1135022124975758 0
4688 -0.01969581056619935 0.09298023491898016 0
4689 -0.2165583664197193 0.05808951411702401 0
4690 0.3705759010659378 -0.01674804734730613 0
4691 0.006449386986356387 0.4570715870998817 0
4692 0.2201109355854924 0.121519379287268 0
4693 0.2104910384915873 0.118941735902952 0
4694 0.2034487851918454 0.125983989363878 0
4695 0.2008711417684475 0.1163640921772401 0
4696 0.2175332918330279 0.1118994822628357 0
4697 0.2060264288786795 0.1356038865105377 0
4698 0.1964065319709975 0.1330262430867025 0
4699 0.1893642786250089 0.140068496726611 0
4700 0.1919419221920014 0.1496883937729911 0
4701 0.1823220252987598 0.1471107503778594 0
4702 0.2468985935878837 0.02154647514883645 0
4703 0.3107714150848746 -0.1399099643183302 0
4704 0.3604334313657876 0.07876275374143021 0
4705 0.2809135729145584 0.04851920007378624 0
4706 -0.1216052748948428 -0.3539996421227359 0
4707 0.09624856065214983 0.02582602143097699 0
4708 0.09882620459015633 0.03544591848924007 0
4709 -0.2911723622631452 0.1826854444524643 0
4710 0.02338385636295104 -0.2794330458059712 0
4711 0.01376395871333412 -0.2820106889795427 0
4712 -0.01541627498875139 -0.05766979602127065 0
4713 0.3418918406998155 0.1094994471531668 0
4714 0.2511781344596646 -0.129103557699059 0
4715 -0.2244763632398949 -0.1047580610640758 0
4716 0.3044329087032149 -0.09697554639122657 0
4717 -0.1562613397568756 0.08317527426035802 0
4718 -0.1701607801711534 0.2312476724799163 0
4719 0.1587530917424179 -0.2074440868826283 0
4720 0.05763319278113777 0.3815772338727333 0
4721 0.0602072678182961 0.3911939538744994 0
4722 0.2877707580876437 -0.09251093614677836 0
4723 0.3918052614936499 0.09601236122427548 0
4724 0.3783088321185167 0.0121116441467386 0
4725 0.2271531889909471 0.1144771256774828 0
4726 -0.01798732789137847 0.4327818090975032 0
4727 -0.144619002580531 -0.3065908339398724 0
4728 -0.22806522976358 0.08179391835856709 0
4729 -0.2373645814999026 -0.1528575474758467 0
4730 0.04851921359686313 0.2809135693111938 0
4731 0.04594156954933243 0.2712936723615326 0
4732 -0.1923483506423796 -0.05150328783963706 0
4733 0.1136013894699403 0.05726335606113581 0
4734 -0.3094890171329363 0.07783491910332999 0
4735 0.2063469717571887 -0.09646993282581726 0
4736 0.02495027955781859 -0.07364126998414755 0
4737 0.1809406706912119 0.07530686004538684 0
4738 -0.2352925491437874 -0.04515171166632215 0
4739 -0.2282502956839076 -0.05219396517516398 0
4740 0.1325200481988506 0.2944923319269264 0
4741 -0.1343084275633486 -0.268111245310525 0
4742 0.4193608122316671 0.03202260919156485 0
4743 0.3501398191697654 0.04028065749861354 0
4744 0.2221684750523293 0.2292273515191418 0
4745 -0.1870079978620962 0.1017243905193408 0
4746 0.1872922459786975 0.03236266144393896 0
4747 0.2797172846193733 0.1107031927555873 0
4748 0.1694338077354861 0.09901126435713402 0
4749 -0.032263494970788 -0.1871930704642655 0
4750 -0.04188339221741244 -0.1897707139460953 0
4751 0.166671093996226 -0.04459651457638636 0
4752 0.1101479976703916 -0.1222463690824982 0
4753 0.1708151621800854 0.1708151546458527 0
4754 0.1682375183231985 0.1611952575790955 0
4755 0.05952047002127575 0.3552951022195087 0
4756 0.1369356529530118 -0.2222192706685554 0
4757 0.2640663542545606 -0.08100407229409801 0
4758 -0.1634886590226531 -0.04377035707936283 0
4759 0.2650293122748727 0.2227762641301824 0
4760 -0.1763768781587162 -0.09186984266189555 0
4761 0.1237268955269616 -0.03824493805918996 0
4762 0.3437882434172999 0.08322485589169537 0
4763 0.3346739561517261 -0.01743872491623771 0
4764 0.4501082272045104 0.01348768072784978 0
4765 -0.1897707070265108 -0.04188339053821663 0
4766 0.02890928009004912 0.007782517201857075 0
4767 0.1757853830362501 0.05606706577088549 0
4768 0.1854052802384148 0.05864470929861221 0
4769 -0.0003205494349165644 -0.2679261810230321 0
4770 0.2532501690435282 -0.02139772322761525 0
4771 0.206532040354677 0.037517948540224 0
4772 -0.1612315632740695 0.1979233653240405 0
4773 -0.07534316421931329 0.1852202123690199 0
4774 -0.06572326711902021 0.187797856710863 0
4775 -0.01389944360226031 -0.3519276137260469 0
4776 0.2714677268016055 0.1799193873119729 0
4777 -0.23101300476878 -0.195801745923903 0
4778 0.2944924693584756 0.1325206305267388 0
4779 0.2848725722172266 0.1299429868386157 0
4780 0.2673346760913854 -0.03548223014349733 0
4781 0.2717992860483782 -0.05214438093474011 0
4782 0.02168195754192856 -0.1191631136252025 0
4783 -0.104572987461885 -0.09048848873462176 0
4784 0.02393906591584277 0.122530602997776 0
4785 0.2508575930060213 0.1029702620735494 0
4786 0.2482799493782359 0.09335036508660439 0
4787 0.2578998464868718 0.09592800853228624 0
4788 0.1100125263188415 0.2438153343828671 0
4789 0.3508276697629828 0.07618302032678642 0
4790 -0.2086899607402407 -0.2791124970629993 0
4791 0.1630822319701212 0.1419554634104244 0
4792 0.2489706272591781 0.1292523099078653 0
4793 0.2585905243796103 0.1318299532324834 0
4794 0.251548270966345 0.1388722068106696 0
4795 0.2348861204128378 0.1433368169321901 0
4796 0.1391927593579917 0.01947444409626649 0
4797 0.1610101981980928 0.0342496280019905 0
4798 0.1879829240600202 0.06826460643039056 0
4799 -0.3718580779168669 -0.05495667844131561 0
4800 0.3059993323978912 0.108816226373981 0
4801 0.008793738050741906 -0.1672625994119588 0
4802 0.1266250767647858 -0.2606988589209947 0
4803 0.292420435627757 0.02481479584173141 0
4804 0.2898427918349802 0.01519489873099789 0
4805 0.008337682656226975 0.4308729410105908 0
4806 0.1783630268673499 0.06568696291198067 0
4807 0.08833055934703632 -0.1370215535278883 0
4808 -0.03973472825036551 0.4178838575151873 0
4809 -0.04664151334479716 0.4246202873456931 0
4810 0.3712665787345997 0.01915389756687546 0
4811 0.2785058366111131 0.1728749865857793 0
4812 0.2707880459505903 0.1440274791777195 0
4813 -0.1517967295317587 0.06651312333474589 0
4814 0.3140528059279047 -0.09439790296492125 0
4815 0.1771667387090219 0.1278709559215739 0
4816 0.1847146021293598 0.02274276430987071 0
4817 0.3499599042627306 -0.0937033404649964 0
4818 0.3429133567062981 -0.08666432436244334 0
4819 0.06310932860168732 0.1687431242622625 0
4820 0.1752797718261813 0.1541530041036586 0
4821 0.2422489158431599 -0.09577925629167622 0
4822 0.38019579821752 -0.01417040365595252 0
4823 -0.1181012005024418 0.3255775386671375 0
4824 0.08115283629727288 0.2360824040344678 0
4825 -0.3280443062289832 0.1085853064337605 0
4826 -0.03736918247431836 0.2936167256951203 0
4827 0.06380000739053467 0.2046450692934395 0
4828 -0.2371795154257466 -0.01886966374612177 0
4829 0.0133079482375083 0.3161248384159799 0
4830 0.04078628182968719 0.252053878254608 0
4831 0.3930837872937026 0.03392885254059779 0
4832 0.3679982573924334 -0.02636794450648043 0
4833 0.3942758072029582 -0.02823882903839942 0
4834 0.04041614280141897 -0.01592188718123327 0
4835 0.150379080268298 0.2278438605883046 0
4836 0.3207545845534837 0.1306355124700225 0
4837 0.1520809790596657 0.0675739295435997 0
4838 0.07525726739287519 -0.3191089176230147 0
4839 -0.004970224092229039 -0.3852519152282519 0
4840 -0.177067555053791 -0.1277717876434892 0
4841 0.05519132780689395 0.005895550519059434 0
4842 0.3468714969393161 -0.005241184055553627 0
4843 -0.4281971017489485 0.001383887890919935 0
4844 0.07217401940576752 -0.2306428817488082 0
4845 -0.031572816477279 -0.1512911254337829 0
4846 -0.2028439913984161 -0.2239707595236866 0
4847 -0.1932240943959407 -0.2213931160387507 0
4848 0.07084226071638279 0.197602815596162 0
4849 -0.1586539198824909 0.2075432627651689 0
4850 0.3534066396133225 0.08580272283623819 0
4851 0.07618178085005745 0.3508301560909993 0
4852 0.2116873280298481 0.0567577427879235 0
4853 0.1419554719990365 0.1630822236759844 0
4854 0.3442938532731006 -0.0148610812224521 0
4855 -0.1705309126102328 -0.0367281033309993 0
4856 0.3071956204426252 0.04663223364777509 0
4857 -0.007683343315069258 -0.02881010434697986 0
4858 -0.1296587472239538 -0.1507855133255514 0
4859 -0.1392786435422178 -0.1533631575039279 0
4860 0.008288129148650736 -0.06917665975344889 0
4861 -0.07889362327619942 0.3717524701869581 0
4862 -0.02678766204497986 -0.4000270995630177 0
4863 0.21445003848535 0.2003655225213133 0
4864 0.2183594407563795 -0.2182602749550998 0
4865 -0.09785127778315597 0.1345430811833063 0
4866 0.4282950023394272 -0.001283581697512692 0
4867 0.4186745685409941 -0.003859525309480083 0
4868 0.1617008762973553 0.07015157300280495 0
4869 0.35271746289768 0.04990055456033965 0
4870 0.2472191330216752 -0.2105273449237232 0
4871 0.2445897570692431 -0.2204029183183387 0
4872 0.268025353717157 0.0004197145398636692 0
4873 0.03701235181817874 0.3046179740599381 0
4874 -0.3603512141424571 -0.0786610826134102 0
4875 -0.2017831819341027 0.07990695228322876 0
4876 0.4045908798733924 0.01022467803391031 0
4877 0.1848996688299397 0.1567306474175396 0
4878 -0.06282508114918922 -0.0346560680677869 0
4879 -0.08243500935472879 -0.3077871214241308 0
4880 -0.06226987102464204 0.3673075840548587 0
4881 0.1628971638661936 0.007967580179833345 0
4882 -0.01578640964570822 -0.3256455657837197 0
4883 0.1539679448446807 0.0412918815964911 0
4884 0.1068796754222279 -0.1677682112195888 0
4885 0.1603195199212588 -0.001652316680193833 0
4886 0.03066077811781371 0.347562172624711 0
4887 -0.003909412107438656 -0.08137420084317537 0
4888 -0.01932567284514309 0.3609560049605401 0
4889 0.1599989774723604 0.2304215040454718 0
4890 0.02388946757826655 -0.377518984369305 0
4891 0.01426957035374769 -0.3800966280119516 0
4892 0.007227316854831634 -0.3730543744431731 0
4893 -0.009890853321377624 0.2295457731880353 0
4894 0.01726695185808597 0.3975486251188549 0
4895 0.0842360885973711 0.1476163633178861 0
4896 0.1713207734945311 0.07272921651552666 0
4897 0.004378730565417766 0.3494491401475441 0
4898 0.1007131700541609 0.009163870641629712 0
4899 0.149688402083167 0.1919419155448042 0
4900 0.16326650450484 0.2759426624516246 0
4901 0.3686889349622512 0.009534000455393488 0
4902 0.06913963337284769 0.3578725575565344 0
4903 -0.0936980444931696 0.3499523025623865 0
4904 -0.2777311367430965 -0.1368860750356206 0
4905 0.4057871685904637 -0.05195931467973636 0
4906 0.2666439983872099 -0.07138417530559299 0
4907 -0.03529714339246831 0.4013225612039064 0
4908 0.01928938288096665 0.005204873757888973 0
4909 -0.1856266442338104 0.1735282829756963 0
4910 0.3013496548577641 -0.008509505498717429 0
4911 0.1455443339615236 -0.02346975416998093 0
4912 0.1723319914999428 -0.1234426564639542 0
4913 -0.17002530148414 -0.1348140409928233 0
4914 0.3750380888428725 -0.03340115886568434 0
4915 -0.21177321086812 -0.1906464581576666 0
4916 -0.1581483065886438 0.109457322370006 0
4917 0.199674853709679 0.1785480850704196 0
4918 -0.06926919888956901 0.3742972432007521 0
4919 0.3154341617228771 -0.02259401233390135 0
4920 0.2601073531282493 -0.1624278594611938 0
4921 0.04663224917651836 0.307195617159143 0
4922 0.2231941908181849 0.03305333849882991 0
4923 -0.1777582321813527 -0.1636737327285162 0
4924 0.3231670929173927 0.006265679124259071 0
4925 0.06494669169037941 -0.3575885061278682 0
4926 0.4160938323549683 -0.01347792044199514 0
4927 -0.2351074832677406 0.08883617185275532 0
4928 0.2382899146274698 -0.177203043304443 0
4929 0.07222361725434985 0.2694067053740996 0
4930 -0.1506004406792912 0.004329129529504316 0
4931 -0.2449124464418748 -0.04772935542604584 0
4932 -0.03548221963457031 0.2673346779692563 0
4933 0.04198256866532019 0.1898698853625817 0
4934 -0.0799928380825332 0.06789447701487063 0
4935 0.3175061956079533 0.0851118221646664 0
4936 0.2567033187239368 0.158111827444209 0
4937 -0.01679763138533535 -0.1294736877349698 0
4938 -0.2033496028540065 -0.1258848216620049 0
4939 0.04216764027339793 0.3238577679484816 0
4940 0.2731806412562048 0.01965950877224354 0
4941 -0.01605734874989867 0.4064778471740624 0
4942 0.3872368970609003 -0.02120846548807902 0
4943 0.3776177897168104 -0.02378894641522984 0
4944 0.09638402690136791 -0.3402356791130167 0
4945 0.2302364441419925 0.02601108489646925 0
4946 0.220164002302573 -0.2442848865605379 0
4947 -0.1050785982978551 0.007597450175121589 0
4948 -0.2303223278916816 -0.1598998008851536 0
4949 0.1117144240128636 0.08354540378679975 0
4950 -0.1201743312235651 0.2178538384494175 0
4951 -0.1937297056903263 -0.1233071779520371 0
4952 -0.04031696624247333 0.0160210603077951 0
4953 0.0214968886013687 -0.2531509969282709 0
4954 0.1254287908639488 -0.1985148674506614 0
4955 -0.1023654804157781 -0.3488443543142009 0
4956 -0.2588118876756701 0.100343035047502 0
4957 0.1549791618485883 -0.1548799912230907 0
4958 0.01123591115920464 0.208419004108388 0
4959 0.3133339562087243 -0.130293011087238 0
4960 0.0587801898102836 -0.1806564296764308 0
4961 -0.01780884555167822 0.06669818699539835 0
4962 0.04920989337992226 0.316815514117226 0
4963 0.15705119674753 -0.04717415840360345 0
4964 0.1640934500933585 -0.05421641100388858 0
4965 -0.05868101350812566 0.1807556021453576 0
4966 0.03539633072749326 -0.4012233885896243 0
4967 0.03406456783227978 0.02702231137428786 0
4968 0.1374908612918835 0.1797443748172955 0
4969 0.01482477345287342 0.02186702432366544 0
4970 -0.05237903194184193 -0.3622381876647291 0
4971 0.3968563131431016 -0.01863057372559124 0
4972 -0.1406104086369732 0.2748825486336643 0
4973 -0.1309905112834223 0.277460191814642 0
4974 0.05675775400347731 0.2116873230011208 0
4975 0.2044600072175996 -0.07018788488357786 0
4976 0.1039814922792376 0.0546857126182841 0
4977 -0.1592091151418109 -0.1944203902995675 0
4978 0.2961943674455253 -0.02774929961547901 0
4979 0.2417433060203436 0.002306680909256731 0
4980 -0.007498269383802714 0.105177775500258 0
4981 0.01795515520158075 0.433450942538979 0
4982 -0.1409805434692105 0.006906772832429783 0
4983 -0.1892650956886645 -0.1399693285861061 0
4984 0.334843771384065 0.1165358386338299 0
4985 -0.1260202942404843 0.1627120967533451 0
4986 0.1395623154052306 0.2874499902278468 0
4987 -0.3059001512776248 -0.1087170613511041 0
4988 0.1850351395071404 -0.2093310539978767 0
4989 -0.08615934870479774 0.2448265647645194 0
4990 0.03696275145359035 -0.195431613915528 0
4991 -0.0642064390010053 -0.1064599583221964 0
4992 -0.08358170430129211 0.2544464615751327 0
4993 0.1598139105093168 0.09643362085791059 0
4994 0.0917839512107787 0.04248817214935946 0
4995 -0.08501265290439139 -0.317407018709397 0
4996 -0.3232529789410563 -0.1401543967258491 0
4997 0.07732930659156667 -0.2114030874139089 0
4998 -0.2703187516769561 0.1240474397705318 0
4999 -0.03843000069715785 -0.01026098685699203 0
5000 -0.1841098086221996 -0.1207295342162628 0
5001 0.1216548603559173 -0.1459507733438183 0
5002 0.08373047994654814 0.2457023009736354 0
5003 0.2128836149463736 -0.005426249732930766 0
5004 0.09298023831663789 -0.01969582055096458 0
5005 -0.2040402799839242 -0.1617867667592489 0
5006 -0.3191089143495853 0.07525727526534082 0
5007 0.1529071245544469 -0.2625858260011797 0
5008 0.009484416390114769 -0.1313606543661313 0
5009 -0.1459507659695299 0.1216548636366365 0
5010 0.2431246631173712 0.07411057071923283 0
5011 -0.005290768604135423 -0.1531780921444206 0
5012 0.2039543964956604 0.02789805137019891 0
5013 -0.04528718054763076 0.1307691465599047 0
5014 0.2537557783586428 -0.1194836606116112 0
5015 0.399435592541217 -0.009015116252690303 0
5016 0.2656327777951494 0.1247876997148437 0
5017 0.2752526750040966 0.1273653432110605 0
5018 -0.04151324905421555 0.07820505093701829 0
5019 0.1058684578686826 0.02840366479191836 0
5020 0.03783849887825989 -0.02554178426886108 0
5021 -0.1555706630590644 0.1190772197211444 0
5022 0.3168155177143198 0.0492098772176145 0
5023 0.1645990591236278 -0.1523023476849075 0
5024 -0.1076562424113025 -0.0020224460415217 0
5025 0.2051506829567569 -0.03428594065270911 0
5026 0.005575015724123611 0.2872651473828575 0
5027 0.09367091672792184 0.01620612437768219 0
5028 0.06223358111172674 -0.001146703149472517 0
5029 0.03281269881343751 -0.4108179577971995 0
5030 0.1979233601517174 -0.1612315687535057 0
5031 0.02361852501606815 0.3546044264720038 0
5032 -0.2528304464362188 -0.2105769300534189 0
5033 0.106559136167106 0.0643056097236039 0
5034 0.3715881666035237 -0.07912152567490283 0
5035 -0.2136601771782152 -0.1643644104945025 0
5036 -0.123948258431628 0.2704179375839286 0
5037 0.06531683390934495 -0.08961274379487319 0
5038 -0.1162649226850401 -0.2007719641840326 0
5039 -0.02264359763936155 -0.1846154270608252 0
5040 0.2822949283913339 0.120323089814439 0
5041 -0.03534674791063419 -0.0987270290022406 0
5042 -0.0449666448040123 -0.101304672580598 0
5043 -0.03792439164058858 -0.1083469262513491 0
5044 -0.05871915708372554 0.4122942014550136 0
5045 0.0648112250299554 0.008473193973749571 0
5046 0.0165266697788494 -0.1384029080643522 0
5047 -0.4211541030588086 -0.005660386812080739 0
5048 0.04469568307450497 -0.1665719225483936 0
5049 0.02755388970443573 0.4360228176899646 0
5050 -0.259687630872613 -0.06954679359806665 0
5051 0.1840239232921332 -0.01315918024111029 0
5052 0.2750676070801008 -0.00662253901343951 0
5053 -0.2988578976761864 -0.11575931478499 0
5054 0.07512180052480261 0.04695278245761297 0
5055 0.07783491161608658 -0.3094890205084014 0
5056 -0.00943483382013275 -0.3685897644905868 0
5057 -0.002392580377808554 -0.3756320180715468 0
5058 0.009163881059743528 0.1007131652776633 0
5059 -0.03999642670393171 -0.2160527617533168 0
5060 0.1091367800868591 0.07392550681579191 0
5061 0.2285341334948866 0.1862811081116936 0
5062 0.1433368268547544 0.2348861143033164 0
5063 0.01142098360936727 0.342406886286041 0
5064 -0.006166512454060524 -0.3230679221718594 0
5065 -0.01302370042829221 -0.1820377836182481 0
5066 0.2800378263529071 -0.1213706274639983 0
5067 0.2010562102350417 0.2503519746348184 0
5068 -0.04119271377837452 -0.1538687689383386 0
5069 -0.195616672082225 -0.09702513019312245 0
5070 -0.03741878270438161 -0.2064328646955359 0
5071 0.2860688604228752 0.06775899444190175 0
5072 -0.01320876600087971 -0.3160256687132874 0
5073 0.1256138611346778 -0.06452698586089439 0
5074 0.01256766896247465 -0.219826695244434 0
5075 -0.259502565047588 0.06444109027968775 0
5076 -0.1961222829908607 0.001060808461983892 0
5077 0.277645250878663 0.00299735811510099 0
5078 0.1285616418993019 0.2130686766616522 0
5079 0.1108386760770035 -0.08634442353569202 0
5080 0.03148692398783355 0.01740241426753324 0
5081 -0.1778937150870434 0.2023879760188946 0
5082 -0.1866874521796184 -0.1303494313934955 0
5083 0.04745839611052999 -0.02296414081932291 0
5084 -0.05886607788022108 0.04676771607616474 0
5085 -0.1028710935053069 -0.2507584161160476 0
5086 -0.02572685068024935 -0.0961493854508136 0
5087 0.2011916833145937 -0.1157097267961179 0
5088 0.0106807034259275 -0.1935446473998728 0
5089 0.2092947508379485 0.1811257285159574 0
5090 -0.06622887449289266 0.2858837967145706 0
5091 0.2802228946651236 0.01261725520410034 0
5092 0.2161519375231388 0.04009559208892538 0
5093 0.07166840909565859 -0.1325569435792044 0
5094 -0.1433731223547023 0.1312747609347169 0
5095 0.1398834379116306 0.0553763892066822 0
5096 -0.03138774726333594 -0.01730324050411913 0
5097 0.2867595380521948 0.1036609392343227 0
5098 0.01137138206516358 -0.1576427024156107 0
5099 -0.1799657442291693 0.09468213716855207 0
5100 0.1084461017605247 0.03802356186494565 0
5101 -0.117596687531029 0.2274737365241235 0
5102 0.0218670267894932 0.01482477077584327 0
5103 -0.05490707761410257 0.1281915032527668 0
5104 -0.08565373937399022 0.1467406235742013 0
5105 -0.05044246789994535 0.1115293525117556 0
5106 0.3034216887000334 0.09919632928204036 0
5107 -0.301435541148641 -0.1253792121142092 0
5108 0.05468572258804005 0.1039814854191058 0
5109 0.2070376508760636 -0.06056798771210758 0
5110 0.3104639421433821 0.0921540757305665 0
5111 0.001936554033069027 -0.02623246087462805 0
5112 -0.2447273804095223 0.08625852810207396 0
5113 0.4090544200803062 -0.006436893425177337 0
5114 -0.2911249663207985 -0.08689962248350933 0
5115 -0.07792080796526026 0.1756003148909628 0
5116 -0.08754070516097773 0.1730226713193836 0
5117 0.2357122706043457 -0.1868229403727046 0
5118 0.270417929052679 -0.1239482708381177 0
5119 0.1259839985726295 0.203448779174307 0
5120 0.2187295813695151 0.04971548919901196 0
5121 0.1020945270065752 0.08096775988894866 0
5122 -0.04855550239082601 0.08524730471314507 0
5123 0.04506582585946066 0.1014038420044649 0
5124 -0.1688290123740572 -0.1969980342285963 0
5125 0.1465555503006017 -0.2196416272597678 0
5126 -0.02825489037164725 0.3942803071220821 0
5127 0.4116328186660184 0.003182571679157198 0
5128 0.09513749372573969 -0.3757446185590532 0
5129 -0.01674802857002751 0.3705759020237592 0
5130 -0.01421998764788868 -0.119853790382665 0
5131 0.08474169779395492 0.04953042584981114 0
5132 0.06738886894470968 0.01809309108350561 0
5133 -0.02604738519604043 0.1359244335274933 0
5134 -0.2943932874992069 -0.1324214655115507 0
5135 0.1766611280252049 0.2259568938272148 0
5136 0.1883034627676201 -0.1638092119337018 0
5137 -0.3531238961214335 0.04828454742672368 0
5138 -0.1992055383522016 0.08952684947041777 0
5139 -0.1374014191626539 0.3205871330060571 0
5140 -0.08477798958137439 0.3166304558612345 0
5141 -0.1215556842947094 0.1460499459614354 0
5142 0.1957158553730168 0.09712429782830717 0
5143 0.3532230729488507 -0.04818538246328781 0
5144 -0.140795478868996 0.1408946581495875 0
5145 0.2963794352512031 0.1062385828229996 0
5146 -0.02379028161196889 0.377618156062145 0
5147 0.1113442845824805 -0.1844303616187237 0
5148 -0.04887604469079458 0.3173211311035328 0
5149 -0.3397300636551396 -0.00170190280409406 0
5150 -0.2227744673976993 -0.2650279905997391 0
5151 0.09261009693735835 -0.2876715833196163 0
5152 0.1037964226952896 -0.07930216959841779 0
5153 -0.02025101953293013 -0.3089834147338898 0
5154 -0.2581212114783439 0.1362449827312611 0
5155 0.171641312269888 -0.1593446013354212 0
5156 0.1481219780251607 -0.01384985707924681 0
5157 -0.1643644026280618 -0.2136601849933578 0
5158 -0.1681383350098796 -0.161096088910608 0
5159 -0.1311755815578756 0.143472302059186 0
5160 0.01394902591715171 -0.1480228052689305 0
5161 -0.2462938014501355 -0.1195332460994547 0
5162 0.2280235408906415 -0.21568576219911 0
5163 0.1079404927784766 0.1361094993323448 0
5164 0.1014038484206005 0.04506581554558059 0
5165 0.02319281386766816 -0.4133938388653036 0
5166 -0.02729327322586833 -0.3019411601750379 0
5167 -0.07281511276256109 -0.305209477882807 0
5168 0.01261726892033871 0.2802228935654706 0
5169 -0.06043250791108734 -0.159024055983968 0
5170 0.06789447770373523 -0.07999284653062888 0
5171 0.03526085505375319 -0.0351616812813961 0
5172 0.04796400551139833 -0.1210500797802929 0
5173 0.2126985454798684 -0.1394141314347329 0
5174 -0.03088213826093572 -0.1153891802612685 0
5175 -0.06314562407488516 0.1974177562758602 0
5176 -0.03083253462234538 0.3846604100622116 0
5177 -0.04629840045569049 0.3269410280788298 0
5178 0.1812612095927582 -0.1567669581446569 0
5179 0.09832059528647197 0.1335318558812818 0
5180 -0.04446103600139351 -0.1993906110186807 0
5181 0.1625270217804464 -0.2600081826659388 0
5182 -0.07263004852790771 -0.1712215966229911 0
5183 0.2386600525054544 0.09077272172887013 0
5184 -0.05081261096616918 -0.1564464124609298 0
5185 0.2553222031917011 0.08630811162374646 0
5186 0.01514531280178885 -0.2102067980969615 0
5187 0.4212528852316779 0.005759553229872538 0
5188 -0.2064328576541923 -0.037418780715052 0
5189 0.01206206027221024 -0.1217407571034759 0
5190 -0.1033105758491901 0.3474184001195924 0
5191 -0.2366739043064045 -0.1169556023077284 0
5192 -0.3287288120047163 0.0726796310482633 0
5193 -0.08735563377367371 0.3070105588546791 0
5194 0.03958999605927832 0.3142378710032355 0
5195 -0.1358252561197389 0.02614656756267075 0
5196 0.02117634843734871 -0.02107717400818143 0
5197 0.1561754476742541 -0.2170639839834847 0
5198 -0.0480498977897994 -0.0128386304208179 0
5199 0.1314598272841099 -0.009385246987924936 0
5200 -0.2378701928634544 -0.05477160884107296 0
5201 -0.2308279394064744 -0.06181386236052014 0
5202 0.06840008703387108 -0.1780787860166067 0
5203 -0.05334065343682154 0.3339832820186279 0
5204 0.284687504284599 -0.00404489545704384 0
5205 0.2917297577357675 -0.0110871490176977 0
5206 0.2260923732560491 -0.1894005836644339 0
5207 0.01399862780890587 0.3520267832874536 0
5208 0.2003655319488339 0.2144500298914808 0
5209 -0.08546866892557345 0.2807285103698106 0
5210 0.1837033814087674 0.218914640195291 0
5211 0.1933232785933722 0.2214922835790091 0
5212 -0.2029794726715842 0.1420909468803204 0
5213 -0.22255622020548 0.2350696085292185 0
5214 -0.1427320360099128 -0.3328728819825948 0
5215 0.01657627196220134 0.3616466802525748 0
5216 0.01772295666437373 -0.2005869009451207 0
5217 -0.1058872470953977 0.3377607674736601 0
5218 0.193365287865235 -0.2781163666607299 0
5219 -0.2258577178582888 -0.1765619513978037 0
5220 0.1244175740786179 -0.002342993416037997 0
5221 -0.1815321650975389 -0.1111096370698052 0
5222 -0.2571099872957273 -0.05992689637179273 0
5223 -0.1986999267173157 -0.008559088795759673 0
5224 0.3461808195677471 -0.04114312907600754 0
5225 0.1982934986036318 0.1067441950230669 0
5226 0.01615524659863603 -0.4063728291270024 0
5227 -0.2232800743480517 -0.1669420542028968 0
5228 -0.1187929697958922 0.2896577322293139 0
5229 -0.2237856859389029 -0.06885611596787825 0
5230 0.008978807424000645 -0.03327471449050118 0
5231 0.298772011152735 -0.01812940255435924 0
5232 0.1466044018119017 0.2804074913298255 0
5233 0.1469256915197345 0.0483341352380366 0
5234 -0.01007591331968505 0.09555787833544505 0
5235 0.06342986812195171 -0.06333069585439431 0
5236 0.204830141399694 0.1977878792066734 0
5237 -0.06968226251143646 0.1063740655264363 0
5238 -0.2131545681896998 -0.2624503473845291 0
5239 -0.05182382524669735 0.03972546326065453 0
5240 0.2633756756410647 -0.1169060171576031 0
5241 0.02821860175810481 -0.0281194276315761 0
5242 -0.3435039984634261 0.05086219148896864 0
5243 0.2152761895019554 -0.1297942342591361 0
5244 0.1977878881028613 0.2048301328583461 0
5245 0.2208016050610158 0.157421322949174 0
5246 0.01224712960034856 0.01224712727146239 0
5247 0.211872394688941 0.1907456255620549 0
5248 0.4238307795346517 0.01537936780256128 0
5249 0.02035020137485932 0.3090825846504724 0
5250 0.09003245293400008 -0.2972914803662567 0
5251 -0.2036701487717586 0.1061890002101135 0
5252 0.2506725254196016 -0.03101762025678351 0
5253 -0.05408093322229934 -0.2019682543428646 0
5254 -0.234281331063573 -0.2413235870908644 0
5255 -0.2459236712810298 0.1484425265830513 0
5256 0.1450387254860823 0.07461618331564411 0
5257 0.1946550370179998 -0.2067534106563869 0
5258 0.0143191688425796 0.1199529597050042 0
5259 0.08041255583816248 -0.2998691236804353 0
5260 -0.07225990633766793 0.09675416864986999 0
5261 0.07097773085346196 -0.1684588888966053 0
5262 -0.1154844453249133 0.3351657054756785 0
5263 0.2189145605529482 0.1837033876200397 0
5264 -0.2761647156048118 0.0689056999896351 0
5265 -0.2787423592439388 0.05928580288585805 0
5266 0.3083919082472611 -0.01555175895047672 0
5267 0.07272922594777742 0.1713207676507601 0
5268 0.1695692751553752 -0.2670504363532197 0
5269 0.2094302225243584 -0.1849359732766418 0
5270 0.1536470713131739 0.2733654579389513 0
5271 -0.201277570446442 -0.01817898608290222 0
5272 0.06600751198443389 -0.05371079873616647 0
5273 0.006536130375634136 -0.4089540132878549 0
5274 0.003957860640963068 -0.4185713301321303 0
5275 -0.2474900901689077 -0.05734925259923193 0
5276 0.01211166307724981 0.3783088311554129 0
5277 -0.03925614744153632 0.3198987741634725 0
5278 0.08179391652794836 -0.2280652379035232 0
5279 0.07613301850403856 -0.1492190944825216 0
5280 -0.118472427391161 0.05758390298882907 0
5281 -0.09596431023187371 0.1082610325021464 0
5282 0.03884971742756146 -0.2217136620167934 0
5283 0.364224325263045 0.02619615096835941 0
5284 0.4264105115308456 0.02498511445390489 0
5285 0.009534018932777888 0.3686889341431869 0
5286 0.03457017668505363 -0.07106362642029433 0
5287 0.07871066230808008 -0.1395991971991689 0
5288 0.002627232189581677 0.0096694838964934 0
5289 -0.2473050240231333 0.0766386311113296 0
5290 0.07355537467638301 -0.1588389916675175 0
5291 0.0292794192897558 0.2757582830299405 0
5292 -0.07483755018969138 0.08713427154604952 0
5293 0.01174152496960557 0.1103330625255649 0
5294 0.1553493009697236 0.1130957718182742 0
5295 0.02997009870707668 0.3116602278301573 0
5296 0.134222540745594 0.1342225326869849 0
5297 -0.1523023426716934 0.1645990632387307 0
5298 0.0273428540435916 -0.1980092573907906 0
5299 -0.08445744756776549 0.08455662786584639 0
5300 -0.1523519335621595 -0.3354505254692319 0
5301 -0.2038552140598691 -0.02779888335412407 0
5302 -0.07327112751977936 0.2929260510668358 0
5303 0.01777255722234755 0.2994626876841905 0
5304 -0.1431880528892729 0.2652626513964436 0
5305 -0.2213931077640089 -0.1932241019258119 0
5306 0.03010556723166437 -0.05440147536847251 0
5307 0.208233936392746 -0.1227519805308225 0
5308 -0.2359832265811384 -0.08105365664209793 0
5309 0.3161248394821499 0.01330793248108497 0
5310 0.1483070476424693 0.1201380254424513 0
5311 -0.188574418632542 -0.1040673836468687 0
5312 0.3276317026097496 -0.01039647153468537 0
5313 0.07562740920959865 -0.05113315508923311 0
5314 -0.08031338064360555 0.2999683048960333 0
5315 0.2874502135989547 0.1395628818761973 0
5316 -0.1978241849030541 0.1613307419823212 0
5317 -0.06112318645941051 -0.1949260007817978 0
5318 -0.2897436115841684 -0.01509573171625798 0
5319 0.03268321117042172 -0.04478157832557117 0
5320 0.1766115285038456 -0.2740926900318629 0
5321 0.07337030278594472 -0.2928268700716541 0
5322 0.1862427077788193 -0.2714404898140158 0
5323 0.03714782054442883 -0.06144372915788271 0
5324 -0.3038281186662556 -0.00101122488114308 0
5325 -0.1859967750755716 -0.09444748641440585 0
5326 0.138687150083144 0.117560382132536 0
5327 -0.2132900455932739 0.1036113563644671 0
5328 0.2163369622332313 0.1740834764825732 0
5329 0.09864113497369849 -0.09854196433964836 0
5330 -0.1966278949633258 0.09914674671834024 0
5331 0.008152659872324719 0.2968850444128273 0
5332 0.2190501197629351 -0.1823583299786464 0
5333 0.3403357038989874 -0.09627747040114559 0
5334 0.07116279973731932 -0.03447100461707231 0
5335 -0.02963625019621813 0.3224764172541656 0
5336 0.2108115805382785 -0.1131320835315206 0
5337 -0.07074308288695351 -0.1975036444388447 0
5338 -0.3524332176854249 0.08418649272011704 0
5339 0.02016513070957826 0.1750947016624813 0
5340 -0.005661685870581086 -0.4211508028177463 0
5341 0.04336392568497638 0.2616737754127881 0
5342 -0.2188154643367672 -0.1836042047604962 0
5343 -0.1284128671105362 0.2870800889767877 0
5344 -0.1882042876837928 0.1639083857347041 0
5345 -0.3108703721627542 0.006031028605754038 0
5346 0.1149827460709366 0.1290672458896341 0
5347 0.09141381299225704 -0.2254875939598109 0
5348 -0.364635297578706 0.0719843323463409 0
5349 0.1518959090526698 -0.06641395206691671 0
5350 -0.1653756254448989 -0.01748830875274671 0
5351 0.3180118054479849 -0.01297411527858244 0
5352 0.1141069981518583 -0.04082258137012754 0
5353 -0.2538416664962612 -0.01440505391827551 0
5354 0.1044871009052362 -0.04340022466655147 0
5355 -0.1100488177489449 0.1223455410071892 0
5356 -0.2509434830506992 -0.236858976626425 0
5357 -0.06006236522128013 0.1089517090143966 0
5358 0.1211492515445739 -0.04786483498800864 0
5359 -0.2935175440619309 0.03746836446661514 0
5360 0.1000224915906744 -0.02673807412522156 0
5361 0.02173156025289158 0.3808864742145994 0
5362 -0.006992665069358417 0.007091840570864483 0
5363 -0.1834191315401011 -0.08482758924845799 0
5364 -0.2838976468576894 0.04004600832032464 0
5365 -0.05389586412830397 -0.06798036997972132 0
5366 -0.04685361079780287 -0.07502262418073906 0
5367 0.08078269709323853 -0.03189336099532455 0
5368 -0.2579857352973743 -0.2298167232538332 0
5369 0.09040259439022297 -0.02931571748515732 0
5370 0.2384749861020498 -0.04321516127987707 0
5371 -0.2613895309874634 0.09072313794048761 0
5372 -0.2100217255621376 0.1491332008196299 0
5373 -0.1100984118895914 -0.3777040462201573 0
5374 0.0243092045742993 0.3905063713020295 0
5375 0.2137593433926664 0.1644635766426071 0
5376 -0.281320003080053 0.04966590556393512 0
5377 0.3358703877165338 -0.0796226105354958 0
5378 -0.04169832304662768 -0.05578282972789461 0
5379 0.05556146672751033 0.2738713156295708 0
5380 0.03632167248862361 0.2687160291617838 0
5381 -0.2986728315623799 0.01822857000530144 0
5382 -0.008879630655045115 0.03337388766037933 0
5383 0.1246026433716447 0.1316448893047177 0
5384 -0.05200889820788857 -0.09426241858219189 0
5385 -0.05905115172397912 -0.08722016425082679 0
5386 0.00865826699395067 0.1987991085955912 0
5387 0.230421510518477 0.1599989677168019 0
5388 -0.008694560334888302 0.1673617694888273 0
5389 0.06632805056272231 -0.2857846166233443 0
5390 -0.01270330454355992 -0.414111032396849 0
5391 -0.2289409731563273 -0.08809591023560739 0
5392 -0.2203322992031893 0.1106536099628274 0
5393 -0.2543472774077994 0.08368088456925817 0
5394 0.2204314776898504 -0.1105544403286813 0
5395 0.07682369688800005 -0.1133171490434371 0
5396 -0.3082927285856359 0.01565092615404458 0
5397 0.1158088940779768 -0.2010925121242605 0
5398 -0.2960951877564271 0.02784846723902255 0
5399 0.07424605293922447 -0.1229370461069775 0
5400 0.335364634120972 0.01846321992722649 0
5401 0.3257447368622035 0.0158855762136072 0
5402 -0.04754428838016145 -0.1109245699125475 0
5403 0.2445060056700996 0.1459144523840258 0
5404 0.2374637570882877 0.1529567099942515 0
5405 -0.2222192662875496 0.136935658800085 0
5406 -0.07018787804444605 0.2044600101742009 0
5407 0.2996460670934666 0.1517591305303043 0
5408 -0.2143508544075963 -0.2002663554355268 0
5409 -0.4012227111986889 0.03539608211236316 0
5410 0.03392910173950104 0.3930840143559432 0
5411 -0.2177546560407483 0.1202735074359062 0
5412 -0.2340962602879814 -0.1073357047400462 0
5413 -0.01555174422898981 0.3083919094954711 0
5414 0.005710485166202664 -0.07879655712396083 0
5415 -0.02232319971477211 -0.4166886946707515 0
5416 -0.2218987196116394 -0.09513816387852342 0
5417 0.2352066629065855 -0.08873700275426333 0
5418 0.1769816702626641 -0.006116926719995752 0
5419 0.2541258533882008 0.1484920599947708 0
5420 0.1936438206154984 -0.01058153686699498 0
5421 0.2314327313083563 -0.03617290751962889 0
5422 0.1962214648078147 -0.0009616395317264548 0
5423 0.1563605197293224 -0.08307610143075411 0
5424 0.09730937811931756 0.3297037303142965 0
5425 0.2058413619508521 0.001616003853985082 0
5426 -0.2337261300776922 0.1606400662784885 0
5427 -0.2247969097467175 0.1273157617080719 0
5428 0.06518136383159884 0.2764489587620625 0
5429 0.1673617730900455 -0.008694570110319211 0
5430 -0.17379923453872 -0.0822499456628743 0
5431 -0.1676327256102513 -0.2591820261906657 0
5432 0.3454903088987224 -0.07704494850664173 0
5433 -0.2169284977909501 -0.2098862526143209 0
5434 -0.1449395426190657 -0.07451701469148785 0
5435 0.1577418756156551 -0.01127221363577646 0
5436 0.03650318212375059 0.4027031195267101 0
5437 0.1486275879837987 -0.1119357928175804 0
5438 0.3022020463587382 0.1613740613256758 0
5439 0.3379422780974699 0.0280831171708657 0
5440 0.2611681471619925 0.1414498348919374 0
5441 0.2300513747742792 -0.1079767970051908 0
5442 0.222503512194205 -0.002848606261679654 0
5443 -0.02259399711954635 0.3154341633427953 0
5444 0.2347010531029356 0.009348934411251786 0
5445 0.3475621752743687 0.03066076085650016 0
5446 0.2250811562830398 0.006771290925046469 0
5447 0.3571820724063336 0.03323840448130488 0
5448 -0.02936533998945963 -0.4096468673276103 0
5449 0.1390076897110493 -0.1145134375504763 0
5450 -0.05012193202592286 -0.120544467306916 0
5451 0.1410797249812095 -0.006807603601585346 0
5452 -0.1641793374015265 -0.07967230191964421 0
5453 0.3506454296974995 -0.05780527988835616 0
5454 0.2682104148721568 0.134407591661044 0
5455 0.04611608772173986 0.4052726488707244 0
5456 0.3738442228700826 0.02877379467191048 0
5457 0.02683724497440348 -0.09992331931839657 0
5458 0.2424339848730338 0.03820862586913226 0
5459 0.37642186673257 0.03839369166855905 0
5460 -0.4089565626669361 0.006536873048385267 0
5461 -0.2098862444696202 -0.2169285058635991 0
5462 0.2398563408414203 0.02858872864456985 0
5463 -0.1222463595184386 0.1101480005063431 0
5464 -0.1404749331105867 -0.0911791648663404 0
5465 0.2372786969636647 0.01896883146678235 0
5466 0.3410255323762404 -0.06038292398974323 0
5467 0.3860414958765687 0.04097106762858155 0
5468 0.2326290188452089 -0.09835690001214276 0
5469 0.3886215045281211 0.05057432261993533 0
5470 -0.2694925987290083 -0.2061123203790499 0
5471 0.2520538818424253 0.04078626929996876 0
5472 0.008473201892025217 0.06481122080002649 0
5473 0.2694067103207003 0.07222360474823553 0
5474 -0.03640756710753031 -0.4026047126633007 0
5475 0.1467406203761424 -0.08565374701434632 0
5476 0.2192351904937335 -0.04837044758503711 0
5477 0.277830311614117 0.1369852348379359 0
5478 0.2546315261071987 0.05040616643834056 0
5479 -0.1220612939379717 0.2441358896738816 0
5480 0.2712936761419904 0.04594155644707398 0
5481 -0.06231947318788944 -0.1327420072410151 0
5482 0.2281644102347717 -0.08169474898055308 0
5483 0.276448963697085 0.06518135114354462 0
5484 -0.06268960690584331 -0.4007177755181607 0
5485 0.2623644567921553 0.07926585817069276 0
5486 -0.1334326795170897 -0.09822141844078421 0
5487 -0.1545594399842396 -0.07709465818716608 0
5488 0.05399504069757965 0.06807954219350397 0
5489 -0.3620585376929519 0.08160342573599645 0
5490 0.2900275701991998 0.1491825590958059 0
5491 0.2149556486646381 0.1022795857085432 0
5492 0.2457023062820287 0.08373046797475886 0
5493 0.2738713200324839 0.05556145368699639 0
5494 -0.04344981440694601 -0.3955624826608002 0
5495 0.1441629771914404 -0.09527364325384979 0
5496 -0.2124638882635597 -0.2265484034225925 0
5497 -0.2311484861855489 0.1702599625299544 0
5498 -0.2861547498622024 -0.2016477096776916 0
5499 0.1505145525217481 -0.1382178414339089 0
5500 0.2219979021577431 0.09523733217341469 0
5501 0.2079133952359661 0.1093218389642666 0
5502 0.1278709650828467 0.1771667305140809 0
5503 0.144533115153988 0.1727021209923518 0
5504 -0.03258403161622325 0.04488075022130444 0
5505 -0.2150415325103468 -0.2361683011683586 0
5506 0.006721704471569778 -0.274968434784997 0
5507 -0.1030065637805075 0.1153032865411373 0
5508 0.1938288888229377 0.1234063455911567 0
5509 0.1586176219054382 0.1586176143114867 0
5510 0.1515753686157437 0.1656598675433292 0
5511 0.1656598751930388 0.1515753607861781 0
5512 -0.1990204735804656 0.2235147426500851 0
5513 0.1867866353851549 0.1304485993865209 0
5514 0.1912512452995143 0.1137864485068774 0
5515 -0.1263904260948541 -0.1052636718996852 0
5516 0.1797443819958009 0.1374908532519697 0
5517 0.2307420546488622 -0.07207485153628268 0
5518 0.1727021286309302 0.1445331069069749 0
5519 0.1093218489053183 0.2079133885416289 0
5520 -0.07451701399803692 -0.1449395479338829 0
5521 -0.2906193565116427 -0.1849855600325442 0
5522 -0.05306971075453115 -0.3981401289396461 0
5523 0.2290401557206892 0.0881950783029955 0
5524 -0.3002392584521705 -0.1875632021129983 0
5525 -0.03428593398133822 0.2051506881583551 0
5526 0.1163641021319896 0.2008711351371751 0
5527 0.1234063553014309 0.1938288821658624 0
5528 0.1003926298422418 0.2412376905098041 0
5529 0.1208287117397372 0.1842089842979372 0
5530 -0.3072815114399333 -0.1805209488798184 0
5531 -0.1193481723737078 -0.1123059255042912 0
5532 0.09335037660517298 0.2482799441460694 0
5533 -0.3441946735138328 0.01496024665363553 0
5534 -0.09136423125589643 -0.2744628197481901 0
5535 -0.3117461160627867 -0.1638587997025937 0
5536 0.1022795955687906 0.2149556422604073 0
5537 0.2403619521050175 -0.06949720797093589 0
5538 -0.1123059195072616 -0.1193481788574728 0
5539 0.2025730399853035 -0.04390583712894452 0
5540 0.1074348830099273 0.234195437164867 0
5541 0.09592802007683753 0.2578998415526205 0
5542 -0.2246614309480466 -0.2387459442149489 0
5543 0.104857239205236 0.2245755398421843 0
5544 0.2596017458974879 -0.06434192199440503 0
5545 -0.3512369287123071 0.02200250048136655 0
5546 -0.3213660192737632 -0.1664364418080385 0
5547 -0.05458654186420964 -0.1038823155410769 0
5548 0.08888576705211132 0.2649420946659999 0
5549 -0.3634344685422318 0.009804959870103859 0
5550 0.2499818489703658 -0.06691956521391834 0
5551 -0.3284082713748607 -0.1593941886519109 0
5552 -0.1124413968717307 0.2467135330892502 0
5553 0.2621793896132039 -0.05472202457960208 0
5554 -0.2381907402286682 0.1773022233310582 0
5555 -0.07847601399156244 -0.2263633352227824 0
5556 -0.3704767229867625 0.01684721299149643 0
5557 -0.07709465760313637 -0.1545594452215602 0
5558 0.1286971136758252 -0.152993026314379 0
5559 0.2647570331599731 -0.04510212667424979 0
5560 -0.08910713084299951 -0.0327691017500614 0
5561 0.07480126006929094 0.2790266018674731 0
5562 0.08184351366696468 0.2719843482797347 0
5563 -0.07005240473946167 -0.1616016992927605 0
5564 0.133161723187513 -0.1696551756734581 0
5565 -0.3328728780969356 -0.1427320396442906 0
5566 -0.3345747766510143 0.01753789102361698 0
5567 -0.09357173720660569 -0.01610695261928796 0
5568 -0.3424927800036094 -0.1453096814113326 0
5569 0.2577147797250976 -0.03805987319506186 0
5570 -0.03686357653621912 0.1955307865057481 0
5571 -0.08224994526925508 -0.173799239378553 0
5572 -0.07470207872415596 -0.2789274310372771 0
5573 -0.1031916351719187 -0.01868459482446699 0
5574 -0.3495350314625387 -0.1382674285097252 0
5575 0.1479369083866842 -0.1478377381484174 0
5576 0.1859108890100291 -0.03944122718629595 0
5577 -0.2356130096668143 0.1869220959008632 0
5578 -0.1971334928330836 0.1972326889887139 0
5579 -0.0880959102028941 -0.2289409786285461 0
5580 -0.08873699393306332 0.2352066678056639 0
5581 0.1383170108163113 -0.1504153820323378 0
5582 0.1235418256689223 -0.1722328199674777 0
5583 0.1139219286329925 -0.1748104642658419 0
5584 -0.06250454136982755 -0.2667298901057667 0
5585 -0.08482758865014842 -0.1834191366525648 0
5586 -0.08036297906769208 -0.2000812877470159 0
5587 0.1737133481363075 -0.05163876730035438 0
5588 0.118386537892345 -0.1914726144249594 0
5589 -0.3539996389753194 -0.1216052794950217 0
5590 -0.07778533576020351 -0.1904613905540057 0
5591 0.07737890422027732 0.2886464991351278 0
5592 0.2096152938605317 -0.05094809065121597 0
5593 -0.05546228612688423 -0.2737721433757828 0
5594 -0.3636195389523273 -0.1241829213633125 0
5595 -0.04717414956428466 0.1570511967389058 0
5596 0.09058766533175433 0.1046721634652825 0
5597 -0.06526724961379654 -0.4103376709702568 0
5598 0.07995654814550518 0.2982663962835012 0
5599 0.1929531436361323 -0.04648348024252177 0
5600 0.06430561886705501 0.1065591300483413 0
5601 -0.03308963936847591 0.142966686536625 0
5602 0.06688326129647121 0.1161790291106621 0
5603 -0.0829406226672303 -0.2097011849214278 0
5604 -0.09343626219331344 -0.3821686576351822 0
5605 0.1615158068965145 -0.063836307822123 0
5606 -0.05822499710372758 -0.4173799208178454 0
5607 0.05984100786973305 0.1232212823014651 0
5608 -0.1320513255338283 -0.02641752762984817 0
5609 -0.07207484402845472 0.2307420579190522 0
5610 -0.3680841475160526 -0.1075207722213415 0
5611 -0.01599176377382373 -0.459627529300437 0
5612 0.04317885895763901 0.1276858904631216 0
5613 0.01758748825178225 0.1654748030439891 0
5614 -0.06471204507019476 -0.008374022156361099 0
5615 0.0412918923646237 0.1539679387951007 0
5616 0.08253419208296026 0.3078862933804524 0
5617 0.02462974246791583 0.1584325487689502 0
5618 -0.04270953751246365 0.14038904319375 0
5619 0.1228511470185756 -0.2081347648664755 0
5620 -0.05118274680679952 -0.4244221626993859 0
5621 -0.07589836999775394 -0.2167434383868775 0
5622 0.1202735030122738 -0.2177546622756864 0
5623 -0.2061123147643489 -0.2694925997357591 0
5624 0.1043516299347764 0.3226614768079608 0
5625 -0.0535753190638092 -0.3000541930440511 0
5626 -0.04326474690841081 -0.2615746031863225 0
5627 -0.04414050397259438 -0.4314643765760804 0
5628 0.0851118358774795 0.3175061903834601 0
5629 -0.1605904727274655 -0.2662242788399857 0
5630 -0.0362224920370625 -0.2686168561684738 0
5631 -0.3847463013323839 -0.103056161013314 0
5632 0.01551545205411309 0.0577689667111493 0
5633 0.08768948070911142 0.3271260873138371 0
5634 -0.3917885534246313 -0.0960139077902963 0
5635 0.1106536059113503 -0.2203323062968215 0
5636 -0.1275867154331443 -0.04307968004849716 0
5637 -0.03709827839879393 -0.4385065258444661 0
5638 -0.0247156280916446 -0.2923212627714564 0
5639 -0.07935175612301242 -0.3962531654528178 0
5640 -0.08897165273656407 -0.3988308084089534 0
5641 -0.06577285942929301 -0.3122517324525005 0
5642 -0.01251808822667404 -0.2801237219138726 0
5643 -0.1964924170882636 -0.2669149558649246 0
5644 -0.09601390617967584 -0.3917885547809749 0
5645 0.09762991819436984 0.09762990991782472 0
5646 -0.1772526230816917 -0.2617596689736003 0
5647 -0.1109245675302969 -0.04754428460271379 0
5648 0.09505227428981992 0.0880100118696044 0
5649 0.08543237711788097 0.08543236815064949 0
5650 -0.07230950282504534 -0.4032954187460452 0
5651 -0.09067355443735853 -0.2385608755336019 0
5652 -0.1868725202384995 -0.2643373125801531 0
5653 -0.3962531611224338 -0.07935175898655619 0
5654 -0.2015980603123773 0.2138948306745246 0
5655 -0.03005618655479656 -0.4455481733817629 0
5656 -0.05168835272512189 -0.3263362412322928 0
5657 0.07581248008547552 0.0828547249187362 0
5658 0.04833414557937904 0.146925685517413 0
5659 -0.124638940038999 0.2345159917970771 0
5660 -0.06245494757895796 0.2333197014001287 0
5661 0.1139714975683021 0.3252391274102904 0
5662 -0.09325119839699067 -0.2481807724257567 0
5663 -0.02301764984460444 -0.4525881839182236 0
5664 -0.01334423845091426 0.05003603696359671 0
5665 0.06619258356093416 0.08027708170137626 0
5666 -0.1160798524177343 -0.06678408384377602 0
5667 0.04575650167703765 0.1373057884240566 0
5668 -0.05426599608918431 -0.3359561371419996 0
5669 0.1080759619108113 -0.2299522029710109 0
5670 -0.0188200701462955 0.2628700688283852 0
5671 -0.4058730593870386 -0.08192940079496518 0
5672 -0.00114669673739648 0.0622335775039167 0
5673 -0.01076659460832152 0.05965593396507975 0
5674 0.06361493855502248 0.07065718546081728 0
5675 -0.04722374296527523 -0.3429983916022291 0
5676 -0.1509705757988309 -0.2636466358557442 0
5677 -0.1226164955591441 -0.1578277659488483 0
5678 0.1165491148500914 0.334859032674021 0
5679 0.02513534955943826 0.06034661019889324 0
5680 -0.080177910272575 -0.06609340079942931 0
5681 0.04695278834980056 0.07512179453558875 0
5682 -0.08722016417862144 -0.05905114772548958 0
5683 -0.006503563077540592 -0.4569575871175902 0
5684 -0.4103376683480454 -0.06526725205189193 0
5685 -0.1129965996249638 -0.1552501225041984 0
5686 0.02771299426832519 0.06996650774509638 0
5687 0.0373328909854076 0.07254415080184384 0
5688 0.0393553279566675 -0.3197995980240532 0
5689 0.1191165592350371 0.3444700779171892 0
5690 -0.04980138719419112 -0.352618288914932 0
5691 -0.1104189553189417 -0.1456302258694637 0
5692 -0.04478157377987507 0.03268320996759239 0
5693 -0.1413506798972592 -0.2610689928311206 0
5694 -0.1258848167781598 -0.2033496087460402 0
5695 0.09587842123173396 -0.2421497433791733 0
5696 -0.1310401040258861 -0.222589403235037 0
5697 -0.05766979232209923 -0.01541627482860111 0
5698 -0.1336177475763703 -0.2322093004133683 0
5699 -0.4199575664693838 -0.06784489374454095 0
5700 -0.06213440193415964 0.001245875278048425 0
5701 -0.1007990595672386 -0.1430525809766663 0
5702 -0.07161882519083917 -0.3673934713512731 0
5703 -0.1284624603708597 -0.2129695059072073 0
5704 -0.04735921843011615 0.02306331287191876 0
5705 -0.1233071732486834 -0.1937297115799517 0
5706 -0.05955675811566621 0.0108657728993002 0
5707 0.09845606484959923 -0.2325298468069589 0
5708 -0.05697911411230971 0.02048566960669296 0
5709 -0.09582884186646365 -0.2578006693977158 0
5710 -0.1207295297078508 -0.1841098137151688 0
5711 -0.06024743615973482 -0.02503617154732873 0
5712 -0.04220392856595163 0.04230310680356848 0
5713 -0.4244221740445121 -0.05118274535845328 0
5714 -0.05987730360354072 0.2429395977829487 0
5715 -0.1361953912579746 -0.2418291973324855 0
5716 0.09330077729736243 -0.2517696396765799 0
5717 -0.2598726997425599 -0.203534676926176 0
5718 -0.09822141604232851 -0.1334326836940205 0
5719 -0.02554178050671041 0.03783849605710234 0
5720 -0.1181518868105337 -0.1744899157807603 0
5721 -0.0698673326404185 -0.02761381504334398 0
5722 -0.01592188337424127 0.04041613957340429 0
5723 -0.05873060628322501 -0.3192939869072582 0
5724 -0.1052636680295137 -0.1263904310822976 0
5725 -0.1387730355922436 -0.2514490956572017 0
5726 -0.09840648503606578 -0.2674205663698343 0
5727 -0.4340420733047003 -0.05376038709965204 0
5728 0.04381993762040636 -0.3364617512644864 0
5729 -0.02660259580136723 -0.2660392125667431 0
5730 -0.07948723052906348 -0.03019145848219562 0
5731 -0.125194138987227 -0.1674476632571928 0
5732 0.08368088074656288 -0.2543472844107908 0
5733 -0.01956034196677858 -0.2730814672686689 0
5734 -0.4385066811858204 -0.03709823871567887 0
5735 0.06048208495794435 -0.3409263564202487 0
5736 -0.0817443346832208 -0.2718851766681715 0
5737 0.08110323632207335 -0.2639671805051554 0
5738 -0.4481265795787066 -0.03967588046603347 0
5739 -0.2413235841745225 -0.2342813353749683 0
5740 -0.1102338871735016 -0.01164234145840932 0
5741 -0.4551688335483938 -0.03263362670768203 0
5742 -0.002157918329006803 0.2584054588691213 0
5743 -0.2765348511528464 -0.1990700669118271 0
5744 -0.05025740699882902 0.2455172411394964 0
5745 -0.1026860250086091 -0.1167705351404173 0
5746 0.07148334035335531 -0.2665448238166098 0
5747 -0.1198537852022385 -0.01421998586808113 0
5748 0.0618634438731821 -0.2691224671251212 0
5749 -0.1294736817444017 -0.01679763046731689 0
5750 -0.1001083813352259 -0.1071506382324043 0
5751 -0.4596334397955812 -0.01597147832702596 0
5752 -0.3751264012659259 -0.1004785189879741 0
5753 -0.1250090724629817 -0.03345977997115149 0
5754 -0.4666723116181022 -0.00894185863997706 0
5755 -0.09753073783755703 -0.09753074108759222 0
5756 0.05928580002561362 -0.2787423640058724 0
5757 -0.4740176712265257 -0.002071301244992219 0
5758 -0.09495309394608675 -0.08791084393024517 0
5759 -0.0923754497876328 -0.07829094475810262 0
5760 0.0023066899569405 0.2417433111056874 0
5761 -0.01177781732491823 0.2558278169668141 0
5762 0.05017151223121276 -0.3794059540303689 0
5763 -0.04063751056994219 0.2480948844967288 0
5764 -0.113502211063 -0.0571641855248135 0
5765 0.05670815571079136 -0.2883622604913345 0
5766 0.05720463690138938 -0.38644575810717 0
5767 0.01192658904788013 0.2443209515879519 0
5768 0.07387591607791473 -0.3909128180827607 0
5769 0.04708825920087601 -0.290939904724668 0
5770 -0.03805986581903331 0.2577147815771285 0
5771 -0.1945558543415786 0.2068525884243159 0
5772 0.04451061511059085 -0.3005598015826334 0
5773 -0.02843996781726449 0.2602924256193973 0
5774 0.04193297109001343 -0.31017969991525 0
5775 0.04639757985260313 -0.3268418513315026 0
5776 0.05790444327031188 -0.3505462539232805 0
5777 0.05532679948901109 -0.3601661509822253 0
5778 0.05274915574044201 -0.369786048703154 0
5779 -0.3813295189613382 0.07637818490393464 0
5780 0.1496367300536345 -0.3080999355804498 0
5781 -0.1251223064460755 0.3325959725209688 0
5782 0.4396502573210851 -0.0247266584794954 0
5783 0.3002418641959969 0.1876061317073224 0
5784 0.2906327020881801 0.1850358191438679 0
5785 0.2669472773356437 0.1965370244377755 0
5786 0.3636221459061495 0.1242258505511116 0
5787 0.3540129842595943 0.1216555387361702 0
5788 0.3213937310918312 0.1664741167910639 0
5789 0.3911686449770492 0.06017433203586692 0
5790 0.4033168474899538 0.0723384427341362 0
5791 0.4289951732842061 0.03455965787248932 0
5792 0.4385880273138576 0.03713908111634479 0
5793 0.2298416669921774 0.2580154283548943 0
5794 0.1638908224758885 0.311790277678238 0
5795 0.1101010205201346 0.3777469769088001 0
5796 0.4551985349464671 0.03265854597088247 0
5797 0.1004942627574699 0.3751824617685282 0
5798 0.4174220069607599 0.05825681198719879 0
5799 0.3700332501323114 0.08131013050401603 0
5800 0.3821979986214578 0.09345938495498629 0
5801 0.07233760265373511 0.4033322560036832 0
5802 0.3681365235873781 0.1075879714058992 0
5803 0.3047564496719585 0.1709715901481356 0
5804 0.3303519411648459 0.1331816903523897 0
5805 0.3258835511908616 0.1498416449331898 0
5806 0.2503154470346858 0.2010309051098547 0
5807 0.2317427750634699 0.2318120589678995 0
5808 0.02561596860865207 0.4622408252886908 0
5809 0.2343222073120267 0.2414048933509016 0
5810 0.1472592955315178 0.3162844721095069 0
5811 0.114615403987095 0.3611090943688616 0
5812 0.08387911660247947 0.3796643879165307 0
5813 0.04162502282869057 0.4219142799337183 0
5814 0.03011019662317255 0.4456153991351409 0
5815 0.474053617984407 0.002109413556832529 0
5816 0.4526407783350642 0.02306331207539514 0
5817 0.4596830315439461 0.01602105977408869 0
5818 0.4667730383042634 0.009028927804975216 0
5819 0.4219155375183306 0.04161261262350491 0
5820 0.4148727794482054 0.04866483162877339 0
5821 0.4103814434042045 0.0653094055520026 0
5822 0.4481628939085296 0.03969749064571176 0
5823 0.3770635291850187 0.07425043233223555 0
5824 0.3841052096021927 0.06720380124181624 0
5825 0.3751759899517833 0.1005281026604712 0
5826 0.3706791806368873 0.1171769282508187 0
5827 0.3373850690525644 0.1261239964992061 0
5828 0.3329224690235328 0.1427816239523472 0
5829 0.3284323577948314 0.1594292491879178 0
5830 0.307299470173847 0.1805613568877872 0
5831 0.2739983794720592 0.1894976848239799 0
5832 0.3444293334704747 0.1190772132358181 0
5833 0.3117981637744609 0.1639286999651899 0
5834 0.2810490525720402 0.1824574933688086 0
5835 0.2528800373146386 0.2106265162292046 0
5836 0.2458377839319801 0.2176687697785233 0
5837 0.2573535691174233 0.1939876081217266 0
5838 0.2387905774404189 0.2247240839173704 0
5839 0.2368806187912411 0.250979781948643 0
5840 0.2132041627586578 0.2624999267658717 0
5841 0.2061619092881889 0.2695421805983167 0
5842 0.1991196557634864 0.276584434289095 0
5843 0.1920774022871696 0.2836266878217989 0
5844 0.1850351488174803 0.2906689413659317 0
5845 0.2202464157576489 0.2554576728021307 0
5846 0.1779928953418775 0.2977111949367068 0
5847 0.1709420829504893 0.3047516248199273 0
5848 0.0002704814094359187 0.4742145467447852 0
5849 0.1498238814489328 0.325880210253522 0
5850 0.1427816283685794 0.3329224627493488 0
5851 0.1357393749250327 0.3399647164758435 0
5852 0.1542973102006095 0.3092410531406802 0
5853 0.1286978264652013 0.3470080632471227 0
5854 0.1216544013316654 0.3540561437767817 0
5855 0.117158056571079 0.370698053888229 0
5856 0.08644360438750476 0.389260488568514 0
5857 0.09091325277864326 0.3726231706996296 0
5858 0.07939329812282869 0.3963021160635319 0
5859 0.05569598643966833 0.4078099589185301 0
5860 0.0627392003987754 0.4007673511068561 0
5861 0.04865409533129161 0.4148574928170125 0
5862 0.04419008550241516 0.4315140091148823 0
5863 0.03714839961390492 0.4385645576344743 0
5864 0.03265742241452113 0.45520237259417 0
5865 0.008724866464952963 0.466726184491252 0
5866 0.01598103566448683 0.4596778082774233 0
5867 -0.2363220273369099 0.2502165935727559 0
5868 -0.3886975616982069 0.08301284481579355 0
5869 0.4274272392684237 -0.03706955063544926 0
5870 0.1181941314715795 -0.3714634927593571 0
5871 -0.1180134701534072 0.3702986811984415 0
5872 -0.2332194156501833 0.2324849677675944 0
5873 -0.1872046453446074 0.3011103667378952 0
5874 0.4365020086186383 -0.03394465878724418 0
5875 0.1872307271271492 -0.3010804701006002 0
5876 -0.3010452418290172 0.1871978800565826 0
5877 0.4834514555824229 0.005006597583590566 0
5878 -0.004631306492249353 0.4836427800957441 0
5879 -0.4834433281920755 -0.004998359142439653 0
5880 0.004633930050258954 -0.4824771627446693 0
5881 0.4028700412235571 -0.0607122918279962 0
5882 0.4063229011326132 -0.08237923916137987 0
5883 -0.08245179868281448 0.406343286984209 0
5884 0.3498471943196741 -0.1381712947915896 0
5885 0.001259551201002424 -0.4644230373261042 0
5886 0.2232916107166967 -0.2655875495339766 0
5887 -0.3498876966565482 0.1382239823721677 0
5888 0.03271775397764546 -0.4554440552937831 0
5889 0.01213139096947999 -0.451587571122243 0
5890 0.2075526546480856 -0.2562912096559368 0
5891 -0.03292004750418242 0.4552231040234347 0
5892 0.380745137366342 -0.07664613077867077 0
5893 -0.07317759633971432 0.390659240659696 0
5894 -0.248992911374426 0.2280048808728048 0
5895 0.2170802089353355 -0.252927163163846 0
5896 -0.06988168738779189 0.4000890350585117 0
5897 -0.2633304502157207 0.2140346754036957 0
5898 -0.0403400475045057 0.4480048498050996 0
5899 0.2633326268276027 -0.2140368522815576 0
5900 -0.2157215701450811 0.2623581157543201 0
5901 -0.3971370376840582 0.08023562929854207 0
5902 0.08026572548084382 -0.3972073368703792 0
5903 0.4456950028937696 -0.03148096342474199 0
5904 0.04033152409234394 -0.4480054309331209 0
5905 0.1287511469903331 -0.3485188874255313 0
5906 -0.1655019781547218 0.3117610382821644 0
5907 0.3122009369605598 -0.1647944561453674 0
5908 -0.3574891091098193 0.1309841220889216 0
5909 -0.4461579708735121 0.03108247277420683 0
5910 -0.3112982819690838 0.1667083625883839 0
5911 0.3573128879604991 -0.1310021962829772 0
5912 -0.1283298032888343 0.3492190229697265 0
5913 0.2990643296351808 -0.1780466990820982 0
5914 0.361243154480806 -0.1156344354420247 0
5915 0.1662315313937616 -0.3113707725265098 0
5916 -0.3611090327509321 0.1156991930604403 0
5917 0.1816425776342165 -0.3084031410155728 0
5918 -0.3084031430034704 0.1816425796244568 0
5919 0.4420778165333655 -0.0474674914022223 0
5920 -0.181665043637383 0.3084256069637304 0
5921 -0.1253349993682617 0.3647716191145476 0
5922 -0.4327694157170793 0.04403165508926486 0
5923 0.04574624743020538 -0.4318697304948481 0
5924 0.1253561895458916 -0.364792809292063 0
5925 -0.04392754270408427 0.4329220039817775 0
5926 0.2263110452561301 -0.2507228713492974 0
5927 0.3863314134405714 -0.0550684604674848 0
5928 0.4135238042914633 -0.07588990222366493 0
5929 -0.06765913841968969 0.4092242762666644 0
5930 -0.4099813597538458 0.06678302513157927 0
5931 0.06684374251128271 -0.4097273360368216 0
5932 -0.2308742320187831 0.2591494854965958 0
5933 0.09271030485032619 -0.3838067033035436 0
5934 -0.2007153593878409 0.2757488851855063 0
5935 -0.09731593954757578 0.3930905874617698 0
5936 0.3930128893143314 -0.09744758694773675 0
5937 0.2804195132097256 -0.2099969779999178 0
5938 -0.01778628047517888 0.4588547061576296 0
5939 0.2100099438365078 -0.2804324790226003 0
5940 -0.2804324848506301 0.2100099495612386 0
5941 -0.392772660877625 0.09778882159861833 0
5942 -0.3347557547846946 0.1417441088844603 0
5943 0.3299087906807907 -0.1603123238232342 0
5944 0.2500325406279063 -0.2273032217103501 0
5945 0.3347879655954448 -0.1417369175989463 0
5946 -0.4775632914781311 0.01319023051153832 0
5947 0.3823304824519692 -0.06854693924835284 0
5948 0.4775821010210133 -0.01316093139049157 0
5949 -0.3246414271646108 0.1517857076791325 0
5950 -0.3791031155196132 0.1114974817045411 0
5951 -0.42840213284658 0.06220494974844226 0
5952 0.428387023054946 -0.06223724640243101 0
5953 -0.007638979282049983 0.4688729375995381 0
5954 0.1906790893760727 -0.2860114119378877 0
5955 -0.2860351734877282 0.1905065505491809 0
5956 0.2860565727620137 -0.1905973434924186 0
5957 -0.1902215970232322 0.2862131071556178 0
5958 -0.1029694433163845 0.3736603369721462 0
5959 -0.1603994628841861 0.3301039582745703 0
5960 0.1033194367777373 -0.3730257415835581 0
5961 0.05598400519046563 -0.420338254230881 0
5962 -0.05600783478462468 0.4210364812456527 0
5963 0.2390557243239206 -0.2378182620096139 0
5964 0.1469801326708157 -0.3434329125171201 0
5965 -0.463955396672502 0.0267691376238991 0
5966 0.4638830154854267 -0.02670132952909104 0
5967 -0.1469242524036102 0.3441073509958871 0
5968 0.161072525672837 -0.3300866101071311 0
5969 0.4045411380194969 -0.07475045871258867 0
5970 0.3794520754928541 -0.1116239763492146 0
5971 -0.4896894252676118 9.359134994779694e-12 0
5972 0.4896894252526732 -4.218847493575595e-15 0
5973 4.046529777923524e-11 0.4896894252428139 0
5974 2.635996282362996e-11 -0.4896894252709835 0
5975 -0.2371497499776028 0.2405549957104974 0
5976 -0.2409707489244819 0.227214484962291 0
5977 -0.07499330066586755 0.4054882973394882 0
5978 0.2224597763608025 -0.2581663341140498 0
5979 0.008676413717776093 -0.4593806389824559 0
5980 0.1241181121699575 -0.3577042588777116 0
5981 -0.1243178998993723 0.3572389337507253 0
5982 0.005230392446060588 -0.4728220836695392 0
5983 -0.1742880779809175 0.3073487836473017 0
5984 -0.223249474851058 0.2582075663863474 0
5985 0.1741500939170952 -0.3073970652607121 0
5986 -0.3074362244889753 0.1740324285292308 0
5987 0.3963951599436916 -0.06187853850160224 0
5988 0.4410417025536248 -0.04007181371741614 0
5989 0.05315158506510498 -0.4273466518167039 0
5990 0.1110641083079519 -0.3696361007767202 0
$EndNodes
$Elements
11978
1 1 2 20 11 1 5
2 1 2 20 11 5 6
3 1 2 20 11 6 7
4 1 2 20 11 7 8
5 1 2 20 11 8 9
6 1 2 20 11 9 10
7 1 2 20 11 10 11
8 1 2 20 11 11 12
9 1 2 20 11 12 13
10 1 2 20 11 13 14
11 1 2 20 11 14 15
12 1 2 20 11 15 16
13 1 2 20 11 16 17
14 1 2 20 11 17 18
15 1 2 20 11 18 19
16 1 2 20 11 19 20
17 1 2 20 11 20 21
18 1 2 20 11 21 22
19 1 2 20 11 22 23
20 1 2 20 11 23 24
21 1 2 20 11 24 25
22 1 2 20 11 25 26
23 1 2 20 11 26 27
24 1 2 20 11 27 28
25 1 2 20 11 28 29
26 1 2 20 11 29 30
27 1 2 20 11 30 31
28 1 2 20 11 31 32
29 1 2 20 11 32 33
30 1 2 20 11 33 34
31 1 2 20 11 34 35
32 1 2 20 11 35 36
33 1 2 20 11 36 37
34 1 2 20 11 37 38
35 1 2 20 11 38 39
36 1 2 20 11 39 40
37 1 2 20 11 40 41
38 1 2 20 11 41 42
39 1 2 20 11 42 43
40 1 2 20 11 43 44
41 1 2 20 11 44 45
42 1 2 20 11 45 46
43 1 2 20 11 46 47
44 1 2 20 11 47 48
45 1 2 20 11 48 49
46 1 2 20 11 49 50
47 1 2 20 11 50 51
48 1 2 20 11 51 52
49 1 2 20 11 52 53
50 1 2 20 11 53 54
51 1 2 20 11 54 55
52 1 2 20 11 55 56
53 1 2 20 11 56 57
54 1 2 20 11 57 58
55 1 2 20 11 58 59
56 1 2 20 11 59 60
57 1 2 20 11 60 61
58 1 2 20 11 61 62
59 1 2 20 11 62 63
60 1 2 20 11 63 64
61 1 2 20 11 64 65
62 1 2 20 11 65 66
63 1 2 20 11 66 67
64 1 2 20 11 67 68
65 1 2 20 11 68 69
66 1 2 20 11 69 70
67 1 2 20 11 70 71
68 1 2 20 11 71 72
69 1 2 20 11 72 73
70 1 2 20 11 73 74
71 1 2 20 11 74 2
72 1 2 20 12 2 75
73 1 2 20 12 75 76
74 1 2 20 12 76 77
75 1 2 20 12 77 78
76 1 2 20 12 78 79
77 1 2 20 12 79 80
78 1 2 20 12 80 81
79 1 2 20 12 81 82
80 1 2 20 12 82 83
81 1 2 20 12 83 84
82 1 2 20 12 84 85
83 1 2 20 12 85 86
84 1 2 20 12 86 87
85 1 2 20 12 87 88
86 1 2 20 12 88 89
87 1 2 20 12 89 90
88 1 2 20 12 90 91
89 1 2 20 12 91 92
90 1 2 20 12 92 93
91 1 2 20 12 93 94
92 1 2 20 12 94 95
93 1 2 20 12 95 96
94 1 2 20 12 96 97
95 1 2 20 12 97 98
96 1 2 20 12 98 99
97 1 2 20 12 99 100
98 1 2 20 12 100 101
99 1 2 20 12 101 102
100 1 2 20 12 102 103
101 1 2 20 12 103 104
102 1 2 20 12 104 105
103 1 2 20 12 105 106
104 1 2 20 12 106 107
105 1 2 20 12 107 108
106 1 2 20 12 108 109
107 1 2 20 12 109 110
108 1 2 20 12 110 111
109 1 2 20 12 111 112
110 1 2 20 12 112 113
111 1 2 20 12 113 114
112 1 2 20 12 114 115
113 1 2 20 12 115 116
114 1 2 20 12 116 117
115 1 2 20 12 117 118
116 1 2 20 12 118 119
117 1 2 20 12 119 120
118 1 2 20 12 120 121
119 1 2 20 12 121 122
120 1 2 20 12 122 123
121 1 2 20 12 123 124
122 1 2 20 12 124 125
123 1 2 20 12 125 126
124 1 2 20 12 126 127
125 1 2 20 12 127 128
126 1 2 20 12 128 129
127 1 2 20 12 129 130
128 1 2 20 12 130 131
129 1 2 20 12 131 132
130 1 2 20 12 132 133
131 1 2 20 12 133 134
132 1 2 20 12 134 135
133 1 2 20 12 135 136
134 1 2 20 12 136 137
135 1 2 20 12 137 138
136 1 2 20 12 138 139
137 1 2 20 12 139 140
138 1 2 20 12 140 141
139 1 2 20 12 141 142
140 1 2 20 12 142 143
141 1 2 20 12 143 144
142 1 2 20 12 144 3
143 1 2 20 13 3 145
144 1 2 20 13 145 146
145 1 2 20 13 146 147
146 1 2 20 13 147 148
147 1 2 20 13 148 149
148 1 2 20 13 149 150
149 1 2 20 13 150 151
150 1 2 20 13 151 152
151 1 2 20 13 152 153
152 1 2 20 13 153 154
153 1 2 20 13 154 155
154 1 2 20 13 155 156
155 1 2 20 13 156 157
156 1 2 20 13 157 158
157 1 2 20 13 158 159
158 1 2 20 13 159 160
159 1 2 20 13 160 161
160 1 2 20 13 161 162
161 1 2 20 13 162 163
162 1 2 20 13 163 164
163 1 2 20 13 164 165
164 1 2 20 13 165 166
165 1 2 20 13 166 167
166 1 2 20 13 167 168
167 1 2 20 13 168 169
168 1 2 20 13 169 170
169 1 2 20 13 170 171
170 1 2 20 13 171 172
171 1 2 20 13 172 173
172 1 2 20 13 173 174
173 1 2 20 13 174 175
174 1 2 20 13 175 176
175 1 2 20 13 176 177
176 1 2 20 13 177 178
177 1 2 20 13 178 179
178 1 2 20 13 179 180
179 1 2 20 13 180 181
180 1 2 20 13 181 182
181 1 2 20 13 182 183
182 1 2 20 13 183 184
183 1 2 20 13 184 185
184 1 2 20 13 185 186
185 1 2 20 13 186 187
186 1 2 20 13 187 188
187 1 2 20 13 188 189
188 1 2 20 13 189 190
189 1 2 20 13 190 191
190 1 2 20 13 191 192
191 1 2 20 13 192 193
192 1 2 20 13 193 194
193 1 2 20 13 194 195
194 1 2 20 13 195 196
195 1 2 20 13 196 197
196 1 2 20 13 197 198
197 1 2 20 13 198 199
198 1 2 20 13 199 200
199 1 2 20 13 200 201
200 1 2 20 13 201 202
201 1 2 20 13 202 203
202 1 2 20 13 203 204
203 1 2 20 13 204 205
204 1 2 20 13 205 206
205 1 2 20 13 206 207
206 1 2 20 13 207 208
207 1 2 20 13 208 209
208 1 2 20 13 209 210
209 1 2 20 13 210 211
210 1 2 20 13 211 212
211 1 2 20 13 212 213
212 1 2 20 13 213 214
213 1 2 20 13 214 4
214 1 2 20 14 4 215
215 1 2 20 14 215 216
216 1 2 20 14 216 217
217 1 2 20 14 217 218
218 1 2 20 14 218 219
219 1 2 20 14 219 220
220 1 2 20 14 220 221
221 1 2 20 14 221 222
222 1 2 20 14 222 223
223 1 2 20 14 223 224
224 1 2 20 14 224 225
225 1 2 20 14 225 226
226 1 2 20 14 226 227
227 1 2 20 14 227 228
228 1 2 20 14 228 229
229 1 2 20 14 229 230
230 1 2 20 14 230 231
231 1 2 20 14 231 232
232 1 2 20 14 232 233
233 1 2 20 14 233 234
234 1 2 20 14 234 235
235 1 2 20 14 235 236
236 1 2 20 14 236 237
237 1 2 20 14 237 238
238 1 2 20 14 238 239
239 1 2 20 14 239 240
240 1 2 20 14 240 241
241 1 2 20 14 241 242
242 1 2 20 14 242 243
243 1 2 20 14 243 244
244 1 2 20 14 244 245
245 1 2 20 14 245 246
246 1 2 20 14 246 247
247 1 2 20 14 247 248
248 1 2 20 14 248 249
249 1 2 20 14 249 250
250 1 2 20 14 250 251
251 1 2 20 14 251 252
252 1 2 20 14 252 253
253 1 2 20 14 253 254
254 1 2 20 14 254 255
255 1 2 20 14 255 256
256 1 2 20 14 256 257
257 1 2 20 14 257 258
258 1 2 20 14 258 259
259 1 2 20 14 259 260
260 1 2 20 14 260 261
261 1 2 20 14 261 262
262 1 2 20 14 262 263
263 1 2 20 14 263 264
264 1 2 20 14 264 265
265 1 2 20 14 265 266
266 1 2 20 14 266 267
267 1 2 20 14 267 268
268 1 2 20 14 268 269
269 1 2 20 14 269 270
270 1 2 20 14 270 271
271 1 2 20 14 271 272
272 1 2 20 14 272 273
273 1 2 20 14 273 274
274 1 2 20 14 274 275
275 1 2 20 14 275 276
276 1 2 20 14 276 277
277 1 2 20 14 277 278
278 1 2 20 14 278 279
279 1 2 20 14 279 280
280 1 2 20 14 280 281
281 1 2 20 14 281 282
282 1 2 20 14 282 283
283 1 2 20 14 283 284
284 1 2 20 14 284 1
285 2 2 2 2 292 4425 3830
286 2 2 2 2 306 5871 3443
287 2 2 2 2 4412 5962 4809
288 2 2 2 2 3451 5873 296
289 2 2 2 2 4414 5963 3442
290 2 2 2 2 3443 5958 306
291 2 2 2 2 362 3514 3513
292 2 2 2 2 3450 3467 363
293 2 2 2 2 3459 5875 294
294 2 2 2 2 289 5876 4709
295 2 2 2 2 335 3975 3470
296 2 2 2 2 296 5957 3451
297 2 2 2 2 3830 5956 292
298 2 2 2 2 372 5962 4412
299 2 2 2 2 5848 5878 390
300 2 2 2 2 3465 3956 355
301 2 2 2 2 288 5963 4414
302 2 2 2 2 94 3512 352
303 2 2 2 2 4029 4054 381
304 2 2 2 2 3478 3479 346
305 2 2 2 2 332 3984 3983
306 2 2 2 2 4423 5868 3964
307 2 2 2 2 294 5954 3459
308 2 2 2 2 4709 5955 289
309 2 2 2 2 139 3526 326
310 2 2 2 2 390 5953 5848
311 2 2 2 2 299 5884 4382
312 2 2 2 2 343 3511 239
313 2 2 2 2 297 5887 4537
314 2 2 2 2 374 4233 4125
315 2 2 2 2 355 5888 3465
316 2 2 2 2 3149 4870 4416
317 2 2 2 2 3513 5936 362
318 2 2 2 2 363 5935 3450
319 2 2 2 2 3448 4450 373
320 2 2 2 2 354 5891 3872
321 2 2 2 2 3971 4150 3973
322 2 2 2 2 378 4418 3689
323 2 2 2 2 315 4449 3449
324 2 2 2 2 335 5937 3975
325 2 2 2 2 381 5949 4029
326 2 2 2 2 3471 4639 328
327 2 2 2 2 366 4055 3469
328 2 2 2 2 330 3474 3472
329 2 2 2 2 4382 5945 299
330 2 2 2 2 3479 5939 346
331 2 2 2 2 332 5940 3984
332 2 2 2 2 3458 5898 321
333 2 2 2 2 3523 4202 3499
334 2 2 2 2 4510 5904 323
335 2 2 2 2 4537 5942 297
336 2 2 2 2 3964 5941 4423
337 2 2 2 2 3951 5908 351
338 2 2 2 2 4385 5911 331
339 2 2 2 2 395 5757 3498
340 2 2 2 2 393 5815 3495
341 2 2 2 2 3872 5938 354
342 2 2 2 2 267 3509 351
343 2 2 2 2 3972 4150 3971
344 2 2 2 2 4125 5934 374
345 2 2 2 2 3510 4232 3502
346 2 2 2 2 3518 5927 4662
347 2 2 2 2 4662 5947 3518
348 2 2 2 2 373 5933 3448
349 2 2 2 2 3481 3485 379
350 2 2 2 2 95 3512 94
351 2 2 2 2 3526 5903 326
352 2 2 2 2 330 5943 3474
353 2 2 2 2 4870 4871 4416
354 2 2 2 2 4202 5965 3499
355 2 2 2 2 4418 5930 3689
356 2 2 2 2 3449 5931 315
357 2 2 2 2 3512 5905 352
358 2 2 2 2 3487 3488 369
359 2 2 2 2 239 3511 238
360 2 2 2 2 3506 4626 3508
361 2 2 2 2 127 3520 331
362 2 2 2 2 140 3526 139
363 2 2 2 2 3488 3490 317
364 2 2 2 2 321 5925 3458
365 2 2 2 2 343 5906 3511
366 2 2 2 2 3485 4351 320
367 2 2 2 2 3471 5922 4639
368 2 2 2 2 323 5923 4510
369 2 2 2 2 4232 5967 3502
370 2 2 2 2 3498 5946 395
371 2 2 2 2 3467 3468 363
372 2 2 2 2 362 3515 3514
373 2 2 2 2 310 3963 3486
374 2 2 2 2 268 3509 267
375 2 2 2 2 351 5916 3951
376 2 2 2 2 346 3480 3478
377 2 2 2 2 331 5914 4385
378 2 2 2 2 3469 5913 366
379 2 2 2 2 3495 5948 393
380 2 2 2 2 4384 5911 4385
381 2 2 2 2 3506 5968 4626
382 2 2 2 2 3953 5908 3951
383 2 2 2 2 3743 5963 4049
384 2 2 2 2 357 3495 3494
385 2 2 2 2 5044 5962 4234
386 2 2 2 2 4416 5899 3149
387 2 2 2 2 3466 5904 4510
388 2 2 2 2 360 3498 3497
389 2 2 2 2 123 3521 122
390 2 2 2 2 3871 5898 3458
391 2 2 2 2 3465 5889 3956
392 2 2 2 2 4374 5961 4456
393 2 2 2 2 128 3520 127
394 2 2 2 2 4150 5897 3973
395 2 2 2 2 220 5898 5891
396 2 2 2 2 80 5904 5888
397 2 2 2 2 265 5908 5887
398 2 2 2 2 125 5911 5884
399 2 2 2 2 3412 3519 2680
400 2 2 2 2 4055 5907 3469
401 2 2 2 2 369 3489 3487
402 2 2 2 2 3490 3491 317
403 2 2 2 2 4087 5960 5128
404 2 2 2 2 3500 3501 303
405 2 2 2 2 310 3964 3963
406 2 2 2 2 3492 3519 309
407 2 2 2 2 3494 3496 357
408 2 2 2 2 3497 3499 360
409 2 2 2 2 302 3506 3505
410 2 2 2 2 3501 3502 303
411 2 2 2 2 4625 5958 3406
412 2 2 2 2 302 3505 3504
413 2 2 2 2 3872 5891 3871
414 2 2 2 2 3455 5957 4545
415 2 2 2 2 4424 5956 3980
416 2 2 2 2 3465 5888 3466
417 2 2 2 2 4537 5887 3953
418 2 2 2 2 5218 5954 4448
419 2 2 2 2 4228 5955 4321
420 2 2 2 2 3214 5780 3508
421 2 2 2 2 4382 5884 4384
422 2 2 2 2 328 5909 3471
423 2 2 2 2 3874 5953 4366
424 2 2 2 2 3479 5218 4448
425 2 2 2 2 4228 4321 3984
426 2 2 2 2 396 5880 3939
427 2 2 2 2 3485 5951 379
428 2 2 2 2 3461 5875 3459
429 2 2 2 2 4709 5876 3530
430 2 2 2 2 3491 5881 3517
431 2 2 2 2 2680 3519 3492
432 2 2 2 2 3975 4424 3980
433 2 2 2 2 394 5878 5848
434 2 2 2 2 3457 5873 3451
435 2 2 2 2 3443 5871 3445
436 2 2 2 2 3450 4625 3406
437 2 2 2 2 309 3513 3492
438 2 2 2 2 4049 5963 288
439 2 2 2 2 4130 5867 4131
440 2 2 2 2 4423 5901 5868
441 2 2 2 2 2518 4323 3507
442 2 2 2 2 3446 5949 4427
443 2 2 2 2 3412 3520 3519
444 2 2 2 2 4234 5962 372
445 2 2 2 2 3488 5952 369
446 2 2 2 2 3509 5916 351
447 2 2 2 2 395 5879 5757
448 2 2 2 2 3689 5901 378
449 2 2 2 2 4449 5902 3449
450 2 2 2 2 3742 4871 2413
451 2 2 2 2 299 3521 123
452 2 2 2 2 393 5877 5815
453 2 2 2 2 3508 5780 3507
454 2 2 2 2 3510 5781 3464
455 2 2 2 2 4456 5961 382
456 2 2 2 2 4427 5942 3446
457 2 2 2 2 3448 5902 4450
458 2 2 2 2 3503 5139 2158
459 2 2 2 2 317 5952 3488
460 2 2 2 2 4306 5990 4104
461 2 2 2 2 5891 5898 3871
462 2 2 2 2 5888 5904 3466
463 2 2 2 2 4104 5990 5870
464 2 2 2 2 5887 5908 3953
465 2 2 2 2 5884 5911 4384
466 2 2 2 2 4366 5938 3874
467 2 2 2 2 4233 5900 4125
468 2 2 2 2 3470 5899 335
469 2 2 2 2 308 5960 4087
470 2 2 2 2 3503 5781 3510
471 2 2 2 2 4545 5934 3455
472 2 2 2 2 3520 5914 331
473 2 2 2 2 320 5951 3485
474 2 2 2 2 3983 5897 332
475 2 2 2 2 3507 4323 3505
476 2 2 2 2 5128 5933 4087
477 2 2 2 2 306 5958 4625
478 2 2 2 2 5880 5982 3939
479 2 2 2 2 4545 5957 296
480 2 2 2 2 292 5956 4424
481 2 2 2 2 4351 5930 320
482 2 2 2 2 4456 5931 4374
483 2 2 2 2 4234 5929 5044
484 2 2 2 2 3109 3522 3113
485 2 2 2 2 3743 4871 3742
486 2 2 2 2 2413 4871 4870
487 2 2 2 2 3507 5780 2518
488 2 2 2 2 3517 5969 3491
489 2 2 2 2 3501 5139 3503
490 2 2 2 2 3515 3516 3514
491 2 2 2 2 3442 5926 4414
492 2 2 2 2 3486 5950 310
493 2 2 2 2 4809 5925 4412
494 2 2 2 2 379 5922 3481
495 2 2 2 2 3472 5907 330
496 2 2 2 2 4029 5910 4054
497 2 2 2 2 4448 5954 294
498 2 2 2 2 289 5955 4228
499 2 2 2 2 4425 5913 3830
500 2 2 2 2 4366 5953 390
501 2 2 2 2 2158 5781 3503
502 2 2 2 2 3521 5943 122
503 2 2 2 2 2694 3524 2698
504 2 2 2 2 3506 3507 3505
505 2 2 2 2 3501 3503 3502
506 2 2 2 2 5867 5975 4131
507 2 2 2 2 3111 3523 3522
508 2 2 2 2 3111 3527 3523
509 2 2 2 2 3113 3522 3497
510 2 2 2 2 3111 3522 3109
511 2 2 2 2 2311 5927 3518
512 2 2 2 2 3497 3522 3499
513 2 2 2 2 3964 3965 3963
514 2 2 2 2 3494 3524 3496
515 2 2 2 2 2698 3524 3494
516 2 2 2 2 2693 3524 2694
517 2 2 2 2 3972 5894 4150
518 2 2 2 2 4049 5944 3743
519 2 2 2 2 357 5948 3495
520 2 2 2 2 4427 5949 381
521 2 2 2 2 2693 3525 3524
522 2 2 2 2 3489 5869 3487
523 2 2 2 2 2693 5782 3525
524 2 2 2 2 3515 3517 3516
525 2 2 2 2 4612 5896 5893
526 2 2 2 2 3506 3508 3507
527 2 2 2 2 3503 3510 3502
528 2 2 2 2 3116 3527 3112
529 2 2 2 2 5890 5895 2665
530 2 2 2 2 360 5946 3498
531 2 2 2 2 4413 5989 5923
532 2 2 2 2 3471 3527 3116
533 2 2 2 2 3112 3527 3111
534 2 2 2 2 3517 3518 3516
535 2 2 2 2 362 5882 3515
536 2 2 2 2 3468 5883 363
537 2 2 2 2 3522 3523 3499
538 2 2 2 2 3963 3965 3152
539 2 2 2 2 3524 3525 3496
540 2 2 2 2 3965 3966 3152
541 2 2 2 2 3525 3526 3496
542 2 2 2 2 5795 5797 3396
543 2 2 2 2 3396 5797 3136
544 2 2 2 2 5783 5784 3393
545 2 2 2 2 3393 5784 3133
546 2 2 2 2 5786 5787 3394
547 2 2 2 2 3394 5787 3134
548 2 2 2 2 5791 5792 4432
549 2 2 2 2 4432 5792 322
550 2 2 2 2 286 5809 4455
551 2 2 2 2 4455 5809 5807
552 2 2 2 2 5808 5864 210
553 2 2 2 2 5801 5858 371
554 2 2 2 2 5795 5855 198
555 2 2 2 2 5794 5847 4422
556 2 2 2 2 5793 5839 181
557 2 2 2 2 5789 5824 2619
558 2 2 2 2 5791 5819 4742
559 2 2 2 2 2662 5861 5813
560 2 2 2 2 3967 5854 5811
561 2 2 2 2 5049 5863 5814
562 2 2 2 2 4496 5825 5800
563 2 2 2 2 4451 5821 5798
564 2 2 2 2 2397 5857 5812
565 2 2 2 2 2294 5837 5806
566 2 2 2 2 2396 5852 5810
567 2 2 2 2 150 5822 5796
568 2 2 2 2 5790 5821 313
569 2 2 2 2 5786 5826 162
570 2 2 2 2 5788 5829 168
571 2 2 2 2 5438 5833 5803
572 2 2 2 2 5785 5831 4447
573 2 2 2 2 5783 5830 171
574 2 2 2 2 2042 5823 5799
575 2 2 2 2 3138 5825 5802
576 2 2 2 2 2388 5827 5804
577 2 2 2 2 3139 5828 5805
578 2 2 2 2 2654 5838 5807
579 2 2 2 2 2424 4028 2423
580 2 2 2 2 3528 3531 2443
581 2 2 2 2 2443 3626 3528
582 2 2 2 2 3169 3532 2699
583 2 2 2 2 3528 3626 3163
584 2 2 2 2 3169 4014 3532
585 2 2 2 2 3739 5154 1147
586 2 2 2 2 3162 5255 3533
587 2 2 2 2 4032 5768 2664
588 2 2 2 2 3533 5255 1151
589 2 2 2 2 3531 4029 4028
590 2 2 2 2 4053 4174 2431
591 2 2 2 2 585 3571 587
592 2 2 2 2 2423 4028 3409
593 2 2 2 2 2443 4028 2424
594 2 2 2 2 1164 5578 1163
595 2 2 2 2 3532 3626 2699
596 2 2 2 2 597 4565 3573
597 2 2 2 2 3773 4174 4053
598 2 2 2 2 3531 4028 2443
599 2 2 2 2 3663 4014 3169
600 2 2 2 2 3163 3626 3532
601 2 2 2 2 3036 5610 3270
602 2 2 2 2 3779 4441 348
603 2 2 2 2 3773 4053 4051
604 2 2 2 2 3258 3663 3169
605 2 2 2 2 3166 3572 3165
606 2 2 2 2 1160 4357 1159
607 2 2 2 2 1163 5578 3772
608 2 2 2 2 3535 3572 1629
609 2 2 2 2 3411 5768 4032
610 2 2 2 2 3258 5154 3739
611 2 2 2 2 3258 3739 3663
612 2 2 2 2 2472 3554 3552
613 2 2 2 2 2837 5032 2842
614 2 2 2 2 3835 4645 4536
615 2 2 2 2 3552 3554 3077
616 2 2 2 2 3790 5081 3622
617 2 2 2 2 2447 4186 4115
618 2 2 2 2 1495 4089 4088
619 2 2 2 2 1167 5771 5578
620 2 2 2 2 3557 5595 3558
621 2 2 2 2 2178 3624 3623
622 2 2 2 2 4115 4186 4114
623 2 2 2 2 1147 5255 3739
624 2 2 2 2 9 5741 356
625 2 2 2 2 4088 4958 1495
626 2 2 2 2 2142 5638 3343
627 2 2 2 2 596 3557 594
628 2 2 2 2 1495 4536 4089
629 2 2 2 2 4114 4186 2448
630 2 2 2 2 2459 3609 3538
631 2 2 2 2 1856 3609 2459
632 2 2 2 2 2178 3623 3621
633 2 2 2 2 3173 4507 4506
634 2 2 2 2 5497 5554 3534
635 2 2 2 2 3739 5255 3162
636 2 2 2 2 587 3571 1629
637 2 2 2 2 3573 4565 3572
638 2 2 2 2 2181 5702 2709
639 2 2 2 2 4536 4645 4089
640 2 2 2 2 3777 5739 3327
641 2 2 2 2 3536 4958 4088
642 2 2 2 2 4051 4357 3773
643 2 2 2 2 3621 4718 2178
644 2 2 2 2 1292 5625 1445
645 2 2 2 2 3165 3572 3535
646 2 2 2 2 4052 5554 5497
647 2 2 2 2 2894 4507 3173
648 2 2 2 2 3558 5595 4656
649 2 2 2 2 1629 3571 3535
650 2 2 2 2 3533 5426 3534
651 2 2 2 2 3619 4718 3621
652 2 2 2 2 1151 5426 3533
653 2 2 2 2 2997 4409 3543
654 2 2 2 2 5426 5497 3534
655 2 2 2 2 3270 5610 3930
656 2 2 2 2 3543 4409 364
657 2 2 2 2 4015 5690 4970
658 2 2 2 2 634 4865 631
659 2 2 2 2 3602 5618 4656
660 2 2 2 2 3571 5386 3536
661 2 2 2 2 1576 4718 3619
662 2 2 2 2 3536 5386 4958
663 2 2 2 2 4113 5175 4774
664 2 2 2 2 3772 4357 1163
665 2 2 2 2 4355 4865 634
666 2 2 2 2 4052 5577 5554
667 2 2 2 2 585 5386 3571
668 2 2 2 2 3166 3573 3572
669 2 2 2 2 4053 5577 4052
670 2 2 2 2 1576 3619 3617
671 2 2 2 2 3672 5604 3969
672 2 2 2 2 5728 5775 3812
673 2 2 2 2 2460 4970 3537
674 2 2 2 2 1029 5615 574
675 2 2 2 2 4268 4309 1021
676 2 2 2 2 5760 5767 1169
677 2 2 2 2 5751 5754 4527
678 2 2 2 2 820 5596 560
679 2 2 2 2 3738 5759 1580
680 2 2 2 2 917 4315 3601
681 2 2 2 2 3598 4315 1819
682 2 2 2 2 3617 4643 1576
683 2 2 2 2 3597 5104 3600
684 2 2 2 2 1445 3609 1856
685 2 2 2 2 3601 4315 3598
686 2 2 2 2 3029 5743 3030
687 2 2 2 2 3597 3598 1819
688 2 2 2 2 3537 4205 2460
689 2 2 2 2 5762 5778 2144
690 2 2 2 2 4645 5767 5760
691 2 2 2 2 3349 5617 5613
692 2 2 2 2 1819 5104 3597
693 2 2 2 2 3118 5754 5751
694 2 2 2 2 5688 5774 4675
695 2 2 2 2 3635 5355 638
696 2 2 2 2 4115 5570 5525
697 2 2 2 2 3539 3612 646
698 2 2 2 2 3600 5104 630
699 2 2 2 2 4267 4309 4268
700 2 2 2 2 3560 3562 2180
701 2 2 2 2 5613 5617 3903
702 2 2 2 2 3173 4643 3617
703 2 2 2 2 3779 5032 4441
704 2 2 2 2 630 4865 3600
705 2 2 2 2 646 3556 3539
706 2 2 2 2 642 5463 639
707 2 2 2 2 3846 5717 2836
708 2 2 2 2 3615 4318 1497
709 2 2 2 2 638 5355 635
710 2 2 2 2 631 4865 630
711 2 2 2 2 1608 5730 5560
712 2 2 2 2 3790 5771 1167
713 2 2 2 2 4318 4319 1497
714 2 2 2 2 4399 5587 4398
715 2 2 2 2 4642 5580 4267
716 2 2 2 2 2180 4316 3560
717 2 2 2 2 4506 4643 3173
718 2 2 2 2 2709 3831 3056
719 2 2 2 2 5572 5736 1734
720 2 2 2 2 1163 4357 1160
721 2 2 2 2 1159 4357 4051
722 2 2 2 2 3778 5368 5356
723 2 2 2 2 3831 3969 3056
724 2 2 2 2 3174 3759 3551
725 2 2 2 2 1628 5761 5742
726 2 2 2 2 957 3714 885
727 2 2 2 2 3549 3714 957
728 2 2 2 2 3779 5368 3778
729 2 2 2 2 3562 3563 2180
730 2 2 2 2 3017 5476 2938
731 2 2 2 2 3551 4034 3174
732 2 2 2 2 2826 5338 4034
733 2 2 2 2 3707 5242 3614
734 2 2 2 2 1167 5081 3790
735 2 2 2 2 3614 4277 3707
736 2 2 2 2 2836 5032 2837
737 2 2 2 2 2842 5032 3779
738 2 2 2 2 1938 3563 1940
739 2 2 2 2 594 3557 646
740 2 2 2 2 3697 4279 3345
741 2 2 2 2 3343 5638 3595
742 2 2 2 2 5101 5659 2925
743 2 2 2 2 3560 4316 3559
744 2 2 2 2 820 4279 3697
745 2 2 2 2 3759 5192 3551
746 2 2 2 2 348 5368 3779
747 2 2 2 2 3270 5594 5589
748 2 2 2 2 5636 5753 1579
749 2 2 2 2 5626 5630 3905
750 2 2 2 2 3623 3790 3622
751 2 2 2 2 3538 5166 2459
752 2 2 2 2 5589 5594 329
753 2 2 2 2 3602 4656 3601
754 2 2 2 2 2431 5577 4053
755 2 2 2 2 5525 5570 3573
756 2 2 2 2 4058 5521 295
757 2 2 2 2 4034 5338 3174
758 2 2 2 2 3047 5605 2991
759 2 2 2 2 1408 5593 5584
760 2 2 2 2 5567 5573 3200
761 2 2 2 2 5584 5593 4259
762 2 2 2 2 1692 4504 1694
763 2 2 2 2 2705 5499 2505
764 2 2 2 2 5653 5671 386
765 2 2 2 2 1445 5625 3609
766 2 2 2 2 1167 5578 1164
767 2 2 2 2 3567 5671 5653
768 2 2 2 2 3559 4316 2461
769 2 2 2 2 3644 3810 3630
770 2 2 2 2 2642 5681 3367
771 2 2 2 2 2448 5175 4114
772 2 2 2 2 4223 5535 344
773 2 2 2 2 4223 5530 4224
774 2 2 2 2 3590 4153 1716
775 2 2 2 2 3934 5573 5567
776 2 2 2 2 4790 5623 340
777 2 2 2 2 5535 5546 344
778 2 2 2 2 3231 4198 3611
779 2 2 2 2 4224 5530 5524
780 2 2 2 2 5521 5524 295
781 2 2 2 2 2140 5630 5626
782 2 2 2 2 439 5718 5701
783 2 2 2 2 2925 4507 2894
784 2 2 2 2 5647 5764 3076
785 2 2 2 2 3189 5551 5546
786 2 2 2 2 2461 3852 3559
787 2 2 2 2 4669 5476 3017
788 2 2 2 2 1716 4481 3590
789 2 2 2 2 5684 5699 316
790 2 2 2 2 3542 5551 3189
791 2 2 2 2 3554 5759 3738
792 2 2 2 2 3231 3611 2705
793 2 2 2 2 2180 3563 1938
794 2 2 2 2 4711 5506 1333
795 2 2 2 2 3172 3612 3539
796 2 2 2 2 3604 5699 5684
797 2 2 2 2 5565 5568 304
798 2 2 2 2 5762 5766 3352
799 2 2 2 2 5601 5618 2342
800 2 2 2 2 364 5150 3543
801 2 2 2 2 3566 4710 2229
802 2 2 2 2 3545 5574 5568
803 2 2 2 2 1941 5609 2368
804 2 2 2 2 957 4277 3614
805 2 2 2 2 2461 4163 3852
806 2 2 2 2 1283 5672 5472
807 2 2 2 2 3544 5574 3545
808 2 2 2 2 5534 5726 2845
809 2 2 2 2 295 5498 4058
810 2 2 2 2 3590 4481 3588
811 2 2 2 2 3565 3566 2229
812 2 2 2 2 1575 3624 2178
813 2 2 2 2 4685 5481 4686
814 2 2 2 2 3573 5570 597
815 2 2 2 2 3352 5766 4032
816 2 2 2 2 4970 5690 3537
817 2 2 2 2 4114 5175 4113
818 2 2 2 2 3351 5588 2627
819 2 2 2 2 3588 4481 3791
820 2 2 2 2 1924 3624 1575
821 2 2 2 2 3542 5565 304
822 2 2 2 2 2229 4482 3565
823 2 2 2 2 3688 4373 3690
824 2 2 2 2 590 5388 588
825 2 2 2 2 3179 4769 3555
826 2 2 2 2 3588 3791 3586
827 2 2 2 2 4267 5580 4309
828 2 2 2 2 957 3614 3549
829 2 2 2 2 638 5463 3635
830 2 2 2 2 3852 4163 3568
831 2 2 2 2 634 5355 4355
832 2 2 2 2 1497 5388 3615
833 2 2 2 2 885 3714 869
834 2 2 2 2 3586 3791 1951
835 2 2 2 2 3583 3586 1951
836 2 2 2 2 4482 4953 3565
837 2 2 2 2 440 5520 484
838 2 2 2 2 4269 5552 5479
839 2 2 2 2 3180 3707 3548
840 2 2 2 2 3548 3759 3180
841 2 2 2 2 3969 5604 3056
842 2 2 2 2 2173 4386 3627
843 2 2 2 2 3644 5463 642
844 2 2 2 2 784 4953 4482
845 2 2 2 2 1682 3741 1684
846 2 2 2 2 954 5629 3361
847 2 2 2 2 4129 4130 4128
848 2 2 2 2 344 5530 4223
849 2 2 2 2 4774 5175 3564
850 2 2 2 2 4409 5542 5254
851 2 2 2 2 356 5741 3878
852 2 2 2 2 3581 4592 3579
853 2 2 2 2 2709 5702 3831
854 2 2 2 2 3577 3579 1955
855 2 2 2 2 4072 5212 2768
856 2 2 2 2 5150 5238 3543
857 2 2 2 2 3413 4386 4385
858 2 2 2 2 4224 5524 5521
859 2 2 2 2 3697 5596 820
860 2 2 2 2 2051 4373 3688
861 2 2 2 2 3579 4592 1955
862 2 2 2 2 2664 5768 3448
863 2 2 2 2 3651 5372 1153
864 2 2 2 2 4268 5552 4269
865 2 2 2 2 4115 5525 2447
866 2 2 2 2 3569 3657 1627
867 2 2 2 2 3189 5546 5535
868 2 2 2 2 3611 5499 2705
869 2 2 2 2 3691 5615 1029
870 2 2 2 2 5175 5406 3564
871 2 2 2 2 2401 5213 2402
872 2 2 2 2 340 5238 5150
873 2 2 2 2 3180 5242 3707
874 2 2 2 2 1955 4632 3577
875 2 2 2 2 3555 5733 5642
876 2 2 2 2 5254 5542 3327
877 2 2 2 2 3577 4632 3575
878 2 2 2 2 434 5571 919
879 2 2 2 2 3575 4632 1956
880 2 2 2 2 3554 3738 3077
881 2 2 2 2 3050 5610 3036
882 2 2 2 2 1627 4010 3569
883 2 2 2 2 3642 3715 3641
884 2 2 2 2 3182 5297 3181
885 2 2 2 2 3570 4953 784
886 2 2 2 2 3568 4163 1928
887 2 2 2 2 3627 4386 3413
888 2 2 2 2 642 3810 3644
889 2 2 2 2 2789 5773 5670
890 2 2 2 2 2488 3631 3629
891 2 2 2 2 3657 3711 1627
892 2 2 2 2 1640 5587 4399
893 2 2 2 2 717 5437 3784
894 2 2 2 2 3548 5192 3759
895 2 2 2 2 2051 3688 3686
896 2 2 2 2 1964 3640 2185
897 2 2 2 2 304 5551 3542
898 2 2 2 2 1801 4156 4155
899 2 2 2 2 3603 3792 772
900 2 2 2 2 3566 4711 4710
901 2 2 2 2 12 5727 324
902 2 2 2 2 3574 3575 1956
903 2 2 2 2 2488 3632 3631
904 2 2 2 2 1354 5457 1351
905 2 2 2 2 4686 5481 3010
906 2 2 2 2 953 5475 5423
907 2 2 2 2 772 3792 773
908 2 2 2 2 4954 5619 3021
909 2 2 2 2 953 5423 3553
910 2 2 2 2 3851 5409 3483
911 2 2 2 2 1713 3961 1703
912 2 2 2 2 2047 4127 2401
913 2 2 2 2 3850 3961 1713
914 2 2 2 2 453 5680 1580
915 2 2 2 2 1956 4175 3574
916 2 2 2 2 4155 4156 4154
917 2 2 2 2 3564 5406 3563
918 2 2 2 2 1928 3711 3568
919 2 2 2 2 688 4536 623
920 2 2 2 2 4818 5333 4817
921 2 2 2 2 3068 3825 2806
922 2 2 2 2 3553 5349 953
923 2 2 2 2 4279 5602 5600
924 2 2 2 2 3629 4343 2488
925 2 2 2 2 3327 5739 5254
926 2 2 2 2 3640 3642 3641
927 2 2 2 2 1668 5114 1670
928 2 2 2 2 5153 5166 4101
929 2 2 2 2 3545 5568 5565
930 2 2 2 2 3172 5388 3612
931 2 2 2 2 4127 4129 4128
932 2 2 2 2 3840 5634 3325
933 2 2 2 2 3574 4175 3628
934 2 2 2 2 3686 4027 2051
935 2 2 2 2 4124 4263 4123
936 2 2 2 2 3628 4175 1670
937 2 2 2 2 5475 5495 3783
938 2 2 2 2 1709 4027 3685
939 2 2 2 2 3646 4684 3645
940 2 2 2 2 3325 5634 5631
941 2 2 2 2 3200 5560 3546
942 2 2 2 2 4656 5618 3558
943 2 2 2 2 4156 4157 4154
944 2 2 2 2 3181 5297 3636
945 2 2 2 2 635 5355 634
946 2 2 2 2 2406 4263 4124
947 2 2 2 2 3605 4343 3629
948 2 2 2 2 3631 3644 3630
949 2 2 2 2 1670 5114 3628
950 2 2 2 2 3645 4684 2206
951 2 2 2 2 1663 4684 3646
952 2 2 2 2 772 4609 3603
953 2 2 2 2 1577 3711 1928
954 2 2 2 2 3546 5567 3200
955 2 2 2 2 3773 4357 3772
956 2 2 2 2 59 5373 58
957 2 2 2 2 1349 4218 1352
958 2 2 2 2 4123 4263 1906
959 2 2 2 2 3646 4098 1663
960 2 2 2 2 3685 4027 3686
961 2 2 2 2 3783 5495 3784
962 2 2 2 2 3615 5388 3172
963 2 2 2 2 596 5595 3557
964 2 2 2 2 1716 4504 1692
965 2 2 2 2 4098 4388 1663
966 2 2 2 2 1694 4504 4157
967 2 2 2 2 3637 3639 2188
968 2 2 2 2 3616 4068 1772
969 2 2 2 2 2942 5338 2826
970 2 2 2 2 5600 5602 3060
971 2 2 2 2 4124 4126 2406
972 2 2 2 2 4968 5503 4601
973 2 2 2 2 4615 5421 5370
974 2 2 2 2 3190 4343 3605
975 2 2 2 2 3616 4388 4098
976 2 2 2 2 4157 4504 4154
977 2 2 2 2 329 5574 3544
978 2 2 2 2 3612 5388 590
979 2 2 2 2 3152 5489 2942
980 2 2 2 2 5411 5427 3659
981 2 2 2 2 3052 5752 3050
982 2 2 2 2 57 3700 350
983 2 2 2 2 2486 3632 2484
984 2 2 2 2 2807 3824 3823
985 2 2 2 2 5423 5475 3783
986 2 2 2 2 3566 5506 4711
987 2 2 2 2 978 4093 1007
988 2 2 2 2 4178 4379 3648
989 2 2 2 2 4153 4504 1716
990 2 2 2 2 460 5378 463
991 2 2 2 2 4033 5460 3193
992 2 2 2 2 3186 5282 3221
993 2 2 2 2 4191 5280 3190
994 2 2 2 2 350 3700 3606
995 2 2 2 2 3636 3755 3181
996 2 2 2 2 2357 5523 2215
997 2 2 2 2 3358 5252 4615
998 2 2 2 2 646 3612 592
999 2 2 2 2 1951 3741 3583
1000 2 2 2 2 58 3700 57
1001 2 2 2 2 639 5463 638
1002 2 2 2 2 3643 4123 1906
1003 2 2 2 2 1772 4388 3616
1004 2 2 2 2 4615 5370 3358
1005 2 2 2 2 3839 5572 1408
1006 2 2 2 2 646 3557 3556
1007 2 2 2 2 3605 4191 3190
1008 2 2 2 2 1360 4162 3799
1009 2 2 2 2 3705 3797 1584
1010 2 2 2 2 1627 3711 1577
1011 2 2 2 2 784 3792 3570
1012 2 2 2 2 3624 3625 3623
1013 2 2 2 2 1800 4178 3648
1014 2 2 2 2 5614 5700 4583
1015 2 2 2 2 842 5090 871
1016 2 2 2 2 2762 3917 3753
1017 2 2 2 2 3640 3641 2185
1018 2 2 2 2 2752 5333 4818
1019 2 2 2 2 3634 3644 3631
1020 2 2 2 2 1684 3741 1951
1021 2 2 2 2 3192 3711 3657
1022 2 2 2 2 592 3612 590
1023 2 2 2 2 2769 3608 3607
1024 2 2 2 2 4091 4092 1011
1025 2 2 2 2 484 5520 3695
1026 2 2 2 2 1146 3813 1149
1027 2 2 2 2 2188 3755 3637
1028 2 2 2 2 2997 5542 4409
1029 2 2 2 2 1603 3765 1604
1030 2 2 2 2 3678 3679 969
1031 2 2 2 2 3607 3608 2711
1032 2 2 2 2 2719 3670 3654
1033 2 2 2 2 4127 4128 2401
1034 2 2 2 2 2762 3753 3647
1035 2 2 2 2 3647 4712 2762
1036 2 2 2 2 3632 3634 3631
1037 2 2 2 2 2484 3632 2488
1038 2 2 2 2 2699 3626 2426
1039 2 2 2 2 2426 3626 2443
1040 2 2 2 2 5611 5663 4584
1041 2 2 2 2 773 3792 784
1042 2 2 2 2 1198 5304 1288
1043 2 2 2 2 1408 5584 3839
1044 2 2 2 2 949 3680 966
1045 2 2 2 2 4128 5213 2401
1046 2 2 2 2 3784 5437 3237
1047 2 2 2 2 2406 4127 2047
1048 2 2 2 2 5212 5372 3651
1049 2 2 2 2 2582 5329 2733
1050 2 2 2 2 511 3724 529
1051 2 2 2 2 2711 5093 3607
1052 2 2 2 2 1011 4095 4091
1053 2 2 2 2 3572 4565 1629
1054 2 2 2 2 1393 4887 1546
1055 2 2 2 2 1508 4287 3706
1056 2 2 2 2 3544 5589 329
1057 2 2 2 2 3854 5090 842
1058 2 2 2 2 881 5209 926
1059 2 2 2 2 3648 4558 1800
1060 2 2 2 2 767 4595 782
1061 2 2 2 2 3563 5406 1940
1062 2 2 2 2 969 4393 3678
1063 2 2 2 2 3221 3797 3705
1064 2 2 2 2 3675 4826 2061
1065 2 2 2 2 2061 3677 3675
1066 2 2 2 2 2188 3640 1964
1067 2 2 2 2 5370 5421 3017
1068 2 2 2 2 2318 3650 3649
1069 2 2 2 2 1713 3851 3850
1070 2 2 2 2 2938 5476 2937
1071 2 2 2 2 2187 3670 2719
1072 2 2 2 2 2554 3755 2183
1073 2 2 2 2 3606 4706 350
1074 2 2 2 2 3668 4826 3675
1075 2 2 2 2 1145 4356 3658
1076 2 2 2 2 3555 5642 3179
1077 2 2 2 2 2806 3825 2807
1078 2 2 2 2 3661 3662 2214
1079 2 2 2 2 58 5373 3700
1080 2 2 2 2 3232 4985 3184
1081 2 2 2 2 840 3854 842
1082 2 2 2 2 1638 5395 1992
1083 2 2 2 2 900 5412 5191
1084 2 2 2 2 1002 4613 3655
1085 2 2 2 2 717 5449 5437
1086 2 2 2 2 3641 5212 4072
1087 2 2 2 2 1284 4973 4972
1088 2 2 2 2 4402 5353 2822
1089 2 2 2 2 862 3668 3666
1090 2 2 2 2 3655 3656 1002
1091 2 2 2 2 3381 5723 5641
1092 2 2 2 2 535 3660 537
1093 2 2 2 2 1703 3961 1701
1094 2 2 2 2 3671 3883 1737
1095 2 2 2 2 586 4319 584
1096 2 2 2 2 2581 3894 3731
1097 2 2 2 2 3221 5282 3797
1098 2 2 2 2 3679 3680 969
1099 2 2 2 2 1497 4319 586
1100 2 2 2 2 4964 5605 3047
1101 2 2 2 2 3601 4656 917
1102 2 2 2 2 4687 5450 5402
1103 2 2 2 2 1379 4288 1508
1104 2 2 2 2 3662 4828 2214
1105 2 2 2 2 1142 4356 1145
1106 2 2 2 2 924 5302 3683
1107 2 2 2 2 1508 4288 4287
1108 2 2 2 2 1358 4035 1356
1109 2 2 2 2 2367 5382 3295
1110 2 2 2 2 2836 5717 5032
1111 2 2 2 2 2768 5212 3651
1112 2 2 2 2 2459 5638 2142
1113 2 2 2 2 2937 5592 5109
1114 2 2 2 2 3020 5492 5010
1115 2 2 2 2 4126 4127 2406
1116 2 2 2 2 1682 4592 3741
1117 2 2 2 2 1288 4288 1379
1118 2 2 2 2 4686 5450 4687
1119 2 2 2 2 350 4706 3896
1120 2 2 2 2 3946 4335 2805
1121 2 2 2 2 1695 4359 1693
1122 2 2 2 2 3661 4056 3708
1123 2 2 2 2 2742 4796 2743
1124 2 2 2 2 5533 5566 3550
1125 2 2 2 2 862 4826 3668
1126 2 2 2 2 3017 5421 4669
1127 2 2 2 2 4093 5036 1007
1128 2 2 2 2 2538 5633 5424
1129 2 2 2 2 2402 5213 2418
1130 2 2 2 2 2214 4056 3661
1131 2 2 2 2 3835 4536 688
1132 2 2 2 2 868 5149 857
1133 2 2 2 2 3823 3946 2807
1134 2 2 2 2 1011 4093 978
1135 2 2 2 2 340 5623 5238
1136 2 2 2 2 3930 5594 3270
1137 2 2 2 2 3708 4056 676
1138 2 2 2 2 3613 4177 2257
1139 2 2 2 2 2807 3825 3824
1140 2 2 2 2 3826 5157 3819
1141 2 2 2 2 3596 5166 5153
1142 2 2 2 2 3753 3917 463
1143 2 2 2 2 3741 4592 3581
1144 2 2 2 2 543 5256 550
1145 2 2 2 2 1138 4956 1141
1146 2 2 2 2 1977 4322 2567
1147 2 2 2 2 5043 5174 3719
1148 2 2 2 2 3718 5130 3717
1149 2 2 2 2 2874 5435 5156
1150 2 2 2 2 623 4536 1495
1151 2 2 2 2 3665 4837 808
1152 2 2 2 2 3678 4393 3702
1153 2 2 2 2 3349 5613 4318
1154 2 2 2 2 2257 3798 3613
1155 2 2 2 2 1236 4930 3736
1156 2 2 2 2 1713 5409 3851
1157 2 2 2 2 1141 4956 3693
1158 2 2 2 2 2925 5659 4507
1159 2 2 2 2 2151 5728 3541
1160 2 2 2 2 1432 5625 1292
1161 2 2 2 2 926 4095 958
1162 2 2 2 2 3673 3674 1611
1163 2 2 2 2 1021 5552 4268
1164 2 2 2 2 3222 4982 3710
1165 2 2 2 2 1992 3894 2581
1166 2 2 2 2 1351 4218 1349
1167 2 2 2 2 2210 4069 3751
1168 2 2 2 2 3562 3564 3563
1169 2 2 2 2 2486 3633 3632
1170 2 2 2 2 1288 5304 4288
1171 2 2 2 2 3784 5495 717
1172 2 2 2 2 969 3680 949
1173 2 2 2 2 3660 5095 537
1174 2 2 2 2 5161 5191 3210
1175 2 2 2 2 926 5209 4095
1176 2 2 2 2 3196 3709 3218
1177 2 2 2 2 3682 4855 1806
1178 2 2 2 2 2738 5130 3718
1179 2 2 2 2 5642 5733 3343
1180 2 2 2 2 676 4602 3708
1181 2 2 2 2 1431 4311 1526
1182 2 2 2 2 3734 5466 3009
1183 2 2 2 2 3896 4706 3198
1184 2 2 2 2 3728 4573 4571
1185 2 2 2 2 3765 5280 4191
1186 2 2 2 2 588 5388 1497
1187 2 2 2 2 529 3724 1631
1188 2 2 2 2 1906 4311 3643
1189 2 2 2 2 3654 3764 2719
1190 2 2 2 2 2733 5329 3721
1191 2 2 2 2 4057 5521 4058
1192 2 2 2 2 3650 5414 4860
1193 2 2 2 2 1351 5457 4218
1194 2 2 2 2 3541 5735 2151
1195 2 2 2 2 2976 4001 3880
1196 2 2 2 2 793 5413 783
1197 2 2 2 2 1632 5451 5199
1198 2 2 2 2 3728 4993 4573
1199 2 2 2 2 5602 5607 3060
1200 2 2 2 2 4489 4985 3232
1201 2 2 2 2 463 5378 3753
1202 2 2 2 2 1611 3717 3673
1203 2 2 2 2 3569 5297 3182
1204 2 2 2 2 1352 4218 2257
1205 2 2 2 2 4222 5535 4223
1206 2 2 2 2 1631 3724 3652
1207 2 2 2 2 4035 4162 1360
1208 2 2 2 2 4322 4712 3647
1209 2 2 2 2 2976 4855 3682
1210 2 2 2 2 1801 5556 4607
1211 2 2 2 2 3562 4773 3564
1212 2 2 2 2 3060 5607 3059
1213 2 2 2 2 1436 4736 3703
1214 2 2 2 2 4101 5166 3538
1215 2 2 2 2 2187 3726 3670
1216 2 2 2 2 3709 4717 3218
1217 2 2 2 2 1145 3813 1146
1218 2 2 2 2 5437 5449 3231
1219 2 2 2 2 1007 5036 1108
1220 2 2 2 2 3295 4397 3868
1221 2 2 2 2 4033 5047 1700
1222 2 2 2 2 4573 4993 2205
1223 2 2 2 2 1772 5114 1668
1224 2 2 2 2 537 5095 539
1225 2 2 2 2 958 4095 1011
1226 2 2 2 2 3702 4393 2782
1227 2 2 2 2 3862 4828 3662
1228 2 2 2 2 3751 4069 2967
1229 2 2 2 2 3198 4495 3896
1230 2 2 2 2 614 4965 4774
1231 2 2 2 2 3713 4468 1721
1232 2 2 2 2 3715 5316 1157
1233 2 2 2 2 3809 3810 647
1234 2 2 2 2 2782 4062 3702
1235 2 2 2 2 4092 4093 1011
1236 2 2 2 2 1353 4736 1436
1237 2 2 2 2 5147 5588 3351
1238 2 2 2 2 3331 5564 2831
1239 2 2 2 2 3880 4855 2976
1240 2 2 2 2 1753 5157 3826
1241 2 2 2 2 2967 4069 3768
1242 2 2 2 2 4991 5547 615
1243 2 2 2 2 2505 5499 2507
1244 2 2 2 2 4773 4774 3564
1245 2 2 2 2 3710 4982 1240
1246 2 2 2 2 3649 4322 2318
1247 2 2 2 2 3758 4083 387
1248 2 2 2 2 4333 4567 1020
1249 2 2 2 2 2368 5609 4640
1250 2 2 2 2 4630 5172 2710
1251 2 2 2 2 3639 3640 2188
1252 2 2 2 2 3903 5617 1029
1253 2 2 2 2 2623 4258 3906
1254 2 2 2 2 3199 3737 3736
1255 2 2 2 2 1442 5350 4188
1256 2 2 2 2 2719 3765 1603
1257 2 2 2 2 1700 5047 4178
1258 2 2 2 2 3664 5727 5713
1259 2 2 2 2 2769 5172 3608
1260 2 2 2 2 1546 4887 2318
1261 2 2 2 2 3782 3784 3237
1262 2 2 2 2 2750 4236 3725
1263 2 2 2 2 3030 5743 5470
1264 2 2 2 2 3318 3812 3811
1265 2 2 2 2 3765 4191 1604
1266 2 2 2 2 3658 3813 1145
1267 2 2 2 2 3768 4402 2967
1268 2 2 2 2 4333 4633 4567
1269 2 2 2 2 2183 3755 2188
1270 2 2 2 2 3736 4930 3199
1271 2 2 2 2 3166 5525 3573
1272 2 2 2 2 550 5256 3727
1273 2 2 2 2 4673 5385 5384
1274 2 2 2 2 4010 5297 3569
1275 2 2 2 2 862 3854 840
1276 2 2 2 2 3642 5316 3715
1277 2 2 2 2 2061 4595 3677
1278 2 2 2 2 1002 3660 535
1279 2 2 2 2 3868 4397 2508
1280 2 2 2 2 4973 5036 4094
1281 2 2 2 2 4094 5036 4093
1282 2 2 2 2 3181 3755 2554
1283 2 2 2 2 3906 4548 2623
1284 2 2 2 2 3196 3809 3709
1285 2 2 2 2 4002 4765 4001
1286 2 2 2 2 3231 5449 4198
1287 2 2 2 2 2861 5545 2860
1288 2 2 2 2 4178 5047 4379
1289 2 2 2 2 4001 4765 3880
1290 2 2 2 2 3199 3859 3737
1291 2 2 2 2 3627 5333 2173
1292 2 2 2 2 3656 3660 1002
1293 2 2 2 2 3706 4311 1508
1294 2 2 2 2 3645 5161 3210
1295 2 2 2 2 894 4204 3811
1296 2 2 2 2 1691 3884 1689
1297 2 2 2 2 5143 5224 3681
1298 2 2 2 2 2498 5174 5043
1299 2 2 2 2 1610 4292 3958
1300 2 2 2 2 4817 5333 3627
1301 2 2 2 2 3701 4083 3758
1302 2 2 2 2 4170 4371 876
1303 2 2 2 2 3681 5224 3680
1304 2 2 2 2 3237 4135 3782
1305 2 2 2 2 5090 5302 924
1306 2 2 2 2 3657 4985 3192
1307 2 2 2 2 4571 4574 3728
1308 2 2 2 2 3958 4168 1610
1309 2 2 2 2 3684 4495 3198
1310 2 2 2 2 1687 4799 1685
1311 2 2 2 2 3652 4796 1631
1312 2 2 2 2 3727 4574 550
1313 2 2 2 2 4567 5152 5079
1314 2 2 2 2 3218 4717 4597
1315 2 2 2 2 1737 4359 3671
1316 2 2 2 2 1708 4874 4081
1317 2 2 2 2 1284 5036 4973
1318 2 2 2 2 3666 3854 862
1319 2 2 2 2 4609 5282 3603
1320 2 2 2 2 3637 3755 3636
1321 2 2 2 2 782 4595 2061
1322 2 2 2 2 1545 3717 1394
1323 2 2 2 2 4130 4131 4128
1324 2 2 2 2 3122 5636 4523
1325 2 2 2 2 3306 5376 5364
1326 2 2 2 2 871 5090 924
1327 2 2 2 2 4673 5366 2123
1328 2 2 2 2 4068 5114 1772
1329 2 2 2 2 1875 4335 3946
1330 2 2 2 2 2053 4849 4772
1331 2 2 2 2 3701 4727 1605
1332 2 2 2 2 5560 5730 3546
1333 2 2 2 2 4523 5647 3122
1334 2 2 2 2 5417 5468 4821
1335 2 2 2 2 2123 5366 5365
1336 2 2 2 2 4333 5073 4332
1337 2 2 2 2 5364 5376 2351
1338 2 2 2 2 3552 5666 2472
1339 2 2 2 2 324 5727 3664
1340 2 2 2 2 1356 4035 1360
1341 2 2 2 2 3184 4985 3657
1342 2 2 2 2 643 3810 642
1343 2 2 2 2 4036 5371 1137
1344 2 2 2 2 484 5481 4685
1345 2 2 2 2 1141 4356 1142
1346 2 2 2 2 1611 4035 1358
1347 2 2 2 2 4996 5565 3542
1348 2 2 2 2 4613 4796 3655
1349 2 2 2 2 2410 5162 2413
1350 2 2 2 2 2123 5385 4673
1351 2 2 2 2 3651 5405 3243
1352 2 2 2 2 4067 4602 676
1353 2 2 2 2 2728 5195 4467
1354 2 2 2 2 2750 4292 1610
1355 2 2 2 2 4810 5456 5283
1356 2 2 2 2 671 4067 672
1357 2 2 2 2 4549 5318 3751
1358 2 2 2 2 783 4595 767
1359 2 2 2 2 3709 3809 647
1360 2 2 2 2 3201 3832 3752
1361 2 2 2 2 2942 5489 5338
1362 2 2 2 2 1800 4558 4359
1363 2 2 2 2 1700 5460 4033
1364 2 2 2 2 3653 5220 5199
1365 2 2 2 2 3295 5382 4397
1366 2 2 2 2 5695 5716 3861
1367 2 2 2 2 647 3810 643
1368 2 2 2 2 1394 3717 1611
1369 2 2 2 2 1992 5395 3894
1370 2 2 2 2 1357 4887 1393
1371 2 2 2 2 1617 3757 3712
1372 2 2 2 2 2807 3946 2805
1373 2 2 2 2 3832 4874 1708
1374 2 2 2 2 3630 3810 3809
1375 2 2 2 2 3724 5220 3653
1376 2 2 2 2 2511 3730 3729
1377 2 2 2 2 3811 4204 3318
1378 2 2 2 2 3693 4356 1141
1379 2 2 2 2 1621 4765 4002
1380 2 2 2 2 1333 5506 3179
1381 2 2 2 2 3883 3884 1737
1382 2 2 2 2 2783 4118 3756
1383 2 2 2 2 3749 5149 868
1384 2 2 2 2 4818 5377 2752
1385 2 2 2 2 919 5571 5182
1386 2 2 2 2 3768 5353 4402
1387 2 2 2 2 857 5149 876
1388 2 2 2 2 2354 5490 2304
1389 2 2 2 2 2318 4887 3650
1390 2 2 2 2 560 5596 558
1391 2 2 2 2 2368 5580 4642
1392 2 2 2 2 3683 5209 924
1393 2 2 2 2 4334 5075 1986
1394 2 2 2 2 3904 4548 3906
1395 2 2 2 2 312 5604 3672
1396 2 2 2 2 1693 4359 1737
1397 2 2 2 2 3211 4727 3701
1398 2 2 2 2 2318 4322 1977
1399 2 2 2 2 3781 4135 1952
1400 2 2 2 2 1526 4311 1906
1401 2 2 2 2 5561 5562 4184
1402 2 2 2 2 4091 4095 3191
1403 2 2 2 2 2413 5162 3742
1404 2 2 2 2 1800 4359 1695
1405 2 2 2 2 4259 5593 2140
1406 2 2 2 2 1259 3788 1258
1407 2 2 2 2 3740 4067 671
1408 2 2 2 2 4037 5264 4040
1409 2 2 2 2 2206 5161 3645
1410 2 2 2 2 2675 3873 2415
1411 2 2 2 2 3819 5157 3947
1412 2 2 2 2 1605 4083 3701
1413 2 2 2 2 3719 5174 3718
1414 2 2 2 2 2785 5124 4977
1415 2 2 2 2 3726 4168 3958
1416 2 2 2 2 4332 5073 2219
1417 2 2 2 2 298 4495 3684
1418 2 2 2 2 3603 5282 3186
1419 2 2 2 2 4818 5432 5377
1420 2 2 2 2 4146 4933 4144
1421 2 2 2 2 808 5095 3665
1422 2 2 2 2 2743 4796 3652
1423 2 2 2 2 2567 4322 3647
1424 2 2 2 2 3725 4292 2750
1425 2 2 2 2 3655 4796 2742
1426 2 2 2 2 855 4136 853
1427 2 2 2 2 3782 4135 3781
1428 2 2 2 2 5405 5427 3243
1429 2 2 2 2 3227 4900 4554
1430 2 2 2 2 4255 4658 4257
1431 2 2 2 2 5516 5518 2359
1432 2 2 2 2 1020 5073 4333
1433 2 2 2 2 4774 4965 4113
1434 2 2 2 2 1806 4188 3682
1435 2 2 2 2 3286 5230 5111
1436 2 2 2 2 3885 5291 3272
1437 2 2 2 2 2325 5466 3734
1438 2 2 2 2 3752 3832 1708
1439 2 2 2 2 3659 5427 3813
1440 2 2 2 2 3010 5450 4686
1441 2 2 2 2 924 5209 881
1442 2 2 2 2 3735 3807 1582
1443 2 2 2 2 3722 4598 2548
1444 2 2 2 2 312 5373 59
1445 2 2 2 2 876 4371 4136
1446 2 2 2 2 671 4307 3740
1447 2 2 2 2 3756 3860 2783
1448 2 2 2 2 3674 4035 1611
1449 2 2 2 2 4327 5358 2219
1450 2 2 2 2 1721 3884 3713
1451 2 2 2 2 3785 3786 1266
1452 2 2 2 2 4120 4430 3242
1453 2 2 2 2 3613 5172 4177
1454 2 2 2 2 5384 5385 615
1455 2 2 2 2 2511 4490 3730
1456 2 2 2 2 551 4574 616
1457 2 2 2 2 4026 5067 3911
1458 2 2 2 2 3729 4307 2511
1459 2 2 2 2 4287 4466 3706
1460 2 2 2 2 5508 5513 2599
1461 2 2 2 2 3819 3947 3820
1462 2 2 2 2 4468 4799 1721
1463 2 2 2 2 2663 3872 3870
1464 2 2 2 2 3483 5409 3685
1465 2 2 2 2 2355 5503 4968
1466 2 2 2 2 3585 3837 3776
1467 2 2 2 2 4086 5525 3166
1468 2 2 2 2 3786 3788 1266
1469 2 2 2 2 1263 3787 1261
1470 2 2 2 2 790 5480 791
1471 2 2 2 2 1137 4956 1138
1472 2 2 2 2 4257 4658 4201
1473 2 2 2 2 574 5615 572
1474 2 2 2 2 5742 5761 3547
1475 2 2 2 2 4611 5332 5206
1476 2 2 2 2 1240 4467 3710
1477 2 2 2 2 4252 5326 4253
1478 2 2 2 2 3680 5224 966
1479 2 2 2 2 3740 4307 3729
1480 2 2 2 2 3026 5583 5582
1481 2 2 2 2 3857 3954 3858
1482 2 2 2 2 1776 5179 4532
1483 2 2 2 2 2049 5348 3966
1484 2 2 2 2 3998 4406 4152
1485 2 2 2 2 3946 3947 1875
1486 2 2 2 2 3243 5427 5411
1487 2 2 2 2 1721 4799 1687
1488 2 2 2 2 1169 5742 3547
1489 2 2 2 2 2655 4025 4024
1490 2 2 2 2 4144 4933 1195
1491 2 2 2 2 3747 3761 2605
1492 2 2 2 2 3866 4864 3207
1493 2 2 2 2 4772 4849 3804
1494 2 2 2 2 4253 5326 2532
1495 2 2 2 2 3712 3756 1617
1496 2 2 2 2 3641 4072 2185
1497 2 2 2 2 4062 4470 3702
1498 2 2 2 2 1737 3884 1691
1499 2 2 2 2 1508 4311 1431
1500 2 2 2 2 5365 5366 3699
1501 2 2 2 2 3684 5214 298
1502 2 2 2 2 4146 4474 4021
1503 2 2 2 2 3748 4849 2053
1504 2 2 2 2 3672 5373 312
1505 2 2 2 2 4059 4069 2210
1506 2 2 2 2 4597 4717 653
1507 2 2 2 2 1197 4772 3804
1508 2 2 2 2 1644 5434 1996
1509 2 2 2 2 2815 5098 3887
1510 2 2 2 2 3550 5566 3714
1511 2 2 2 2 4040 5264 3305
1512 2 2 2 2 5141 5159 636
1513 2 2 2 2 4006 4663 3867
1514 2 2 2 2 4633 5152 4567
1515 2 2 2 2 1545 3718 3717
1516 2 2 2 2 1220 4358 4185
1517 2 2 2 2 1291 4719 1183
1518 2 2 2 2 2605 3762 3747
1519 2 2 2 2 5079 5152 2733
1520 2 2 2 2 405 3757 407
1521 2 2 2 2 4061 4196 2814
1522 2 2 2 2 5093 5399 3607
1523 2 2 2 2 2207 3954 3857
1524 2 2 2 2 3557 3558 3556
1525 2 2 2 2 3232 5141 4489
1526 2 2 2 2 3721 5079 2733
1527 2 2 2 2 3703 4860 1436
1528 2 2 2 2 2847 4924 4508
1529 2 2 2 2 4532 5179 5163
1530 2 2 2 2 1284 5304 1198
1531 2 2 2 2 1584 4990 3705
1532 2 2 2 2 2663 3873 3872
1533 2 2 2 2 511 5220 3724
1534 2 2 2 2 4930 4982 3222
1535 2 2 2 2 1419 4492 1421
1536 2 2 2 2 4245 4998 4044
1537 2 2 2 2 4931 5275 5200
1538 2 2 2 2 4044 4998 1143
1539 2 2 2 2 2173 4551 4386
1540 2 2 2 2 3839 5736 5572
1541 2 2 2 2 4177 5172 2769
1542 2 2 2 2 3281 5308 3901
1543 2 2 2 2 3208 3866 3207
1544 2 2 2 2 3225 3761 3747
1545 2 2 2 2 3763 4610 2758
1546 2 2 2 2 3608 5172 4630
1547 2 2 2 2 672 4067 676
1548 2 2 2 2 3776 3837 1587
1549 2 2 2 2 1174 4663 4006
1550 2 2 2 2 4236 4593 3725
1551 2 2 2 2 2187 4168 3726
1552 2 2 2 2 2172 3808 2681
1553 2 2 2 2 4508 4924 3293
1554 2 2 2 2 1584 3797 3796
1555 2 2 2 2 3553 5423 2992
1556 2 2 2 2 4185 4358 4183
1557 2 2 2 2 3983 3984 3982
1558 2 2 2 2 1350 4736 1353
1559 2 2 2 2 3625 3790 3623
1560 2 2 2 2 3836 3928 1587
1561 2 2 2 2 4138 5267 4140
1562 2 2 2 2 3857 5124 2785
1563 2 2 2 2 4142 4144 1195
1564 2 2 2 2 438 5520 440
1565 2 2 2 2 2675 3874 3873
1566 2 2 2 2 3716 5564 3331
1567 2 2 2 2 928 4277 957
1568 2 2 2 2 4664 4819 4141
1569 2 2 2 2 3208 3867 3866
1570 2 2 2 2 1360 5457 1354
1571 2 2 2 2 2710 5172 3613
1572 2 2 2 2 3764 3869 2765
1573 2 2 2 2 1580 5680 3738
1574 2 2 2 2 459 5378 460
1575 2 2 2 2 4398 5587 3047
1576 2 2 2 2 3966 5489 3152
1577 2 2 2 2 2823 4825 4517
1578 2 2 2 2 3750 5545 2861
1579 2 2 2 2 5312 5351 1443
1580 2 2 2 2 3208 4006 3867
1581 2 2 2 2 2581 5329 2582
1582 2 2 2 2 3197 3809 3196
1583 2 2 2 2 603 5442 5003
1584 2 2 2 2 614 4774 4773
1585 2 2 2 2 2872 4934 4167
1586 2 2 2 2 1195 4664 4142
1587 2 2 2 2 4021 4933 4146
1588 2 2 2 2 4147 4474 4146
1589 2 2 2 2 290 4430 4120
1590 2 2 2 2 876 4136 855
1591 2 2 2 2 4005 4236 2750
1592 2 2 2 2 2758 4611 3763
1593 2 2 2 2 2415 3873 2663
1594 2 2 2 2 4167 4934 3788
1595 2 2 2 2 2655 5067 4026
1596 2 2 2 2 5183 5523 2357
1597 2 2 2 2 3365 5738 5734
1598 2 2 2 2 3241 4902 4851
1599 2 2 2 2 1113 4303 3926
1600 2 2 2 2 1266 3788 1259
1601 2 2 2 2 4142 4664 4141
1602 2 2 2 2 4140 4658 4255
1603 2 2 2 2 2557 4807 1590
1604 2 2 2 2 5288 5362 4547
1605 2 2 2 2 1108 5036 1284
1606 2 2 2 2 3223 5195 3726
1607 2 2 2 2 1270 4688 1276
1608 2 2 2 2 5403 5404 4795
1609 2 2 2 2 1236 4982 4930
1610 2 2 2 2 5095 5233 3665
1611 2 2 2 2 1735 4474 4147
1612 2 2 2 2 3876 3877 1878
1613 2 2 2 2 2460 5702 2181
1614 2 2 2 2 1266 3787 3785
1615 2 2 2 2 5251 5330 2136
1616 2 2 2 2 3893 4204 894
1617 2 2 2 2 3728 4574 3727
1618 2 2 2 2 2207 3857 3855
1619 2 2 2 2 3180 3759 2457
1620 2 2 2 2 3030 3846 2453
1621 2 2 2 2 2681 3829 3469
1622 2 2 2 2 744 3796 2736
1623 2 2 2 2 894 3811 3794
1624 2 2 2 2 2872 5299 2483
1625 2 2 2 2 3808 3829 2681
1626 2 2 2 2 3717 5130 3673
1627 2 2 2 2 407 3757 1617
1628 2 2 2 2 1468 3976 1812
1629 2 2 2 2 5472 5672 3097
1630 2 2 2 2 1775 5291 3885
1631 2 2 2 2 3932 4132 2199
1632 2 2 2 2 1263 5018 3787
1633 2 2 2 2 1952 4066 3781
1634 2 2 2 2 5496 5505 2862
1635 2 2 2 2 3712 4727 3211
1636 2 2 2 2 1689 3884 1721
1637 2 2 2 2 3643 4311 3706
1638 2 2 2 2 1587 3837 3836
1639 2 2 2 2 1996 5434 3723
1640 2 2 2 2 2551 5176 5126
1641 2 2 2 2 539 5095 808
1642 2 2 2 2 3748 4608 2893
1643 2 2 2 2 4666 4859 3235
1644 2 2 2 2 1685 4799 3752
1645 2 2 2 2 1033 5318 4549
1646 2 2 2 2 2253 3859 2252
1647 2 2 2 2 3046 4756 4079
1648 2 2 2 2 1261 3787 1266
1649 2 2 2 2 3962 4719 1291
1650 2 2 2 2 582 5386 585
1651 2 2 2 2 808 5256 543
1652 2 2 2 2 5042 5547 5402
1653 2 2 2 2 2841 3777 3327
1654 2 2 2 2 3980 4600 2523
1655 2 2 2 2 2822 5353 3662
1656 2 2 2 2 3217 4487 4169
1657 2 2 2 2 3746 4649 3849
1658 2 2 2 2 3793 3897 1396
1659 2 2 2 2 2457 3759 3174
1660 2 2 2 2 5013 5103 2241
1661 2 2 2 2 1582 3807 657
1662 2 2 2 2 2172 4487 3808
1663 2 2 2 2 3088 3883 3671
1664 2 2 2 2 1396 4548 3904
1665 2 2 2 2 42 5150 364
1666 2 2 2 2 589 4565 591
1667 2 2 2 2 550 4574 551
1668 2 2 2 2 1899 4361 2772
1669 2 2 2 2 2655 4024 2276
1670 2 2 2 2 1153 5405 3651
1671 2 2 2 2 3720 3721 898
1672 2 2 2 2 405 4004 3757
1673 2 2 2 2 452 5385 2123
1674 2 2 2 2 3922 4249 1250
1675 2 2 2 2 3649 4712 4322
1676 2 2 2 2 841 4017 1028
1677 2 2 2 2 5191 5412 3210
1678 2 2 2 2 2487 5281 2486
1679 2 2 2 2 4102 4106 2774
1680 2 2 2 2 4986 5232 2933
1681 2 2 2 2 542 5420 5051
1682 2 2 2 2 2204 5343 5228
1683 2 2 2 2 4250 5346 610
1684 2 2 2 2 853 4136 3776
1685 2 2 2 2 2655 4026 4025
1686 2 2 2 2 1189 3775 1579
1687 2 2 2 2 4512 4920 3217
1688 2 2 2 2 4554 4900 2274
1689 2 2 2 2 3361 5629 5431
1690 2 2 2 2 3024 4013 3977
1691 2 2 2 2 3726 5195 3670
1692 2 2 2 2 1415 3848 2576
1693 2 2 2 2 1883 3876 1878
1694 2 2 2 2 616 4574 4571
1695 2 2 2 2 1570 4641 2169
1696 2 2 2 2 3756 4118 1617
1697 2 2 2 2 4916 5021 3863
1698 2 2 2 2 4734 5006 4117
1699 2 2 2 2 5125 5197 3226
1700 2 2 2 2 1654 3985 2206
1701 2 2 2 2 2435 3981 2438
1702 2 2 2 2 3242 4342 4120
1703 2 2 2 2 873 3893 894
1704 2 2 2 2 3156 3851 3483
1705 2 2 2 2 2948 5240 5118
1706 2 2 2 2 4472 4473 4206
1707 2 2 2 2 3215 4487 3217
1708 2 2 2 2 3796 3797 2736
1709 2 2 2 2 4040 5075 4334
1710 2 2 2 2 2185 4400 1789
1711 2 2 2 2 843 4017 841
1712 2 2 2 2 3075 4312 3997
1713 2 2 2 2 4972 5304 1284
1714 2 2 2 2 4837 5256 808
1715 2 2 2 2 3860 4346 2783
1716 2 2 2 2 940 3892 877
1717 2 2 2 2 783 5413 4595
1718 2 2 2 2 4344 5313 3290
1719 2 2 2 2 1986 5289 4334
1720 2 2 2 2 89 4087 373
1721 2 2 2 2 3897 4505 1770
1722 2 2 2 2 1396 3904 3793
1723 2 2 2 2 4671 5366 4673
1724 2 2 2 2 1557 3987 1973
1725 2 2 2 2 4988 5257 1178
1726 2 2 2 2 3733 5324 3732
1727 2 2 2 2 3927 5014 4714
1728 2 2 2 2 3654 3869 3764
1729 2 2 2 2 3602 5103 5013
1730 2 2 2 2 3776 4136 3585
1731 2 2 2 2 5732 5737 3995
1732 2 2 2 2 1743 3954 1741
1733 2 2 2 2 3981 3983 3982
1734 2 2 2 2 880 4732 826
1735 2 2 2 2 4166 5048 3989
1736 2 2 2 2 4844 5278 2921
1737 2 2 2 2 3633 3634 3632
1738 2 2 2 2 2219 5358 4332
1739 2 2 2 2 2243 5133 2240
1740 2 2 2 2 2725 5308 3281
1741 2 2 2 2 4072 4400 2185
1742 2 2 2 2 1859 4070 3881
1743 2 2 2 2 3844 4018 4017
1744 2 2 2 2 1597 3735 1582
1745 2 2 2 2 2328 4918 4880
1746 2 2 2 2 4999 5198 3259
1747 2 2 2 2 2814 4470 4061
1748 2 2 2 2 3746 3849 3744
1749 2 2 2 2 3247 4236 4005
1750 2 2 2 2 1710 4027 1709
1751 2 2 2 2 3926 4303 3925
1752 2 2 2 2 4183 4358 1859
1753 2 2 2 2 1722 4472 4206
1754 2 2 2 2 3630 3809 3197
1755 2 2 2 2 637 3766 640
1756 2 2 2 2 4838 5055 2849
1757 2 2 2 2 5156 5435 3316
1758 2 2 2 2 4338 5293 5058
1759 2 2 2 2 2752 5377 2753
1760 2 2 2 2 4555 5360 4556
1761 2 2 2 2 2363 3992 1820
1762 2 2 2 2 3976 4013 1812
1763 2 2 2 2 1855 3962 1613
1764 2 2 2 2 5549 5556 4155
1765 2 2 2 2 1250 4249 1247
1766 2 2 2 2 45 4790 44
1767 2 2 2 2 3900 5229 3901
1768 2 2 2 2 4169 4512 3217
1769 2 2 2 2 886 4484 929
1770 2 2 2 2 4257 4895 4533
1771 2 2 2 2 3931 3932 2199
1772 2 2 2 2 5111 5230 921
1773 2 2 2 2 3049 4458 1588
1774 2 2 2 2 1790 3902 2553
1775 2 2 2 2 3225 4325 3761
1776 2 2 2 2 4244 4980 1279
1777 2 2 2 2 3367 5681 5488
1778 2 2 2 2 3679 3681 3680
1779 2 2 2 2 4467 5195 3710
1780 2 2 2 2 1187 3775 1189
1781 2 2 2 2 523 3833 435
1782 2 2 2 2 3793 4505 3897
1783 2 2 2 2 4126 4129 4127
1784 2 2 2 2 1492 4484 886
1785 2 2 2 2 5030 5136 1172
1786 2 2 2 2 1421 4492 1496
1787 2 2 2 2 2739 4706 4043
1788 2 2 2 2 1111 4064 1110
1789 2 2 2 2 2192 3931 2194
1790 2 2 2 2 3381 3992 2363
1791 2 2 2 2 1718 3921 1656
1792 2 2 2 2 4552 4775 2224
1793 2 2 2 2 1328 5011 1332
1794 2 2 2 2 4386 4551 4383
1795 2 2 2 2 2797 4063 3895
1796 2 2 2 2 3767 4069 4059
1797 2 2 2 2 1139 4064 1111
1798 2 2 2 2 1252 3922 1250
1799 2 2 2 2 5747 5749 3384
1800 2 2 2 2 2553 3902 3248
1801 2 2 2 2 5391 5416 1290
1802 2 2 2 2 1463 4666 3988
1803 2 2 2 2 3718 5174 2738
1804 2 2 2 2 3921 4729 1656
1805 2 2 2 2 3074 4491 3861
1806 2 2 2 2 1708 4081 1681
1807 2 2 2 2 3820 3947 3823
1808 2 2 2 2 1254 3999 1620
1809 2 2 2 2 3699 5378 459
1810 2 2 2 2 3721 4568 898
1811 2 2 2 2 5278 5347 4575
1812 2 2 2 2 3733 5345 5324
1813 2 2 2 2 3859 4524 3737
1814 2 2 2 2 3039 5599 3038
1815 2 2 2 2 1416 4070 1859
1816 2 2 2 2 5105 5357 2235
1817 2 2 2 2 1587 3928 849
1818 2 2 2 2 2194 3931 2199
1819 2 2 2 2 4188 5350 3682
1820 2 2 2 2 1010 4270 1116
1821 2 2 2 2 1304 5158 1464
1822 2 2 2 2 4598 4784 2548
1823 2 2 2 2 3858 5124 3857
1824 2 2 2 2 3927 4714 3926
1825 2 2 2 2 3232 5159 5141
1826 2 2 2 2 3770 4174 3773
1827 2 2 2 2 2176 4651 2665
1828 2 2 2 2 2444 4918 2328
1829 2 2 2 2 1805 4100 1444
1830 2 2 2 2 2845 3847 613
1831 2 2 2 2 3869 3922 2765
1832 2 2 2 2 1762 4387 1764
1833 2 2 2 2 3978 4345 1176
1834 2 2 2 2 3764 3765 2719
1835 2 2 2 2 896 3890 3889
1836 2 2 2 2 3117 3851 3156
1837 2 2 2 2 3646 4241 4098
1838 2 2 2 2 4155 5556 1801
1839 2 2 2 2 2774 4105 4102
1840 2 2 2 2 4003 4641 1570
1841 2 2 2 2 5190 5217 1909
1842 2 2 2 2 5292 5299 4167
1843 2 2 2 2 5126 5176 4239
1844 2 2 2 2 3974 3980 2523
1845 2 2 2 2 3788 4934 1258
1846 2 2 2 2 1741 3954 2207
1847 2 2 2 2 4061 4470 4062
1848 2 2 2 2 3179 5506 4769
1849 2 2 2 2 1183 4719 1185
1850 2 2 2 2 692 4828 3862
1851 2 2 2 2 4731 5341 3315
1852 2 2 2 2 712 3720 898
1853 2 2 2 2 2486 5281 3633
1854 2 2 2 2 1434 4346 4161
1855 2 2 2 2 2445 4014 3663
1856 2 2 2 2 3861 4491 2796
1857 2 2 2 2 1224 4015 1222
1858 2 2 2 2 3639 3642 3640
1859 2 2 2 2 3807 4597 653
1860 2 2 2 2 4076 5232 4986
1861 2 2 2 2 4749 5039 4353
1862 2 2 2 2 1613 3962 1291
1863 2 2 2 2 4305 5006 4734
1864 2 2 2 2 3706 4466 3453
1865 2 2 2 2 2687 3754 3461
1866 2 2 2 2 3814 3827 2646
1867 2 2 2 2 3306 3932 3931
1868 2 2 2 2 1720 3780 1792
1869 2 2 2 2 3870 4726 2663
1870 2 2 2 2 3744 3849 1915
1871 2 2 2 2 2843 4732 880
1872 2 2 2 2 2784 4166 3989
1873 2 2 2 2 4132 4133 2199
1874 2 2 2 2 4594 4689 1728
1875 2 2 2 2 1719 4604 1995
1876 2 2 2 2 960 4277 928
1877 2 2 2 2 1265 5018 1263
1878 2 2 2 2 194 4230 300
1879 2 2 2 2 2914 4012 1339
1880 2 2 2 2 4490 4689 3730
1881 2 2 2 2 3803 5502 4968
1882 2 2 2 2 1537 1821 1820
1883 2 2 2 2 4079 4756 3022
1884 2 2 2 2 4161 4346 3860
1885 2 2 2 2 3985 5161 2206
1886 2 2 2 2 3731 5329 2581
1887 2 2 2 2 657 3807 654
1888 2 2 2 2 3350 4598 3722
1889 2 2 2 2 2821 4620 1814
1890 2 2 2 2 1247 4249 1245
1891 2 2 2 2 3463 5262 5217
1892 2 2 2 2 3224 4082 4080
1893 2 2 2 2 1788 1790 1789
1894 2 2 2 2 4380 4381 2168
1895 2 2 2 2 1553 2034 1554
1896 2 2 2 2 3094 4558 3096
1897 2 2 2 2 4159 4160 1296
1898 2 2 2 2 4781 5559 5553
1899 2 2 2 2 4222 4223 2868
1900 2 2 2 2 3086 3883 3088
1901 2 2 2 2 3998 4152 4151
1902 2 2 2 2 1989 4880 1407
1903 2 2 2 2 2607 4013 3024
1904 2 2 2 2 3808 4487 3215
1905 2 2 2 2 2782 4479 4062
1906 2 2 2 2 2053 4608 3748
1907 2 2 2 2 3685 5409 1709
1908 2 2 2 2 2912 4525 2718
1909 2 2 2 2 3914 5065 1327
1910 2 2 2 2 4274 4321 3398
1911 2 2 2 2 3464 5262 3463
1912 2 2 2 2 3947 5157 1875
1913 2 2 2 2 3751 5318 2210
1914 2 2 2 2 3622 5081 3804
1915 2 2 2 2 3981 3982 2438
1916 2 2 2 2 2162 2425 2424
1917 2 2 2 2 4103 4106 4102
1918 2 2 2 2 2177 3744 1915
1919 2 2 2 2 3144 4477 2398
1920 2 2 2 2 1914 4651 2176
1921 2 2 2 2 2465 5074 4635
1922 2 2 2 2 2425 3888 2798
1923 2 2 2 2 736 4193 739
1924 2 2 2 2 4092 4094 4093
1925 2 2 2 2 3660 5233 5095
1926 2 2 2 2 4312 4620 2821
1927 2 2 2 2 5381 5398 1492
1928 2 2 2 2 1322 4801 1326
1929 2 2 2 2 846 4059 2210
1930 2 2 2 2 46 4121 45
1931 2 2 2 2 996 4270 1010
1932 2 2 2 2 2231 5122 5018
1933 2 2 2 2 4017 4018 1028
1934 2 2 2 2 5199 5451 3653
1935 2 2 2 2 2803 4955 4043
1936 2 2 2 2 616 4571 4570
1937 2 2 2 2 5041 5086 2566
1938 2 2 2 2 5286 5323 3704
1939 2 2 2 2 3302 4807 2557
1940 2 2 2 2 4304 5487 5434
1941 2 2 2 2 5464 5486 4176
1942 2 2 2 2 252 4149 361
1943 2 2 2 2 892 4151 867
1944 2 2 2 2 4745 5099 1783
1945 2 2 2 2 2252 3859 2512
1946 2 2 2 2 1590 4807 4134
1947 2 2 2 2 3399 4306 2876
1948 2 2 2 2 3213 4641 3805
1949 2 2 2 2 2530 4133 2966
1950 2 2 2 2 3916 4345 3978
1951 2 2 2 2 591 4565 597
1952 2 2 2 2 4329 4330 2125
1953 2 2 2 2 2839 3777 2841
1954 2 2 2 2 652 654 653
1955 2 2 2 2 2375 2961 2129
1956 2 2 2 2 1371 4078 1494
1957 2 2 2 2 1251 3999 1254
1958 2 2 2 2 565 4895 567
1959 2 2 2 2 4098 4241 2720
1960 2 2 2 2 3993 4995 3992
1961 2 2 2 2 396 3937 73
1962 2 2 2 2 4289 4291 4290
1963 2 2 2 2 3207 5162 2410
1964 2 2 2 2 4328 4329 2125
1965 2 2 2 2 1246 1248 1247
1966 2 2 2 2 4203 4550 2777
1967 2 2 2 2 2818 4500 3267
1968 2 2 2 2 877 3892 896
1969 2 2 2 2 2727 4466 4287
1970 2 2 2 2 876 5149 4170
1971 2 2 2 2 1996 5464 4176
1972 2 2 2 2 4339 4341 2516
1973 2 2 2 2 644 5021 4916
1974 2 2 2 2 2793 4920 4512
1975 2 2 2 2 3164 3529 3528
1976 2 2 2 2 1232 4188 1215
1977 2 2 2 2 2100 4636 2098
1978 2 2 2 2 1464 3987 1557
1979 2 2 2 2 4147 4463 1735
1980 2 2 2 2 1790 2183 1964
1981 2 2 2 2 3287 5269 4006
1982 2 2 2 2 3848 4997 4575
1983 2 2 2 2 3841 4017 843
1984 2 2 2 2 3115 3850 3117
1985 2 2 2 2 3850 3851 3117
1986 2 2 2 2 3923 4169 2122
1987 2 2 2 2 2623 4548 1549
1988 2 2 2 2 1321 5088 2829
1989 2 2 2 2 4196 4197 2873
1990 2 2 2 2 1225 4078 1371
1991 2 2 2 2 1973 3987 2763
1992 2 2 2 2 2670 4217 2672
1993 2 2 2 2 432 434 433
1994 2 2 2 2 3141 4900 3227
1995 2 2 2 2 3269 4904 4576
1996 2 2 2 2 3827 3828 2646
1997 2 2 2 2 4081 4874 3224
1998 2 2 2 2 1994 3780 1720
1999 2 2 2 2 1580 4352 451
2000 2 2 2 2 4851 4902 3899
2001 2 2 2 2 3998 4151 892
2002 2 2 2 2 3264 4525 2912
2003 2 2 2 2 1241 4467 1240
2004 2 2 2 2 1442 4188 1232
2005 2 2 2 2 849 3928 847
2006 2 2 2 2 1023 5265 4110
2007 2 2 2 2 2929 5242 5137
2008 2 2 2 2 4045 4116 1019
2009 2 2 2 2 1601 4168 2187
2010 2 2 2 2 4121 4790 45
2011 2 2 2 2 2899 4493 1646
2012 2 2 2 2 1790 1964 1789
2013 2 2 2 2 4627 5214 3684
2014 2 2 2 2 1686 3791 1688
2015 2 2 2 2 4281 4909 3638
2016 2 2 2 2 1494 4078 4076
2017 2 2 2 2 3879 3880 2843
2018 2 2 2 2 683 4828 692
2019 2 2 2 2 2814 4196 2873
2020 2 2 2 2 2375 5716 5695
2021 2 2 2 2 1245 2202 1244
2022 2 2 2 2 1502 4361 1899
2023 2 2 2 2 2646 3876 1883
2024 2 2 2 2 481 5682 5680
2025 2 2 2 2 3075 3379 2950
2026 2 2 2 2 632 633 631
2027 2 2 2 2 4860 5414 1436
2028 2 2 2 2 2758 5332 4611
2029 2 2 2 2 3671 4558 3094
2030 2 2 2 2 4237 4239 1196
2031 2 2 2 2 4532 4533 1776
2032 2 2 2 2 2131 4013 2607
2033 2 2 2 2 742 3796 744
2034 2 2 2 2 3233 4802 4579
2035 2 2 2 2 4080 4081 3224
2036 2 2 2 2 4201 4895 4257
2037 2 2 2 2 2667 4148 2670
2038 2 2 2 2 1663 4388 1661
2039 2 2 2 2 1674 4175 1956
2040 2 2 2 2 2515 5443 5413
2041 2 2 2 2 3881 4183 1859
2042 2 2 2 2 4530 4934 4260
2043 2 2 2 2 1788 1789 1786
2044 2 2 2 2 1187 1189 1188
2045 2 2 2 2 1746 3954 1743
2046 2 2 2 2 4635 5074 3266
2047 2 2 2 2 2253 4524 3859
2048 2 2 2 2 4065 4245 2798
2049 2 2 2 2 771 3767 789
2050 2 2 2 2 2034 2356 1554
2051 2 2 2 2 566 4007 1854
2052 2 2 2 2 2496 3196 2495
2053 2 2 2 2 1302 4579 1299
2054 2 2 2 2 1964 2185 1789
2055 2 2 2 2 1936 4316 2180
2056 2 2 2 2 1629 4565 589
2057 2 2 2 2 2060 2479 2059
2058 2 2 2 2 2825 3950 2824
2059 2 2 2 2 1877 2378 1607
2060 2 2 2 2 4148 4217 2670
2061 2 2 2 2 2725 3280 3279
2062 2 2 2 2 1806 4855 4758
2063 2 2 2 2 3185 3792 3603
2064 2 2 2 2 3735 4597 3807
2065 2 2 2 2 21 3930 307
2066 2 2 2 2 4080 4082 1707
2067 2 2 2 2 739 4193 3915
2068 2 2 2 2 497 4330 494
2069 2 2 2 2 1983 3990 3989
2070 2 2 2 2 856 859 858
2071 2 2 2 2 678 3760 1336
2072 2 2 2 2 1681 4081 1679
2073 2 2 2 2 668 671 670
2074 2 2 2 2 1315 4009 1313
2075 2 2 2 2 2795 3944 3943
2076 2 2 2 2 3823 3947 3946
2077 2 2 2 2 1620 4312 3075
2078 2 2 2 2 4589 4759 4454
2079 2 2 2 2 1620 3075 2950
2080 2 2 2 2 1781 3959 2508
2081 2 2 2 2 402 4004 405
2082 2 2 2 2 361 4219 251
2083 2 2 2 2 637 639 638
2084 2 2 2 2 1612 4345 3916
2085 2 2 2 2 386 5634 3840
2086 2 2 2 2 2966 4133 4132
2087 2 2 2 2 2434 3981 2435
2088 2 2 2 2 4319 5339 584
2089 2 2 2 2 2151 5775 5728
2090 2 2 2 2 2283 5211 5208
2091 2 2 2 2 3713 3884 3883
2092 2 2 2 2 5214 5300 298
2093 2 2 2 2 3901 5229 3281
2094 2 2 2 2 2817 4470 2755
2095 2 2 2 2 2896 5136 5030
2096 2 2 2 2 2059 3922 1252
2097 2 2 2 2 2192 2194 2193
2098 2 2 2 2 1296 4262 4159
2099 2 2 2 2 2728 4467 1244
2100 2 2 2 2 3635 5463 3634
2101 2 2 2 2 1784 1786 1785
2102 2 2 2 2 2824 3950 2827
2103 2 2 2 2 1262 4326 1264
2104 2 2 2 2 2170 4726 1911
2105 2 2 2 2 3106 5047 4843
2106 2 2 2 2 801 826 800
2107 2 2 2 2 1603 1604 1602
2108 2 2 2 2 1804 4034 3551
2109 2 2 2 2 1115 4610 1581
2110 2 2 2 2 1176 4469 3978
2111 2 2 2 2 1881 2030 1880
2112 2 2 2 2 2276 4024 2275
2113 2 2 2 2 3058 5382 2367
2114 2 2 2 2 4879 5167 1213
2115 2 2 2 2 3117 3156 3155
2116 2 2 2 2 2772 4361 4107
2117 2 2 2 2 737 3848 1415
2118 2 2 2 2 3848 4575 2576
2119 2 2 2 2 3752 4799 3201
2120 2 2 2 2 637 640 639
2121 2 2 2 2 1751 1753 1748
2122 2 2 2 2 3977 4013 3976
2123 2 2 2 2 1139 4065 4064
2124 2 2 2 2 4678 5170 4189
2125 2 2 2 2 3806 4641 4003
2126 2 2 2 2 3674 5189 4162
2127 2 2 2 2 1762 4683 4387
2128 2 2 2 2 4235 4593 4236
2129 2 2 2 2 2194 2196 2195
2130 2 2 2 2 1276 4688 4289
2131 2 2 2 2 3119 4893 4644
2132 2 2 2 2 2203 4955 2803
2133 2 2 2 2 1664 1668 1665
2134 2 2 2 2 1993 4190 1773
2135 2 2 2 2 3926 4714 1113
2136 2 2 2 2 1437 4338 1363
2137 2 2 2 2 896 3892 3890
2138 2 2 2 2 4325 4647 2848
2139 2 2 2 2 2312 4101 2054
2140 2 2 2 2 641 642 639
2141 2 2 2 2 1451 4839 2833
2142 2 2 2 2 290 4121 46
2143 2 2 2 2 468 5096 466
2144 2 2 2 2 3997 4312 2821
2145 2 2 2 2 2027 4164 1949
2146 2 2 2 2 2895 3748 2893
2147 2 2 2 2 1688 4481 1690
2148 2 2 2 2 467 3917 1618
2149 2 2 2 2 826 4732 800
2150 2 2 2 2 2162 2424 2423
2151 2 2 2 2 3757 4727 3712
2152 2 2 2 2 424 4194 426
2153 2 2 2 2 4381 4551 2168
2154 2 2 2 2 1172 4469 1173
2155 2 2 2 2 1272 4688 1270
2156 2 2 2 2 4500 4888 3267
2157 2 2 2 2 1173 4469 1176
2158 2 2 2 2 5185 5492 3020
2159 2 2 2 2 1822 5399 5395
2160 2 2 2 2 475 4109 472
2161 2 2 2 2 2441 4014 2445
2162 2 2 2 2 613 3847 412
2163 2 2 2 2 3955 3957 391
2164 2 2 2 2 4242 4243 2246
2165 2 2 2 2 1264 4326 1365
2166 2 2 2 2 1239 1242 1241
2167 2 2 2 2 2823 4517 2825
2168 2 2 2 2 3803 4968 3802
2169 2 2 2 2 2321 4987 1672
2170 2 2 2 2 1294 5197 5125
2171 2 2 2 2 595 4111 1816
2172 2 2 2 2 4348 4349 2864
2173 2 2 2 2 1581 4610 3763
2174 2 2 2 2 654 3807 653
2175 2 2 2 2 3989 5048 1983
2176 2 2 2 2 3381 3993 3992
2177 2 2 2 2 4494 5227 5035
2178 2 2 2 2 3177 3852 3568
2179 2 2 2 2 1239 1241 1240
2180 2 2 2 2 3800 3801 1088
2181 2 2 2 2 1444 4100 2605
2182 2 2 2 2 2496 3197 3196
2183 2 2 2 2 2209 4085 786
2184 2 2 2 2 1822 5395 1638
2185 2 2 2 2 2268 4457 2526
2186 2 2 2 2 2865 4222 2868
2187 2 2 2 2 931 3879 2843
2188 2 2 2 2 2668 4283 2157
2189 2 2 2 2 4257 4533 4256
2190 2 2 2 2 4576 4904 1658
2191 2 2 2 2 2672 4217 3457
2192 2 2 2 2 1512 4459 4107
2193 2 2 2 2 3593 3594 3591
2194 2 2 2 2 3580 3582 3581
2195 2 2 2 2 3853 4918 2444
2196 2 2 2 2 1019 4116 806
2197 2 2 2 2 187 4231 291
2198 2 2 2 2 5009 5094 3248
2199 2 2 2 2 3886 5168 3885
2200 2 2 2 2 447 3865 504
2201 2 2 2 2 1332 5011 1441
2202 2 2 2 2 3929 4667 2737
2203 2 2 2 2 728 4134 2761
2204 2 2 2 2 1747 4847 1749
2205 2 2 2 2 894 3794 838
2206 2 2 2 2 1326 4801 2815
2207 2 2 2 2 434 435 433
2208 2 2 2 2 4517 4825 1926
2209 2 2 2 2 2708 4281 3638
2210 2 2 2 2 3024 3723 3023
2211 2 2 2 2 2193 4667 2190
2212 2 2 2 2 1784 3863 1788
2213 2 2 2 2 3235 4859 4858
2214 2 2 2 2 2848 5022 4325
2215 2 2 2 2 3933 3934 2009
2216 2 2 2 2 435 3833 433
2217 2 2 2 2 1407 4880 4367
2218 2 2 2 2 2583 4190 1993
2219 2 2 2 2 1303 3775 1187
2220 2 2 2 2 3289 5298 5216
2221 2 2 2 2 3791 4481 1688
2222 2 2 2 2 3313 4395 4394
2223 2 2 2 2 4303 4512 3925
2224 2 2 2 2 1395 1396 1387
2225 2 2 2 2 1974 3814 2646
2226 2 2 2 2 2972 2974 2973
2227 2 2 2 2 1289 4281 2708
2228 2 2 2 2 1784 1788 1786
2229 2 2 2 2 2795 3943 3942
2230 2 2 2 2 2261 4096 2245
2231 2 2 2 2 940 4775 3892
2232 2 2 2 2 1651 1652 1650
2233 2 2 2 2 3885 5168 1775
2234 2 2 2 2 640 641 639
2235 2 2 2 2 3888 3895 2798
2236 2 2 2 2 473 3959 1778
2237 2 2 2 2 472 4109 473
2238 2 2 2 2 1553 1554 1468
2239 2 2 2 2 5585 5590 3354
2240 2 2 2 2 5341 5380 778
2241 2 2 2 2 1359 5170 4678
2242 2 2 2 2 2439 2441 2440
2243 2 2 2 2 1554 3976 1468
2244 2 2 2 2 2031 2382 2030
2245 2 2 2 2 4573 5294 4572
2246 2 2 2 2 270 310 269
2247 2 2 2 2 33 295 32
2248 2 2 2 2 1719 1994 1720
2249 2 2 2 2 4211 4563 4209
2250 2 2 2 2 3219 4066 4047
2251 2 2 2 2 1877 2379 2378
2252 2 2 2 2 1618 3917 2762
2253 2 2 2 2 4581 5320 5268
2254 2 2 2 2 2879 5160 5046
2255 2 2 2 2 2654 4744 2286
2256 2 2 2 2 5345 5396 859
2257 2 2 2 2 3037 3224 3051
2258 2 2 2 2 2238 4290 2242
2259 2 2 2 2 1615 1855 1613
2260 2 2 2 2 5612 5667 3722
2261 2 2 2 2 2989 5398 5381
2262 2 2 2 2 1672 4987 1669
2263 2 2 2 2 1112 4237 1196
2264 2 2 2 2 2031 4176 3332
2265 2 2 2 2 1840 4066 1952
2266 2 2 2 2 3164 3530 3529
2267 2 2 2 2 5471 5478 3935
2268 2 2 2 2 1604 4191 2496
2269 2 2 2 2 1635 4177 1637
2270 2 2 2 2 2793 4303 4302
2271 2 2 2 2 1803 1904 1804
2272 2 2 2 2 2569 2881 2880
2273 2 2 2 2 2977 4777 2838
2274 2 2 2 2 1433 4010 1389
2275 2 2 2 2 1647 1648 1646
2276 2 2 2 2 2758 4610 1120
2277 2 2 2 2 3607 5399 1822
2278 2 2 2 2 50 397 341
2279 2 2 2 2 2986 3308 2985
2280 2 2 2 2 1788 3902 1790
2281 2 2 2 2 2790 4637 4636
2282 2 2 2 2 2426 2443 2424
2283 2 2 2 2 1714 4027 1710
2284 2 2 2 2 1536 4995 1435
2285 2 2 2 2 774 4544 769
2286 2 2 2 2 385 4221 184
2287 2 2 2 2 1106 1107 1105
2288 2 2 2 2 3992 4995 1536
2289 2 2 2 2 1764 4387 2168
2290 2 2 2 2 3889 3893 896
2291 2 2 2 2 4043 4955 4631
2292 2 2 2 2 1537 1957 1821
2293 2 2 2 2 4835 4889 4122
2294 2 2 2 2 2140 5626 4259
2295 2 2 2 2 396 3939 3937
2296 2 2 2 2 1724 1725 682
2297 2 2 2 2 515 4327 517
2298 2 2 2 2 4294 4298 2608
2299 2 2 2 2 4021 4474 611
2300 2 2 2 2 934 1647 1646
2301 2 2 2 2 5026 5168 3886
2302 2 2 2 2 1794 1795 1199
2303 2 2 2 2 1958 4404 1821
2304 2 2 2 2 4082 4473 1707
2305 2 2 2 2 3843 4992 4989
2306 2 2 2 2 1339 4012 1341
2307 2 2 2 2 4003 4580 3806
2308 2 2 2 2 1789 4400 1786
2309 2 2 2 2 1778 3959 1781
2310 2 2 2 2 1719 1995 1994
2311 2 2 2 2 669 764 667
2312 2 2 2 2 2479 2765 2059
2313 2 2 2 2 3205 3206 2882
2314 2 2 2 2 3447 4515 2674
2315 2 2 2 2 2197 4526 2195
2316 2 2 2 2 1383 4320 1385
2317 2 2 2 2 2418 4485 2419
2318 2 2 2 2 3893 4364 4204
2319 2 2 2 2 3806 4580 4503
2320 2 2 2 2 2523 4368 3974
2321 2 2 2 2 1189 1215 1188
2322 2 2 2 2 2183 2188 1964
2323 2 2 2 2 2850 4192 2385
2324 2 2 2 2 4164 4659 1949
2325 2 2 2 2 1946 4186 2447
2326 2 2 2 2 3932 4293 4132
2327 2 2 2 2 2825 3951 3950
2328 2 2 2 2 838 3794 818
2329 2 2 2 2 2404 3769 2403
2330 2 2 2 2 1545 3719 3718
2331 2 2 2 2 1246 1247 1245
2332 2 2 2 2 1296 4160 1229
2333 2 2 2 2 989 4090 986
2334 2 2 2 2 1466 3988 1553
2335 2 2 2 2 4005 4559 3247
2336 2 2 2 2 3222 3710 3223
2337 2 2 2 2 473 4109 3959
2338 2 2 2 2 3580 3581 3579
2339 2 2 2 2 2771 4245 4044
2340 2 2 2 2 2535 4245 2771
2341 2 2 2 2 2553 2554 2183
2342 2 2 2 2 867 4151 805
2343 2 2 2 2 1812 4013 2131
2344 2 2 2 2 459 5365 3699
2345 2 2 2 2 1604 2496 2495
2346 2 2 2 2 2778 3838 3057
2347 2 2 2 2 5533 5545 3750
2348 2 2 2 2 191 4542 338
2349 2 2 2 2 1707 4473 4472
2350 2 2 2 2 1243 1245 1244
2351 2 2 2 2 3836 4272 3928
2352 2 2 2 2 2539 4617 2537
2353 2 2 2 2 4731 5380 5341
2354 2 2 2 2 1648 2899 1646
2355 2 2 2 2 1345 5323 5286
2356 2 2 2 2 2439 2442 2441
2357 2 2 2 2 1298 3864 1864
2358 2 2 2 2 3986 4502 673
2359 2 2 2 2 4360 4741 413
2360 2 2 2 2 1820 3992 1536
2361 2 2 2 2 2900 4320 1383
2362 2 2 2 2 1274 5234 1272
2363 2 2 2 2 2944 5189 3674
2364 2 2 2 2 665 4235 3247
2365 2 2 2 2 1854 4278 564
2366 2 2 2 2 3907 4271 2810
2367 2 2 2 2 2974 4001 2973
2368 2 2 2 2 2724 2986 2985
2369 2 2 2 2 3256 4892 4891
2370 2 2 2 2 4915 5342 5305
2371 2 2 2 2 935 937 936
2372 2 2 2 2 1297 4262 1296
2373 2 2 2 2 1487 3942 2023
2374 2 2 2 2 4260 4934 2872
2375 2 2 2 2 2019 4405 2636
2376 2 2 2 2 1790 2553 2183
2377 2 2 2 2 1090 3996 2358
2378 2 2 2 2 3582 3583 3581
2379 2 2 2 2 3205 3693 3206
2380 2 2 2 2 4077 4078 1225
2381 2 2 2 2 1229 4160 1228
2382 2 2 2 2 4111 4112 1816
2383 2 2 2 2 4516 4537 3952
2384 2 2 2 2 2568 2569 1729
2385 2 2 2 2 1774 5331 5303
2386 2 2 2 2 4977 5124 3826
2387 2 2 2 2 848 849 847
2388 2 2 2 2 1604 2495 1602
2389 2 2 2 2 1787 2136 1785
2390 2 2 2 2 415 4360 413
2391 2 2 2 2 2034 3968 2356
2392 2 2 2 2 3204 3740 3729
2393 2 2 2 2 1187 1188 1004
2394 2 2 2 2 3037 4082 3224
2395 2 2 2 2 2876 4306 3230
2396 2 2 2 2 2797 3895 3888
2397 2 2 2 2 319 4417 64
2398 2 2 2 2 2840 2977 2838
2399 2 2 2 2 3726 3958 3223
2400 2 2 2 2 2057 3919 2862
2401 2 2 2 2 2157 4283 2155
2402 2 2 2 2 4009 4990 1313
2403 2 2 2 2 3239 4784 4598
2404 2 2 2 2 555 4569 1630
2405 2 2 2 2 1745 1746 1743
2406 2 2 2 2 3136 4616 2813
2407 2 2 2 2 453 1580 451
2408 2 2 2 2 3287 4006 3208
2409 2 2 2 2 1137 1138 1111
2410 2 2 2 2 1230 1292 1231
2411 2 2 2 2 5163 5179 610
2412 2 2 2 2 2425 2426 2424
2413 2 2 2 2 2384 3064 2374
2414 2 2 2 2 4353 5039 3914
2415 2 2 2 2 1279 5058 4244
2416 2 2 2 2 1488 3942 1487
2417 2 2 2 2 2532 5296 4253
2418 2 2 2 2 3156 3482 3481
2419 2 2 2 2 195 4230 194
2420 2 2 2 2 835 3948 874
2421 2 2 2 2 3770 3772 3771
2422 2 2 2 2 2533 4579 1302
2423 2 2 2 2 1223 4119 2224
2424 2 2 2 2 4383 4551 4381
2425 2 2 2 2 3193 3850 3115
2426 2 2 2 2 1537 1820 1536
2427 2 2 2 2 1639 2060 2059
2428 2 2 2 2 3880 4765 2843
2429 2 2 2 2 3212 5214 4627
2430 2 2 2 2 1239 4282 1242
2431 2 2 2 2 1186 1303 1187
2432 2 2 2 2 1292 1293 1231
2433 2 2 2 2 1528 4338 1437
2434 2 2 2 2 1348 4596 1346
2435 2 2 2 2 2568 3309 2569
2436 2 2 2 2 2398 4477 2040
2437 2 2 2 2 2286 4744 2284
2438 2 2 2 2 896 3893 873
2439 2 2 2 2 5294 5310 4572
2440 2 2 2 2 757 4071 1628
2441 2 2 2 2 976 4117 2559
2442 2 2 2 2 3633 3635 3634
2443 2 2 2 2 859 869 858
2444 2 2 2 2 3895 4065 2798
2445 2 2 2 2 2077 4339 2516
2446 2 2 2 2 404 3960 954
2447 2 2 2 2 3605 3629 3197
2448 2 2 2 2 475 4547 4109
2449 2 2 2 2 2796 4491 3233
2450 2 2 2 2 443 3774 1879
2451 2 2 2 2 3313 4396 4395
2452 2 2 2 2 260 4054 342
2453 2 2 2 2 2202 2728 1244
2454 2 2 2 2 72 3937 358
2455 2 2 2 2 349 4233 246
2456 2 2 2 2 2503 4977 2504
2457 2 2 2 2 2356 2620 1554
2458 2 2 2 2 4644 4893 3168
2459 2 2 2 2 1371 1475 1416
2460 2 2 2 2 2994 4945 4922
2461 2 2 2 2 1685 3752 1683
2462 2 2 2 2 3802 4899 1088
2463 2 2 2 2 1382 2900 1383
2464 2 2 2 2 2926 4280 2326
2465 2 2 2 2 3388 4192 2850
2466 2 2 2 2 939 962 938
2467 2 2 2 2 461 4599 458
2468 2 2 2 2 5135 5210 2343
2469 2 2 2 2 73 3937 72
2470 2 2 2 2 2465 4635 1953
2471 2 2 2 2 1606 1607 481
2472 2 2 2 2 3629 3630 3197
2473 2 2 2 2 4211 5210 5135
2474 2 2 2 2 3735 4813 4597
2475 2 2 2 2 2569 2880 1729
2476 2 2 2 2 716 718 715
2477 2 2 2 2 91 308 90
2478 2 2 2 2 16 316 15
2479 2 2 2 2 1366 1447 1367
2480 2 2 2 2 3164 3528 3163
2481 2 2 2 2 2540 2658 2657
2482 2 2 2 2 3887 5011 2815
2483 2 2 2 2 3855 4606 2207
2484 2 2 2 2 2060 2480 2479
2485 2 2 2 2 4122 4889 2918
2486 2 2 2 2 725 4134 728
2487 2 2 2 2 1651 1653 1652
2488 2 2 2 2 4000 5054 1981
2489 2 2 2 2 1960 4650 1569
2490 2 2 2 2 1081 3800 1088
2491 2 2 2 2 3933 5024 3934
2492 2 2 2 2 3203 4594 1978
2493 2 2 2 2 1017 4118 2783
2494 2 2 2 2 930 964 931
2495 2 2 2 2 2974 4002 4001
2496 2 2 2 2 611 4474 622
2497 2 2 2 2 887 3918 934
2498 2 2 2 2 1260 1873 1262
2499 2 2 2 2 3826 5124 1753
2500 2 2 2 2 4758 4855 3879
2501 2 2 2 2 4597 4813 3218
2502 2 2 2 2 3971 3973 2434
2503 2 2 2 2 449 3865 447
2504 2 2 2 2 398 4083 1605
2505 2 2 2 2 1749 1751 1748
2506 2 2 2 2 3031 3122 2644
2507 2 2 2 2 5281 5507 3633
2508 2 2 2 2 2016 4194 424
2509 2 2 2 2 736 738 737
2510 2 2 2 2 2668 4284 4283
2511 2 2 2 2 2688 5320 4581
2512 2 2 2 2 1107 1137 1111
2513 2 2 2 2 1413 1484 1483
2514 2 2 2 2 2725 3279 2722
2515 2 2 2 2 2358 3340 1094
2516 2 2 2 2 2377 3969 3831
2517 2 2 2 2 3204 4667 3929
2518 2 2 2 2 4047 4066 1842
2519 2 2 2 2 2429 2430 2421
2520 2 2 2 2 727 4884 726
2521 2 2 2 2 1726 2568 1729
2522 2 2 2 2 3089 3968 2374
2523 2 2 2 2 4097 4703 1905
2524 2 2 2 2 1620 2950 1256
2525 2 2 2 2 1915 3849 1624
2526 2 2 2 2 2724 2985 2723
2527 2 2 2 2 1664 1665 1662
2528 2 2 2 2 1230 1231 1214
2529 2 2 2 2 1190 5158 1304
2530 2 2 2 2 1243 1244 1241
2531 2 2 2 2 2768 3651 3243
2532 2 2 2 2 925 3998 892
2533 2 2 2 2 1821 2147 1820
2534 2 2 2 2 2194 2195 2193
2535 2 2 2 2 2190 4667 2189
2536 2 2 2 2 1671 4175 1674
2537 2 2 2 2 1251 1254 1253
2538 2 2 2 2 3729 3730 3203
2539 2 2 2 2 3482 3485 3481
2540 2 2 2 2 2275 4024 4022
2541 2 2 2 2 637 638 635
2542 2 2 2 2 2607 3024 3023
2543 2 2 2 2 1434 4161 1534
2544 2 2 2 2 473 1778 1777
2545 2 2 2 2 2797 3888 1908
2546 2 2 2 2 1908 2162 2161
2547 2 2 2 2 852 853 851
2548 2 2 2 2 2007 4011 2611
2549 2 2 2 2 2450 3163 2449
2550 2 2 2 2 1246 1813 1248
2551 2 2 2 2 1537 4165 1957
2552 2 2 2 2 2504 4977 3816
2553 2 2 2 2 2245 4096 2243
2554 2 2 2 2 4041 4121 290
2555 2 2 2 2 3212 4627 2520
2556 2 2 2 2 1260 1262 1261
2557 2 2 2 2 1428 4367 1633
2558 2 2 2 2 4302 4303 1113
2559 2 2 2 2 1657 1658 1655
2560 2 2 2 2 3261 5023 4957
2561 2 2 2 2 1659 1663 1661
2562 2 2 2 2 2200 2738 2212
2563 2 2 2 2 3670 5195 2728
2564 2 2 2 2 1642 1644 1643
2565 2 2 2 2 2607 3023 2995
2566 2 2 2 2 3371 3373 2780
2567 2 2 2 2 3204 3929 3740
2568 2 2 2 2 1186 4304 1642
2569 2 2 2 2 1690 4481 1716
2570 2 2 2 2 1787 2137 2136
2571 2 2 2 2 2827 3950 3414
2572 2 2 2 2 1550 1826 1549
2573 2 2 2 2 1778 1779 1777
2574 2 2 2 2 424 426 425
2575 2 2 2 2 5482 5517 2617
2576 2 2 2 2 3193 5460 3961
2577 2 2 2 2 387 397 51
2578 2 2 2 2 2812 3574 2811
2579 2 2 2 2 247 349 246
2580 2 2 2 2 22 3930 21
2581 2 2 2 2 24 329 23
2582 2 2 2 2 1475 1562 1476
2583 2 2 2 2 766 2209 786
2584 2 2 2 2 575 4664 1195
2585 2 2 2 2 3482 4351 3485
2586 2 2 2 2 714 716 715
2587 2 2 2 2 1030 4346 1032
2588 2 2 2 2 2725 3281 3280
2589 2 2 2 2 2168 4551 1916
2590 2 2 2 2 1278 4362 1868
2591 2 2 2 2 4185 5548 1220
2592 2 2 2 2 678 1336 675
2593 2 2 2 2 2643 2664 2427
2594 2 2 2 2 3037 3050 3036
2595 2 2 2 2 1664 1772 1668
2596 2 2 2 2 110 4049 288
2597 2 2 2 2 1728 4689 1725
2598 2 2 2 2 2793 4512 4303
2599 2 2 2 2 3486 3963 3151
2600 2 2 2 2 614 5115 604
2601 2 2 2 2 9 356 8
2602 2 2 2 2 502 4331 500
2603 2 2 2 2 1983 4960 3990
2604 2 2 2 2 2425 2798 2535
2605 2 2 2 2 1364 4497 1438
2606 2 2 2 2 1475 1476 1416
2607 2 2 2 2 3271 4987 2321
2608 2 2 2 2 786 801 800
2609 2 2 2 2 976 1626 960
2610 2 2 2 2 51 397 50
2611 2 2 2 2 1382 1383 1381
2612 2 2 2 2 752 753 751
2613 2 2 2 2 764 4593 4235
2614 2 2 2 2 3982 4321 4274
2615 2 2 2 2 3574 3628 2811
2616 2 2 2 2 4542 4543 338
2617 2 2 2 2 1336 3986 675
2618 2 2 2 2 2270 4457 2268
2619 2 2 2 2 3558 5618 5601
2620 2 2 2 2 2247 4301 2263
2621 2 2 2 2 1786 1787 1785
2622 2 2 2 2 219 354 218
2623 2 2 2 2 3532 4014 2449
2624 2 2 2 2 937 939 938
2625 2 2 2 2 2839 2841 2840
2626 2 2 2 2 2031 3332 2383
2627 2 2 2 2 652 653 650
2628 2 2 2 2 1530 4682 1429
2629 2 2 2 2 963 1738 1025
2630 2 2 2 2 2686 3754 2687
2631 2 2 2 2 914 4060 1622
2632 2 2 2 2 4515 4516 1926
2633 2 2 2 2 5137 5242 2456
2634 2 2 2 2 2946 3191 2949
2635 2 2 2 2 1459 1982 1457
2636 2 2 2 2 3781 4066 3219
2637 2 2 2 2 2032 2375 2129
2638 2 2 2 2 432 433 431
2639 2 2 2 2 3654 3670 2728
2640 2 2 2 2 2382 3045 2472
2641 2 2 2 2 3195 3894 3301
2642 2 2 2 2 2181 2709 2640
2643 2 2 2 2 937 938 936
2644 2 2 2 2 4575 4997 2921
2645 2 2 2 2 2839 2840 2838
2646 2 2 2 2 1018 4300 2845
2647 2 2 2 2 2162 3888 2425
2648 2 2 2 2 641 643 642
2649 2 2 2 2 616 4570 4569
2650 2 2 2 2 2712 2713 2184
2651 2 2 2 2 3382 3555 2649
2652 2 2 2 2 872 3841 843
2653 2 2 2 2 2054 4101 2701
2654 2 2 2 2 3151 3963 3152
2655 2 2 2 2 4618 4875 1724
2656 2 2 2 2 3786 4167 3788
2657 2 2 2 2 4406 5335 4152
2658 2 2 2 2 4095 5209 3191
2659 2 2 2 2 4119 5056 2224
2660 2 2 2 2 2831 4582 1857
2661 2 2 2 2 2244 4242 2246
2662 2 2 2 2 4298 4299 2608
2663 2 2 2 2 2249 2250 764
2664 2 2 2 2 871 924 881
2665 2 2 2 2 1222 4015 1366
2666 2 2 2 2 798 4462 4248
2667 2 2 2 2 658 659 657
2668 2 2 2 2 934 3918 1647
2669 2 2 2 2 675 3986 673
2670 2 2 2 2 3113 3118 3108
2671 2 2 2 2 1007 1008 979
2672 2 2 2 2 4051 4053 4052
2673 2 2 2 2 895 4897 956
2674 2 2 2 2 3583 3741 3581
2675 2 2 2 2 2441 2445 2440
2676 2 2 2 2 2637 2806 2805
2677 2 2 2 2 397 4083 398
2678 2 2 2 2 3529 3531 3528
2679 2 2 2 2 1995 4604 2819
2680 2 2 2 2 3222 3223 2747
2681 2 2 2 2 559 560 558
2682 2 2 2 2 2456 2457 2055
2683 2 2 2 2 44 4790 340
2684 2 2 2 2 1657 1659 1658
2685 2 2 2 2 741 3915 1310
2686 2 2 2 2 998 999 977
2687 2 2 2 2 1562 1563 1476
2688 2 2 2 2 684 4377 680
2689 2 2 2 2 857 876 855
2690 2 2 2 2 1826 4203 2777
2691 2 2 2 2 3937 3939 3938
2692 2 2 2 2 1107 1110 1105
2693 2 2 2 2 753 1169 751
2694 2 2 2 2 3204 3729 3203
2695 2 2 2 2 414 2221 416
2696 2 2 2 2 2029 2751 2629
2697 2 2 2 2 3732 5324 1033
2698 2 2 2 2 5397 5619 4954
2699 2 2 2 2 2411 4808 4561
2700 2 2 2 2 1244 4467 1241
2701 2 2 2 2 965 3879 931
2702 2 2 2 2 680 3760 678
2703 2 2 2 2 2452 4057 2451
2704 2 2 2 2 2125 4330 497
2705 2 2 2 2 2891 3549 2929
2706 2 2 2 2 1724 1726 1725
2707 2 2 2 2 2597 3931 2192
2708 2 2 2 2 4325 5022 3761
2709 2 2 2 2 2201 3789 1971
2710 2 2 2 2 1826 2623 1549
2711 2 2 2 2 2382 2472 2030
2712 2 2 2 2 245 4233 374
2713 2 2 2 2 3359 4404 1958
2714 2 2 2 2 1534 1975 1535
2715 2 2 2 2 2211 2384 2374
2716 2 2 2 2 4158 4160 4159
2717 2 2 2 2 1834 4912 1965
2718 2 2 2 2 4028 4029 3409
2719 2 2 2 2 1608 1877 1607
2720 2 2 2 2 4362 4363 1868
2721 2 2 2 2 1106 4039 4037
2722 2 2 2 2 406 3960 404
2723 2 2 2 2 699 3862 1335
2724 2 2 2 2 1959 3907 2810
2725 2 2 2 2 4043 4631 2739
2726 2 2 2 2 52 5300 387
2727 2 2 2 2 816 4674 813
2728 2 2 2 2 3156 3481 3155
2729 2 2 2 2 1331 3914 1327
2730 2 2 2 2 2452 4264 4057
2731 2 2 2 2 659 1582 657
2732 2 2 2 2 2249 2251 2250
2733 2 2 2 2 1189 1216 1215
2734 2 2 2 2 1186 1642 1303
2735 2 2 2 2 1979 2189 1978
2736 2 2 2 2 4864 5162 3207
2737 2 2 2 2 738 3848 737
2738 2 2 2 2 4331 5027 4328
2739 2 2 2 2 1215 1806 1188
2740 2 2 2 2 4611 4928 3763
2741 2 2 2 2 2098 4636 2121
2742 2 2 2 2 976 2559 1626
2743 2 2 2 2 1624 3849 1375
2744 2 2 2 2 2553 2908 2554
2745 2 2 2 2 1911 4726 2174
2746 2 2 2 2 1476 4070 1416
2747 2 2 2 2 1215 4188 1806
2748 2 2 2 2 64 4417 63
2749 2 2 2 2 2710 3613 2740
2750 2 2 2 2 4503 4580 1423
2751 2 2 2 2 741 763 742
2752 2 2 2 2 672 673 670
2753 2 2 2 2 1699 1701 1698
2754 2 2 2 2 2973 4001 2976
2755 2 2 2 2 1102 4077 1225
2756 2 2 2 2 2968 3732 2965
2757 2 2 2 2 1668 1669 1665
2758 2 2 2 2 3114 3193 3115
2759 2 2 2 2 2966 2968 2965
2760 2 2 2 2 573 4664 575
2761 2 2 2 2 1245 4249 2202
2762 2 2 2 2 921 5196 478
2763 2 2 2 2 1451 2833 1449
2764 2 2 2 2 3163 3532 2449
2765 2 2 2 2 2734 3994 3667
2766 2 2 2 2 3900 3901 1290
2767 2 2 2 2 1803 2823 1904
2768 2 2 2 2 3578 4272 3836
2769 2 2 2 2 1569 4650 1533
2770 2 2 2 2 2481 4260 2872
2771 2 2 2 2 593 594 592
2772 2 2 2 2 2755 4470 2814
2773 2 2 2 2 2014 4523 4522
2774 2 2 2 2 651 652 650
2775 2 2 2 2 633 634 631
2776 2 2 2 2 2804 4368 2165
2777 2 2 2 2 3096 3100 3095
2778 2 2 2 2 818 3794 1882
2779 2 2 2 2 4169 4487 2122
2780 2 2 2 2 4359 4558 3671
2781 2 2 2 2 1733 1978 1731
2782 2 2 2 2 457 481 455
2783 2 2 2 2 4004 4727 3757
2784 2 2 2 2 671 672 670
2785 2 2 2 2 2445 3162 2700
2786 2 2 2 2 2864 4349 2866
2787 2 2 2 2 1596 1598 1597
2788 2 2 2 2 2485 2487 2486
2789 2 2 2 2 1631 4796 4613
2790 2 2 2 2 1646 4493 935
2791 2 2 2 2 4715 5412 900
2792 2 2 2 2 1238 5749 5747
2793 2 2 2 2 1466 1553 1468
2794 2 2 2 2 2543 3962 1855
2795 2 2 2 2 4057 4058 3029
2796 2 2 2 2 1795 4305 1199
2797 2 2 2 2 819 838 818
2798 2 2 2 2 2777 4550 2779
2799 2 2 2 2 879 4557 1807
2800 2 2 2 2 3672 3969 2741
2801 2 2 2 2 407 408 406
2802 2 2 2 2 1928 1929 1578
2803 2 2 2 2 1514 5055 4838
2804 2 2 2 2 1419 4802 4492
2805 2 2 2 2 930 931 880
2806 2 2 2 2 3340 3341 1094
2807 2 2 2 2 3594 4153 3591
2808 2 2 2 2 103 4448 294
2809 2 2 2 2 54 298 53
2810 2 2 2 2 243 296 242
2811 2 2 2 2 1967 2055 1901
2812 2 2 2 2 2837 2839 2838
2813 2 2 2 2 3088 3093 3087
2814 2 2 2 2 1438 4497 2376
2815 2 2 2 2 1357 1393 1358
2816 2 2 2 2 4289 4688 4291
2817 2 2 2 2 1680 1681 1679
2818 2 2 2 2 2647 3995 3080
2819 2 2 2 2 3570 3792 3185
2820 2 2 2 2 1904 4034 1804
2821 2 2 2 2 1881 2031 2030
2822 2 2 2 2 2361 4369 2068
2823 2 2 2 2 998 1023 999
2824 2 2 2 2 1233 1234 1232
2825 2 2 2 2 1534 1535 1435
2826 2 2 2 2 1803 1804 1802
2827 2 2 2 2 3447 4516 4515
2828 2 2 2 2 4370 4568 3245
2829 2 2 2 2 931 2843 880
2830 2 2 2 2 2881 2882 2880
2831 2 2 2 2 3890 3891 3257
2832 2 2 2 2 576 3903 1029
2833 2 2 2 2 4043 4706 3606
2834 2 2 2 2 2162 2423 2161
2835 2 2 2 2 2181 2640 2148
2836 2 2 2 2 4096 5133 2243
2837 2 2 2 2 1733 1979 1978
2838 2 2 2 2 786 800 785
2839 2 2 2 2 1722 2322 2321
2840 2 2 2 2 3091 3384 3031
2841 2 2 2 2 1652 1656 1650
2842 2 2 2 2 2119 4636 2100
2843 2 2 2 2 4529 5128 3399
2844 2 2 2 2 1679 4080 1677
2845 2 2 2 2 3114 4033 3193
2846 2 2 2 2 2504 3814 1974
2847 2 2 2 2 1248 1249 1247
2848 2 2 2 2 2721 2722 2715
2849 2 2 2 2 1413 1483 1318
2850 2 2 2 2 1357 1358 1356
2851 2 2 2 2 2069 4254 2333
2852 2 2 2 2 3945 4501 3943
2853 2 2 2 2 2138 4166 2784
2854 2 2 2 2 400 4004 402
2855 2 2 2 2 2611 4011 3043
2856 2 2 2 2 2483 2484 2482
2857 2 2 2 2 1717 4604 1719
2858 2 2 2 2 1722 4206 2322
2859 2 2 2 2 4219 4220 287
2860 2 2 2 2 2437 3970 2436
2861 2 2 2 2 771 788 770
2862 2 2 2 2 428 430 429
2863 2 2 2 2 3332 3333 2383
2864 2 2 2 2 3055 3069 3054
2865 2 2 2 2 1678 1679 1677
2866 2 2 2 2 3011 3695 3285
2867 2 2 2 2 1388 1395 1387
2868 2 2 2 2 246 4233 245
2869 2 2 2 2 2127 4158 2953
2870 2 2 2 2 769 4544 768
2871 2 2 2 2 3035 3036 3034
2872 2 2 2 2 696 3835 688
2873 2 2 2 2 5377 5432 3734
2874 2 2 2 2 2633 4390 825
2875 2 2 2 2 2262 4317 2756
2876 2 2 2 2 1463 3988 1466
2877 2 2 2 2 1032 4346 1434
2878 2 2 2 2 3462 3464 3463
2879 2 2 2 2 2323 3271 2321
2880 2 2 2 2 1696 1699 1698
2881 2 2 2 2 1227 4237 1112
2882 2 2 2 2 422 4375 2016
2883 2 2 2 2 1784 1785 1783
2884 2 2 2 2 1633 3240 2800
2885 2 2 2 2 1260 1261 1259
2886 2 2 2 2 494 5028 491
2887 2 2 2 2 1959 2184 1019
2888 2 2 2 2 875 4272 4271
2889 2 2 2 2 189 4422 384
2890 2 2 2 2 337 4759 4589
2891 2 2 2 2 3988 4666 3235
2892 2 2 2 2 2130 4519 1467
2893 2 2 2 2 3205 4356 3693
2894 2 2 2 2 2192 2193 2190
2895 2 2 2 2 1596 1597 1582
2896 2 2 2 2 1210 3898 1208
2897 2 2 2 2 2667 2669 2668
2898 2 2 2 2 3805 4641 3806
2899 2 2 2 2 1873 4326 1262
2900 2 2 2 2 1747 1749 1748
2901 2 2 2 2 1104 1794 1199
2902 2 2 2 2 2712 2714 2713
2903 2 2 2 2 2718 4525 2307
2904 2 2 2 2 679 683 680
2905 2 2 2 2 2988 4671 2565
2906 2 2 2 2 2015 2639 2255
2907 2 2 2 2 4158 4159 2953
2908 2 2 2 2 2756 4317 3615
2909 2 2 2 2 1908 3888 2162
2910 2 2 2 2 1598 1599 1597
2911 2 2 2 2 3184 3657 3569
2912 2 2 2 2 1003 4304 1186
2913 2 2 2 2 407 409 408
2914 2 2 2 2 4556 5360 3321
2915 2 2 2 2 1957 1958 1821
2916 2 2 2 2 1804 3283 1802
2917 2 2 2 2 3114 3115 3112
2918 2 2 2 2 3055 3832 3201
2919 2 2 2 2 413 4741 410
2920 2 2 2 2 3245 4752 4370
2921 2 2 2 2 766 4739 2209
2922 2 2 2 2 2451 4057 3029
2923 2 2 2 2 1647 1649 1648
2924 2 2 2 2 2031 2383 2382
2925 2 2 2 2 1386 3897 1770
2926 2 2 2 2 3171 4205 3537
2927 2 2 2 2 430 431 429
2928 2 2 2 2 1216 1232 1215
2929 2 2 2 2 3770 3773 3772
2930 2 2 2 2 1702 1801 1704
2931 2 2 2 2 1042 4324 1987
2932 2 2 2 2 4060 4061 1622
2933 2 2 2 2 3301 3302 2557
2934 2 2 2 2 2874 4911 519
2935 2 2 2 2 3373 3374 2780
2936 2 2 2 2 1756 5066 1758
2937 2 2 2 2 1639 2059 1252
2938 2 2 2 2 1335 3767 771
2939 2 2 2 2 1753 3858 1748
2940 2 2 2 2 2184 4045 1019
2941 2 2 2 2 400 401 399
2942 2 2 2 2 2326 4280 2327
2943 2 2 2 2 668 670 669
2944 2 2 2 2 1967 2456 2055
2945 2 2 2 2 2805 4335 2020
2946 2 2 2 2 2122 4487 2172
2947 2 2 2 2 3427 4553 3431
2948 2 2 2 2 2169 4641 3213
2949 2 2 2 2 1414 4261 2013
2950 2 2 2 2 2189 3203 1978
2951 2 2 2 2 3539 3540 2757
2952 2 2 2 2 1172 5136 4469
2953 2 2 2 2 3582 3585 3584
2954 2 2 2 2 1553 3988 2211
2955 2 2 2 2 1740 4019 2135
2956 2 2 2 2 1974 2646 1883
2957 2 2 2 2 1254 1620 1256
2958 2 2 2 2 667 4235 665
2959 2 2 2 2 4347 4390 2633
2960 2 2 2 2 2007 2611 2324
2961 2 2 2 2 2493 4354 2703
2962 2 2 2 2 3594 4154 4153
2963 2 2 2 2 1778 1780 1779
2964 2 2 2 2 3899 4902 4755
2965 2 2 2 2 1382 4016 2901
2966 2 2 2 2 4009 5298 4990
2967 2 2 2 2 3055 3201 3070
2968 2 2 2 2 2456 3180 2457
2969 2 2 2 2 801 827 826
2970 2 2 2 2 3948 3949 874
2971 2 2 2 2 273 4418 378
2972 2 2 2 2 3794 3795 1882
2973 2 2 2 2 828 4085 3900
2974 2 2 2 2 2499 3789 2201
2975 2 2 2 2 1242 1243 1241
2976 2 2 2 2 1803 4825 2823
2977 2 2 2 2 3731 3894 3195
2978 2 2 2 2 1865 3942 1488
2979 2 2 2 2 2592 2594 1791
2980 2 2 2 2 1812 2131 2130
2981 2 2 2 2 786 4085 801
2982 2 2 2 2 881 882 872
2983 2 2 2 2 2196 2197 2195
2984 2 2 2 2 593 4111 595
2985 2 2 2 2 1371 1416 1282
2986 2 2 2 2 835 874 833
2987 2 2 2 2 2946 4091 3191
2988 2 2 2 2 1000 4734 4117
2989 2 2 2 2 4060 4196 4061
2990 2 2 2 2 929 960 928
2991 2 2 2 2 2730 4526 2197
2992 2 2 2 2 1767 4097 1905
2993 2 2 2 2 3156 3483 3482
2994 2 2 2 2 2257 4218 3798
2995 2 2 2 2 111 4049 110
2996 2 2 2 2 2063 4848 2260
2997 2 2 2 2 2322 2323 2321
2998 2 2 2 2 465 4676 462
2999 2 2 2 2 1009 4302 1113
3000 2 2 2 2 2481 2482 2480
3001 2 2 2 2 3576 4272 3578
3002 2 2 2 2 712 898 714
3003 2 2 2 2 2777 2779 2778
3004 2 2 2 2 2778 3057 2624
3005 2 2 2 2 1496 3074 2647
3006 2 2 2 2 3157 4808 2411
3007 2 2 2 2 2257 4177 1635
3008 2 2 2 2 672 674 673
3009 2 2 2 2 1740 2135 1742
3010 2 2 2 2 3770 3771 3769
3011 2 2 2 2 4149 4150 361
3012 2 2 2 2 659 4559 1596
3013 2 2 2 2 2445 3663 3162
3014 2 2 2 2 3054 3840 3325
3015 2 2 2 2 3921 4948 4729
3016 2 2 2 2 2774 4107 4105
3017 2 2 2 2 1995 2452 2451
3018 2 2 2 2 1276 2231 1269
3019 2 2 2 2 3193 3961 3850
3020 2 2 2 2 656 657 654
3021 2 2 2 2 1509 1510 1461
3022 2 2 2 2 5058 5293 4244
3023 2 2 2 2 2147 2363 1820
3024 2 2 2 2 1380 4208 3266
3025 2 2 2 2 1590 4134 723
3026 2 2 2 2 1890 4030 2797
3027 2 2 2 2 1833 4403 1837
3028 2 2 2 2 1961 2469 1960
3029 2 2 2 2 1778 1781 1780
3030 2 2 2 2 1088 4899 1078
3031 2 2 2 2 860 4715 900
3032 2 2 2 2 2483 2485 2484
3033 2 2 2 2 871 881 872
3034 2 2 2 2 3306 5364 3932
3035 2 2 2 2 1030 1032 1031
3036 2 2 2 2 444 4685 1823
3037 2 2 2 2 2324 4750 2220
3038 2 2 2 2 1702 1703 1701
3039 2 2 2 2 1637 4177 2769
3040 2 2 2 2 3695 3696 3285
3041 2 2 2 2 728 734 729
3042 2 2 2 2 4108 4544 2791
3043 2 2 2 2 4773 5115 614
3044 2 2 2 2 2430 2431 2421
3045 2 2 2 2 3086 3087 3085
3046 2 2 2 2 2032 2129 864
3047 2 2 2 2 5107 5134 1667
3048 2 2 2 2 1612 3916 1614
3049 2 2 2 2 411 613 412
3050 2 2 2 2 645 647 643
3051 2 2 2 2 2374 3968 2034
3052 2 2 2 2 1886 2144 1887
3053 2 2 2 2 1722 2321 1672
3054 2 2 2 2 4204 4364 2794
3055 2 2 2 2 900 3918 887
3056 2 2 2 2 2238 2242 2240
3057 2 2 2 2 4167 5299 2872
3058 2 2 2 2 3171 3355 2591
3059 2 2 2 2 3259 5198 3260
3060 2 2 2 2 1239 1240 1237
3061 2 2 2 2 1881 4176 2031
3062 2 2 2 2 680 4377 3760
3063 2 2 2 2 2419 2421 2420
3064 2 2 2 2 3730 4689 4594
3065 2 2 2 2 3732 4549 2965
3066 2 2 2 2 1186 1187 1004
3067 2 2 2 2 3555 4769 2649
3068 2 2 2 2 1674 1956 1676
3069 2 2 2 2 3362 3364 3363
3070 2 2 2 2 414 416 415
3071 2 2 2 2 3162 3533 2700
3072 2 2 2 2 3999 4312 1620
3073 2 2 2 2 252 361 251
3074 2 2 2 2 2380 2645 2644
3075 2 2 2 2 277 379 276
3076 2 2 2 2 52 387 51
3077 2 2 2 2 1468 1812 1467
3078 2 2 2 2 495 4514 493
3079 2 2 2 2 3177 3568 3192
3080 2 2 2 2 510 4555 1334
3081 2 2 2 2 47 4430 290
3082 2 2 2 2 3820 3821 3817
3083 2 2 2 2 1614 2552 1857
3084 2 2 2 2 2007 2324 2220
3085 2 2 2 2 2322 2369 2323
3086 2 2 2 2 2899 4494 4493
3087 2 2 2 2 1319 4009 1315
3088 2 2 2 2 733 735 732
3089 2 2 2 2 622 4474 1735
3090 2 2 2 2 3701 3758 3212
3091 2 2 2 2 3863 3902 1788
3092 2 2 2 2 3929 4067 3740
3093 2 2 2 2 411 4118 1017
3094 2 2 2 2 1196 5146 5129
3095 2 2 2 2 1249 3999 1251
3096 2 2 2 2 3196 3218 2495
3097 2 2 2 2 636 3766 637
3098 2 2 2 2 1234 1442 1232
3099 2 2 2 2 742 744 743
3100 2 2 2 2 706 707 705
3101 2 2 2 2 2223 3960 406
3102 2 2 2 2 2142 3343 2143
3103 2 2 2 2 1644 1880 1643
3104 2 2 2 2 3115 3116 3112
3105 2 2 2 2 3414 3486 3151
3106 2 2 2 2 2893 4608 1930
3107 2 2 2 2 3591 4153 3590
3108 2 2 2 2 2675 3875 3874
3109 2 2 2 2 3420 3422 3421
3110 2 2 2 2 4037 4038 4036
3111 2 2 2 2 74 396 73
3112 2 2 2 2 2484 2488 2482
3113 2 2 2 2 2493 2703 2491
3114 2 2 2 2 1141 1142 1140
3115 2 2 2 2 3984 4321 3982
3116 2 2 2 2 2940 4524 2253
3117 2 2 2 2 358 4584 71
3118 2 2 2 2 3035 3037 3036
3119 2 2 2 2 2706 3570 3185
3120 2 2 2 2 1605 4004 400
3121 2 2 2 2 1934 4316 1936
3122 2 2 2 2 2939 2972 2940
3123 2 2 2 2 2236 4290 2238
3124 2 2 2 2 1916 4551 2173
3125 2 2 2 2 1254 1255 1253
3126 2 2 2 2 1104 4031 1794
3127 2 2 2 2 1684 1685 1683
3128 2 2 2 2 2820 4264 2452
3129 2 2 2 2 1534 1976 1975
3130 2 2 2 2 766 786 785
3131 2 2 2 2 3746 4988 4649
3132 2 2 2 2 658 660 659
3133 2 2 2 2 5037 5170 4596
3134 2 2 2 2 3055 3070 3069
3135 2 2 2 2 1311 1584 763
3136 2 2 2 2 1447 1448 1367
3137 2 2 2 2 748 4830 778
3138 2 2 2 2 563 565 564
3139 2 2 2 2 3171 3537 3355
3140 2 2 2 2 1547 2006 1548
3141 2 2 2 2 279 328 278
3142 2 2 2 2 1294 1295 1229
3143 2 2 2 2 2467 2712 2184
3144 2 2 2 2 3054 3325 3052
3145 2 2 2 2 2883 3658 3205
3146 2 2 2 2 2590 3940 3307
3147 2 2 2 2 2519 4161 3860
3148 2 2 2 2 668 669 667
3149 2 2 2 2 1679 4081 4080
3150 2 2 2 2 430 432 431
3151 2 2 2 2 77 3955 391
3152 2 2 2 2 398 1605 400
3153 2 2 2 2 409 4118 411
3154 2 2 2 2 3113 3147 3118
3155 2 2 2 2 3891 5057 4892
3156 2 2 2 2 645 649 648
3157 2 2 2 2 2386 2643 2427
3158 2 2 2 2 1293 1408 1231
3159 2 2 2 2 4616 4617 2813
3160 2 2 2 2 442 4685 444
3161 2 2 2 2 1853 4215 2062
3162 2 2 2 2 683 684 680
3163 2 2 2 2 2391 3909 3908
3164 2 2 2 2 2625 3090 3058
3165 2 2 2 2 1320 4801 1322
3166 2 2 2 2 2241 5103 4461
3167 2 2 2 2 1409 5313 4344
3168 2 2 2 2 844 1959 1019
3169 2 2 2 2 1007 1108 1008
3170 2 2 2 2 2016 4195 4194
3171 2 2 2 2 1644 1881 1880
3172 2 2 2 2 2420 3770 3769
3173 2 2 2 2 4189 4190 2583
3174 2 2 2 2 674 675 673
3175 2 2 2 2 2756 3615 3172
3176 2 2 2 2 2530 2966 2965
3177 2 2 2 2 375 4049 111
3178 2 2 2 2 1633 2800 2799
3179 2 2 2 2 2741 3969 2377
3180 2 2 2 2 2131 2606 2577
3181 2 2 2 2 3088 3094 3093
3182 2 2 2 2 662 4490 664
3183 2 2 2 2 1366 1367 1223
3184 2 2 2 2 2675 4691 3875
3185 2 2 2 2 2799 4048 1506
3186 2 2 2 2 1885 1920 1886
3187 2 2 2 2 2379 3076 2378
3188 2 2 2 2 3195 3301 2557
3189 2 2 2 2 3226 3962 2543
3190 2 2 2 2 673 4502 670
3191 2 2 2 2 1484 1585 1483
3192 2 2 2 2 994 4199 996
3193 2 2 2 2 3011 3284 2499
3194 2 2 2 2 2841 2999 2840
3195 2 2 2 2 1535 4165 1537
3196 2 2 2 2 2222 3195 2557
3197 2 2 2 2 1335 3768 3767
3198 2 2 2 2 185 4428 385
3199 2 2 2 2 3249 3250 2760
3200 2 2 2 2 1253 4530 1639
3201 2 2 2 2 3576 3578 3577
3202 2 2 2 2 261 4054 260
3203 2 2 2 2 2369 2370 2323
3204 2 2 2 2 414 3847 2221
3205 2 2 2 2 3549 3614 2929
3206 2 2 2 2 3362 3363 2230
3207 2 2 2 2 3172 3539 2757
3208 2 2 2 2 3094 3096 3095
3209 2 2 2 2 1574 1923 1575
3210 2 2 2 2 1745 1747 1746
3211 2 2 2 2 1868 4497 1364
3212 2 2 2 2 1577 1928 1578
3213 2 2 2 2 765 4377 684
3214 2 2 2 2 771 789 788
3215 2 2 2 2 2480 4343 3190
3216 2 2 2 2 1375 4649 1192
3217 2 2 2 2 2941 4461 4460
3218 2 2 2 2 1979 2190 2189
3219 2 2 2 2 2442 4274 3398
3220 2 2 2 2 423 4099 421
3221 2 2 2 2 1419 1421 1420
3222 2 2 2 2 119 4055 366
3223 2 2 2 2 1159 4051 4050
3224 2 2 2 2 3420 3423 3422
3225 2 2 2 2 3143 3145 3144
3226 2 2 2 2 756 757 755
3227 2 2 2 2 2532 5326 5310
3228 2 2 2 2 1452 1872 1454
3229 2 2 2 2 1694 4157 1696
3230 2 2 2 2 809 3936 794
3231 2 2 2 2 1740 1741 1739
3232 2 2 2 2 2637 2805 2020
3233 2 2 2 2 3568 3711 3192
3234 2 2 2 2 683 692 690
3235 2 2 2 2 1243 1246 1245
3236 2 2 2 2 2634 3370 2635
3237 2 2 2 2 4107 4459 4105
3238 2 2 2 2 1856 2142 1858
3239 2 2 2 2 1001 4110 4039
3240 2 2 2 2 1956 4632 1676
3241 2 2 2 2 852 854 853
3242 2 2 2 2 2717 4712 3649
3243 2 2 2 2 2827 2942 2826
3244 2 2 2 2 1015 4039 1106
3245 2 2 2 2 3629 3631 3630
3246 2 2 2 2 3702 4470 2817
3247 2 2 2 2 2701 3170 2704
3248 2 2 2 2 5177 5203 3288
3249 2 2 2 2 3454 3643 3453
3250 2 2 2 2 2060 2481 2480
3251 2 2 2 2 3582 3837 3585
3252 2 2 2 2 1023 4110 999
3253 2 2 2 2 2015 2255 1779
3254 2 2 2 2 1192 4649 1184
3255 2 2 2 2 977 4117 976
3256 2 2 2 2 72 358 71
3257 2 2 2 2 3053 4874 3832
3258 2 2 2 2 679 680 678
3259 2 2 2 2 1813 3933 1863
3260 2 2 2 2 1142 1143 1140
3261 2 2 2 2 3209 3860 3756
3262 2 2 2 2 3736 3737 1442
3263 2 2 2 2 1735 4463 4462
3264 2 2 2 2 1647 3918 2781
3265 2 2 2 2 3096 4558 3648
3266 2 2 2 2 741 1310 763
3267 2 2 2 2 2400 2787 2050
3268 2 2 2 2 2851 3099 2850
3269 2 2 2 2 1553 2211 2034
3270 2 2 2 2 10 5741 9
3271 2 2 2 2 4683 4959 4387
3272 2 2 2 2 1090 2358 1094
3273 2 2 2 2 1600 3735 1597
3274 2 2 2 2 402 405 404
3275 2 2 2 2 3072 3086 3085
3276 2 2 2 2 2777 2778 2624
3277 2 2 2 2 1332 1439 1331
3278 2 2 2 2 2883 3205 2882
3279 2 2 2 2 3377 3997 2821
3280 2 2 2 2 2687 3459 2688
3281 2 2 2 2 1031 4300 1018
3282 2 2 2 2 695 4462 798
3283 2 2 2 2 327 4419 68
3284 2 2 2 2 780 3936 2791
3285 2 2 2 2 5311 5325 5069
3286 2 2 2 2 1995 2451 1994
3287 2 2 2 2 622 687 623
3288 2 2 2 2 3358 5370 3016
3289 2 2 2 2 1379 1508 1431
3290 2 2 2 2 4140 5267 4658
3291 2 2 2 2 4898 5027 4331
3292 2 2 2 2 1495 4958 612
3293 2 2 2 2 1225 1371 1282
3294 2 2 2 2 1890 1908 1907
3295 2 2 2 2 2806 2807 2805
3296 2 2 2 2 1268 4961 1271
3297 2 2 2 2 1255 4530 1253
3298 2 2 2 2 710 712 711
3299 2 2 2 2 1546 2318 1977
3300 2 2 2 2 731 2546 733
3301 2 2 2 2 2402 2418 2404
3302 2 2 2 2 2859 2860 1927
3303 2 2 2 2 1412 1588 982
3304 2 2 2 2 1005 4197 4196
3305 2 2 2 2 1618 2762 2306
3306 2 2 2 2 3899 4755 4314
3307 2 2 2 2 1678 1680 1679
3308 2 2 2 2 2798 4245 2535
3309 2 2 2 2 2944 3674 3673
3310 2 2 2 2 1630 4569 4252
3311 2 2 2 2 3104 3878 3365
3312 2 2 2 2 1606 1608 1607
3313 2 2 2 2 2198 2529 2510
3314 2 2 2 2 398 400 399
3315 2 2 2 2 2176 2412 2177
3316 2 2 2 2 1877 2380 2379
3317 2 2 2 2 1903 1961 1960
3318 2 2 2 2 2131 2577 2130
3319 2 2 2 2 3247 4559 663
3320 2 2 2 2 1213 1214 1135
3321 2 2 2 2 3022 3226 2543
3322 2 2 2 2 3088 3671 3094
3323 2 2 2 2 411 412 410
3324 2 2 2 2 3928 4272 875
3325 2 2 2 2 1300 4262 1297
3326 2 2 2 2 4122 5062 4835
3327 2 2 2 2 1367 4119 1223
3328 2 2 2 2 3013 3015 3014
3329 2 2 2 2 1806 4758 1188
3330 2 2 2 2 2605 4100 3762
3331 2 2 2 2 737 759 735
3332 2 2 2 2 504 3774 445
3333 2 2 2 2 1018 2845 613
3334 2 2 2 2 4887 5414 3650
3335 2 2 2 2 752 754 753
3336 2 2 2 2 712 714 713
3337 2 2 2 2 3833 3834 2149
3338 2 2 2 2 1134 1213 1135
3339 2 2 2 2 846 848 847
3340 2 2 2 2 3245 4568 3731
3341 2 2 2 2 2769 3607 1822
3342 2 2 2 2 1888 1913 1520
3343 2 2 2 2 1496 4491 3074
3344 2 2 2 2 594 646 592
3345 2 2 2 2 4957 5023 2507
3346 2 2 2 2 1394 1611 1358
3347 2 2 2 2 567 4895 4201
3348 2 2 2 2 3041 3189 3040
3349 2 2 2 2 3221 3705 3289
3350 2 2 2 2 1676 1678 1677
3351 2 2 2 2 253 4149 252
3352 2 2 2 2 397 398 341
3353 2 2 2 2 1682 1684 1683
3354 2 2 2 2 2881 2883 2882
3355 2 2 2 2 1517 4247 1516
3356 2 2 2 2 2203 2741 2377
3357 2 2 2 2 4265 4266 2362
3358 2 2 2 2 2200 2212 2201
3359 2 2 2 2 943 4179 2571
3360 2 2 2 2 4462 4463 4248
3361 2 2 2 2 1932 4163 2461
3362 2 2 2 2 2014 4522 1643
3363 2 2 2 2 1448 1449 1367
3364 2 2 2 2 2242 2243 2240
3365 2 2 2 2 3290 4534 2589
3366 2 2 2 2 728 729 727
3367 2 2 2 2 4076 4986 1494
3368 2 2 2 2 2748 4354 2493
3369 2 2 2 2 2442 2449 2441
3370 2 2 2 2 2723 2725 2722
3371 2 2 2 2 4088 4089 3168
3372 2 2 2 2 4330 5028 494
3373 2 2 2 2 1310 1311 763
3374 2 2 2 2 3730 4594 3203
3375 2 2 2 2 768 1616 864
3376 2 2 2 2 2552 2830 1857
3377 2 2 2 2 3033 3035 3034
3378 2 2 2 2 1856 1858 1552
3379 2 2 2 2 799 4528 419
3380 2 2 2 2 934 1646 935
3381 2 2 2 2 2164 2922 2676
3382 2 2 2 2 1874 2821 1814
3383 2 2 2 2 1236 3736 1234
3384 2 2 2 2 3219 4047 2563
3385 2 2 2 2 3535 3536 3167
3386 2 2 2 2 2721 2723 2722
3387 2 2 2 2 695 747 696
3388 2 2 2 2 731 733 732
3389 2 2 2 2 2815 5011 1328
3390 2 2 2 2 1107 1111 1110
3391 2 2 2 2 3188 3672 2741
3392 2 2 2 2 2803 3606 3188
3393 2 2 2 2 4223 4224 2868
3394 2 2 2 2 2425 2535 2426
3395 2 2 2 2 4209 4563 1077
3396 2 2 2 2 1299 4579 1301
3397 2 2 2 2 3064 3089 2374
3398 2 2 2 2 2813 4617 2539
3399 2 2 2 2 736 737 735
3400 2 2 2 2 3226 5197 4719
3401 2 2 2 2 205 4660 318
3402 2 2 2 2 2635 4583 2008
3403 2 2 2 2 737 1415 759
3404 2 2 2 2 1794 1796 1795
3405 2 2 2 2 752 4475 1775
3406 2 2 2 2 4162 4782 3799
3407 2 2 2 2 1874 3377 2821
3408 2 2 2 2 1649 1650 1648
3409 2 2 2 2 4205 4404 3359
3410 2 2 2 2 3093 3604 3087
3411 2 2 2 2 2658 3967 2657
3412 2 2 2 2 438 440 439
3413 2 2 2 2 1686 1688 1687
3414 2 2 2 2 4452 4455 4453
3415 2 2 2 2 4348 4603 1666
3416 2 2 2 2 4242 4980 4244
3417 2 2 2 2 4065 4998 4245
3418 2 2 2 2 2202 3654 2728
3419 2 2 2 2 54 4495 298
3420 2 2 2 2 1224 5690 4015
3421 2 2 2 2 668 4307 671
3422 2 2 2 2 1749 4847 1754
3423 2 2 2 2 3819 3820 3817
3424 2 2 2 2 1382 2901 2900
3425 2 2 2 2 1715 1967 1901
3426 2 2 2 2 807 846 845
3427 2 2 2 2 4336 4520 2277
3428 2 2 2 2 4139 4142 4141
3429 2 2 2 2 2645 3091 3031
3430 2 2 2 2 2414 4612 2329
3431 2 2 2 2 723 4134 725
3432 2 2 2 2 1393 1394 1358
3433 2 2 2 2 655 3276 656
3434 2 2 2 2 4606 4923 1025
3435 2 2 2 2 350 3896 56
3436 2 2 2 2 691 4739 766
3437 2 2 2 2 2717 2718 2307
3438 2 2 2 2 800 1621 785
3439 2 2 2 2 3363 4342 2230
3440 2 2 2 2 2565 2566 1827
3441 2 2 2 2 431 4655 429
3442 2 2 2 2 421 4099 799
3443 2 2 2 2 963 5005 1738
3444 2 2 2 2 2645 3031 2644
3445 2 2 2 2 1979 4511 2191
3446 2 2 2 2 2868 4264 2820
3447 2 2 2 2 394 4372 213
3448 2 2 2 2 1749 1752 1751
3449 2 2 2 2 4382 4384 4383
3450 2 2 2 2 4019 4020 2135
3451 2 2 2 2 1429 4682 1406
3452 2 2 2 2 462 4676 461
3453 2 2 2 2 1249 1251 1250
3454 2 2 2 2 2252 2512 2509
3455 2 2 2 2 2775 4505 3793
3456 2 2 2 2 4463 4974 2792
3457 2 2 2 2 1742 1743 1741
3458 2 2 2 2 464 3917 467
3459 2 2 2 2 2384 3120 3064
3460 2 2 2 2 3185 3186 2707
3461 2 2 2 2 2474 4164 2027
3462 2 2 2 2 356 5751 4527
3463 2 2 2 2 2482 4343 2480
3464 2 2 2 2 853 3776 851
3465 2 2 2 2 4037 4040 4038
3466 2 2 2 2 1863 3933 2009
3467 2 2 2 2 1606 2857 1608
3468 2 2 2 2 3048 4240 2640
3469 2 2 2 2 196 4229 195
3470 2 2 2 2 1353 1436 1355
3471 2 2 2 2 2029 4397 2751
3472 2 2 2 2 2664 3158 2427
3473 2 2 2 2 764 4235 667
3474 2 2 2 2 2514 3744 2177
3475 2 2 2 2 636 637 635
3476 2 2 2 2 2373 4550 4203
3477 2 2 2 2 1223 2224 1036
3478 2 2 2 2 4090 5240 2948
3479 2 2 2 2 2496 4191 3605
3480 2 2 2 2 1426 4216 1504
3481 2 2 2 2 68 4419 67
3482 2 2 2 2 1353 1355 1354
3483 2 2 2 2 1671 1674 1673
3484 2 2 2 2 674 4056 677
3485 2 2 2 2 1584 3796 763
3486 2 2 2 2 2542 4000 1981
3487 2 2 2 2 3277 5099 4745
3488 2 2 2 2 1222 1366 1223
3489 2 2 2 2 1623 4158 1625
3490 2 2 2 2 3037 3051 3050
3491 2 2 2 2 3869 4249 3922
3492 2 2 2 2 1487 2023 1489
3493 2 2 2 2 1379 1431 1430
3494 2 2 2 2 2972 2973 2940
3495 2 2 2 2 641 644 643
3496 2 2 2 2 5008 5046 2476
3497 2 2 2 2 2485 2486 2484
3498 2 2 2 2 2848 4647 1201
3499 2 2 2 2 1951 3791 1686
3500 2 2 2 2 2194 2199 2196
3501 2 2 2 2 2297 4294 2608
3502 2 2 2 2 860 900 887
3503 2 2 2 2 1599 1601 1600
3504 2 2 2 2 1168 4281 1289
3505 2 2 2 2 1696 4157 1699
3506 2 2 2 2 2445 2700 2440
3507 2 2 2 2 3674 4162 4035
3508 2 2 2 2 2392 2398 2040
3509 2 2 2 2 409 411 410
3510 2 2 2 2 2640 4240 2641
3511 2 2 2 2 1659 1660 1658
3512 2 2 2 2 791 5480 4182
3513 2 2 2 2 1563 2017 1476
3514 2 2 2 2 1966 2332 2331
3515 2 2 2 2 5200 5275 3280
3516 2 2 2 2 2773 3154 2159
3517 2 2 2 2 1975 4165 1535
3518 2 2 2 2 1657 4684 1659
3519 2 2 2 2 2191 4511 2846
3520 2 2 2 2 2144 2145 1887
3521 2 2 2 2 3746 5257 4988
3522 2 2 2 2 2125 4331 4328
3523 2 2 2 2 2419 2429 2421
3524 2 2 2 2 2710 2740 2475
3525 2 2 2 2 416 417 415
3526 2 2 2 2 5118 5240 3927
3527 2 2 2 2 1189 1579 1216
3528 2 2 2 2 1615 2146 1855
3529 2 2 2 2 1642 1643 1303
3530 2 2 2 2 419 4528 417
3531 2 2 2 2 2908 2909 2554
3532 2 2 2 2 3276 4618 656
3533 2 2 2 2 2553 3248 2908
3534 2 2 2 2 744 745 743
3535 2 2 2 2 1680 4592 1682
3536 2 2 2 2 1699 1702 1701
3537 2 2 2 2 2774 4106 2773
3538 2 2 2 2 2830 2831 1857
3539 2 2 2 2 2230 4342 403
3540 2 2 2 2 3100 3664 3095
3541 2 2 2 2 3096 3101 3100
3542 2 2 2 2 3011 3285 3284
3543 2 2 2 2 2485 2489 2487
3544 2 2 2 2 1295 1296 1229
3545 2 2 2 2 1929 1930 1578
3546 2 2 2 2 1448 1450 1449
3547 2 2 2 2 2801 4903 2799
3548 2 2 2 2 3804 5081 1197
3549 2 2 2 2 565 566 564
3550 2 2 2 2 719 4752 722
3551 2 2 2 2 2423 2674 2161
3552 2 2 2 2 1464 1556 1462
3553 2 2 2 2 2786 4598 3350
3554 2 2 2 2 3745 3746 3744
3555 2 2 2 2 2737 4602 3929
3556 2 2 2 2 2756 3172 2757
3557 2 2 2 2 2480 3190 2479
3558 2 2 2 2 5053 5107 1667
3559 2 2 2 2 1428 1633 1506
3560 2 2 2 2 1299 1300 1297
3561 2 2 2 2 4044 5154 3258
3562 2 2 2 2 784 4482 775
3563 2 2 2 2 2849 5055 2851
3564 2 2 2 2 3856 4923 4606
3565 2 2 2 2 1643 4522 1303
3566 2 2 2 2 3036 3270 3034
3567 2 2 2 2 1405 4367 1428
3568 2 2 2 2 3505 4323 3154
3569 2 2 2 2 1752 4335 1875
3570 2 2 2 2 3863 5021 3902
3571 2 2 2 2 591 593 592
3572 2 2 2 2 706 708 707
3573 2 2 2 2 1959 2467 2184
3574 2 2 2 2 3974 4368 2804
3575 2 2 2 2 1452 1453 1451
3576 2 2 2 2 2667 2670 2669
3577 2 2 2 2 1258 4530 1255
3578 2 2 2 2 2211 2374 2034
3579 2 2 2 2 2136 4745 1785
3580 2 2 2 2 3580 3837 3582
3581 2 2 2 2 409 410 408
3582 2 2 2 2 3375 5726 5534
3583 2 2 2 2 1804 3551 3283
3584 2 2 2 2 147 4392 389
3585 2 2 2 2 401 4342 3242
3586 2 2 2 2 2067 2069 2068
3587 2 2 2 2 2793 4302 1592
3588 2 2 2 2 3333 3386 2383
3589 2 2 2 2 3053 3054 3052
3590 2 2 2 2 2643 4032 2664
3591 2 2 2 2 1466 1467 1465
3592 2 2 2 2 4289 4290 2236
3593 2 2 2 2 3373 3375 3374
3594 2 2 2 2 412 413 410
3595 2 2 2 2 400 402 401
3596 2 2 2 2 677 679 678
3597 2 2 2 2 2488 4343 2482
3598 2 2 2 2 1001 4039 1015
3599 2 2 2 2 573 4819 4664
3600 2 2 2 2 1853 2000 1852
3601 2 2 2 2 2503 2504 1974
3602 2 2 2 2 2765 3922 2059
3603 2 2 2 2 2131 2607 2606
3604 2 2 2 2 744 2736 746
3605 2 2 2 2 1100 4077 1102
3606 2 2 2 2 611 612 583
3607 2 2 2 2 645 648 647
3608 2 2 2 2 1228 1375 1192
3609 2 2 2 2 801 828 827
3610 2 2 2 2 447 504 445
3611 2 2 2 2 2944 3673 2943
3612 2 2 2 2 2006 4011 2007
3613 2 2 2 2 2224 5056 4552
3614 2 2 2 2 2922 3402 2676
3615 2 2 2 2 2713 4045 2184
3616 2 2 2 2 1386 1770 1769
3617 2 2 2 2 2002 4310 2622
3618 2 2 2 2 699 1335 771
3619 2 2 2 2 929 961 960
3620 2 2 2 2 3483 3484 3482
3621 2 2 2 2 3001 3003 3002
3622 2 2 2 2 2779 2780 2778
3623 2 2 2 2 1233 1235 1234
3624 2 2 2 2 1787 2766 2137
3625 2 2 2 2 735 4518 732
3626 2 2 2 2 672 676 674
3627 2 2 2 2 1659 4684 1663
3628 2 2 2 2 1292 1445 1293
3629 2 2 2 2 1346 4596 1359
3630 2 2 2 2 3925 4512 4169
3631 2 2 2 2 593 595 594
3632 2 2 2 2 1532 1909 1568
3633 2 2 2 2 1238 1239 1237
3634 2 2 2 2 1775 5168 754
3635 2 2 2 2 3086 3088 3087
3636 2 2 2 2 3070 3072 3071
3637 2 2 2 2 844 3907 1959
3638 2 2 2 2 2803 3188 2741
3639 2 2 2 2 2176 2177 1915
3640 2 2 2 2 2189 4667 3204
3641 2 2 2 2 2013 4376 1398
3642 2 2 2 2 2168 4387 4380
3643 2 2 2 2 687 688 623
3644 2 2 2 2 622 1735 687
3645 2 2 2 2 2475 4782 2476
3646 2 2 2 2 707 953 705
3647 2 2 2 2 411 1017 613
3648 2 2 2 2 356 4527 8
3649 2 2 2 2 1656 4729 1650
3650 2 2 2 2 2463 4513 2462
3651 2 2 2 2 3186 3187 2707
3652 2 2 2 2 2600 4394 1824
3653 2 2 2 2 996 1009 995
3654 2 2 2 2 3364 4041 3363
3655 2 2 2 2 2438 2439 2437
3656 2 2 2 2 3533 3534 2700
3657 2 2 2 2 682 4490 662
3658 2 2 2 2 2987 3210 2986
3659 2 2 2 2 3141 3227 3142
3660 2 2 2 2 2322 2371 2369
3661 2 2 2 2 2176 2665 2412
3662 2 2 2 2 568 4007 566
3663 2 2 2 2 2766 4400 4072
3664 2 2 2 2 4299 4936 2608
3665 2 2 2 2 1601 2187 1603
3666 2 2 2 2 152 4431 322
3667 2 2 2 2 1493 4353 3914
3668 2 2 2 2 641 5009 644
3669 2 2 2 2 3178 4489 4488
3670 2 2 2 2 2637 3067 2806
3671 2 2 2 2 1022 4992 3843
3672 2 2 2 2 1371 1494 1475
3673 2 2 2 2 3115 3117 3116
3674 2 2 2 2 3484 4351 3482
3675 2 2 2 2 1741 2207 1739
3676 2 2 2 2 994 996 995
3677 2 2 2 2 1853 2001 2000
3678 2 2 2 2 4733 5033 4976
3679 2 2 2 2 1484 1586 1585
3680 2 2 2 2 1441 1970 1440
3681 2 2 2 2 1298 1302 1299
3682 2 2 2 2 652 655 654
3683 2 2 2 2 1684 1686 1685
3684 2 2 2 2 4135 4246 1952
3685 2 2 2 2 658 661 660
3686 2 2 2 2 4073 4077 1100
3687 2 2 2 2 1821 4404 2147
3688 2 2 2 2 935 936 888
3689 2 2 2 2 745 4844 2921
3690 2 2 2 2 984 1583 983
3691 2 2 2 2 722 1590 723
3692 2 2 2 2 2883 3659 3658
3693 2 2 2 2 1768 3923 2122
3694 2 2 2 2 683 690 684
3695 2 2 2 2 1158 1159 1156
3696 2 2 2 2 451 4352 449
3697 2 2 2 2 1108 1109 1008
3698 2 2 2 2 1856 2459 2142
3699 2 2 2 2 2779 4550 3372
3700 2 2 2 2 2975 4524 2940
3701 2 2 2 2 1024 4923 1190
3702 2 2 2 2 1539 4261 1414
3703 2 2 2 2 3649 3650 2910
3704 2 2 2 2 2841 3326 2999
3705 2 2 2 2 408 2223 406
3706 2 2 2 2 3587 4371 4170
3707 2 2 2 2 2481 2483 2482
3708 2 2 2 2 3578 3579 3577
3709 2 2 2 2 2156 2157 2155
3710 2 2 2 2 1979 2191 2190
3711 2 2 2 2 1421 1422 1420
3712 2 2 2 2 4030 4063 2797
3713 2 2 2 2 40 4408 285
3714 2 2 2 2 2824 2827 2826
3715 2 2 2 2 1740 1742 1741
3716 2 2 2 2 2327 2330 2329
3717 2 2 2 2 207 4421 365
3718 2 2 2 2 156 4434 313
3719 2 2 2 2 178 4452 368
3720 2 2 2 2 337 4588 4587
3721 2 2 2 2 2827 3151 2942
3722 2 2 2 2 154 4451 370
3723 2 2 2 2 986 4090 984
3724 2 2 2 2 2701 3538 3170
3725 2 2 2 2 3170 3610 2704
3726 2 2 2 2 1140 4998 1139
3727 2 2 2 2 1598 1610 1599
3728 2 2 2 2 217 4366 390
3729 2 2 2 2 1142 1144 1143
3730 2 2 2 2 1143 4998 1140
3731 2 2 2 2 56 3896 55
3732 2 2 2 2 448 449 447
3733 2 2 2 2 2400 2788 2787
3734 2 2 2 2 405 406 404
3735 2 2 2 2 1173 1174 1123
3736 2 2 2 2 1439 1493 1331
3737 2 2 2 2 2687 3461 3459
3738 2 2 2 2 935 4493 937
3739 2 2 2 2 2451 2453 1994
3740 2 2 2 2 3313 4394 2600
3741 2 2 2 2 1228 4160 1623
3742 2 2 2 2 2779 3372 3371
3743 2 2 2 2 1890 2797 1908
3744 2 2 2 2 1908 2161 1907
3745 2 2 2 2 1235 1236 1234
3746 2 2 2 2 3053 3055 3054
3747 2 2 2 2 2418 2419 2404
3748 2 2 2 2 1216 1233 1232
3749 2 2 2 2 981 4775 940
3750 2 2 2 2 2860 2890 1927
3751 2 2 2 2 832 834 833
3752 2 2 2 2 3798 3799 2740
3753 2 2 2 2 1739 4606 1025
3754 2 2 2 2 2446 4086 3166
3755 2 2 2 2 1786 4400 1787
3756 2 2 2 2 71 4584 70
3757 2 2 2 2 2198 2530 2529
3758 2 2 2 2 4199 4270 996
3759 2 2 2 2 2380 2644 2379
3760 2 2 2 2 788 1619 770
3761 2 2 2 2 2709 3048 2640
3762 2 2 2 2 3816 4977 3826
3763 2 2 2 2 4601 4899 3802
3764 2 2 2 2 250 287 249
3765 2 2 2 2 1649 1651 1650
3766 2 2 2 2 44 340 43
3767 2 2 2 2 112 375 111
3768 2 2 2 2 3451 3452 2673
3769 2 2 2 2 2810 4271 2812
3770 2 2 2 2 187 291 186
3771 2 2 2 2 120 4055 119
3772 2 2 2 2 127 331 126
3773 2 2 2 2 3306 3931 2597
3774 2 2 2 2 1702 1704 1703
3775 2 2 2 2 3167 3168 2455
3776 2 2 2 2 3191 5209 3683
3777 2 2 2 2 1551 2258 1867
3778 2 2 2 2 3582 3584 3583
3779 2 2 2 2 401 3242 399
3780 2 2 2 2 1738 1739 1025
3781 2 2 2 2 729 730 727
3782 2 2 2 2 975 1103 1016
3783 2 2 2 2 2449 4014 2441
3784 2 2 2 2 2442 2450 2449
3785 2 2 2 2 1988 2326 1989
3786 2 2 2 2 3185 3603 3186
3787 2 2 2 2 1616 2032 864
3788 2 2 2 2 768 4544 1616
3789 2 2 2 2 3201 4799 4468
3790 2 2 2 2 4280 5176 2551
3791 2 2 2 2 695 798 747
3792 2 2 2 2 2688 4581 2405
3793 2 2 2 2 4224 4264 2868
3794 2 2 2 2 2535 2699 2426
3795 2 2 2 2 3064 3385 3089
3796 2 2 2 2 877 896 873
3797 2 2 2 2 1826 2624 2623
3798 2 2 2 2 656 658 657
3799 2 2 2 2 1431 1525 1430
3800 2 2 2 2 2601 4313 1810
3801 2 2 2 2 2984 5012 2982
3802 2 2 2 2 3937 3938 358
3803 2 2 2 2 1561 4578 1501
3804 2 2 2 2 1871 4862 1450
3805 2 2 2 2 1770 4505 1954
3806 2 2 2 2 1752 1875 1751
3807 2 2 2 2 819 865 838
3808 2 2 2 2 2527 4364 2776
3809 2 2 2 2 515 4761 4327
3810 2 2 2 2 2859 2861 2860
3811 2 2 2 2 3589 4170 3592
3812 2 2 2 2 1295 3864 1298
3813 2 2 2 2 1422 4478 1424
3814 2 2 2 2 3176 3561 3560
3815 2 2 2 2 1726 4875 2568
3816 2 2 2 2 3594 4155 4154
3817 2 2 2 2 2187 2719 1603
3818 2 2 2 2 2721 2724 2723
3819 2 2 2 2 2660 3126 2659
3820 2 2 2 2 1674 1675 1673
3821 2 2 2 2 318 4660 4227
3822 2 2 2 2 644 645 643
3823 2 2 2 2 1659 1661 1660
3824 2 2 2 2 1563 2018 2017
3825 2 2 2 2 1886 1887 1510
3826 2 2 2 2 2069 2070 2068
3827 2 2 2 2 2041 2392 2040
3828 2 2 2 2 745 2921 743
3829 2 2 2 2 3916 3978 3262
3830 2 2 2 2 1039 1201 1200
3831 2 2 2 2 3958 4292 2747
3832 2 2 2 2 3096 3648 3101
3833 2 2 2 2 3101 3102 3100
3834 2 2 2 2 1295 1297 1296
3835 2 2 2 2 3241 4851 4617
3836 2 2 2 2 1464 1557 1556
3837 2 2 2 2 2242 4290 2916
3838 2 2 2 2 1299 1301 1300
3839 2 2 2 2 2920 4390 4347
3840 2 2 2 2 1532 4048 1909
3841 2 2 2 2 3153 3501 3500
3842 2 2 2 2 708 709 707
3843 2 2 2 2 1959 2810 2467
3844 2 2 2 2 3749 3750 3593
3845 2 2 2 2 2670 2671 2669
3846 2 2 2 2 3309 5330 5251
3847 2 2 2 2 2762 4712 2306
3848 2 2 2 2 1901 2049 1900
3849 2 2 2 2 1466 1468 1467
3850 2 2 2 2 402 403 401
3851 2 2 2 2 412 414 413
3852 2 2 2 2 1388 1397 1395
3853 2 2 2 2 677 2214 679
3854 2 2 2 2 3160 4097 2433
3855 2 2 2 2 2891 3550 3549
3856 2 2 2 2 251 4219 250
3857 2 2 2 2 2607 2995 2606
3858 2 2 2 2 1754 3919 1862
3859 2 2 2 2 1228 1623 1375
3860 2 2 2 2 801 4085 828
3861 2 2 2 2 1919 4097 1767
3862 2 2 2 2 2922 3403 3402
3863 2 2 2 2 3483 3685 3484
3864 2 2 2 2 961 976 960
3865 2 2 2 2 2779 3371 2780
3866 2 2 2 2 2780 3838 2778
3867 2 2 2 2 676 4056 674
3868 2 2 2 2 1445 1552 1293
3869 2 2 2 2 1932 2461 1934
3870 2 2 2 2 595 596 594
3871 2 2 2 2 3117 3155 3116
3872 2 2 2 2 628 632 631
3873 2 2 2 2 804 866 805
3874 2 2 2 2 1398 4376 1212
3875 2 2 2 2 2439 2440 2437
3876 2 2 2 2 2987 3645 3210
3877 2 2 2 2 2029 2629 2028
3878 2 2 2 2 2527 2776 2266
3879 2 2 2 2 3067 3068 2806
3880 2 2 2 2 3667 3854 3666
3881 2 2 2 2 2842 3777 2839
3882 2 2 2 2 4459 4944 4105
3883 2 2 2 2 1846 1847 1559
3884 2 2 2 2 2220 4750 4749
3885 2 2 2 2 452 453 451
3886 2 2 2 2 1684 1951 1686
3887 2 2 2 2 661 662 660
3888 2 2 2 2 3659 3813 3658
3889 2 2 2 2 2211 3235 2384
3890 2 2 2 2 1158 1160 1159
3891 2 2 2 2 1108 1198 1109
3892 2 2 2 2 3010 3011 2499
3893 2 2 2 2 2127 2953 2952
3894 2 2 2 2 4215 4827 2062
3895 2 2 2 2 2634 2635 2008
3896 2 2 2 2 886 929 928
3897 2 2 2 2 2191 2192 2190
3898 2 2 2 2 1422 1423 1420
3899 2 2 2 2 1421 1427 1422
3900 2 2 2 2 814 4711 1333
3901 2 2 2 2 3151 3152 2942
3902 2 2 2 2 2827 3414 3151
3903 2 2 2 2 2701 4101 3538
3904 2 2 2 2 3538 3609 3170
3905 2 2 2 2 1142 1145 1144
3906 2 2 2 2 3650 4860 2910
3907 2 2 2 2 4531 4654 4256
3908 2 2 2 2 2766 4072 2768
3909 2 2 2 2 405 407 406
3910 2 2 2 2 1493 3914 1331
3911 2 2 2 2 2451 3029 2453
3912 2 2 2 2 4533 4895 1776
3913 2 2 2 2 2453 3780 1994
3914 2 2 2 2 2686 2687 2405
3915 2 2 2 2 2860 2891 2890
3916 2 2 2 2 2419 2420 2404
3917 2 2 2 2 2054 2701 2179
3918 2 2 2 2 1846 2615 1847
3919 2 2 2 2 2530 2964 2529
3920 2 2 2 2 2332 3994 2734
3921 2 2 2 2 1782 1784 1783
3922 2 2 2 2 1417 4003 1570
3923 2 2 2 2 1897 4622 1479
3924 2 2 2 2 3578 3580 3579
3925 2 2 2 2 1039 2848 1201
3926 2 2 2 2 2442 3398 2450
3927 2 2 2 2 677 678 675
3928 2 2 2 2 3282 4750 2324
3929 2 2 2 2 2439 4274 2442
3930 2 2 2 2 2535 2771 2699
3931 2 2 2 2 3045 3554 2472
3932 2 2 2 2 879 1807 930
3933 2 2 2 2 428 3913 499
3934 2 2 2 2 628 631 630
3935 2 2 2 2 1383 1384 1381
3936 2 2 2 2 2200 2201 1971
3937 2 2 2 2 1674 1676 1675
3938 2 2 2 2 1661 1662 1660
3939 2 2 2 2 2018 2638 2017
3940 2 2 2 2 827 879 826
3941 2 2 2 2 3686 3688 3687
3942 2 2 2 2 3720 5079 3721
3943 2 2 2 2 1535 1536 1435
3944 2 2 2 2 1301 1376 1300
3945 2 2 2 2 1091 3996 1090
3946 2 2 2 2 3178 4488 2182
3947 2 2 2 2 708 710 709
3948 2 2 2 2 2810 2811 2467
3949 2 2 2 2 2670 2672 2671
3950 2 2 2 2 2671 2727 2669
3951 2 2 2 2 414 415 413
3952 2 2 2 2 2995 4760 2606
3953 2 2 2 2 3685 3686 3484
3954 2 2 2 2 961 977 976
3955 2 2 2 2 424 425 423
3956 2 2 2 2 1445 1856 1552
3957 2 2 2 2 3430 4553 3427
3958 2 2 2 2 1923 1924 1575
3959 2 2 2 2 2440 3970 2437
3960 2 2 2 2 2987 3646 3645
3961 2 2 2 2 2842 3778 3777
3962 2 2 2 2 662 663 660
3963 2 2 2 2 661 682 662
3964 2 2 2 2 4051 4052 4050
3965 2 2 2 2 3158 4529 2427
3966 2 2 2 2 1422 1424 1423
3967 2 2 2 2 2191 2597 2192
3968 2 2 2 2 1421 1496 1427
3969 2 2 2 2 3029 3030 2453
3970 2 2 2 2 2247 2262 2261
3971 2 2 2 2 2891 2929 2890
3972 2 2 2 2 433 3833 2149
3973 2 2 2 2 2391 3908 2282
3974 2 2 2 2 955 4888 980
3975 2 2 2 2 2530 2965 2964
3976 2 2 2 2 2766 2767 2137
3977 2 2 2 2 1666 4603 1653
3978 2 2 2 2 601 4315 917
3979 2 2 2 2 1676 1677 1675
3980 2 2 2 2 628 630 619
3981 2 2 2 2 1662 1667 1660
3982 2 2 2 2 1661 1664 1662
3983 2 2 2 2 2182 4488 627
3984 2 2 2 2 4387 4959 4380
3985 2 2 2 2 2326 2327 1989
3986 2 2 2 2 1535 1537 1536
3987 2 2 2 2 3688 3689 3687
3988 2 2 2 2 2057 2862 2501
3989 2 2 2 2 1792 2592 1791
3990 2 2 2 2 1376 5007 1300
3991 2 2 2 2 1333 2632 825
3992 2 2 2 2 3349 4318 4317
3993 2 2 2 2 2810 2812 2811
3994 2 2 2 2 2672 2673 2671
3995 2 2 2 2 961 998 977
3996 2 2 2 2 2765 5280 3764
3997 2 2 2 2 425 1815 423
3998 2 2 2 2 2842 3779 3778
3999 2 2 2 2 662 664 663
4000 2 2 2 2 663 4559 660
4001 2 2 2 2 1257 1260 1259
4002 2 2 2 2 1496 2647 1427
4003 2 2 2 2 2191 2846 2597
4004 2 2 2 2 856 858 857
4005 2 2 2 2 2766 2768 2767
4006 2 2 2 2 1677 1707 1675
4007 2 2 2 2 2672 3451 2673
4008 2 2 2 2 1815 4099 423
4009 2 2 2 2 40 285 39
4010 2 2 2 2 2846 3304 2597
4011 2 2 2 2 2768 3243 2767
4012 2 2 2 2 3279 5050 2722
4013 2 2 2 2 1677 4080 1707
4014 2 2 2 2 114 335 113
4015 2 2 2 2 12 324 11
4016 2 2 2 2 82 323 81
4017 2 2 2 2 2500 4411 2502
4018 2 2 2 2 1787 4400 2766
4019 2 2 2 2 110 288 109
4020 2 2 2 2 2501 2997 2996
4021 2 2 2 2 65 4420 319
4022 2 2 2 2 284 395 283
4023 2 2 2 2 2997 3543 2996
4024 2 2 2 2 341 4429 49
4025 2 2 2 2 275 320 274
4026 2 2 2 2 65 319 64
4027 2 2 2 2 273 378 272
4028 2 2 2 2 2846 3305 3304
4029 2 2 2 2 49 4429 48
4030 2 2 2 2 297 4427 263
4031 2 2 2 2 60 312 59
4032 2 2 2 2 267 351 266
4033 2 2 2 2 57 350 56
4034 2 2 2 2 1154 1156 1155
4035 2 2 2 2 69 327 68
4036 2 2 2 2 260 342 259
4037 2 2 2 2 66 4420 65
4038 2 2 2 2 1154 1155 1152
4039 2 2 2 2 55 4495 54
4040 2 2 2 2 264 297 263
4041 2 2 2 2 50 341 49
4042 2 2 2 2 263 4427 262
4043 2 2 2 2 1154 1157 1156
4044 2 2 2 2 1153 1154 1152
4045 2 2 2 2 2501 2996 2500
4046 2 2 2 2 2869 2870 2867
4047 2 2 2 2 2869 2871 2870
4048 2 2 2 2 244 4545 243
4049 2 2 2 2 37 348 36
4050 2 2 2 2 36 4440 35
4051 2 2 2 2 35 388 34
4052 2 2 2 2 245 374 244
4053 2 2 2 2 240 343 239
4054 2 2 2 2 8 4527 7
4055 2 2 2 2 30 344 29
4056 2 2 2 2 374 4545 244
4057 2 2 2 2 2866 2869 2867
4058 2 2 2 2 27 304 26
4059 2 2 2 2 237 303 236
4060 2 2 2 2 348 4440 36
4061 2 2 2 2 1150 1153 1152
4062 2 2 2 2 18 386 17
4063 2 2 2 2 35 4440 388
4064 2 2 2 2 86 315 85
4065 2 2 2 2 7 392 6
4066 2 2 2 2 103 294 102
4067 2 2 2 2 348 4441 4440
4068 2 2 2 2 7 4527 392
4069 2 2 2 2 2866 2867 2865
4070 2 2 2 2 2996 4411 2500
4071 2 2 2 2 1720 1792 1791
4072 2 2 2 2 2057 2501 2500
4073 2 2 2 2 1732 1986 1733
4074 2 2 2 2 817 819 818
4075 2 2 2 2 85 4456 84
4076 2 2 2 2 84 382 83
4077 2 2 2 2 315 4456 85
4078 2 2 2 2 1150 1152 1151
4079 2 2 2 2 2500 2502 2056
4080 2 2 2 2 108 383 107
4081 2 2 2 2 2865 2868 2820
4082 2 2 2 2 4024 4025 4023
4083 2 2 2 2 84 4456 382
4084 2 2 2 2 1732 1733 1731
4085 2 2 2 2 2864 2866 2865
4086 2 2 2 2 1730 1972 1732
4087 2 2 2 2 1720 1791 1718
4088 2 2 2 2 817 818 816
4089 2 2 2 2 850 1033 852
4090 2 2 2 2 1637 1822 1638
4091 2 2 2 2 1862 3919 2057
4092 2 2 2 2 1867 2366 2364
4093 2 2 2 2 2364 2373 1860
4094 2 2 2 2 2057 2500 2056
4095 2 2 2 2 2756 2757 2261
4096 2 2 2 2 1150 1151 1148
4097 2 2 2 2 2464 2466 2463
4098 2 2 2 2 781 2229 795
4099 2 2 2 2 1289 2708 1433
4100 2 2 2 2 2864 2865 2820
4101 2 2 2 2 1730 1732 1731
4102 2 2 2 2 2819 4348 2864
4103 2 2 2 2 1719 1720 1718
4104 2 2 2 2 4022 4024 4023
4105 2 2 2 2 851 1587 849
4106 2 2 2 2 850 852 851
4107 2 2 2 2 2385 4192 2650
4108 2 2 2 2 1637 1638 1636
4109 2 2 2 2 3165 3535 3167
4110 2 2 2 2 3426 3428 3424
4111 2 2 2 2 3870 3872 3871
4112 2 2 2 2 1504 1505 1503
4113 2 2 2 2 4063 4064 3895
4114 2 2 2 2 1867 2364 1860
4115 2 2 2 2 830 3900 1290
4116 2 2 2 2 1812 2130 1467
4117 2 2 2 2 2823 2825 2824
4118 2 2 2 2 1862 2057 2056
4119 2 2 2 2 3240 4861 2800
4120 2 2 2 2 1149 1150 1148
4121 2 2 2 2 781 795 794
4122 2 2 2 2 1075 1077 1076
4123 2 2 2 2 1954 2464 2463
4124 2 2 2 2 3497 3498 3147
4125 2 2 2 2 1289 1433 1389
4126 2 2 2 2 2837 2838 2835
4127 2 2 2 2 224 4234 372
4128 2 2 2 2 2668 4285 4284
4129 2 2 2 2 722 723 721
4130 2 2 2 2 1730 1731 1728
4131 2 2 2 2 2819 2864 2820
4132 2 2 2 2 1352 2257 1635
4133 2 2 2 2 1623 4160 4158
4134 2 2 2 2 856 857 855
4135 2 2 2 2 2783 4346 1030
4136 2 2 2 2 1717 1719 1718
4137 2 2 2 2 1978 4594 1731
4138 2 2 2 2 4022 4023 3228
4139 2 2 2 2 1294 3864 1295
4140 2 2 2 2 1870 2181 2148
4141 2 2 2 2 1683 1708 1681
4142 2 2 2 2 3436 3438 3437
4143 2 2 2 2 3668 3675 3669
4144 2 2 2 2 1465 4913 1305
4145 2 2 2 2 850 851 849
4146 2 2 2 2 2385 2650 2150
4147 2 2 2 2 243 4545 296
4148 2 2 2 2 2567 2988 2565
4149 2 2 2 2 1317 1319 1315
4150 2 2 2 2 597 4111 593
4151 2 2 2 2 2227 2729 2226
4152 2 2 2 2 3423 4181 3425
4153 2 2 2 2 3425 3426 3424
4154 2 2 2 2 3165 3167 2455
4155 2 2 2 2 2966 2989 2968
4156 2 2 2 2 766 785 765
4157 2 2 2 2 517 518 516
4158 2 2 2 2 2435 2437 2436
4159 2 2 2 2 3103 3106 3105
4160 2 2 2 2 2067 2068 2066
4161 2 2 2 2 1502 1899 1564
4162 2 2 2 2 1426 1504 1503
4163 2 2 2 2 1006 4304 1003
4164 2 2 2 2 1551 1867 1860
4165 2 2 2 2 2823 2824 1904
4166 2 2 2 2 1862 2056 2019
4167 2 2 2 2 2019 2020 1861
4168 2 2 2 2 1614 1857 1615
4169 2 2 2 2 2007 2220 1548
4170 2 2 2 2 761 769 768
4171 2 2 2 2 2976 3682 2975
4172 2 2 2 2 2376 2642 1529
4173 2 2 2 2 1890 1907 1889
4174 2 2 2 2 1973 1974 1883
4175 2 2 2 2 980 4888 4500
4176 2 2 2 2 1298 1299 1297
4177 2 2 2 2 1075 1076 1074
4178 2 2 2 2 1253 1639 1252
4179 2 2 2 2 781 794 780
4180 2 2 2 2 1625 4158 2127
4181 2 2 2 2 1146 1149 1148
4182 2 2 2 2 1954 2463 2462
4183 2 2 2 2 1647 2781 1649
4184 2 2 2 2 2232 2233 2231
4185 2 2 2 2 3589 3591 3590
4186 2 2 2 2 851 3776 1587
4187 2 2 2 2 5039 5065 3914
4188 2 2 2 2 1838 4246 1835
4189 2 2 2 2 1289 1389 1221
4190 2 2 2 2 2836 2837 2835
4191 2 2 2 2 2776 3889 3257
4192 2 2 2 2 2334 3278 2336
4193 2 2 2 2 2566 5086 1827
4194 2 2 2 2 2929 5137 2890
4195 2 2 2 2 2149 4655 431
4196 2 2 2 2 2968 3733 3732
4197 2 2 2 2 714 715 713
4198 2 2 2 2 757 1628 755
4199 2 2 2 2 2941 4460 2494
4200 2 2 2 2 1316 1413 1318
4201 2 2 2 2 1425 4503 1423
4202 2 2 2 2 1724 4875 1726
4203 2 2 2 2 1727 1730 1728
4204 2 2 2 2 2819 2820 2452
4205 2 2 2 2 1352 1635 1634
4206 2 2 2 2 3758 5300 5214
4207 2 2 2 2 854 856 855
4208 2 2 2 2 1017 2783 1030
4209 2 2 2 2 2866 4349 3269
4210 2 2 2 2 573 575 574
4211 2 2 2 2 1717 1718 1656
4212 2 2 2 2 923 952 951
4213 2 2 2 2 1899 2772 2159
4214 2 2 2 2 1911 2174 1572
4215 2 2 2 2 3295 3868 3303
4216 2 2 2 2 3227 4022 3228
4217 2 2 2 2 895 925 892
4218 2 2 2 2 1682 1683 1681
4219 2 2 2 2 813 4674 811
4220 2 2 2 2 1692 1694 1693
4221 2 2 2 2 722 2222 1590
4222 2 2 2 2 1447 4465 1448
4223 2 2 2 2 3639 5344 3642
4224 2 2 2 2 3436 3437 3435
4225 2 2 2 2 712 713 711
4226 2 2 2 2 3211 3701 3212
4227 2 2 2 2 3596 4347 2633
4228 2 2 2 2 4496 4723 159
4229 2 2 2 2 848 850 849
4230 2 2 2 2 4229 4230 195
4231 2 2 2 2 2462 4513 2706
4232 2 2 2 2 732 4518 1825
4233 2 2 2 2 1392 4560 1401
4234 2 2 2 2 3703 3704 2954
4235 2 2 2 2 767 782 762
4236 2 2 2 2 687 4462 695
4237 2 2 2 2 1190 1304 1191
4238 2 2 2 2 1884 2385 2150
4239 2 2 2 2 2150 2151 1555
4240 2 2 2 2 4011 5169 3043
4241 2 2 2 2 633 5141 636
4242 2 2 2 2 3041 3542 3189
4243 2 2 2 2 4242 4244 4243
4244 2 2 2 2 3576 3577 3575
4245 2 2 2 2 2020 4335 1861
4246 2 2 2 2 3315 4313 2601
4247 2 2 2 2 3432 3433 3430
4248 2 2 2 2 1977 2567 2565
4249 2 2 2 2 1895 2610 2600
4250 2 2 2 2 1929 1932 1931
4251 2 2 2 2 2306 2717 2307
4252 2 2 2 2 2010 4261 1539
4253 2 2 2 2 1797 1803 1802
4254 2 2 2 2 3167 4088 3168
4255 2 2 2 2 591 597 593
4256 2 2 2 2 1234 3736 1442
4257 2 2 2 2 891 4897 895
4258 2 2 2 2 1976 2227 2226
4259 2 2 2 2 1966 2346 2332
4260 2 2 2 2 1330 4016 1382
4261 2 2 2 2 2565 4671 2566
4262 2 2 2 2 1134 1135 1031
4263 2 2 2 2 2576 3066 1876
4264 2 2 2 2 3423 3425 3424
4265 2 2 2 2 2446 3165 2455
4266 2 2 2 2 1616 4544 4108
4267 2 2 2 2 3793 3904 3383
4268 2 2 2 2 1844 4047 1842
4269 2 2 2 2 2519 3860 3209
4270 2 2 2 2 1333 3179 2632
4271 2 2 2 2 3401 5044 2677
4272 2 2 2 2 48 4430 47
4273 2 2 2 2 691 766 765
4274 2 2 2 2 2435 2436 2432
4275 2 2 2 2 581 583 582
4276 2 2 2 2 1385 1387 1386
4277 2 2 2 2 3073 3352 2643
4278 2 2 2 2 2065 2067 2066
4279 2 2 2 2 4431 4432 322
4280 2 2 2 2 1502 1564 1425
4281 2 2 2 2 1426 1503 1502
4282 2 2 2 2 3177 3192 3178
4283 2 2 2 2 4452 4453 368
4284 2 2 2 2 337 4589 4588
4285 2 2 2 2 1003 1004 965
4286 2 2 2 2 964 1006 1003
4287 2 2 2 2 3613 3798 2740
4288 2 2 2 2 3070 4468 3072
4289 2 2 2 2 2512 3199 2746
4290 2 2 2 2 742 743 740
4291 2 2 2 2 2079 2080 2078
4292 2 2 2 2 1870 2148 1869
4293 2 2 2 2 1944 1946 1945
4294 2 2 2 2 1087 1091 1090
4295 2 2 2 2 2306 4712 2717
4296 2 2 2 2 1551 1860 1550
4297 2 2 2 2 2153 4323 2518
4298 2 2 2 2 2822 3662 3661
4299 2 2 2 2 3661 3708 2730
4300 2 2 2 2 2288 4521 2654
4301 2 2 2 2 1599 4168 1601
4302 2 2 2 2 3410 3411 2428
4303 2 2 2 2 5064 5072 4882
4304 2 2 2 2 3693 3694 3206
4305 2 2 2 2 2666 4148 2667
4306 2 2 2 2 354 4366 218
4307 2 2 2 2 2000 2609 1852
4308 2 2 2 2 3248 5094 2908
4309 2 2 2 2 428 499 430
4310 2 2 2 2 1862 2019 1861
4311 2 2 2 2 2558 4338 1528
4312 2 2 2 2 1614 1615 1613
4313 2 2 2 2 1407 4367 1405
4314 2 2 2 2 1323 5088 1321
4315 2 2 2 2 457 1606 481
4316 2 2 2 2 3070 3071 3069
4317 2 2 2 2 1813 1863 1814
4318 2 2 2 2 436 437 435
4319 2 2 2 2 1900 2051 1714
4320 2 2 2 2 695 696 688
4321 2 2 2 2 870 1492 886
4322 2 2 2 2 1851 4215 1853
4323 2 2 2 2 2464 4505 2775
4324 2 2 2 2 2657 3967 3131
4325 2 2 2 2 2006 2007 1548
4326 2 2 2 2 3898 4314 1208
4327 2 2 2 2 1796 4030 1890
4328 2 2 2 2 2973 2976 2975
4329 2 2 2 2 761 768 760
4330 2 2 2 2 1969 4046 1585
4331 2 2 2 2 2169 2405 1910
4332 2 2 2 2 2189 3204 3203
4333 2 2 2 2 982 1035 981
4334 2 2 2 2 903 905 904
4335 2 2 2 2 3158 5128 4529
4336 2 2 2 2 3374 3838 2780
4337 2 2 2 2 1776 4895 565
4338 2 2 2 2 3909 3911 3908
4339 2 2 2 2 1339 1341 1340
4340 2 2 2 2 661 1724 682
4341 2 2 2 2 1694 1695 1693
4342 2 2 2 2 1073 1075 1074
4343 2 2 2 2 1251 1253 1252
4344 2 2 2 2 775 781 780
4345 2 2 2 2 1625 2127 2050
4346 2 2 2 2 1146 1148 1147
4347 2 2 2 2 1954 2462 1953
4348 2 2 2 2 2466 2716 2463
4349 2 2 2 2 1396 3897 1387
4350 2 2 2 2 2202 3869 3654
4351 2 2 2 2 911 4479 2782
4352 2 2 2 2 1276 2232 2231
4353 2 2 2 2 1264 1365 1267
4354 2 2 2 2 3587 4170 3589
4355 2 2 2 2 3589 3590 3588
4356 2 2 2 2 2012 2558 1528
4357 2 2 2 2 1173 1175 1174
4358 2 2 2 2 1317 1320 1319
4359 2 2 2 2 1198 1288 1286
4360 2 2 2 2 1288 1379 1378
4361 2 2 2 2 2475 2476 1969
4362 2 2 2 2 659 1596 1582
4363 2 2 2 2 1885 1886 1510
4364 2 2 2 2 1415 2576 1876
4365 2 2 2 2 3033 3034 3032
4366 2 2 2 2 563 564 562
4367 2 2 2 2 1168 1289 1221
4368 2 2 2 2 2834 2836 2835
4369 2 2 2 2 2776 3257 3256
4370 2 2 2 2 628 4488 632
4371 2 2 2 2 2334 2336 2335
4372 2 2 2 2 3836 3837 3580
4373 2 2 2 2 2076 4853 2355
4374 2 2 2 2 1322 1324 1323
4375 2 2 2 2 2369 4486 2370
4376 2 2 2 2 807 845 844
4377 2 2 2 2 975 1016 974
4378 2 2 2 2 2757 4096 2261
4379 2 2 2 2 929 4484 4483
4380 2 2 2 2 660 4559 659
4381 2 2 2 2 3561 3562 3560
4382 2 2 2 2 1097 1098 1091
4383 2 2 2 2 3063 3345 3062
4384 2 2 2 2 4239 5146 1196
4385 2 2 2 2 922 4060 914
4386 2 2 2 2 1633 2799 1506
4387 2 2 2 2 706 1020 708
4388 2 2 2 2 2523 4600 2522
4389 2 2 2 2 2198 2510 2197
4390 2 2 2 2 2764 3566 3565
4391 2 2 2 2 563 1776 565
4392 2 2 2 2 1041 3991 1202
4393 2 2 2 2 2559 3548 1626
4394 2 2 2 2 410 4741 408
4395 2 2 2 2 1162 4909 1165
4396 2 2 2 2 3085 3567 3071
4397 2 2 2 2 569 617 571
4398 2 2 2 2 2494 2748 2493
4399 2 2 2 2 2492 2941 2494
4400 2 2 2 2 1751 5157 1753
4401 2 2 2 2 2625 3097 3090
4402 2 2 2 2 1601 1603 1602
4403 2 2 2 2 811 3121 810
4404 2 2 2 2 964 965 931
4405 2 2 2 2 4145 4147 4146
4406 2 2 2 2 3864 4756 1864
4407 2 2 2 2 4207 4941 4238
4408 2 2 2 2 1727 1728 1725
4409 2 2 2 2 710 4566 3720
4410 2 2 2 2 517 4327 702
4411 2 2 2 2 2714 4068 3616
4412 2 2 2 2 1944 4186 1946
4413 2 2 2 2 3226 4719 3962
4414 2 2 2 2 1995 2819 2452
4415 2 2 2 2 1110 4064 4063
4416 2 2 2 2 1352 1634 1348
4417 2 2 2 2 41 4408 40
4418 2 2 2 2 854 855 853
4419 2 2 2 2 2987 4241 3646
4420 2 2 2 2 3535 3571 3536
4421 2 2 2 2 2716 4513 2463
4422 2 2 2 2 1017 1030 1018
4423 2 2 2 2 3452 3453 2673
4424 2 2 2 2 5302 5314 3683
4425 2 2 2 2 573 574 572
4426 2 2 2 2 4248 4463 2792
4427 2 2 2 2 2142 2143 1858
4428 2 2 2 2 2163 2523 2522
4429 2 2 2 2 2788 3479 3478
4430 2 2 2 2 3420 3421 3418
4431 2 2 2 2 192 4542 191
4432 2 2 2 2 798 4248 1809
4433 2 2 2 2 1942 2448 1944
4434 2 2 2 2 1652 1717 1656
4435 2 2 2 2 1107 4036 1137
4436 2 2 2 2 3051 3052 3050
4437 2 2 2 2 4464 4465 1869
4438 2 2 2 2 1753 5124 3858
4439 2 2 2 2 522 4407 2874
4440 2 2 2 2 978 1007 979
4441 2 2 2 2 728 2761 734
4442 2 2 2 2 2238 2240 2239
4443 2 2 2 2 2794 4364 2527
4444 2 2 2 2 1940 1942 1941
4445 2 2 2 2 923 951 922
4446 2 2 2 2 608 4668 626
4447 2 2 2 2 1899 2159 2153
4448 2 2 2 2 433 2149 431
4449 2 2 2 2 2916 4242 2244
4450 2 2 2 2 3849 4649 1375
4451 2 2 2 2 1402 1589 1400
4452 2 2 2 2 726 4884 3026
4453 2 2 2 2 387 4083 397
4454 2 2 2 2 3227 3228 3142
4455 2 2 2 2 1635 1637 1636
4456 2 2 2 2 3463 5217 5190
4457 2 2 2 2 1680 1682 1681
4458 2 2 2 2 3686 3687 3484
4459 2 2 2 2 1298 1864 1302
4460 2 2 2 2 1847 4677 1559
4461 2 2 2 2 812 813 811
4462 2 2 2 2 1211 1398 1212
4463 2 2 2 2 3104 4471 3878
4464 2 2 2 2 4062 4479 1622
4465 2 2 2 2 2481 2872 2483
4466 2 2 2 2 2628 4317 2262
4467 2 2 2 2 3452 3454 3453
4468 2 2 2 2 1781 2028 1780
4469 2 2 2 2 2283 2285 2284
4470 2 2 2 2 3293 5309 2853
4471 2 2 2 2 2878 2943 2186
4472 2 2 2 2 3713 3883 3086
4473 2 2 2 2 1030 1031 1018
4474 2 2 2 2 1138 1141 1140
4475 2 2 2 2 1942 1943 1941
4476 2 2 2 2 4147 4974 4463
4477 2 2 2 2 3104 3365 3102
4478 2 2 2 2 1365 3368 2314
4479 2 2 2 2 1419 1420 1418
4480 2 2 2 2 2878 2944 2943
4481 2 2 2 2 1328 1331 1327
4482 2 2 2 2 1947 2381 1945
4483 2 2 2 2 3236 4246 4135
4484 2 2 2 2 402 404 403
4485 2 2 2 2 834 860 835
4486 2 2 2 2 493 4514 496
4487 2 2 2 2 1792 3780 2834
4488 2 2 2 2 2892 4519 2130
4489 2 2 2 2 1225 1282 1181
4490 2 2 2 2 2829 4009 1319
4491 2 2 2 2 1079 1081 1078
4492 2 2 2 2 887 888 861
4493 2 2 2 2 1689 1721 1687
4494 2 2 2 2 3433 3436 3435
4495 2 2 2 2 2071 2073 2072
4496 2 2 2 2 882 1022 872
4497 2 2 2 2 739 3915 741
4498 2 2 2 2 2368 4642 1939
4499 2 2 2 2 2799 4903 4048
4500 2 2 2 2 3805 3806 2517
4501 2 2 2 2 3595 3596 2633
4502 2 2 2 2 3027 3028 2609
4503 2 2 2 2 2714 3616 2720
4504 2 2 2 2 2720 2721 2715
4505 2 2 2 2 1519 1521 1520
4506 2 2 2 2 2155 4283 2204
4507 2 2 2 2 2043 4720 1894
4508 2 2 2 2 1137 5371 4956
4509 2 2 2 2 4378 5196 921
4510 2 2 2 2 814 1333 825
4511 2 2 2 2 3688 3690 3689
4512 2 2 2 2 3113 3497 3147
4513 2 2 2 2 3304 3306 2597
4514 2 2 2 2 2110 5012 4771
4515 2 2 2 2 1356 1360 1354
4516 2 2 2 2 1355 1357 1356
4517 2 2 2 2 3259 3260 465
4518 2 2 2 2 2911 3703 2954
4519 2 2 2 2 758 767 762
4520 2 2 2 2 1884 2150 1555
4521 2 2 2 2 1923 2406 2047
4522 2 2 2 2 1973 2763 2503
4523 2 2 2 2 3904 3905 3383
4524 2 2 2 2 1831 4403 1833
4525 2 2 2 2 2939 2940 2253
4526 2 2 2 2 2323 4562 3271
4527 2 2 2 2 804 805 793
4528 2 2 2 2 364 4409 4408
4529 2 2 2 2 3318 4204 2794
4530 2 2 2 2 1003 1186 1004
4531 2 2 2 2 1136 4879 1134
4532 2 2 2 2 422 423 421
4533 2 2 2 2 2371 3033 3032
4534 2 2 2 2 2910 4860 2911
4535 2 2 2 2 2843 4765 4732
4536 2 2 2 2 1489 4967 1219
4537 2 2 2 2 1712 1714 1710
4538 2 2 2 2 2234 2235 2233
4539 2 2 2 2 1104 1199 1014
4540 2 2 2 2 716 719 718
4541 2 2 2 2 3429 3432 3430
4542 2 2 2 2 3314 3315 2601
4543 2 2 2 2 1278 1364 1363
4544 2 2 2 2 1977 2565 1827
4545 2 2 2 2 1895 2600 1824
4546 2 2 2 2 1035 1224 1222
4547 2 2 2 2 4256 4533 4531
4548 2 2 2 2 1997 2010 1539
4549 2 2 2 2 3094 3095 3093
4550 2 2 2 2 2936 2937 2935
4551 2 2 2 2 1521 1888 1520
4552 2 2 2 2 1634 4596 1348
4553 2 2 2 2 985 986 984
4554 2 2 2 2 1759 4683 1762
4555 2 2 2 2 2377 3831 3359
4556 2 2 2 2 2260 4848 4139
4557 2 2 2 2 1797 1802 1795
4558 2 2 2 2 3061 3063 3062
4559 2 2 2 2 3153 3500 3391
4560 2 2 2 2 2147 3171 2591
4561 2 2 2 2 2556 2878 2186
4562 2 2 2 2 4526 4602 2737
4563 2 2 2 2 4002 5188 1621
4564 2 2 2 2 403 4342 401
4565 2 2 2 2 1308 3898 1210
4566 2 2 2 2 2384 4858 3120
4567 2 2 2 2 3733 5396 5345
4568 2 2 2 2 1267 1268 1265
4569 2 2 2 2 1976 2226 1975
4570 2 2 2 2 3414 3509 3486
4571 2 2 2 2 1330 1382 1381
4572 2 2 2 2 3256 4891 4890
4573 2 2 2 2 2146 2627 2360
4574 2 2 2 2 1212 4376 1309
4575 2 2 2 2 2110 4746 4499
4576 2 2 2 2 649 651 650
4577 2 2 2 2 952 4757 985
4578 2 2 2 2 3896 4495 55
4579 2 2 2 2 2510 4402 2822
4580 2 2 2 2 3206 5112 4927
4581 2 2 2 2 2000 4401 3019
4582 2 2 2 2 3423 3424 3422
4583 2 2 2 2 2724 2987 2986
4584 2 2 2 2 2446 2455 2052
4585 2 2 2 2 670 4502 669
4586 2 2 2 2 2336 3347 2335
4587 2 2 2 2 718 4198 715
4588 2 2 2 2 845 3907 844
4589 2 2 2 2 2611 2958 2957
4590 2 2 2 2 708 4566 710
4591 2 2 2 2 2262 2756 2261
4592 2 2 2 2 2247 2263 2262
4593 2 2 2 2 2614 3935 3001
4594 2 2 2 2 87 4450 4449
4595 2 2 2 2 2775 3793 3383
4596 2 2 2 2 3423 4275 4181
4597 2 2 2 2 2504 3815 3814
4598 2 2 2 2 2450 3164 3163
4599 2 2 2 2 1781 2508 2029
4600 2 2 2 2 1258 4934 4530
4601 2 2 2 2 2466 2764 2716
4602 2 2 2 2 1332 1441 1440
4603 2 2 2 2 1000 4117 977
4604 2 2 2 2 2946 2949 2945
4605 2 2 2 2 1686 1687 1685
4606 2 2 2 2 3035 4473 4082
4607 2 2 2 2 1277 1279 1274
4608 2 2 2 2 1479 1522 1480
4609 2 2 2 2 1414 2013 1398
4610 2 2 2 2 2519 3209 2520
4611 2 2 2 2 5305 5342 2959
4612 2 2 2 2 2516 5383 5296
4613 2 2 2 2 1633 4367 3240
4614 2 2 2 2 1015 1106 1105
4615 2 2 2 2 798 1808 747
4616 2 2 2 2 2802 3406 3404
4617 2 2 2 2 473 1777 471
4618 2 2 2 2 740 4997 738
4619 2 2 2 2 3892 4775 4552
4620 2 2 2 2 691 765 684
4621 2 2 2 2 3080 3082 3081
4622 2 2 2 2 2734 3667 3666
4623 2 2 2 2 1182 1183 1179
4624 2 2 2 2 3766 5094 640
4625 2 2 2 2 2008 4583 1874
4626 2 2 2 2 1829 2572 1831
4627 2 2 2 2 2434 2435 2432
4628 2 2 2 2 699 771 770
4629 2 2 2 2 1515 1517 1516
4630 2 2 2 2 428 429 427
4631 2 2 2 2 1431 1526 1525
4632 2 2 2 2 860 887 861
4633 2 2 2 2 1599 1600 1597
4634 2 2 2 2 3143 3144 2398
4635 2 2 2 2 2921 5278 4575
4636 2 2 2 2 2727 4286 4285
4637 2 2 2 2 1957 2203 1958
4638 2 2 2 2 581 582 580
4639 2 2 2 2 2575 3275 3274
4640 2 2 2 2 1385 1386 1384
4641 2 2 2 2 2386 3073 2643
4642 2 2 2 2 2329 2444 2328
4643 2 2 2 2 218 4366 217
4644 2 2 2 2 2065 2066 2064
4645 2 2 2 2 2522 4600 3216
4646 2 2 2 2 2770 3157 2411
4647 2 2 2 2 2174 2175 1572
4648 2 2 2 2 5400 5439 3762
4649 2 2 2 2 2528 2794 2527
4650 2 2 2 2 3403 3417 3416
4651 2 2 2 2 2784 3989 3941
4652 2 2 2 2 1426 1502 1425
4653 2 2 2 2 1424 4216 1426
4654 2 2 2 2 3177 3178 2182
4655 2 2 2 2 1768 1919 1767
4656 2 2 2 2 1448 1871 1450
4657 2 2 2 2 1574 1575 1573
4658 2 2 2 2 3051 3053 3052
4659 2 2 2 2 2776 4364 3889
4660 2 2 2 2 1087 1090 1086
4661 2 2 2 2 4624 4996 3041
4662 2 2 2 2 964 1003 965
4663 2 2 2 2 575 576 574
4664 2 2 2 2 846 847 845
4665 2 2 2 2 2647 3080 2648
4666 2 2 2 2 2876 3230 3229
4667 2 2 2 2 1347 1350 1349
4668 2 2 2 2 2024 2026 2025
4669 2 2 2 2 626 4614 620
4670 2 2 2 2 3074 3995 2647
4671 2 2 2 2 193 4541 192
4672 2 2 2 2 1583 4090 2948
4673 2 2 2 2 858 868 857
4674 2 2 2 2 750 4475 752
4675 2 2 2 2 1702 4156 1801
4676 2 2 2 2 1404 1405 1403
4677 2 2 2 2 1249 1250 1247
4678 2 2 2 2 923 4757 952
4679 2 2 2 2 2593 2959 2592
4680 2 2 2 2 2729 3684 3198
4681 2 2 2 2 2077 2079 2078
4682 2 2 2 2 3843 3845 3842
4683 2 2 2 2 1973 2503 1974
4684 2 2 2 2 2945 4650 1960
4685 2 2 2 2 1609 1870 1869
4686 2 2 2 2 888 4938 861
4687 2 2 2 2 1158 1161 1160
4688 2 2 2 2 3242 4429 399
4689 2 2 2 2 4162 5189 4782
4690 2 2 2 2 1389 4010 1481
4691 2 2 2 2 1515 1516 1513
4692 2 2 2 2 1467 4519 1465
4693 2 2 2 2 1366 1609 1447
4694 2 2 2 2 467 1618 469
4695 2 2 2 2 1397 1551 1550
4696 2 2 2 2 2273 2277 2276
4697 2 2 2 2 581 4021 611
4698 2 2 2 2 2171 2660 2659
4699 2 2 2 2 3879 4855 3880
4700 2 2 2 2 1200 4509 1037
4701 2 2 2 2 2552 3916 3262
4702 2 2 2 2 1005 4722 4197
4703 2 2 2 2 1183 1185 1184
4704 2 2 2 2 2822 3661 2730
4705 2 2 2 2 2407 2804 2165
4706 2 2 2 2 2812 3575 3574
4707 2 2 2 2 2664 3448 3158
4708 2 2 2 2 2512 2746 2745
4709 2 2 2 2 2514 3745 3744
4710 2 2 2 2 2773 4106 3161
4711 2 2 2 2 2512 3859 3199
4712 2 2 2 2 553 4569 555
4713 2 2 2 2 1254 1256 1255
4714 2 2 2 2 3828 3876 2646
4715 2 2 2 2 2676 3410 2428
4716 2 2 2 2 1882 4675 4674
4717 2 2 2 2 1683 3752 1708
4718 2 2 2 2 627 4488 628
4719 2 2 2 2 1550 4203 1826
4720 2 2 2 2 904 3920 1540
4721 2 2 2 2 1193 1294 1229
4722 2 2 2 2 772 773 769
4723 2 2 2 2 1321 2829 1319
4724 2 2 2 2 1303 4522 3775
4725 2 2 2 2 1424 4478 4216
4726 2 2 2 2 3889 3890 3257
4727 2 2 2 2 564 4278 562
4728 2 2 2 2 847 3928 875
4729 2 2 2 2 3171 4404 4205
4730 2 2 2 2 1041 1043 1042
4731 2 2 2 2 1288 1378 1286
4732 2 2 2 2 278 4639 277
4733 2 2 2 2 500 4331 2125
4734 2 2 2 2 1930 4608 1578
4735 2 2 2 2 3818 3827 3814
4736 2 2 2 2 1322 1323 1321
4737 2 2 2 2 4287 4288 4286
4738 2 2 2 2 3820 3822 3821
4739 2 2 2 2 2497 3010 2499
4740 2 2 2 2 1177 1178 1175
4741 2 2 2 2 741 742 740
4742 2 2 2 2 1191 1985 1034
4743 2 2 2 2 365 4661 4660
4744 2 2 2 2 3638 5344 3639
4745 2 2 2 2 2700 3970 2440
4746 2 2 2 2 1754 1862 1861
4747 2 2 2 2 203 4225 371
4748 2 2 2 2 201 4540 4538
4749 2 2 2 2 3628 4187 2811
4750 2 2 2 2 2490 2492 2491
4751 2 2 2 2 1612 1614 1613
4752 2 2 2 2 3550 3714 3549
4753 2 2 2 2 1257 1259 1258
4754 2 2 2 2 2423 3409 2674
4755 2 2 2 2 2556 2879 2878
4756 2 2 2 2 723 725 724
4757 2 2 2 2 664 4490 2511
4758 2 2 2 2 748 778 750
4759 2 2 2 2 1842 4066 1840
4760 2 2 2 2 891 892 867
4761 2 2 2 2 2660 3137 3126
4762 2 2 2 2 1564 4503 1425
4763 2 2 2 2 3107 3108 3105
4764 2 2 2 2 43 5150 42
4765 2 2 2 2 1416 1859 1282
4766 2 2 2 2 1378 4643 4506
4767 2 2 2 2 1666 4349 4348
4768 2 2 2 2 1770 1953 1769
4769 2 2 2 2 587 1629 589
4770 2 2 2 2 794 3936 780
4771 2 2 2 2 3584 3586 3583
4772 2 2 2 2 3370 3378 2635
4773 2 2 2 2 3380 3381 2363
4774 2 2 2 2 3409 3446 2674
4775 2 2 2 2 1747 1748 1746
4776 2 2 2 2 4143 4145 4144
4777 2 2 2 2 1312 1983 1314
4778 2 2 2 2 972 2905 942
4779 2 2 2 2 4525 5230 3286
4780 2 2 2 2 4571 4572 4570
4781 2 2 2 2 3763 4928 1593
4782 2 2 2 2 2496 3605 3197
4783 2 2 2 2 1744 4180 1745
4784 2 2 2 2 1796 1890 1889
4785 2 2 2 2 1623 1625 1624
4786 2 2 2 2 1278 1868 1364
4787 2 2 2 2 1861 4335 1752
4788 2 2 2 2 2023 2024 1489
4789 2 2 2 2 2399 4720 2043
4790 2 2 2 2 2973 2975 2940
4791 2 2 2 2 3425 4181 3429
4792 2 2 2 2 746 761 760
4793 2 2 2 2 2511 4307 666
4794 2 2 2 2 895 955 925
4795 2 2 2 2 3767 4059 789
4796 2 2 2 2 2071 4654 2073
4797 2 2 2 2 3309 5327 2569
4798 2 2 2 2 1570 2169 1910
4799 2 2 2 2 999 4110 1001
4800 2 2 2 2 1673 4472 1722
4801 2 2 2 2 941 982 981
4802 2 2 2 2 2791 4544 774
4803 2 2 2 2 4947 5024 3933
4804 2 2 2 2 3082 3083 3081
4805 2 2 2 2 2992 3220 3219
4806 2 2 2 2 1705 1713 1703
4807 2 2 2 2 3369 3861 2796
4808 2 2 2 2 1651 1654 1653
4809 2 2 2 2 3276 4875 4618
4810 2 2 2 2 2386 2427 2160
4811 2 2 2 2 963 1025 1024
4812 2 2 2 2 1190 1191 1034
4813 2 2 2 2 398 399 341
4814 2 2 2 2 1897 4623 4622
4815 2 2 2 2 2329 4612 2444
4816 2 2 2 2 1526 1906 1574
4817 2 2 2 2 2195 4526 2737
4818 2 2 2 2 1616 2033 2032
4819 2 2 2 2 3725 4593 2509
4820 2 2 2 2 1692 1693 1691
4821 2 2 2 2 943 2571 973
4822 2 2 2 2 1185 1192 1184
4823 2 2 2 2 4461 5105 2241
4824 2 2 2 2 2514 3866 3745
4825 2 2 2 2 3504 3505 3154
4826 2 2 2 2 3019 3027 2609
4827 2 2 2 2 1809 4248 1849
4828 2 2 2 2 1733 4511 1979
4829 2 2 2 2 1073 1074 1072
4830 2 2 2 2 1251 1252 1250
4831 2 2 2 2 768 864 760
4832 2 2 2 2 3161 3512 3504
4833 2 2 2 2 775 780 774
4834 2 2 2 2 1282 4358 1181
4835 2 2 2 2 3459 3460 2688
4836 2 2 2 2 828 3900 830
4837 2 2 2 2 1625 2050 1914
4838 2 2 2 2 4317 4318 3615
4839 2 2 2 2 277 4639 379
4840 2 2 2 2 682 4689 4490
4841 2 2 2 2 934 935 888
4842 2 2 2 2 3942 3943 2023
4843 2 2 2 2 3256 4890 2266
4844 2 2 2 2 1146 1147 1144
4845 2 2 2 2 2132 2133 2022
4846 2 2 2 2 399 4429 341
4847 2 2 2 2 2626 4629 2026
4848 2 2 2 2 3403 3415 3402
4849 2 2 2 2 865 878 877
4850 2 2 2 2 873 894 838
4851 2 2 2 2 1770 1954 1953
4852 2 2 2 2 2531 5022 4856
4853 2 2 2 2 2933 2934 2932
4854 2 2 2 2 1448 4465 1871
4855 2 2 2 2 1745 4180 1750
4856 2 2 2 2 3587 3588 3586
4857 2 2 2 2 665 3247 663
4858 2 2 2 2 1849 4248 2792
4859 2 2 2 2 797 810 796
4860 2 2 2 2 1424 1425 1423
4861 2 2 2 2 3251 3401 2677
4862 2 2 2 2 736 739 738
4863 2 2 2 2 3587 3589 3588
4864 2 2 2 2 4577 5132 2541
4865 2 2 2 2 1935 4265 2362
4866 2 2 2 2 2127 2952 2400
4867 2 2 2 2 1559 4677 2042
4868 2 2 2 2 1662 5053 1667
4869 2 2 2 2 4172 4173 1771
4870 2 2 2 2 3078 3881 2759
4871 2 2 2 2 865 873 838
4872 2 2 2 2 1238 4282 1239
4873 2 2 2 2 666 667 665
4874 2 2 2 2 69 4426 327
4875 2 2 2 2 3606 3700 3188
4876 2 2 2 2 2238 2239 2237
4877 2 2 2 2 2772 2773 2159
4878 2 2 2 2 3899 4314 3898
4879 2 2 2 2 3611 4198 899
4880 2 2 2 2 1159 4050 1156
4881 2 2 2 2 4171 4172 1771
4882 2 2 2 2 815 817 816
4883 2 2 2 2 2132 4665 2133
4884 2 2 2 2 1671 1672 1669
4885 2 2 2 2 1670 4175 1671
4886 2 2 2 2 1193 1229 1228
4887 2 2 2 2 2422 3399 2876
4888 2 2 2 2 380 4420 66
4889 2 2 2 2 425 5038 1815
4890 2 2 2 2 1044 4324 1042
4891 2 2 2 2 2232 2234 2233
4892 2 2 2 2 1264 1267 1265
4893 2 2 2 2 2169 2686 2405
4894 2 2 2 2 1955 4592 1680
4895 2 2 2 2 1591 4360 415
4896 2 2 2 2 3386 4783 2383
4897 2 2 2 2 716 4752 719
4898 2 2 2 2 2127 2400 2050
4899 2 2 2 2 3870 3871 3458
4900 2 2 2 2 445 3774 443
4901 2 2 2 2 2849 2851 2850
4902 2 2 2 2 859 870 869
4903 2 2 2 2 2380 3200 2645
4904 2 2 2 2 3236 4135 3237
4905 2 2 2 2 2717 3649 2910
4906 2 2 2 2 1269 5018 1265
4907 2 2 2 2 2457 3174 2458
4908 2 2 2 2 1463 1466 1465
4909 2 2 2 2 1782 1783 651
4910 2 2 2 2 4679 4680 4212
4911 2 2 2 2 3719 5086 5041
4912 2 2 2 2 941 1412 982
4913 2 2 2 2 2526 4457 4075
4914 2 2 2 2 2224 4775 1036
4915 2 2 2 2 2957 3282 2324
4916 2 2 2 2 230 4625 229
4917 2 2 2 2 2250 4593 764
4918 2 2 2 2 1715 1900 1714
4919 2 2 2 2 4246 4912 1835
4920 2 2 2 2 1156 4050 1155
4921 2 2 2 2 1998 2616 1999
4922 2 2 2 2 1168 1221 1197
4923 2 2 2 2 1328 1332 1331
4924 2 2 2 2 2834 2835 2593
4925 2 2 2 2 1965 4912 2506
4926 2 2 2 2 1950 4086 2446
4927 2 2 2 2 2776 3256 2266
4928 2 2 2 2 2061 4826 822
4929 2 2 2 2 450 451 449
4930 2 2 2 2 1639 4530 4260
4931 2 2 2 2 1849 1850 1848
4932 2 2 2 2 2687 2688 2405
4933 2 2 2 2 3616 4098 2720
4934 2 2 2 2 2334 2335 987
4935 2 2 2 2 1090 1094 1086
4936 2 2 2 2 3080 3081 2648
4937 2 2 2 2 3578 3836 3580
4938 2 2 2 2 2621 4401 2064
4939 2 2 2 2 875 4271 3907
4940 2 2 2 2 780 2791 774
4941 2 2 2 2 3076 3077 2378
4942 2 2 2 2 3462 3463 3444
4943 2 2 2 2 807 844 806
4944 2 2 2 2 1813 1814 1248
4945 2 2 2 2 2282 3908 2280
4946 2 2 2 2 4238 4941 4628
4947 2 2 2 2 3544 3545 2702
4948 2 2 2 2 4561 4808 3251
4949 2 2 2 2 4994 5131 4000
4950 2 2 2 2 2330 2414 2329
4951 2 2 2 2 1454 1456 1455
4952 2 2 2 2 466 5096 3259
4953 2 2 2 2 3658 4356 3205
4954 2 2 2 2 1326 2815 1328
4955 2 2 2 2 1922 5117 2166
4956 2 2 2 2 3110 3112 3111
4957 2 2 2 2 4354 4355 2703
4958 2 2 2 2 1257 1258 1255
4959 2 2 2 2 418 509 420
4960 2 2 2 2 928 957 885
4961 2 2 2 2 429 629 427
4962 2 2 2 2 1938 1940 1939
4963 2 2 2 2 2345 2625 2367
4964 2 2 2 2 4370 4752 716
4965 2 2 2 2 2383 4783 2382
4966 2 2 2 2 1726 1727 1725
4967 2 2 2 2 3407 3467 3450
4968 2 2 2 2 1507 1531 1530
4969 2 2 2 2 3035 4082 3037
4970 2 2 2 2 1193 1228 1192
4971 2 2 2 2 1055 4792 1736
4972 2 2 2 2 4801 5098 2815
4973 2 2 2 2 5042 5043 5041
4974 2 2 2 2 2422 2876 2875
4975 2 2 2 2 184 4221 183
4976 2 2 2 2 754 756 755
4977 2 2 2 2 3106 3107 3105
4978 2 2 2 2 1783 5099 651
4979 2 2 2 2 1434 1534 1435
4980 2 2 2 2 2663 4726 2170
4981 2 2 2 2 450 452 451
4982 2 2 2 2 1032 1134 1031
4983 2 2 2 2 1782 3863 1784
4984 2 2 2 2 519 4911 516
4985 2 2 2 2 1853 2062 2001
4986 2 2 2 2 484 4685 442
4987 2 2 2 2 805 2515 793
4988 2 2 2 2 4382 4383 4381
4989 2 2 2 2 1725 4689 682
4990 2 2 2 2 2812 4271 3576
4991 2 2 2 2 903 904 902
4992 2 2 2 2 3265 4378 3264
4993 2 2 2 2 1586 1968 1585
4994 2 2 2 2 3214 3754 2686
4995 2 2 2 2 2812 3576 3575
4996 2 2 2 2 2629 3079 2630
4997 2 2 2 2 1837 1838 1835
4998 2 2 2 2 3540 4096 2757
4999 2 2 2 2 828 830 829
5000 2 2 2 2 2263 2786 2628
5001 2 2 2 2 2366 2998 2364
5002 2 2 2 2 4879 4995 3993
5003 2 2 2 2 2786 3348 2628
5004 2 2 2 2 4671 4673 4672
5005 2 2 2 2 1418 4580 4003
5006 2 2 2 2 2510 2730 2197
5007 2 2 2 2 442 443 441
5008 2 2 2 2 3072 3085 3071
5009 2 2 2 2 1198 1286 1109
5010 2 2 2 2 2770 4726 3870
5011 2 2 2 2 464 465 462
5012 2 2 2 2 2067 4254 2069
5013 2 2 2 2 1145 1146 1144
5014 2 2 2 2 2371 4206 3033
5015 2 2 2 2 2701 2704 2179
5016 2 2 2 2 725 728 727
5017 2 2 2 2 2492 2494 2493
5018 2 2 2 2 2763 2785 2503
5019 2 2 2 2 1446 2990 759
5020 2 2 2 2 2936 3013 2938
5021 2 2 2 2 878 940 877
5022 2 2 2 2 811 4674 3121
5023 2 2 2 2 2849 2850 2385
5024 2 2 2 2 2767 3322 2137
5025 2 2 2 2 4488 4489 632
5026 2 2 2 2 1327 5065 1324
5027 2 2 2 2 2647 2648 1427
5028 2 2 2 2 3160 4703 4097
5029 2 2 2 2 132 362 131
5030 2 2 2 2 1157 1158 1156
5031 2 2 2 2 234 345 233
5032 2 2 2 2 1509 1885 1510
5033 2 2 2 2 1637 2769 1822
5034 2 2 2 2 224 372 223
5035 2 2 2 2 2464 2649 2466
5036 2 2 2 2 2422 4529 3399
5037 2 2 2 2 3198 4706 2739
5038 2 2 2 2 959 4308 927
5039 2 2 2 2 719 722 721
5040 2 2 2 2 690 691 684
5041 2 2 2 2 1814 4620 1248
5042 2 2 2 2 437 523 435
5043 2 2 2 2 3026 3716 2003
5044 2 2 2 2 1794 4031 4030
5045 2 2 2 2 1621 5188 785
5046 2 2 2 2 440 484 442
5047 2 2 2 2 2948 5066 1756
5048 2 2 2 2 1884 2849 2385
5049 2 2 2 2 1516 4944 4459
5050 2 2 2 2 4924 5401 5309
5051 2 2 2 2 3438 3439 3437
5052 2 2 2 2 1385 1388 1387
5053 2 2 2 2 1585 4046 1483
5054 2 2 2 2 1671 1673 1672
5055 2 2 2 2 3452 3455 3454
5056 2 2 2 2 1087 1097 1091
5057 2 2 2 2 2617 2936 2935
5058 2 2 2 2 1222 1223 1036
5059 2 2 2 2 2255 5198 4999
5060 2 2 2 2 1518 1519 1517
5061 2 2 2 2 3109 3113 3108
5062 2 2 2 2 3141 3142 3140
5063 2 2 2 2 1098 4073 1100
5064 2 2 2 2 5018 5122 3787
5065 2 2 2 2 2239 2241 2237
5066 2 2 2 2 2642 2928 1529
5067 2 2 2 2 666 4307 668
5068 2 2 2 2 2890 4350 1927
5069 2 2 2 2 407 1617 409
5070 2 2 2 2 730 4884 727
5071 2 2 2 2 1864 3046 2372
5072 2 2 2 2 4145 4146 4144
5073 2 2 2 2 1161 4909 1162
5074 2 2 2 2 1001 1014 1000
5075 2 2 2 2 566 1854 564
5076 2 2 2 2 4207 4237 1227
5077 2 2 2 2 2622 5002 3353
5078 2 2 2 2 2155 2204 1963
5079 2 2 2 2 2830 2832 2831
5080 2 2 2 2 2642 3367 3061
5081 2 2 2 2 1996 4176 1881
5082 2 2 2 2 2964 2967 2529
5083 2 2 2 2 1618 2306 2305
5084 2 2 2 2 2964 3751 2967
5085 2 2 2 2 440 441 439
5086 2 2 2 2 4184 4185 4183
5087 2 2 2 2 1863 1874 1814
5088 2 2 2 2 1235 1238 1237
5089 2 2 2 2 1801 4607 1704
5090 2 2 2 2 434 436 435
5091 2 2 2 2 1267 4961 1268
5092 2 2 2 2 1781 2029 2028
5093 2 2 2 2 4891 4892 1982
5094 2 2 2 2 2233 5122 2231
5095 2 2 2 2 860 861 835
5096 2 2 2 2 1188 4758 1004
5097 2 2 2 2 3768 4069 3767
5098 2 2 2 2 2509 4593 2250
5099 2 2 2 2 1698 1700 1697
5100 2 2 2 2 669 2249 764
5101 2 2 2 2 3904 3906 3905
5102 2 2 2 2 3618 3748 2895
5103 2 2 2 2 704 705 703
5104 2 2 2 2 2240 5133 2342
5105 2 2 2 2 2955 3265 3264
5106 2 2 2 2 3925 4169 3923
5107 2 2 2 2 2062 4848 2063
5108 2 2 2 2 2556 5011 3887
5109 2 2 2 2 1349 1352 1348
5110 2 2 2 2 422 424 423
5111 2 2 2 2 2370 4562 2323
5112 2 2 2 2 1644 1996 1881
5113 2 2 2 2 1541 4886 1026
5114 2 2 2 2 2204 4365 1963
5115 2 2 2 2 1771 4753 1072
5116 2 2 2 2 4290 4291 2916
5117 2 2 2 2 1226 1373 1372
5118 2 2 2 2 1330 1381 1380
5119 2 2 2 2 4835 5062 1084
5120 2 2 2 2 1706 1709 1705
5121 2 2 2 2 3209 3211 2520
5122 2 2 2 2 4394 4395 2134
5123 2 2 2 2 2786 3350 3348
5124 2 2 2 2 3737 5350 1442
5125 2 2 2 2 2263 4301 3239
5126 2 2 2 2 1688 1690 1689
5127 2 2 2 2 3417 3418 3416
5128 2 2 2 2 2560 2562 2005
5129 2 2 2 2 1840 1952 1838
5130 2 2 2 2 1350 1351 1349
5131 2 2 2 2 5098 5160 3887
5132 2 2 2 2 1389 1481 1390
5133 2 2 2 2 1211 1212 1210
5134 2 2 2 2 3993 5167 4879
5135 2 2 2 2 4579 4802 1301
5136 2 2 2 2 4671 4672 2566
5137 2 2 2 2 206 4660 205
5138 2 2 2 2 1706 1711 1710
5139 2 2 2 2 1450 1452 1451
5140 2 2 2 2 2727 4285 2669
5141 2 2 2 2 282 360 281
5142 2 2 2 2 477 4547 475
5143 2 2 2 2 998 2351 1023
5144 2 2 2 2 571 573 572
5145 2 2 2 2 3211 3212 2520
5146 2 2 2 2 541 549 545
5147 2 2 2 2 1418 4003 1417
5148 2 2 2 2 3470 3975 3974
5149 2 2 2 2 2784 3941 3940
5150 2 2 2 2 1212 1308 1210
5151 2 2 2 2 2206 4684 1657
5152 2 2 2 2 2512 2745 2509
5153 2 2 2 2 1913 4247 1520
5154 2 2 2 2 1755 4722 983
5155 2 2 2 2 3033 4473 3035
5156 2 2 2 2 1481 4010 1627
5157 2 2 2 2 524 525 522
5158 2 2 2 2 2179 3049 1588
5159 2 2 2 2 2163 2522 2521
5160 2 2 2 2 1936 2180 1938
5161 2 2 2 2 2026 2344 2025
5162 2 2 2 2 3999 4620 4312
5163 2 2 2 2 2138 2590 2468
5164 2 2 2 2 2526 4074 4073
5165 2 2 2 2 655 656 654
5166 2 2 2 2 4476 4722 1755
5167 2 2 2 2 674 677 675
5168 2 2 2 2 999 1000 977
5169 2 2 2 2 655 3277 3276
5170 2 2 2 2 2290 4521 2288
5171 2 2 2 2 797 811 810
5172 2 2 2 2 1182 1291 1183
5173 2 2 2 2 5042 5402 5043
5174 2 2 2 2 825 4390 815
5175 2 2 2 2 2236 2237 2234
5176 2 2 2 2 1699 4157 4156
5177 2 2 2 2 1928 4163 1929
5178 2 2 2 2 2497 2499 2201
5179 2 2 2 2 1942 1944 1943
5180 2 2 2 2 1115 1581 1114
5181 2 2 2 2 577 578 576
5182 2 2 2 2 5129 5146 3267
5183 2 2 2 2 222 4412 321
5184 2 2 2 2 887 934 888
5185 2 2 2 2 1374 4207 1227
5186 2 2 2 2 2327 2329 2328
5187 2 2 2 2 67 4419 380
5188 2 2 2 2 871 872 843
5189 2 2 2 2 2737 4667 2193
5190 2 2 2 2 1949 4659 1947
5191 2 2 2 2 1043 1044 1042
5192 2 2 2 2 3257 4892 3256
5193 2 2 2 2 1614 3916 2552
5194 2 2 2 2 815 816 813
5195 2 2 2 2 1272 5234 4688
5196 2 2 2 2 1858 2140 1552
5197 2 2 2 2 1261 1266 1259
5198 2 2 2 2 2549 3059 2547
5199 2 2 2 2 1148 5255 1147
5200 2 2 2 2 3176 5116 3561
5201 2 2 2 2 2903 3004 2614
5202 2 2 2 2 1970 2200 1971
5203 2 2 2 2 4089 4645 4644
5204 2 2 2 2 1975 4631 4165
5205 2 2 2 2 633 636 635
5206 2 2 2 2 1213 1230 1214
5207 2 2 2 2 2640 2641 2148
5208 2 2 2 2 1273 1275 1274
5209 2 2 2 2 443 1879 441
5210 2 2 2 2 1757 4476 1755
5211 2 2 2 2 585 586 584
5212 2 2 2 2 2360 2543 1855
5213 2 2 2 2 412 3847 414
5214 2 2 2 2 2909 3181 2554
5215 2 2 2 2 763 3796 742
5216 2 2 2 2 4197 4716 2873
5217 2 2 2 2 828 829 827
5218 2 2 2 2 3887 5160 2879
5219 2 2 2 2 1450 1451 1449
5220 2 2 2 2 2002 2601 1810
5221 2 2 2 2 502 4898 4331
5222 2 2 2 2 907 910 909
5223 2 2 2 2 1813 4947 3933
5224 2 2 2 2 213 4372 212
5225 2 2 2 2 1082 1084 1083
5226 2 2 2 2 2015 2913 2639
5227 2 2 2 2 3929 4602 4067
5228 2 2 2 2 1262 1263 1261
5229 2 2 2 2 1268 1269 1265
5230 2 2 2 2 2430 3971 2434
5231 2 2 2 2 2469 2945 1960
5232 2 2 2 2 448 450 449
5233 2 2 2 2 4134 4807 2761
5234 2 2 2 2 1286 1287 1109
5235 2 2 2 2 4922 5092 3244
5236 2 2 2 2 1810 4313 1808
5237 2 2 2 2 1046 1411 1044
5238 2 2 2 2 1835 4912 1834
5239 2 2 2 2 2128 2573 1991
5240 2 2 2 2 1481 1482 1390
5241 2 2 2 2 844 1019 806
5242 2 2 2 2 2517 4503 1564
5243 2 2 2 2 1305 4913 1191
5244 2 2 2 2 2476 5046 1969
5245 2 2 2 2 1968 2475 1969
5246 2 2 2 2 1830 4646 2896
5247 2 2 2 2 2992 3219 2563
5248 2 2 2 2 725 727 726
5249 2 2 2 2 2562 2991 2563
5250 2 2 2 2 1106 4036 1107
5251 2 2 2 2 1017 1018 613
5252 2 2 2 2 1939 4642 1937
5253 2 2 2 2 1880 2014 1643
5254 2 2 2 2 1364 1437 1363
5255 2 2 2 2 2747 4292 2745
5256 2 2 2 2 3107 3109 3108
5257 2 2 2 2 148 4392 147
5258 2 2 2 2 2105 2111 2103
5259 2 2 2 2 1863 2008 1874
5260 2 2 2 2 692 3862 699
5261 2 2 2 2 2009 2634 2008
5262 2 2 2 2 2251 2252 2250
5263 2 2 2 2 78 3955 77
5264 2 2 2 2 493 496 494
5265 2 2 2 2 1460 1509 1461
5266 2 2 2 2 2402 2404 2403
5267 2 2 2 2 1024 1190 1034
5268 2 2 2 2 3417 3419 3418
5269 2 2 2 2 2075 4339 2077
5270 2 2 2 2 3956 3957 3955
5271 2 2 2 2 2457 2458 2055
5272 2 2 2 2 452 454 453
5273 2 2 2 2 2788 3478 2787
5274 2 2 2 2 1275 4362 1278
5275 2 2 2 2 2510 2822 2730
5276 2 2 2 2 604 606 605
5277 2 2 2 2 1280 4577 1490
5278 2 2 2 2 496 497 494
5279 2 2 2 2 3236 4912 4246
5280 2 2 2 2 4755 4902 1896
5281 2 2 2 2 3419 3420 3418
5282 2 2 2 2 1809 1849 1848
5283 2 2 2 2 797 812 811
5284 2 2 2 2 3433 3434 3430
5285 2 2 2 2 2247 2261 2245
5286 2 2 2 2 775 4482 781
5287 2 2 2 2 3840 5653 386
5288 2 2 2 2 964 4546 1006
5289 2 2 2 2 2642 3061 2928
5290 2 2 2 2 2901 2902 2900
5291 2 2 2 2 2494 4460 2749
5292 2 2 2 2 1998 2844 2616
5293 2 2 2 2 2625 3058 2367
5294 2 2 2 2 3806 4503 2517
5295 2 2 2 2 483 4834 486
5296 2 2 2 2 1074 4171 1771
5297 2 2 2 2 3405 4903 2801
5298 2 2 2 2 2145 2527 2266
5299 2 2 2 2 881 926 882
5300 2 2 2 2 3251 4808 3401
5301 2 2 2 2 2279 4520 2343
5302 2 2 2 2 2166 2407 2165
5303 2 2 2 2 2283 2284 2282
5304 2 2 2 2 2073 2524 2075
5305 2 2 2 2 3053 3832 3055
5306 2 2 2 2 800 4732 1621
5307 2 2 2 2 2311 4905 2309
5308 2 2 2 2 1181 4358 1220
5309 2 2 2 2 1138 1140 1139
5310 2 2 2 2 559 561 560
5311 2 2 2 2 3061 3062 2928
5312 2 2 2 2 3952 3953 3951
5313 2 2 2 2 1796 1889 1797
5314 2 2 2 2 3106 4843 3107
5315 2 2 2 2 1393 1544 1394
5316 2 2 2 2 2146 4582 2631
5317 2 2 2 2 2372 2534 2533
5318 2 2 2 2 1143 5154 4044
5319 2 2 2 2 3103 3104 3102
5320 2 2 2 2 2322 4206 2371
5321 2 2 2 2 1401 4560 1404
5322 2 2 2 2 1515 1518 1517
5323 2 2 2 2 611 622 612
5324 2 2 2 2 179 4452 178
5325 2 2 2 2 116 4424 115
5326 2 2 2 2 208 4421 207
5327 2 2 2 2 157 4434 156
5328 2 2 2 2 153 4431 152
5329 2 2 2 2 4442 4586 4444
5330 2 2 2 2 4445 4587 4447
5331 2 2 2 2 155 4451 154
5332 2 2 2 2 1899 2153 1564
5333 2 2 2 2 926 958 927
5334 2 2 2 2 720 899 718
5335 2 2 2 2 954 2230 403
5336 2 2 2 2 4674 4675 3121
5337 2 2 2 2 3250 3785 2760
5338 2 2 2 2 3668 3669 2735
5339 2 2 2 2 1507 1530 1429
5340 2 2 2 2 2047 2048 1924
5341 2 2 2 2 1819 4315 605
5342 2 2 2 2 3881 4070 2759
5343 2 2 2 2 4256 4654 2333
5344 2 2 2 2 2222 2557 1590
5345 2 2 2 2 2548 4784 2012
5346 2 2 2 2 1940 1941 1939
5347 2 2 2 2 2792 4215 1851
5348 2 2 2 2 605 4315 601
5349 2 2 2 2 834 835 833
5350 2 2 2 2 1168 1197 1166
5351 2 2 2 2 3346 3698 3697
5352 2 2 2 2 1623 1624 1375
5353 2 2 2 2 2549 3060 3059
5354 2 2 2 2 5035 5227 4020
5355 2 2 2 2 3389 3390 2474
5356 2 2 2 2 585 587 586
5357 2 2 2 2 3419 4276 4275
5358 2 2 2 2 1615 4582 2146
5359 2 2 2 2 2422 2875 1913
5360 2 2 2 2 2593 4777 2959
5361 2 2 2 2 2714 2715 2713
5362 2 2 2 2 464 466 465
5363 2 2 2 2 4384 4385 4383
5364 2 2 2 2 1514 1515 1513
5365 2 2 2 2 4000 5131 5054
5366 2 2 2 2 2990 4518 759
5367 2 2 2 2 2614 3001 2353
5368 2 2 2 2 882 4992 1022
5369 2 2 2 2 1824 4394 1817
5370 2 2 2 2 693 2927 700
5371 2 2 2 2 1077 1079 1078
5372 2 2 2 2 2242 2916 2244
5373 2 2 2 2 1654 1657 1655
5374 2 2 2 2 1688 1689 1687
5375 2 2 2 2 1954 4505 2464
5376 2 2 2 2 3433 3435 3434
5377 2 2 2 2 1727 4728 1730
5378 2 2 2 2 3339 4725 4696
5379 2 2 2 2 2994 4922 3244
5380 2 2 2 2 2145 2266 1887
5381 2 2 2 2 1976 4161 2519
5382 2 2 2 2 446 447 445
5383 2 2 2 2 561 562 560
5384 2 2 2 2 3815 3818 3814
5385 2 2 2 2 2435 2438 2437
5386 2 2 2 2 2071 2072 2070
5387 2 2 2 2 2147 4404 3171
5388 2 2 2 2 2240 2342 2239
5389 2 2 2 2 1988 1989 1407
5390 2 2 2 2 4480 4735 2603
5391 2 2 2 2 2021 2795 1865
5392 2 2 2 2 1207 4314 1542
5393 2 2 2 2 3420 4275 3423
5394 2 2 2 2 1941 2368 1939
5395 2 2 2 2 1460 1461 1459
5396 2 2 2 2 1910 2545 1511
5397 2 2 2 2 4431 4433 4432
5398 2 2 2 2 2196 2198 2197
5399 2 2 2 2 2610 3312 2600
5400 2 2 2 2 2518 3805 2517
5401 2 2 2 2 744 746 745
5402 2 2 2 2 806 4116 788
5403 2 2 2 2 2540 3366 2658
5404 2 2 2 2 3584 3587 3586
5405 2 2 2 2 1929 1931 1930
5406 2 2 2 2 2331 4682 1530
5407 2 2 2 2 2632 3595 2633
5408 2 2 2 2 2195 2737 2193
5409 2 2 2 2 2236 2238 2237
5410 2 2 2 2 2714 2720 2715
5411 2 2 2 2 108 4414 383
5412 2 2 2 2 2904 4333 4332
5413 2 2 2 2 2469 2947 2946
5414 2 2 2 2 1750 4847 1747
5415 2 2 2 2 4247 4944 1516
5416 2 2 2 2 3500 3511 3391
5417 2 2 2 2 812 4711 814
5418 2 2 2 2 518 519 516
5419 2 2 2 2 3889 4364 3893
5420 2 2 2 2 1696 1697 1695
5421 2 2 2 2 1731 4594 1728
5422 2 2 2 2 3816 3817 3815
5423 2 2 2 2 3098 3389 2474
5424 2 2 2 2 1696 1698 1697
5425 2 2 2 2 2334 4757 3278
5426 2 2 2 2 907 909 908
5427 2 2 2 2 2335 4821 987
5428 2 2 2 2 3103 3105 3104
5429 2 2 2 2 1575 2178 1573
5430 2 2 2 2 2041 2396 2392
5431 2 2 2 2 381 4054 261
5432 2 2 2 2 1907 1926 1889
5433 2 2 2 2 3230 4306 4104
5434 2 2 2 2 2420 4174 3770
5435 2 2 2 2 4492 4802 3233
5436 2 2 2 2 2669 4285 2668
5437 2 2 2 2 2934 4214 3141
5438 2 2 2 2 3284 3789 2499
5439 2 2 2 2 1134 4879 1213
5440 2 2 2 2 1764 2168 1916
5441 2 2 2 2 3118 4471 3108
5442 2 2 2 2 796 809 794
5443 2 2 2 2 897 2182 627
5444 2 2 2 2 4201 4658 617
5445 2 2 2 2 870 885 869
5446 2 2 2 2 677 4056 2214
5447 2 2 2 2 1439 1547 1493
5448 2 2 2 2 3213 3214 2686
5449 2 2 2 2 3924 3926 3925
5450 2 2 2 2 4569 4570 4252
5451 2 2 2 2 2573 4730 1991
5452 2 2 2 2 1413 5048 4166
5453 2 2 2 2 3989 3990 3941
5454 2 2 2 2 1484 2138 1586
5455 2 2 2 2 160 4496 159
5456 2 2 2 2 2910 2911 2718
5457 2 2 2 2 4214 4900 3141
5458 2 2 2 2 2606 2962 2577
5459 2 2 2 2 3072 4468 3713
5460 2 2 2 2 653 4717 650
5461 2 2 2 2 4738 4739 691
5462 2 2 2 2 1875 5157 1751
5463 2 2 2 2 1078 4899 1076
5464 2 2 2 2 2562 4398 3047
5465 2 2 2 2 460 461 458
5466 2 2 2 2 1377 1419 1418
5467 2 2 2 2 1355 1356 1354
5468 2 2 2 2 754 755 753
5469 2 2 2 2 3101 3103 3102
5470 2 2 2 2 2229 4710 795
5471 2 2 2 2 1483 2218 1318
5472 2 2 2 2 3919 4846 2862
5473 2 2 2 2 1830 2896 1828
5474 2 2 2 2 2070 2361 2068
5475 2 2 2 2 3244 5092 4771
5476 2 2 2 2 426 427 425
5477 2 2 2 2 1295 1298 1297
5478 2 2 2 2 70 4426 69
5479 2 2 2 2 4696 4725 4692
5480 2 2 2 2 714 4370 716
5481 2 2 2 2 2242 2244 2243
5482 2 2 2 2 1022 3843 3842
5483 2 2 2 2 861 3948 835
5484 2 2 2 2 2120 2215 2119
5485 2 2 2 2 2837 2842 2839
5486 2 2 2 2 1818 1824 1817
5487 2 2 2 2 1571 4966 1509
5488 2 2 2 2 1108 1284 1198
5489 2 2 2 2 1427 4478 1422
5490 2 2 2 2 1377 1418 1417
5491 2 2 2 2 1791 3921 1718
5492 2 2 2 2 3201 4468 3070
5493 2 2 2 2 4516 4517 1926
5494 2 2 2 2 3216 4600 3830
5495 2 2 2 2 5059 5070 2258
5496 2 2 2 2 2328 4880 1989
5497 2 2 2 2 1230 1432 1292
5498 2 2 2 2 1593 4928 1595
5499 2 2 2 2 938 2907 936
5500 2 2 2 2 1113 4714 995
5501 2 2 2 2 3260 4676 465
5502 2 2 2 2 404 954 403
5503 2 2 2 2 3209 3712 3211
5504 2 2 2 2 63 377 62
5505 2 2 2 2 67 380 66
5506 2 2 2 2 257 289 256
5507 2 2 2 2 47 290 46
5508 2 2 2 2 231 306 230
5509 2 2 2 2 1638 1773 1636
5510 2 2 2 2 758 762 757
5511 2 2 2 2 2319 4578 1561
5512 2 2 2 2 734 4605 729
5513 2 2 2 2 3082 3092 3083
5514 2 2 2 2 1625 1914 1624
5515 2 2 2 2 1341 1343 1342
5516 2 2 2 2 3155 3471 3116
5517 2 2 2 2 3843 4640 3845
5518 2 2 2 2 2667 2668 2157
5519 2 2 2 2 3666 3668 2735
5520 2 2 2 2 2844 4480 3323
5521 2 2 2 2 1415 1876 1446
5522 2 2 2 2 2717 2910 2718
5523 2 2 2 2 710 3720 712
5524 2 2 2 2 1562 2040 1563
5525 2 2 2 2 1715 1901 1900
5526 2 2 2 2 738 4997 3848
5527 2 2 2 2 1848 2002 1810
5528 2 2 2 2 2586 4633 2588
5529 2 2 2 2 1516 4459 1513
5530 2 2 2 2 1650 4729 1648
5531 2 2 2 2 1518 1884 1555
5532 2 2 2 2 480 483 482
5533 2 2 2 2 1923 2047 1924
5534 2 2 2 2 1453 4839 1451
5535 2 2 2 2 1520 4247 1517
5536 2 2 2 2 626 4615 4614
5537 2 2 2 2 1415 1446 759
5538 2 2 2 2 578 3903 576
5539 2 2 2 2 1079 1082 1081
5540 2 2 2 2 2164 4966 2922
5541 2 2 2 2 569 4201 617
5542 2 2 2 2 2412 2678 2513
5543 2 2 2 2 2615 2618 1847
5544 2 2 2 2 2050 4651 1914
5545 2 2 2 2 890 4829 4179
5546 2 2 2 2 3374 3839 3838
5547 2 2 2 2 2121 5142 2096
5548 2 2 2 2 1601 1602 1600
5549 2 2 2 2 1507 1532 1531
5550 2 2 2 2 2394 5438 3129
5551 2 2 2 2 2001 4401 2000
5552 2 2 2 2 3103 4379 3106
5553 2 2 2 2 2217 2903 2614
5554 2 2 2 2 1099 3996 1091
5555 2 2 2 2 3559 3852 3175
5556 2 2 2 2 911 2782 945
5557 2 2 2 2 1896 2044 2043
5558 2 2 2 2 589 590 588
5559 2 2 2 2 1588 4458 982
5560 2 2 2 2 3191 3683 2949
5561 2 2 2 2 364 4408 41
5562 2 2 2 2 2638 3044 2759
5563 2 2 2 2 274 4418 273
5564 2 2 2 2 3361 3362 2230
5565 2 2 2 2 4792 4794 1736
5566 2 2 2 2 3440 3441 3439
5567 2 2 2 2 1036 4775 981
5568 2 2 2 2 3608 4630 2468
5569 2 2 2 2 2634 3546 3370
5570 2 2 2 2 2856 3328 2610
5571 2 2 2 2 2361 5529 5527
5572 2 2 2 2 1032 1136 1134
5573 2 2 2 2 4692 4725 1056
5574 2 2 2 2 2763 3855 2785
5575 2 2 2 2 4328 5027 3254
5576 2 2 2 2 805 4151 2515
5577 2 2 2 2 2611 2957 2324
5578 2 2 2 2 2105 4771 2111
5579 2 2 2 2 1635 1636 1634
5580 2 2 2 2 1619 4931 770
5581 2 2 2 2 1165 1168 1166
5582 2 2 2 2 929 4483 961
5583 2 2 2 2 1711 2859 1927
5584 2 2 2 2 3534 3970 2700
5585 2 2 2 2 1353 1354 1351
5586 2 2 2 2 3220 3781 3219
5587 2 2 2 2 1117 4610 1115
5588 2 2 2 2 1081 1088 1078
5589 2 2 2 2 3063 3346 3345
5590 2 2 2 2 3220 3783 3782
5591 2 2 2 2 761 772 769
5592 2 2 2 2 1678 1955 1680
5593 2 2 2 2 798 1809 1808
5594 2 2 2 2 2266 4890 1887
5595 2 2 2 2 1711 1712 1710
5596 2 2 2 2 1605 4727 4004
5597 2 2 2 2 3273 4730 2573
5598 2 2 2 2 2203 2803 2741
5599 2 2 2 2 4064 4065 3895
5600 2 2 2 2 3705 5298 3289
5601 2 2 2 2 5208 5211 4213
5602 2 2 2 2 644 4916 645
5603 2 2 2 2 1316 5048 1413
5604 2 2 2 2 2433 4097 1919
5605 2 2 2 2 561 563 562
5606 2 2 2 2 985 987 986
5607 2 2 2 2 830 1290 832
5608 2 2 2 2 1015 1104 1014
5609 2 2 2 2 4139 4143 4142
5610 2 2 2 2 3184 3569 3182
5611 2 2 2 2 2198 4133 2530
5612 2 2 2 2 3794 3811 3795
5613 2 2 2 2 2205 5294 4573
5614 2 2 2 2 814 815 813
5615 2 2 2 2 733 4193 736
5616 2 2 2 2 2803 4043 3606
5617 2 2 2 2 1505 1514 1513
5618 2 2 2 2 2677 5044 3408
5619 2 2 2 2 2506 3236 2956
5620 2 2 2 2 3421 4510 3418
5621 2 2 2 2 458 4599 457
5622 2 2 2 2 1887 4890 1510
5623 2 2 2 2 1275 1278 1277
5624 2 2 2 2 3592 3593 3591
5625 2 2 2 2 2260 4138 4137
5626 2 2 2 2 3429 3430 3427
5627 2 2 2 2 2602 3314 2601
5628 2 2 2 2 2002 2622 2602
5629 2 2 2 2 1270 1276 1269
5630 2 2 2 2 1970 1971 1440
5631 2 2 2 2 1312 1313 1311
5632 2 2 2 2 1314 1315 1313
5633 2 2 2 2 1506 4048 1507
5634 2 2 2 2 1001 1015 1014
5635 2 2 2 2 1729 4728 1727
5636 2 2 2 2 1546 1977 1827
5637 2 2 2 2 2268 2526 1206
5638 2 2 2 2 760 4844 745
5639 2 2 2 2 429 4655 629
5640 2 2 2 2 1256 1257 1255
5641 2 2 2 2 2639 3065 2255
5642 2 2 2 2 1639 4260 2060
5643 2 2 2 2 726 3026 2003
5644 2 2 2 2 1849 2792 1851
5645 2 2 2 2 1894 1895 1824
5646 2 2 2 2 666 668 667
5647 2 2 2 2 749 3835 696
5648 2 2 2 2 1035 1222 1036
5649 2 2 2 2 4206 4473 3033
5650 2 2 2 2 936 4938 888
5651 2 2 2 2 452 2123 454
5652 2 2 2 2 2044 2397 2393
5653 2 2 2 2 3236 3237 2956
5654 2 2 2 2 1859 4358 1282
5655 2 2 2 2 1386 1769 1384
5656 2 2 2 2 2562 2563 2005
5657 2 2 2 2 1430 4643 1378
5658 2 2 2 2 2622 3353 3025
5659 2 2 2 2 722 4752 2222
5660 2 2 2 2 1023 5376 5265
5661 2 2 2 2 1118 1828 1119
5662 2 2 2 2 3099 3388 2850
5663 2 2 2 2 456 457 455
5664 2 2 2 2 4786 4787 4785
5665 2 2 2 2 1477 2536 1308
5666 2 2 2 2 1991 1997 1539
5667 2 2 2 2 2585 4189 2583
5668 2 2 2 2 3157 4809 4808
5669 2 2 2 2 4603 4604 1717
5670 2 2 2 2 1052 4792 1055
5671 2 2 2 2 773 784 775
5672 2 2 2 2 3021 3022 2543
5673 2 2 2 2 1962 4823 2158
5674 2 2 2 2 2632 2633 825
5675 2 2 2 2 932 4634 970
5676 2 2 2 2 2200 4937 2738
5677 2 2 2 2 1105 4031 1104
5678 2 2 2 2 1372 1374 1227
5679 2 2 2 2 250 4219 287
5680 2 2 2 2 952 985 984
5681 2 2 2 2 1041 1202 1043
5682 2 2 2 2 1557 1878 1556
5683 2 2 2 2 1947 4659 2381
5684 2 2 2 2 3242 4430 4429
5685 2 2 2 2 623 1495 612
5686 2 2 2 2 1796 1797 1795
5687 2 2 2 2 2295 4294 2297
5688 2 2 2 2 1882 4674 816
5689 2 2 2 2 1075 4209 1077
5690 2 2 2 2 1172 1173 1123
5691 2 2 2 2 721 5001 720
5692 2 2 2 2 3153 3391 2666
5693 2 2 2 2 563 5179 1776
5694 2 2 2 2 1412 2054 1588
5695 2 2 2 2 4703 4959 1905
5696 2 2 2 2 1845 2004 1844
5697 2 2 2 2 2680 3492 2679
5698 2 2 2 2 2636 2637 2020
5699 2 2 2 2 3915 4960 1310
5700 2 2 2 2 567 568 566
5701 2 2 2 2 750 752 751
5702 2 2 2 2 1534 4161 1976
5703 2 2 2 2 4295 4298 4294
5704 2 2 2 2 2708 3636 1433
5705 2 2 2 2 1365 2314 1267
5706 2 2 2 2 2722 5050 2715
5707 2 2 2 2 2894 2895 2893
5708 2 2 2 2 2901 5039 4749
5709 2 2 2 2 1869 4465 1447
5710 2 2 2 2 2000 3019 2609
5711 2 2 2 2 3647 3753 3194
5712 2 2 2 2 2306 2307 2305
5713 2 2 2 2 2430 2432 2431
5714 2 2 2 2 471 5096 468
5715 2 2 2 2 1010 1115 1114
5716 2 2 2 2 1577 1578 1482
5717 2 2 2 2 814 825 815
5718 2 2 2 2 3137 3397 3126
5719 2 2 2 2 1697 4178 1800
5720 2 2 2 2 1326 1327 1324
5721 2 2 2 2 3592 3749 3593
5722 2 2 2 2 525 4407 522
5723 2 2 2 2 1831 1833 1832
5724 2 2 2 2 3319 3541 3317
5725 2 2 2 2 2541 5132 3238
5726 2 2 2 2 1491 1865 1488
5727 2 2 2 2 4771 5012 3244
5728 2 2 2 2 1412 2312 2054
5729 2 2 2 2 2309 2310 2308
5730 2 2 2 2 5078 5119 3800
5731 2 2 2 2 1547 1548 1493
5732 2 2 2 2 618 897 627
5733 2 2 2 2 2333 4654 2071
5734 2 2 2 2 1458 1460 1459
5735 2 2 2 2 1598 2750 1610
5736 2 2 2 2 4031 4063 4030
5737 2 2 2 2 812 814 813
5738 2 2 2 2 4782 5189 2476
5739 2 2 2 2 1098 1099 1091
5740 2 2 2 2 2146 2360 1855
5741 2 2 2 2 4038 5371 4036
5742 2 2 2 2 1212 1309 1308
5743 2 2 2 2 3815 4585 3818
5744 2 2 2 2 63 4417 377
5745 2 2 2 2 2260 4137 2065
5746 2 2 2 2 3536 4088 3167
5747 2 2 2 2 2232 4289 2236
5748 2 2 2 2 1622 4479 912
5749 2 2 2 2 2073 2075 2074
5750 2 2 2 2 4173 4754 4753
5751 2 2 2 2 480 2313 483
5752 2 2 2 2 2235 2760 2233
5753 2 2 2 2 1668 1670 1669
5754 2 2 2 2 4085 5229 3900
5755 2 2 2 2 2880 4728 1729
5756 2 2 2 2 1726 1729 1727
5757 2 2 2 2 2818 3267 2926
5758 2 2 2 2 200 311 199
5759 2 2 2 2 161 305 160
5760 2 2 2 2 226 314 225
5761 2 2 2 2 1864 2372 1302
5762 2 2 2 2 14 376 13
5763 2 2 2 2 1043 1045 1044
5764 2 2 2 2 3072 3713 3086
5765 2 2 2 2 1799 4680 4679
5766 2 2 2 2 1532 1568 1533
5767 2 2 2 2 510 1334 513
5768 2 2 2 2 2235 3249 2760
5769 2 2 2 2 190 4422 189
5770 2 2 2 2 188 4231 187
5771 2 2 2 2 1538 1539 1414
5772 2 2 2 2 2991 2992 2563
5773 2 2 2 2 2562 3047 2991
5774 2 2 2 2 2492 2493 2491
5775 2 2 2 2 515 517 516
5776 2 2 2 2 770 4931 698
5777 2 2 2 2 2825 3952 3951
5778 2 2 2 2 490 491 489
5779 2 2 2 2 553 554 552
5780 2 2 2 2 3548 3707 1626
5781 2 2 2 2 725 726 724
5782 2 2 2 2 2281 2282 2280
5783 2 2 2 2 2377 3359 1958
5784 2 2 2 2 1452 1454 1453
5785 2 2 2 2 1950 2446 2052
5786 2 2 2 2 3056 3376 3048
5787 2 2 2 2 3643 3706 3453
5788 2 2 2 2 1271 4961 4498
5789 2 2 2 2 1120 4610 1117
5790 2 2 2 2 1314 5048 1316
5791 2 2 2 2 1706 4607 1711
5792 2 2 2 2 507 4555 510
5793 2 2 2 2 1655 4904 1666
5794 2 2 2 2 2272 2274 2270
5795 2 2 2 2 1049 1050 1048
5796 2 2 2 2 1833 1837 1835
5797 2 2 2 2 3801 3802 1088
5798 2 2 2 2 2330 4280 2551
5799 2 2 2 2 1730 4728 1972
5800 2 2 2 2 1428 1506 1429
5801 2 2 2 2 3703 4736 3704
5802 2 2 2 2 3408 4612 2414
5803 2 2 2 2 1525 1576 1430
5804 2 2 2 2 1046 4787 1411
5805 2 2 2 2 1514 4838 1515
5806 2 2 2 2 1390 4772 1221
5807 2 2 2 2 1848 4310 2002
5808 2 2 2 2 1903 1962 1961
5809 2 2 2 2 2555 2888 2564
5810 2 2 2 2 1618 2305 469
5811 2 2 2 2 1583 2948 1756
5812 2 2 2 2 1673 1722 1672
5813 2 2 2 2 2540 2657 2539
5814 2 2 2 2 3952 4517 4516
5815 2 2 2 2 752 1775 754
5816 2 2 2 2 743 4997 740
5817 2 2 2 2 3422 3465 3421
5818 2 2 2 2 4880 4918 3240
5819 2 2 2 2 759 4518 735
5820 2 2 2 2 1178 4663 1175
5821 2 2 2 2 2802 4861 3407
5822 2 2 2 2 2775 3383 3382
5823 2 2 2 2 897 3175 2182
5824 2 2 2 2 1380 3266 1980
5825 2 2 2 2 1962 2154 1963
5826 2 2 2 2 1441 5011 2556
5827 2 2 2 2 1385 4320 1388
5828 2 2 2 2 3003 3008 3002
5829 2 2 2 2 2094 4748 2884
5830 2 2 2 2 1885 2164 1920
5831 2 2 2 2 2809 4678 4189
5832 2 2 2 2 427 5038 425
5833 2 2 2 2 930 4546 964
5834 2 2 2 2 3695 5481 484
5835 2 2 2 2 1532 1533 1531
5836 2 2 2 2 1832 4646 1830
5837 2 2 2 2 3044 3078 2759
5838 2 2 2 2 1032 1434 1136
5839 2 2 2 2 1341 1342 1340
5840 2 2 2 2 2809 4189 2585
5841 2 2 2 2 648 3709 647
5842 2 2 2 2 2068 4369 2066
5843 2 2 2 2 2702 4486 2369
5844 2 2 2 2 1483 4046 2218
5845 2 2 2 2 1630 4251 4250
5846 2 2 2 2 600 614 604
5847 2 2 2 2 1562 2041 2040
5848 2 2 2 2 1015 1105 1104
5849 2 2 2 2 2552 3262 3261
5850 2 2 2 2 4271 4272 3576
5851 2 2 2 2 1464 5158 3987
5852 2 2 2 2 914 1622 912
5853 2 2 2 2 256 4228 255
5854 2 2 2 2 1479 1480 1374
5855 2 2 2 2 1399 1414 1398
5856 2 2 2 2 486 4834 490
5857 2 2 2 2 2164 2428 1920
5858 2 2 2 2 612 4958 583
5859 2 2 2 2 4075 4076 4074
5860 2 2 2 2 3708 4526 2730
5861 2 2 2 2 2519 2520 2227
5862 2 2 2 2 1162 1164 1163
5863 2 2 2 2 907 908 906
5864 2 2 2 2 1857 4582 1615
5865 2 2 2 2 440 442 441
5866 2 2 2 2 995 4714 993
5867 2 2 2 2 152 322 151
5868 2 2 2 2 2473 4893 3119
5869 2 2 2 2 1201 1306 1200
5870 2 2 2 2 2392 3123 2398
5871 2 2 2 2 2370 4996 4624
5872 2 2 2 2 903 4780 905
5873 2 2 2 2 4143 4827 4145
5874 2 2 2 2 2802 3404 2801
5875 2 2 2 2 472 473 471
5876 2 2 2 2 449 4352 3865
5877 2 2 2 2 2943 4937 2186
5878 2 2 2 2 286 4455 4452
5879 2 2 2 2 2547 2548 2012
5880 2 2 2 2 895 956 955
5881 2 2 2 2 306 4625 230
5882 2 2 2 2 620 4614 624
5883 2 2 2 2 1214 1734 1135
5884 2 2 2 2 2101 4852 2107
5885 2 2 2 2 1177 1182 1179
5886 2 2 2 2 2832 3331 2831
5887 2 2 2 2 2028 4952 1780
5888 2 2 2 2 1903 1960 1569
5889 2 2 2 2 2867 4222 2865
5890 2 2 2 2 1106 4037 4036
5891 2 2 2 2 526 541 527
5892 2 2 2 2 1037 4509 1038
5893 2 2 2 2 2430 2434 2432
5894 2 2 2 2 1600 4813 3735
5895 2 2 2 2 2053 4772 1390
5896 2 2 2 2 664 665 663
5897 2 2 2 2 1226 1227 1112
5898 2 2 2 2 699 770 698
5899 2 2 2 2 2345 2367 2349
5900 2 2 2 2 4117 5006 2559
5901 2 2 2 2 3477 4381 4380
5902 2 2 2 2 2046 2662 2661
5903 2 2 2 2 426 428 427
5904 2 2 2 2 4138 4140 4137
5905 2 2 2 2 1968 2710 2475
5906 2 2 2 2 1460 1571 1509
5907 2 2 2 2 1243 4947 1246
5908 2 2 2 2 3230 4104 4103
5909 2 2 2 2 4415 4416 375
5910 2 2 2 2 687 695 688
5911 2 2 2 2 1735 4462 687
5912 2 2 2 2 454 455 453
5913 2 2 2 2 996 1010 1009
5914 2 2 2 2 1009 1113 995
5915 2 2 2 2 420 4375 422
5916 2 2 2 2 4935 5110 4509
5917 2 2 2 2 3110 3114 3112
5918 2 2 2 2 3333 3387 3386
5919 2 2 2 2 1934 1936 1935
5920 2 2 2 2 1568 1902 1569
5921 2 2 2 2 984 4090 1583
5922 2 2 2 2 1583 1755 983
5923 2 2 2 2 1404 1407 1405
5924 2 2 2 2 1936 1937 1935
5925 2 2 2 2 2587 2809 2585
5926 2 2 2 2 214 394 213
5927 2 2 2 2 79 355 78
5928 2 2 2 2 217 390 216
5929 2 2 2 2 622 623 612
5930 2 2 2 2 726 2003 724
5931 2 2 2 2 1181 1220 1180
5932 2 2 2 2 4273 4555 507
5933 2 2 2 2 2473 2474 2027
5934 2 2 2 2 2332 2348 2331
5935 2 2 2 2 545 546 542
5936 2 2 2 2 1833 1834 1832
5937 2 2 2 2 1391 3998 925
5938 2 2 2 2 1072 4753 1070
5939 2 2 2 2 1706 1710 1709
5940 2 2 2 2 1641 4699 4698
5941 2 2 2 2 1638 1992 1773
5942 2 2 2 2 3123 3143 2398
5943 2 2 2 2 3600 4354 2748
5944 2 2 2 2 2438 4274 2439
5945 2 2 2 2 2659 2675 2415
5946 2 2 2 2 1455 1458 1457
5947 2 2 2 2 3475 3476 3473
5948 2 2 2 2 3474 3521 3475
5949 2 2 2 2 1093 4679 4212
5950 2 2 2 2 1759 1761 1757
5951 2 2 2 2 2627 4954 2360
5952 2 2 2 2 536 4733 918
5953 2 2 2 2 2575 3274 3272
5954 2 2 2 2 2763 3987 3856
5955 2 2 2 2 1383 1385 1384
5956 2 2 2 2 946 4919 2315
5957 2 2 2 2 536 918 534
5958 2 2 2 2 2146 2631 2627
5959 2 2 2 2 4254 4255 2333
5960 2 2 2 2 2063 2065 2064
5961 2 2 2 2 1332 1440 1439
5962 2 2 2 2 3022 5125 3226
5963 2 2 2 2 2536 3898 1308
5964 2 2 2 2 1700 4178 1697
5965 2 2 2 2 3245 3731 3195
5966 2 2 2 2 878 4882 941
5967 2 2 2 2 3183 3232 3184
5968 2 2 2 2 4623 4805 4622
5969 2 2 2 2 863 4702 701
5970 2 2 2 2 426 4194 3913
5971 2 2 2 2 3924 3925 3923
5972 2 2 2 2 4379 5047 3106
5973 2 2 2 2 3013 3014 2938
5974 2 2 2 2 2870 3041 3040
5975 2 2 2 2 985 2334 987
5976 2 2 2 2 2552 3261 2830
5977 2 2 2 2 417 1591 415
5978 2 2 2 2 2174 2770 2411
5979 2 2 2 2 3866 3867 3745
5980 2 2 2 2 3286 4857 2305
5981 2 2 2 2 2420 3769 2404
5982 2 2 2 2 1341 1645 1343
5983 2 2 2 2 2904 4633 4333
5984 2 2 2 2 1538 2128 1991
5985 2 2 2 2 972 4886 2905
5986 2 2 2 2 702 704 703
5987 2 2 2 2 3597 3600 2748
5988 2 2 2 2 4211 4564 4563
5989 2 2 2 2 2638 2759 2017
5990 2 2 2 2 2145 2528 2527
5991 2 2 2 2 710 711 709
5992 2 2 2 2 1888 2160 1913
5993 2 2 2 2 947 4393 969
5994 2 2 2 2 3855 3857 2785
5995 2 2 2 2 3403 3416 3415
5996 2 2 2 2 2878 5008 2944
5997 2 2 2 2 42 364 41
5998 2 2 2 2 254 332 253
5999 2 2 2 2 183 334 182
6000 2 2 2 2 180 286 179
6001 2 2 2 2 185 385 184
6002 2 2 2 2 2770 3458 3157
6003 2 2 2 2 2672 3457 3451
6004 2 2 2 2 222 321 221
6005 2 2 2 2 117 4425 292
6006 2 2 2 2 144 393 143
6007 2 2 2 2 203 371 202
6008 2 2 2 2 207 365 206
6009 2 2 2 2 117 292 116
6010 2 2 2 2 118 4425 117
6011 2 2 2 2 119 366 118
6012 2 2 2 2 197 333 196
6013 2 2 2 2 209 325 208
6014 2 2 2 2 201 4538 200
6015 2 2 2 2 142 357 141
6016 2 2 2 2 189 384 188
6017 2 2 2 2 191 338 190
6018 2 2 2 2 121 330 120
6019 2 2 2 2 2870 3040 2867
6020 2 2 2 2 165 4442 164
6021 2 2 2 2 166 4586 165
6022 2 2 2 2 170 336 169
6023 2 2 2 2 167 301 166
6024 2 2 2 2 174 4445 173
6025 2 2 2 2 164 339 163
6026 2 2 2 2 21 307 20
6027 2 2 2 2 94 352 93
6028 2 2 2 2 97 302 96
6029 2 2 2 2 1986 4511 1733
6030 2 2 2 2 173 293 172
6031 2 2 2 2 2866 3269 2869
6032 2 2 2 2 100 347 99
6033 2 2 2 2 89 373 88
6034 2 2 2 2 1069 1070 1068
6035 2 2 2 2 228 363 227
6036 2 2 2 2 158 367 157
6037 2 2 2 2 88 4450 87
6038 2 2 2 2 175 4587 174
6039 2 2 2 2 156 313 155
6040 2 2 2 2 77 391 76
6041 2 2 2 2 147 389 146
6042 2 2 2 2 165 4586 4442
6043 2 2 2 2 104 4448 103
6044 2 2 2 2 301 4586 166
6045 2 2 2 2 164 4442 339
6046 2 2 2 2 159 4723 158
6047 2 2 2 2 4442 4443 339
6048 2 2 2 2 173 4445 293
6049 2 2 2 2 373 4450 88
6050 2 2 2 2 174 4587 4445
6051 2 2 2 2 4445 4446 293
6052 2 2 2 2 176 337 175
6053 2 2 2 2 158 4723 367
6054 2 2 2 2 337 4587 175
6055 2 2 2 2 4587 4588 4447
6056 2 2 2 2 225 4234 224
6057 2 2 2 2 178 368 177
6058 2 2 2 2 154 370 153
6059 2 2 2 2 106 346 105
6060 2 2 2 2 2528 3319 3317
6061 2 2 2 2 1424 1426 1425
6062 2 2 2 2 3175 3177 2182
6063 2 2 2 2 649 1782 651
6064 2 2 2 2 4737 4896 4806
6065 2 2 2 2 724 5001 721
6066 2 2 2 2 4354 4865 4355
6067 2 2 2 2 1766 1768 1767
6068 2 2 2 2 1767 1905 1760
6069 2 2 2 2 2203 2377 1958
6070 2 2 2 2 1759 1762 1761
6071 2 2 2 2 1066 4700 1064
6072 2 2 2 2 899 4198 718
6073 2 2 2 2 2504 3816 3815
6074 2 2 2 2 1526 1574 1573
6075 2 2 2 2 4922 4945 3018
6076 2 2 2 2 2555 2889 2888
6077 2 2 2 2 3589 3592 3591
6078 2 2 2 2 1912 2170 1911
6079 2 2 2 2 1389 1390 1221
6080 2 2 2 2 2572 4403 1831
6081 2 2 2 2 1173 1176 1175
6082 2 2 2 2 1654 2206 1657
6083 2 2 2 2 1262 1264 1263
6084 2 2 2 2 1138 1139 1111
6085 2 2 2 2 3134 4713 2387
6086 2 2 2 2 1277 5058 1279
6087 2 2 2 2 1523 4662 1567
6088 2 2 2 2 444 1823 446
6089 2 2 2 2 576 1029 574
6090 2 2 2 2 782 821 762
6091 2 2 2 2 1304 1305 1191
6092 2 2 2 2 2004 2560 2005
6093 2 2 2 2 1895 2856 2610
6094 2 2 2 2 3944 3945 3943
6095 2 2 2 2 3648 4379 3101
6096 2 2 2 2 2589 4534 2587
6097 2 2 2 2 3982 4274 2438
6098 2 2 2 2 272 4423 271
6099 2 2 2 2 581 611 583
6100 2 2 2 2 1966 2331 1530
6101 2 2 2 2 3799 4782 2740
6102 2 2 2 2 1459 4891 1982
6103 2 2 2 2 1316 1318 1317
6104 2 2 2 2 2080 2598 2078
6105 2 2 2 2 2079 2081 2080
6106 2 2 2 2 1082 1083 1081
6107 2 2 2 2 1799 4679 1071
6108 2 2 2 2 2876 3229 2875
6109 2 2 2 2 476 477 475
6110 2 2 2 2 1073 1093 1075
6111 2 2 2 2 2069 2071 2070
6112 2 2 2 2 5074 5186 3266
6113 2 2 2 2 2462 2465 1953
6114 2 2 2 2 608 626 620
6115 2 2 2 2 1519 1520 1517
6116 2 2 2 2 1379 1430 1378
6117 2 2 2 2 1950 2027 1949
6118 2 2 2 2 3844 4017 3841
6119 2 2 2 2 1992 2581 1993
6120 2 2 2 2 2372 2533 1302
6121 2 2 2 2 1097 1206 1098
6122 2 2 2 2 289 4228 256
6123 2 2 2 2 3821 4585 3817
6124 2 2 2 2 2494 2749 2748
6125 2 2 2 2 1658 4904 1655
6126 2 2 2 2 2567 3647 3194
6127 2 2 2 2 1697 1800 1695
6128 2 2 2 2 3238 3254 2542
6129 2 2 2 2 1619 5275 4931
6130 2 2 2 2 2163 4368 2523
6131 2 2 2 2 1401 1404 1403
6132 2 2 2 2 1481 1627 1577
6133 2 2 2 2 2556 3887 2879
6134 2 2 2 2 985 4757 2334
6135 2 2 2 2 830 831 829
6136 2 2 2 2 149 353 148
6137 2 2 2 2 951 1005 922
6138 2 2 2 2 4389 4781 910
6139 2 2 2 2 939 963 962
6140 2 2 2 2 2781 5161 3985
6141 2 2 2 2 2285 2286 2284
6142 2 2 2 2 1851 1853 1852
6143 2 2 2 2 1320 1321 1319
6144 2 2 2 2 1818 4755 1896
6145 2 2 2 2 3083 3084 3081
6146 2 2 2 2 496 2213 498
6147 2 2 2 2 1976 2519 2227
6148 2 2 2 2 2541 2542 1981
6149 2 2 2 2 948 4919 946
6150 2 2 2 2 762 4071 757
6151 2 2 2 2 2724 4241 2987
6152 2 2 2 2 962 4983 938
6153 2 2 2 2 3347 5537 5517
6154 2 2 2 2 4837 4868 3246
6155 2 2 2 2 1850 4310 1848
6156 2 2 2 2 1690 1691 1689
6157 2 2 2 2 1035 1036 981
6158 2 2 2 2 758 779 767
6159 2 2 2 2 2239 5013 2241
6160 2 2 2 2 2729 3198 2739
6161 2 2 2 2 1119 1120 1117
6162 2 2 2 2 2077 2078 2076
6163 2 2 2 2 589 591 590
6164 2 2 2 2 787 793 783
6165 2 2 2 2 1712 1715 1714
6166 2 2 2 2 1527 1528 1437
6167 2 2 2 2 464 467 466
6168 2 2 2 2 1609 1869 1447
6169 2 2 2 2 2473 3119 3098
6170 2 2 2 2 2856 3329 3328
6171 2 2 2 2 2936 2938 2937
6172 2 2 2 2 781 4482 2229
6173 2 2 2 2 4039 5264 4037
6174 2 2 2 2 1505 1512 1503
6175 2 2 2 2 900 5191 3918
6176 2 2 2 2 956 975 974
6177 2 2 2 2 2165 4368 1921
6178 2 2 2 2 1449 4119 1367
6179 2 2 2 2 470 471 468
6180 2 2 2 2 2263 2628 2262
6181 2 2 2 2 1380 1980 1329
6182 2 2 2 2 510 513 512
6183 2 2 2 2 3069 3840 3054
6184 2 2 2 2 2969 4869 4743
6185 2 2 2 2 1526 1573 1525
6186 2 2 2 2 3272 5291 3273
6187 2 2 2 2 328 4639 278
6188 2 2 2 2 2727 4287 4286
6189 2 2 2 2 1738 1740 1739
6190 2 2 2 2 866 890 889
6191 2 2 2 2 467 469 468
6192 2 2 2 2 2066 2621 2064
6193 2 2 2 2 733 736 735
6194 2 2 2 2 3305 5075 4040
6195 2 2 2 2 2251 2253 2252
6196 2 2 2 2 1768 2122 1919
6197 2 2 2 2 2784 3940 2590
6198 2 2 2 2 4927 5112 1972
6199 2 2 2 2 176 4759 337
6200 2 2 2 2 368 4759 177
6201 2 2 2 2 2077 2516 2079
6202 2 2 2 2 1280 1490 1488
6203 2 2 2 2 2911 4860 3703
6204 2 2 2 2 2307 4525 3286
6205 2 2 2 2 2004 2005 1844
6206 2 2 2 2 3110 3111 3109
6207 2 2 2 2 1085 4697 4694
6208 2 2 2 2 1034 4983 962
6209 2 2 2 2 4380 4959 3476
6210 2 2 2 2 569 571 570
6211 2 2 2 2 2746 2747 2745
6212 2 2 2 2 2382 4783 3045
6213 2 2 2 2 212 359 211
6214 2 2 2 2 1936 1938 1937
6215 2 2 2 2 1083 5078 3800
6216 2 2 2 2 778 4475 750
6217 2 2 2 2 1397 1550 1549
6218 2 2 2 2 4429 4430 48
6219 2 2 2 2 2273 2276 2275
6220 2 2 2 2 971 5071 933
6221 2 2 2 2 1377 1417 1376
6222 2 2 2 2 1022 3841 872
6223 2 2 2 2 538 4733 536
6224 2 2 2 2 1938 1939 1937
6225 2 2 2 2 2729 2739 2226
6226 2 2 2 2 1665 5053 1662
6227 2 2 2 2 911 945 944
6228 2 2 2 2 2024 2025 1489
6229 2 2 2 2 1294 5125 3864
6230 2 2 2 2 3708 4602 4526
6231 2 2 2 2 1809 1848 1810
6232 2 2 2 2 1693 1737 1691
6233 2 2 2 2 879 930 880
6234 2 2 2 2 1074 1771 1072
6235 2 2 2 2 664 666 665
6236 2 2 2 2 387 5300 3758
6237 2 2 2 2 998 4483 2351
6238 2 2 2 2 2764 3565 2716
6239 2 2 2 2 2934 3130 2932
6240 2 2 2 2 1711 1927 1712
6241 2 2 2 2 3425 3427 3426
6242 2 2 2 2 1929 4163 1932
6243 2 2 2 2 3078 3882 3881
6244 2 2 2 2 4107 4361 1512
6245 2 2 2 2 2513 2514 2177
6246 2 2 2 2 4461 5103 4460
6247 2 2 2 2 417 4528 1591
6248 2 2 2 2 1450 4862 1452
6249 2 2 2 2 559 4250 610
6250 2 2 2 2 3927 5240 5014
6251 2 2 2 2 1417 1511 1376
6252 2 2 2 2 4535 5272 5235
6253 2 2 2 2 2816 3734 3009
6254 2 2 2 2 520 4963 518
6255 2 2 2 2 1221 4772 1197
6256 2 2 2 2 2060 4260 2481
6257 2 2 2 2 1962 2158 2154
6258 2 2 2 2 1948 4086 1950
6259 2 2 2 2 4704 4850 4789
6260 2 2 2 2 2148 4464 1869
6261 2 2 2 2 2164 2676 2428
6262 2 2 2 2 909 4479 911
6263 2 2 2 2 602 4668 608
6264 2 2 2 2 2047 2401 2048
6265 2 2 2 2 3154 4323 2159
6266 2 2 2 2 627 628 619
6267 2 2 2 2 3407 3853 3467
6268 2 2 2 2 335 4415 113
6269 2 2 2 2 1843 1844 1842
6270 2 2 2 2 3986 5076 4502
6271 2 2 2 2 444 445 443
6272 2 2 2 2 2003 5001 724
6273 2 2 2 2 3407 4861 3853
6274 2 2 2 2 2211 3988 3235
6275 2 2 2 2 456 459 458
6276 2 2 2 2 1347 1348 1346
6277 2 2 2 2 2232 2236 2234
6278 2 2 2 2 575 577 576
6279 2 2 2 2 878 941 940
6280 2 2 2 2 442 444 443
6281 2 2 2 2 961 4483 998
6282 2 2 2 2 747 748 696
6283 2 2 2 2 1507 4048 1532
6284 2 2 2 2 1209 1210 1208
6285 2 2 2 2 2712 4068 2714
6286 2 2 2 2 2269 4122 2918
6287 2 2 2 2 82 4413 323
6288 2 2 2 2 2462 2706 2465
6289 2 2 2 2 2412 2513 2177
6290 2 2 2 2 382 4413 83
6291 2 2 2 2 2582 2583 1993
6292 2 2 2 2 3445 3462 3444
6293 2 2 2 2 847 875 845
6294 2 2 2 2 3455 3456 3454
6295 2 2 2 2 3438 3440 3439
6296 2 2 2 2 332 4149 253
6297 2 2 2 2 2156 2666 2157
6298 2 2 2 2 891 895 892
6299 2 2 2 2 2716 4953 4513
6300 2 2 2 2 2649 4769 2466
6301 2 2 2 2 1093 4212 4210
6302 2 2 2 2 795 796 794
6303 2 2 2 2 2255 4999 1779
6304 2 2 2 2 633 635 634
6305 2 2 2 2 818 1882 816
6306 2 2 2 2 2911 2912 2718
6307 2 2 2 2 2017 4070 1476
6308 2 2 2 2 704 706 705
6309 2 2 2 2 2212 2497 2201
6310 2 2 2 2 904 1540 902
6311 2 2 2 2 595 1816 598
6312 2 2 2 2 5063 5207 4897
6313 2 2 2 2 618 619 607
6314 2 2 2 2 2934 3141 3140
6315 2 2 2 2 1235 1237 1236
6316 2 2 2 2 1177 4345 1182
6317 2 2 2 2 524 1640 526
6318 2 2 2 2 1914 1915 1624
6319 2 2 2 2 177 4759 176
6320 2 2 2 2 3975 3980 3974
6321 2 2 2 2 524 526 525
6322 2 2 2 2 2522 3215 2521
6323 2 2 2 2 2526 4075 4074
6324 2 2 2 2 1372 1478 1374
6325 2 2 2 2 1655 1666 1653
6326 2 2 2 2 1151 5255 1148
6327 2 2 2 2 1326 1328 1327
6328 2 2 2 2 1944 1945 1943
6329 2 2 2 2 2216 5010 2357
6330 2 2 2 2 2080 4391 2598
6331 2 2 2 2 135 317 134
6332 2 2 2 2 205 318 204
6333 2 2 2 2 139 326 138
6334 2 2 2 2 194 300 193
6335 2 2 2 2 3217 4920 2521
6336 2 2 2 2 817 2920 819
6337 2 2 2 2 1275 1277 1274
6338 2 2 2 2 1077 1078 1076
6339 2 2 2 2 4154 4504 4153
6340 2 2 2 2 5204 5205 3291
6341 2 2 2 2 1518 1555 1519
6342 2 2 2 2 4461 5357 5105
6343 2 2 2 2 2002 2602 2601
6344 2 2 2 2 987 988 986
6345 2 2 2 2 1479 4622 1522
6346 2 2 2 2 1423 4580 1420
6347 2 2 2 2 1268 1270 1269
6348 2 2 2 2 1754 1861 1752
6349 2 2 2 2 1694 1696 1695
6350 2 2 2 2 2106 4746 2110
6351 2 2 2 2 2064 4401 2001
6352 2 2 2 2 606 607 605
6353 2 2 2 2 2659 4691 2675
6354 2 2 2 2 2490 2491 2487
6355 2 2 2 2 1318 4621 1317
6356 2 2 2 2 4340 4341 4339
6357 2 2 2 2 1271 4498 1273
6358 2 2 2 2 956 4897 2570
6359 2 2 2 2 2012 4784 2558
6360 2 2 2 2 2284 2391 2282
6361 2 2 2 2 2199 4133 2196
6362 2 2 2 2 2567 3194 2988
6363 2 2 2 2 2307 3286 2305
6364 2 2 2 2 533 4613 1002
6365 2 2 2 2 2681 3159 2433
6366 2 2 2 2 1420 4580 1418
6367 2 2 2 2 1347 1349 1348
6368 2 2 2 2 3621 3623 3622
6369 2 2 2 2 3622 3804 3620
6370 2 2 2 2 2734 3666 2735
6371 2 2 2 2 3206 4927 2882
6372 2 2 2 2 1487 1489 1219
6373 2 2 2 2 1183 1184 1179
6374 2 2 2 2 2222 3245 3195
6375 2 2 2 2 797 4710 812
6376 2 2 2 2 562 820 560
6377 2 2 2 2 1203 5040 5017
6378 2 2 2 2 4061 4062 1622
6379 2 2 2 2 367 4723 4436
6380 2 2 2 2 2795 3942 1865
6381 2 2 2 2 1610 4168 1599
6382 2 2 2 2 692 698 690
6383 2 2 2 2 983 4722 951
6384 2 2 2 2 1780 2015 1779
6385 2 2 2 2 3312 5374 5361
6386 2 2 2 2 2773 3161 3154
6387 2 2 2 2 2277 2279 2278
6388 2 2 2 2 3858 3954 1746
6389 2 2 2 2 773 774 769
6390 2 2 2 2 4276 5274 4275
6391 2 2 2 2 2534 2796 2533
6392 2 2 2 2 897 3176 3175
6393 2 2 2 2 2586 2587 2585
6394 2 2 2 2 2617 2935 1999
6395 2 2 2 2 2606 4760 2962
6396 2 2 2 2 1162 1165 1164
6397 2 2 2 2 870 886 885
6398 2 2 2 2 756 758 757
6399 2 2 2 2 2110 4771 2105
6400 2 2 2 2 1802 4305 1795
6401 2 2 2 2 1211 1399 1398
6402 2 2 2 2 460 462 461
6403 2 2 2 2 748 750 749
6404 2 2 2 2 1276 4289 2232
6405 2 2 2 2 2147 2591 2363
6406 2 2 2 2 1818 1894 1824
6407 2 2 2 2 2174 4726 2770
6408 2 2 2 2 1441 2556 2186
6409 2 2 2 2 2011 2012 1528
6410 2 2 2 2 889 891 867
6411 2 2 2 2 1020 4566 708
6412 2 2 2 2 2616 2617 1999
6413 2 2 2 2 2514 4864 3866
6414 2 2 2 2 1905 4959 4683
6415 2 2 2 2 483 485 482
6416 2 2 2 2 1490 1981 1491
6417 2 2 2 2 1921 4368 2163
6418 2 2 2 2 579 581 580
6419 2 2 2 2 3252 4850 4704
6420 2 2 2 2 2044 2393 2043
6421 2 2 2 2 1182 4345 1612
6422 2 2 2 2 4976 5033 2888
6423 2 2 2 2 2524 4654 4531
6424 2 2 2 2 2909 3183 3182
6425 2 2 2 2 1350 1353 1351
6426 2 2 2 2 3346 3697 3345
6427 2 2 2 2 2894 3173 2895
6428 2 2 2 2 3783 3784 3782
6429 2 2 2 2 1481 1577 1482
6430 2 2 2 2 541 545 542
6431 2 2 2 2 2153 2518 2517
6432 2 2 2 2 1490 4577 2541
6433 2 2 2 2 3418 4510 3416
6434 2 2 2 2 1278 1363 1277
6435 2 2 2 2 2622 3025 2602
6436 2 2 2 2 720 5001 3012
6437 2 2 2 2 1948 1950 1949
6438 2 2 2 2 503 4273 507
6439 2 2 2 2 1699 4156 1702
6440 2 2 2 2 1176 1177 1175
6441 2 2 2 2 2215 2790 2119
6442 2 2 2 2 3233 4579 2533
6443 2 2 2 2 1118 1829 1828
6444 2 2 2 2 3283 4305 1802
6445 2 2 2 2 2004 2561 2560
6446 2 2 2 2 1477 2537 2536
6447 2 2 2 2 1118 1119 1117
6448 2 2 2 2 2362 4950 1933
6449 2 2 2 2 2771 4044 3258
6450 2 2 2 2 565 567 566
6451 2 2 2 2 4700 4877 4701
6452 2 2 2 2 587 589 588
6453 2 2 2 2 466 3259 465
6454 2 2 2 2 1846 4869 2969
6455 2 2 2 2 1807 4546 930
6456 2 2 2 2 4270 5173 1116
6457 2 2 2 2 1320 1322 1321
6458 2 2 2 2 582 585 584
6459 2 2 2 2 865 877 873
6460 2 2 2 2 1982 4839 1457
6461 2 2 2 2 2448 4186 1944
6462 2 2 2 2 2591 3380 2363
6463 2 2 2 2 954 3361 2230
6464 2 2 2 2 1491 1866 1865
6465 2 2 2 2 4337 4520 4336
6466 2 2 2 2 3817 4585 3815
6467 2 2 2 2 2464 2775 2649
6468 2 2 2 2 3349 4317 2628
6469 2 2 2 2 416 418 417
6470 2 2 2 2 1513 4459 1512
6471 2 2 2 2 1309 1477 1308
6472 2 2 2 2 2955 3264 2912
6473 2 2 2 2 2154 2156 2155
6474 2 2 2 2 1538 1991 1539
6475 2 2 2 2 4173 4753 1771
6476 2 2 2 2 2054 2179 1588
6477 2 2 2 2 879 880 826
6478 2 2 2 2 1049 1051 1050
6479 2 2 2 2 827 4557 879
6480 2 2 2 2 1562 4740 2041
6481 2 2 2 2 2154 2155 1963
6482 2 2 2 2 3924 3927 3926
6483 2 2 2 2 3973 3981 2434
6484 2 2 2 2 1273 1283 1275
6485 2 2 2 2 2666 2667 2157
6486 2 2 2 2 2763 3856 3855
6487 2 2 2 2 2461 4316 1934
6488 2 2 2 2 2709 3056 3048
6489 2 2 2 2 2419 4485 2429
6490 2 2 2 2 1399 1538 1414
6491 2 2 2 2 1745 1750 1747
6492 2 2 2 2 3404 3405 2801
6493 2 2 2 2 3186 3221 3187
6494 2 2 2 2 1648 4729 2899
6495 2 2 2 2 3419 4275 3420
6496 2 2 2 2 1744 1745 1743
6497 2 2 2 2 2930 4705 916
6498 2 2 2 2 4701 4877 4820
6499 2 2 2 2 2740 4782 2475
6500 2 2 2 2 418 5085 509
6501 2 2 2 2 1226 1372 1227
6502 2 2 2 2 2638 3360 3044
6503 2 2 2 2 2367 3295 2349
6504 2 2 2 2 1441 2186 1970
6505 2 2 2 2 3477 4382 4381
6506 2 2 2 2 2265 2309 2308
6507 2 2 2 2 4102 4105 3229
6508 2 2 2 2 2091 4748 2094
6509 2 2 2 2 1794 4030 1796
6510 2 2 2 2 4286 4972 4285
6511 2 2 2 2 2473 3098 2474
6512 2 2 2 2 2153 2517 1564
6513 2 2 2 2 2051 4027 1714
6514 2 2 2 2 579 4021 581
6515 2 2 2 2 3475 3477 3476
6516 2 2 2 2 723 724 721
6517 2 2 2 2 3274 3885 3272
6518 2 2 2 2 746 760 745
6519 2 2 2 2 4923 5158 1190
6520 2 2 2 2 2063 2260 2065
6521 2 2 2 2 1894 4720 1895
6522 2 2 2 2 956 974 955
6523 2 2 2 2 3287 5332 5269
6524 2 2 2 2 1829 1830 1828
6525 2 2 2 2 701 4702 694
6526 2 2 2 2 2097 4798 2099
6527 2 2 2 2 1070 1089 1068
6528 2 2 2 2 1766 2256 1768
6529 2 2 2 2 1594 2793 1592
6530 2 2 2 2 1438 2376 1529
6531 2 2 2 2 1912 2171 2170
6532 2 2 2 2 2471 2680 2679
6533 2 2 2 2 2019 2636 2020
6534 2 2 2 2 2431 4174 2421
6535 2 2 2 2 999 1001 1000
6536 2 2 2 2 907 4389 910
6537 2 2 2 2 3427 3431 3426
6538 2 2 2 2 355 3955 78
6539 2 2 2 2 1273 1274 1272
6540 2 2 2 2 4716 4814 2873
6541 2 2 2 2 461 4878 4599
6542 2 2 2 2 3164 4709 3530
6543 2 2 2 2 2892 4840 4519
6544 2 2 2 2 720 3012 899
6545 2 2 2 2 967 4854 4763
6546 2 2 2 2 941 981 940
6547 2 2 2 2 606 618 607
6548 2 2 2 2 787 804 793
6549 2 2 2 2 1527 2011 1528
6550 2 2 2 2 4698 5513 5508
6551 2 2 2 2 2901 4749 2902
6552 2 2 2 2 1641 4698 4697
6553 2 2 2 2 3403 5029 3417
6554 2 2 2 2 2310 4833 2308
6555 2 2 2 2 470 472 471
6556 2 2 2 2 1397 1549 1395
6557 2 2 2 2 469 470 468
6558 2 2 2 2 1021 4308 959
6559 2 2 2 2 4285 4972 4284
6560 2 2 2 2 3192 4985 3178
6561 2 2 2 2 2159 4323 2153
6562 2 2 2 2 4571 4573 4572
6563 2 2 2 2 2107 2120 2119
6564 2 2 2 2 3823 3824 3822
6565 2 2 2 2 2678 3202 2513
6566 2 2 2 2 3107 4843 3110
6567 2 2 2 2 2534 3369 2796
6568 2 2 2 2 1260 5084 1873
6569 2 2 2 2 2041 2931 2396
6570 2 2 2 2 3216 3808 3215
6571 2 2 2 2 1301 1377 1376
6572 2 2 2 2 1998 4735 2844
6573 2 2 2 2 782 2061 822
6574 2 2 2 2 2344 2917 2025
6575 2 2 2 2 679 4828 683
6576 2 2 2 2 963 1024 962
6577 2 2 2 2 2401 2402 2048
6578 2 2 2 2 815 4390 817
6579 2 2 2 2 223 4412 222
6580 2 2 2 2 1843 1845 1844
6581 2 2 2 2 1598 4005 2750
6582 2 2 2 2 2506 2956 2705
6583 2 2 2 2 4763 4854 3263
6584 2 2 2 2 970 4634 1039
6585 2 2 2 2 1209 1211 1210
6586 2 2 2 2 1505 1513 1512
6587 2 2 2 2 1033 4549 3732
6588 2 2 2 2 955 980 925
6589 2 2 2 2 4212 4213 4210
6590 2 2 2 2 2273 4336 2277
6591 2 2 2 2 832 833 831
6592 2 2 2 2 2251 2939 2253
6593 2 2 2 2 1754 4847 3919
6594 2 2 2 2 1660 4576 1658
6595 2 2 2 2 4892 5057 1982
6596 2 2 2 2 2826 4034 1904
6597 2 2 2 2 1417 1570 1511
6598 2 2 2 2 2218 4621 1318
6599 2 2 2 2 4840 4913 4519
6600 2 2 2 2 913 4781 1410
6601 2 2 2 2 1462 4666 1463
6602 2 2 2 2 1551 5059 2258
6603 2 2 2 2 2265 2311 2309
6604 2 2 2 2 2226 4631 1975
6605 2 2 2 2 2065 4137 2067
6606 2 2 2 2 2678 3400 3202
6607 2 2 2 2 2277 4520 2279
6608 2 2 2 2 1946 1947 1945
6609 2 2 2 2 2339 4800 2337
6610 2 2 2 2 4310 5002 2622
6611 2 2 2 2 459 460 458
6612 2 2 2 2 1180 1281 1101
6613 2 2 2 2 750 751 749
6614 2 2 2 2 4843 5047 4033
6615 2 2 2 2 1983 5048 1314
6616 2 2 2 2 640 5094 5009
6617 2 2 2 2 3991 5106 1202
6618 2 2 2 2 2706 4513 3570
6619 2 2 2 2 1312 1314 1313
6620 2 2 2 2 4660 4661 4227
6621 2 2 2 2 421 799 419
6622 2 2 2 2 420 422 421
6623 2 2 2 2 1391 4406 3998
6624 2 2 2 2 1863 2009 2008
6625 2 2 2 2 4074 4077 4073
6626 2 2 2 2 2252 2509 2250
6627 2 2 2 2 618 627 619
6628 2 2 2 2 491 5028 489
6629 2 2 2 2 4555 4556 1334
6630 2 2 2 2 1071 1073 1072
6631 2 2 2 2 2073 4654 2524
6632 2 2 2 2 434 919 436
6633 2 2 2 2 2888 2919 2564
6634 2 2 2 2 988 991 990
6635 2 2 2 2 2513 4864 2514
6636 2 2 2 2 2373 4203 1860
6637 2 2 2 2 3600 4865 4354
6638 2 2 2 2 2269 2918 2271
6639 2 2 2 2 3454 4123 3643
6640 2 2 2 2 2350 4295 4294
6641 2 2 2 2 823 2789 821
6642 2 2 2 2 3619 3620 3618
6643 2 2 2 2 3216 3829 3808
6644 2 2 2 2 2550 3251 2677
6645 2 2 2 2 4159 5181 2953
6646 2 2 2 2 1024 1034 962
6647 2 2 2 2 1712 4350 1715
6648 2 2 2 2 731 732 730
6649 2 2 2 2 3124 3146 2399
6650 2 2 2 2 4454 4759 368
6651 2 2 2 2 3973 3983 3981
6652 2 2 2 2 905 4780 4389
6653 2 2 2 2 4136 4371 3585
6654 2 2 2 2 1330 1380 1329
6655 2 2 2 2 1834 1836 1832
6656 2 2 2 2 3675 3677 3676
6657 2 2 2 2 2789 4071 821
6658 2 2 2 2 2246 4301 2247
6659 2 2 2 2 600 604 601
6660 2 2 2 2 1480 4941 4207
6661 2 2 2 2 2217 2353 2216
6662 2 2 2 2 3350 3722 3692
6663 2 2 2 2 1411 4324 1044
6664 2 2 2 2 604 605 601
6665 2 2 2 2 2508 4397 2029
6666 2 2 2 2 478 479 477
6667 2 2 2 2 1204 4724 1132
6668 2 2 2 2 557 559 558
6669 2 2 2 2 3891 4892 3257
6670 2 2 2 2 1888 2386 2160
6671 2 2 2 2 1314 1316 1315
6672 2 2 2 2 5029 5165 3417
6673 2 2 2 2 2387 4713 2035
6674 2 2 2 2 4105 4944 3229
6675 2 2 2 2 3202 4864 2513
6676 2 2 2 2 582 584 580
6677 2 2 2 2 2711 3608 2468
6678 2 2 2 2 729 731 730
6679 2 2 2 2 3175 3852 3177
6680 2 2 2 2 555 1630 557
6681 2 2 2 2 1704 4607 1706
6682 2 2 2 2 1991 4730 1997
6683 2 2 2 2 2273 2275 2272
6684 2 2 2 2 2653 4521 2290
6685 2 2 2 2 2603 4735 1841
6686 2 2 2 2 553 555 554
6687 2 2 2 2 1831 1832 1830
6688 2 2 2 2 4267 4268 4266
6689 2 2 2 2 2844 3323 3007
6690 2 2 2 2 2289 2290 2288
6691 2 2 2 2 3254 3255 2542
6692 2 2 2 2 991 992 990
6693 2 2 2 2 3715 5212 3641
6694 2 2 2 2 4252 4253 4251
6695 2 2 2 2 4736 5286 3704
6696 2 2 2 2 1937 4642 4265
6697 2 2 2 2 2981 2983 2982
6698 2 2 2 2 3434 4553 3430
6699 2 2 2 2 2931 2933 2932
6700 2 2 2 2 2816 2817 2755
6701 2 2 2 2 2205 4993 4748
6702 2 2 2 2 551 616 553
6703 2 2 2 2 1490 1491 1488
6704 2 2 2 2 555 557 556
6705 2 2 2 2 1218 4577 1280
6706 2 2 2 2 4270 5243 5173
6707 2 2 2 2 878 5064 4882
6708 2 2 2 2 4076 4078 4074
6709 2 2 2 2 531 4613 533
6710 2 2 2 2 4255 4257 4256
6711 2 2 2 2 1041 1042 1040
6712 2 2 2 2 1076 4171 1074
6713 2 2 2 2 3255 4000 2542
6714 2 2 2 2 3662 5353 3862
6715 2 2 2 2 2271 2273 2272
6716 2 2 2 2 4756 5125 3022
6717 2 2 2 2 87 4449 86
6718 2 2 2 2 1676 4632 1678
6719 2 2 2 2 1596 4559 4005
6720 2 2 2 2 1829 1831 1830
6721 2 2 2 2 1165 4281 1168
6722 2 2 2 2 1573 4718 1525
6723 2 2 2 2 795 4710 797
6724 2 2 2 2 70 4584 4426
6725 2 2 2 2 3271 5107 5053
6726 2 2 2 2 1482 2053 1390
6727 2 2 2 2 2101 2107 2100
6728 2 2 2 2 3176 3559 3175
6729 2 2 2 2 1549 4548 1395
6730 2 2 2 2 1568 1569 1533
6731 2 2 2 2 1056 4725 1054
6732 2 2 2 2 2044 3241 2397
6733 2 2 2 2 3764 5280 3765
6734 2 2 2 2 4697 4698 4694
6735 2 2 2 2 3352 4032 2643
6736 2 2 2 2 509 4375 420
6737 2 2 2 2 3161 3504 3154
6738 2 2 2 2 1738 4019 1740
6739 2 2 2 2 773 775 774
6740 2 2 2 2 950 4763 1443
6741 2 2 2 2 436 438 437
6742 2 2 2 2 1114 4302 1009
6743 2 2 2 2 1207 1541 1026
6744 2 2 2 2 1200 4935 4509
6745 2 2 2 2 3390 4164 2474
6746 2 2 2 2 1546 1827 1544
6747 2 2 2 2 493 494 491
6748 2 2 2 2 5223 5271 2972
6749 2 2 2 2 1102 1180 1101
6750 2 2 2 2 939 5005 963
6751 2 2 2 2 2993 3342 2994
6752 2 2 2 2 2706 3185 2707
6753 2 2 2 2 1176 4345 1177
6754 2 2 2 2 503 505 502
6755 2 2 2 2 1366 4015 1609
6756 2 2 2 2 1324 1325 1323
6757 2 2 2 2 1312 4960 1983
6758 2 2 2 2 1341 4012 1645
6759 2 2 2 2 997 4200 4199
6760 2 2 2 2 2947 4091 2946
6761 2 2 2 2 474 476 475
6762 2 2 2 2 1135 4300 1031
6763 2 2 2 2 1242 4947 1243
6764 2 2 2 2 2281 2283 2282
6765 2 2 2 2 1932 1934 1933
6766 2 2 2 2 2896 5030 1828
6767 2 2 2 2 1985 4983 1034
6768 2 2 2 2 2348 3288 2331
6769 2 2 2 2 3244 5012 2984
6770 2 2 2 2 2208 4797 2113
6771 2 2 2 2 2471 2726 2680
6772 2 2 2 2 2272 4554 2274
6773 2 2 2 2 2217 2614 2353
6774 2 2 2 2 5283 5456 3000
6775 2 2 2 2 1876 2365 1446
6776 2 2 2 2 2771 3258 3169
6777 2 2 2 2 1833 1835 1834
6778 2 2 2 2 910 912 909
6779 2 2 2 2 3350 3691 3348
6780 2 2 2 2 551 553 552
6781 2 2 2 2 890 942 889
6782 2 2 2 2 3246 4868 2885
6783 2 2 2 2 330 4055 120
6784 2 2 2 2 2526 4073 1206
6785 2 2 2 2 420 421 419
6786 2 2 2 2 1050 4785 1048
6787 2 2 2 2 487 488 485
6788 2 2 2 2 649 650 648
6789 2 2 2 2 3400 3742 3202
6790 2 2 2 2 1083 3800 1081
6791 2 2 2 2 661 4618 1724
6792 2 2 2 2 314 4234 225
6793 2 2 2 2 1322 1326 1324
6794 2 2 2 2 130 309 129
6795 2 2 2 2 5009 5021 644
6796 2 2 2 2 591 592 590
6797 2 2 2 2 438 439 437
6798 2 2 2 2 3410 3449 3411
6799 2 2 2 2 2983 2984 2982
6800 2 2 2 2 2292 2653 2290
6801 2 2 2 2 2816 3009 2817
6802 2 2 2 2 2087 2205 2089
6803 2 2 2 2 2873 4814 2754
6804 2 2 2 2 3294 4508 3293
6805 2 2 2 2 2588 4633 2904
6806 2 2 2 2 1069 1071 1070
6807 2 2 2 2 1058 4692 1056
6808 2 2 2 2 2417 4652 2310
6809 2 2 2 2 2781 5191 5161
6810 2 2 2 2 4255 4256 2333
6811 2 2 2 2 3176 3560 3559
6812 2 2 2 2 1242 5024 4947
6813 2 2 2 2 2172 2681 2433
6814 2 2 2 2 4601 5503 4172
6815 2 2 2 2 1021 4309 4308
6816 2 2 2 2 947 948 946
6817 2 2 2 2 1654 1655 1653
6818 2 2 2 2 861 4938 3948
6819 2 2 2 2 1968 1969 1585
6820 2 2 2 2 4990 5298 3705
6821 2 2 2 2 1560 2035 1561
6822 2 2 2 2 795 797 796
6823 2 2 2 2 1399 4921 1538
6824 2 2 2 2 1064 4700 1641
6825 2 2 2 2 1240 4982 1237
6826 2 2 2 2 3882 4184 4183
6827 2 2 2 2 3218 4813 2495
6828 2 2 2 2 1311 4990 1584
6829 2 2 2 2 1670 1671 1669
6830 2 2 2 2 601 917 599
6831 2 2 2 2 490 492 491
6832 2 2 2 2 3868 5362 5288
6833 2 2 2 2 1616 4108 2033
6834 2 2 2 2 3693 4956 3694
6835 2 2 2 2 1185 1193 1192
6836 2 2 2 2 2620 3977 3976
6837 2 2 2 2 1953 4635 1769
6838 2 2 2 2 3856 4606 3855
6839 2 2 2 2 3617 3618 2895
6840 2 2 2 2 2109 4746 2106
6841 2 2 2 2 866 867 805
6842 2 2 2 2 3223 3958 2747
6843 2 2 2 2 4737 4806 4798
6844 2 2 2 2 1122 2758 1120
6845 2 2 2 2 3249 5260 3250
6846 2 2 2 2 2772 2774 2773
6847 2 2 2 2 4265 4267 4266
6848 2 2 2 2 5235 5272 1342
6849 2 2 2 2 719 721 720
6850 2 2 2 2 2796 3233 2533
6851 2 2 2 2 2169 3213 2686
6852 2 2 2 2 1836 4646 1832
6853 2 2 2 2 1110 4031 1105
6854 2 2 2 2 3476 4703 3473
6855 2 2 2 2 4207 4238 4237
6856 2 2 2 2 4243 4301 2246
6857 2 2 2 2 4806 4896 2858
6858 2 2 2 2 1103 1112 1016
6859 2 2 2 2 2138 2784 2590
6860 2 2 2 2 2011 2549 2547
6861 2 2 2 2 2231 5018 1269
6862 2 2 2 2 2470 2471 2152
6863 2 2 2 2 1482 4608 2053
6864 2 2 2 2 1452 4862 1872
6865 2 2 2 2 846 2210 848
6866 2 2 2 2 1885 4966 2164
6867 2 2 2 2 719 720 718
6868 2 2 2 2 1992 1993 1773
6869 2 2 2 2 3220 3782 3781
6870 2 2 2 2 3882 4183 3881
6871 2 2 2 2 2759 4070 2017
6872 2 2 2 2 492 493 491
6873 2 2 2 2 1749 1754 1752
6874 2 2 2 2 1343 1344 1342
6875 2 2 2 2 3107 3110 3109
6876 2 2 2 2 1839 1840 1838
6877 2 2 2 2 3617 3619 3618
6878 2 2 2 2 2044 4902 3241
6879 2 2 2 2 997 4199 994
6880 2 2 2 2 2108 2112 2109
6881 2 2 2 2 2983 2993 2984
6882 2 2 2 2 1121 1172 1123
6883 2 2 2 2 518 521 519
6884 2 2 2 2 2736 4609 746
6885 2 2 2 2 4989 4992 4308
6886 2 2 2 2 1937 4265 1935
6887 2 2 2 2 830 832 831
6888 2 2 2 2 1946 2447 1948
6889 2 2 2 2 524 4751 1640
6890 2 2 2 2 607 1819 605
6891 2 2 2 2 1434 1435 1136
6892 2 2 2 2 521 524 522
6893 2 2 2 2 2495 4813 1602
6894 2 2 2 2 204 4225 203
6895 2 2 2 2 202 4540 201
6896 2 2 2 2 1060 4697 1085
6897 2 2 2 2 1711 4607 2859
6898 2 2 2 2 1271 1272 1270
6899 2 2 2 2 4238 5126 4239
6900 2 2 2 2 2269 2270 2268
6901 2 2 2 2 3425 3429 3427
6902 2 2 2 2 2964 4549 3751
6903 2 2 2 2 937 968 939
6904 2 2 2 2 2489 2490 2487
6905 2 2 2 2 1846 2969 2615
6906 2 2 2 2 1039 4634 2848
6907 2 2 2 2 2108 2109 2106
6908 2 2 2 2 785 5188 765
6909 2 2 2 2 1916 2173 1917
6910 2 2 2 2 1506 1507 1429
6911 2 2 2 2 1950 2052 2027
6912 2 2 2 2 2712 4187 4068
6913 2 2 2 2 320 4418 274
6914 2 2 2 2 910 4781 913
6915 2 2 2 2 4786 5185 4787
6916 2 2 2 2 2058 2470 2152
6917 2 2 2 2 2360 3021 2543
6918 2 2 2 2 3400 3743 3742
6919 2 2 2 2 3635 5507 5355
6920 2 2 2 2 3675 3676 3669
6921 2 2 2 2 1454 1455 1453
6922 2 2 2 2 2330 2551 2550
6923 2 2 2 2 486 490 489
6924 2 2 2 2 2212 2498 2497
6925 2 2 2 2 186 4428 185
6926 2 2 2 2 1304 1464 1462
6927 2 2 2 2 1316 1317 1315
6928 2 2 2 2 2317 4963 520
6929 2 2 2 2 2563 4047 2005
6930 2 2 2 2 1271 1273 1272
6931 2 2 2 2 2308 4833 2877
6932 2 2 2 2 2172 2433 1919
6933 2 2 2 2 1971 4845 1440
6934 2 2 2 2 3802 4968 4601
6935 2 2 2 2 5249 5295 4179
6936 2 2 2 2 1612 1613 1291
6937 2 2 2 2 1984 2225 1836
6938 2 2 2 2 2371 2702 2369
6939 2 2 2 2 3261 4957 2830
6940 2 2 2 2 4652 4833 2310
6941 2 2 2 2 3159 3160 2433
6942 2 2 2 2 1522 1572 1480
6943 2 2 2 2 926 927 882
6944 2 2 2 2 1922 2166 2165
6945 2 2 2 2 2330 2550 2414
6946 2 2 2 2 2624 4258 2623
6947 2 2 2 2 1026 4886 972
6948 2 2 2 2 4589 4590 4588
6949 2 2 2 2 1817 4394 2134
6950 2 2 2 2 1902 1903 1569
6951 2 2 2 2 2506 2705 2505
6952 2 2 2 2 3638 3639 3637
6953 2 2 2 2 2841 3327 3326
6954 2 2 2 2 2327 4280 2330
6955 2 2 2 2 4048 4903 1909
6956 2 2 2 2 518 4963 521
6957 2 2 2 2 2126 2132 2022
6958 2 2 2 2 2309 2416 2310
6959 2 2 2 2 3001 3002 2353
6960 2 2 2 2 2561 3038 2560
6961 2 2 2 2 3227 4554 4022
6962 2 2 2 2 1048 4787 1046
6963 2 2 2 2 2965 4549 2964
6964 2 2 2 2 2749 3599 3598
6965 2 2 2 2 4578 5110 4935
6966 2 2 2 2 2991 3553 2992
6967 2 2 2 2 2453 3846 3780
6968 2 2 2 2 790 791 777
6969 2 2 2 2 496 498 497
6970 2 2 2 2 2983 3311 2993
6971 2 2 2 2 1565 4662 1523
6972 2 2 2 2 4476 4716 4197
6973 2 2 2 2 422 2016 424
6974 2 2 2 2 1047 1049 1048
6975 2 2 2 2 2416 2417 2310
6976 2 2 2 2 1373 4894 1372
6977 2 2 2 2 952 984 983
6978 2 2 2 2 1458 1459 1457
6979 2 2 2 2 2678 3442 3400
6980 2 2 2 2 3008 3020 3002
6981 2 2 2 2 2160 2422 1913
6982 2 2 2 2 1704 1706 1705
6983 2 2 2 2 2508 5362 3868
6984 2 2 2 2 2399 4721 4720
6985 2 2 2 2 2313 4834 483
6986 2 2 2 2 5076 5223 2939
6987 2 2 2 2 1100 1102 1101
6988 2 2 2 2 4268 4269 4266
6989 2 2 2 2 2923 4800 2339
6990 2 2 2 2 3273 4731 4730
6991 2 2 2 2 1762 1763 1761
6992 2 2 2 2 1792 2834 2593
6993 2 2 2 2 1661 4388 1664
6994 2 2 2 2 2771 3169 2699
6995 2 2 2 2 1079 4563 1096
6996 2 2 2 2 355 3956 3955
6997 2 2 2 2 1935 2362 1933
6998 2 2 2 2 694 4702 2915
6999 2 2 2 2 1071 4679 1073
7000 2 2 2 2 2041 4740 2931
7001 2 2 2 2 4960 5202 3990
7002 2 2 2 2 1054 4725 1080
7003 2 2 2 2 137 369 136
7004 2 2 2 2 262 381 261
7005 2 2 2 2 842 871 843
7006 2 2 2 2 2706 2707 2465
7007 2 2 2 2 1617 4118 409
7008 2 2 2 2 3978 4469 3979
7009 2 2 2 2 571 4819 573
7010 2 2 2 2 1384 4208 1381
7011 2 2 2 2 1080 3339 3338
7012 2 2 2 2 2824 2826 1904
7013 2 2 2 2 4746 4816 4499
7014 2 2 2 2 2320 2337 2319
7015 2 2 2 2 992 997 994
7016 2 2 2 2 2746 3222 2747
7017 2 2 2 2 2407 4870 3149
7018 2 2 2 2 3356 3357 3016
7019 2 2 2 2 2454 2893 1930
7020 2 2 2 2 2958 3354 3042
7021 2 2 2 2 4614 4770 624
7022 2 2 2 2 511 529 528
7023 2 2 2 2 1932 1933 1931
7024 2 2 2 2 1723 5027 4898
7025 2 2 2 2 2332 2734 2348
7026 2 2 2 2 1761 4476 1757
7027 2 2 2 2 702 703 520
7028 2 2 2 2 2631 3351 2627
7029 2 2 2 2 4845 5068 1547
7030 2 2 2 2 1047 1048 1046
7031 2 2 2 2 4145 4974 4147
7032 2 2 2 2 2113 2114 2109
7033 2 2 2 2 693 700 694
7034 2 2 2 2 1690 1692 1691
7035 2 2 2 2 664 2511 666
7036 2 2 2 2 1098 1100 1099
7037 2 2 2 2 1162 1163 1160
7038 2 2 2 2 1748 3858 1746
7039 2 2 2 2 1965 2506 2505
7040 2 2 2 2 992 993 990
7041 2 2 2 2 2609 4824 1852
7042 2 2 2 2 4453 4454 368
7043 2 2 2 2 915 923 922
7044 2 2 2 2 4305 4734 1199
7045 2 2 2 2 789 807 806
7046 2 2 2 2 2818 4560 4500
7047 2 2 2 2 2099 4798 2102
7048 2 2 2 2 897 5116 3176
7049 2 2 2 2 1045 5097 4747
7050 2 2 2 2 2833 4119 1449
7051 2 2 2 2 1544 1545 1394
7052 2 2 2 2 2870 4624 3041
7053 2 2 2 2 2174 2411 2175
7054 2 2 2 2 1630 4252 4251
7055 2 2 2 2 2134 4886 1541
7056 2 2 2 2 571 572 570
7057 2 2 2 2 2112 2113 2109
7058 2 2 2 2 478 480 479
7059 2 2 2 2 2289 2291 2290
7060 2 2 2 2 823 4932 2789
7061 2 2 2 2 1849 1851 1850
7062 2 2 2 2 713 717 711
7063 2 2 2 2 513 515 514
7064 2 2 2 2 3015 3016 3014
7065 2 2 2 2 2346 3994 2332
7066 2 2 2 2 3547 5760 1169
7067 2 2 2 2 1560 2248 2035
7068 2 2 2 2 4112 4114 4113
7069 2 2 2 2 454 456 455
7070 2 2 2 2 3295 3303 2349
7071 2 2 2 2 748 749 696
7072 2 2 2 2 1246 4947 1813
7073 2 2 2 2 1472 4762 1471
7074 2 2 2 2 913 914 912
7075 2 2 2 2 1985 4913 4840
7076 2 2 2 2 1027 1207 1026
7077 2 2 2 2 2372 4410 2534
7078 2 2 2 2 3663 3739 3162
7079 2 2 2 2 4541 4542 192
7080 2 2 2 2 2905 5207 5063
7081 2 2 2 2 3348 3349 2628
7082 2 2 2 2 1570 1910 1511
7083 2 2 2 2 4739 5201 2209
7084 2 2 2 2 2726 3412 2680
7085 2 2 2 2 1268 1271 1270
7086 2 2 2 2 2802 3407 3406
7087 2 2 2 2 4092 5228 4094
7088 2 2 2 2 1811 4591 2352
7089 2 2 2 2 2575 4873 3275
7090 2 2 2 2 2081 2083 2082
7091 2 2 2 2 3811 3812 3795
7092 2 2 2 2 3364 4042 4041
7093 2 2 2 2 2590 3307 2711
7094 2 2 2 2 1264 1265 1263
7095 2 2 2 2 2528 3317 2794
7096 2 2 2 2 2267 2269 2268
7097 2 2 2 2 1369 4724 1204
7098 2 2 2 2 1405 1406 1403
7099 2 2 2 2 2904 4332 2971
7100 2 2 2 2 3105 4471 3104
7101 2 2 2 2 418 420 419
7102 2 2 2 2 1843 4735 1998
7103 2 2 2 2 567 569 568
7104 2 2 2 2 3978 3979 3262
7105 2 2 2 2 1177 1179 1178
7106 2 2 2 2 866 4829 890
7107 2 2 2 2 2911 2954 2912
7108 2 2 2 2 2958 3042 2957
7109 2 2 2 2 648 4717 3709
7110 2 2 2 2 1511 5007 1376
7111 2 2 2 2 3472 3474 3473
7112 2 2 2 2 4197 4722 4476
7113 2 2 2 2 288 4414 109
7114 2 2 2 2 2471 2679 2152
7115 2 2 2 2 3843 4989 4640
7116 2 2 2 2 1631 4613 531
7117 2 2 2 2 530 1723 528
7118 2 2 2 2 3312 3313 2600
7119 2 2 2 2 513 514 512
7120 2 2 2 2 2353 5010 2216
7121 2 2 2 2 2590 2711 2468
7122 2 2 2 2 3302 5287 4807
7123 2 2 2 2 2097 2099 2098
7124 2 2 2 2 1602 4813 1600
7125 2 2 2 2 1455 1457 1453
7126 2 2 2 2 1634 5037 4596
7127 2 2 2 2 3241 4617 4616
7128 2 2 2 2 444 446 445
7129 2 2 2 2 1557 1883 1878
7130 2 2 2 2 4141 5267 4138
7131 2 2 2 2 2749 4460 3599
7132 2 2 2 2 2128 2575 2573
7133 2 2 2 2 3443 3444 3405
7134 2 2 2 2 2770 3870 3458
7135 2 2 2 2 492 495 493
7136 2 2 2 2 3687 4351 3484
7137 2 2 2 2 200 4538 311
7138 2 2 2 2 5169 5184 3285
7139 2 2 2 2 2015 4952 2913
7140 2 2 2 2 2749 3597 2748
7141 2 2 2 2 1595 1891 1594
7142 2 2 2 2 1004 4758 965
7143 2 2 2 2 951 4722 1005
7144 2 2 2 2 777 863 701
7145 2 2 2 2 2278 5067 2655
7146 2 2 2 2 4089 4644 3168
7147 2 2 2 2 2293 5061 2350
7148 2 2 2 2 2011 2547 2012
7149 2 2 2 2 875 3907 845
7150 2 2 2 2 3407 3450 3406
7151 2 2 2 2 318 4226 4225
7152 2 2 2 2 3599 3601 3598
7153 2 2 2 2 941 4882 1412
7154 2 2 2 2 945 947 946
7155 2 2 2 2 2682 2683 2417
7156 2 2 2 2 517 702 520
7157 2 2 2 2 1037 1038 971
7158 2 2 2 2 2908 5144 2909
7159 2 2 2 2 1343 1345 1344
7160 2 2 2 2 2058 2152 1925
7161 2 2 2 2 1704 1705 1703
7162 2 2 2 2 2745 3725 2509
7163 2 2 2 2 1480 4207 1374
7164 2 2 2 2 1653 4603 1652
7165 2 2 2 2 2604 3290 2589
7166 2 2 2 2 945 946 944
7167 2 2 2 2 2577 2892 2130
7168 2 2 2 2 3125 4764 2696
7169 2 2 2 2 4672 5042 5041
7170 2 2 2 2 1578 4608 1482
7171 2 2 2 2 788 4116 1619
7172 2 2 2 2 2295 2297 2296
7173 2 2 2 2 697 4007 568
7174 2 2 2 2 1560 1561 1501
7175 2 2 2 2 779 783 767
7176 2 2 2 2 2138 2468 1586
7177 2 2 2 2 1131 1811 1543
7178 2 2 2 2 1325 4016 1330
7179 2 2 2 2 1201 4647 1307
7180 2 2 2 2 1307 4647 1473
7181 2 2 2 2 1870 4970 2460
7182 2 2 2 2 933 5071 2930
7183 2 2 2 2 3795 4675 1882
7184 2 2 2 2 2782 4393 945
7185 2 2 2 2 916 4705 836
7186 2 2 2 2 2963 4785 1053
7187 2 2 2 2 2947 4092 4091
7188 2 2 2 2 1760 4683 1759
7189 2 2 2 2 3704 5323 5306
7190 2 2 2 2 1931 2454 1930
7191 2 2 2 2 2411 4561 2175
7192 2 2 2 2 2113 2115 2114
7193 2 2 2 2 333 4229 196
7194 2 2 2 2 2217 4619 2903
7195 2 2 2 2 1060 1085 1058
7196 2 2 2 2 3251 4907 4561
7197 2 2 2 2 3842 3844 3841
7198 2 2 2 2 3404 3443 3405
7199 2 2 2 2 1478 1479 1374
7200 2 2 2 2 1874 4583 3377
7201 2 2 2 2 1012 1013 967
7202 2 2 2 2 124 299 123
7203 2 2 2 2 1925 2167 1565
7204 2 2 2 2 3816 3826 3819
7205 2 2 2 2 1809 1810 1808
7206 2 2 2 2 693 4872 2927
7207 2 2 2 2 3238 4328 3254
7208 2 2 2 2 3230 4102 3229
7209 2 2 2 2 4140 4254 4137
7210 2 2 2 2 2073 2074 2072
7211 2 2 2 2 2620 3976 1554
7212 2 2 2 2 2754 4814 1918
7213 2 2 2 2 2089 4748 2091
7214 2 2 2 2 4143 4144 4142
7215 2 2 2 2 4963 4964 4751
7216 2 2 2 2 2818 2926 2326
7217 2 2 2 2 2081 2532 2083
7218 2 2 2 2 2541 3238 2542
7219 2 2 2 2 1364 1438 1437
7220 2 2 2 2 470 474 472
7221 2 2 2 2 602 608 603
7222 2 2 2 2 1952 4246 1838
7223 2 2 2 2 1038 3991 1041
7224 2 2 2 2 1182 1612 1291
7225 2 2 2 2 3038 4398 2560
7226 2 2 2 2 1907 4515 1926
7227 2 2 2 2 2036 4984 2320
7228 2 2 2 2 915 922 914
7229 2 2 2 2 2108 4768 4767
7230 2 2 2 2 2739 4631 2226
7231 2 2 2 2 503 507 506
7232 2 2 2 2 3021 4079 3022
7233 2 2 2 2 731 4605 2546
7234 2 2 2 2 2660 4981 3137
7235 2 2 2 2 4939 5194 4962
7236 2 2 2 2 305 4496 160
7237 2 2 2 2 1317 4621 1320
7238 2 2 2 2 2114 4816 4746
7239 2 2 2 2 1219 4967 1171
7240 2 2 2 2 779 787 783
7241 2 2 2 2 1131 4591 1811
7242 2 2 2 2 831 2906 829
7243 2 2 2 2 587 588 586
7244 2 2 2 2 2844 4735 4480
7245 2 2 2 2 4733 4976 918
7246 2 2 2 2 487 1170 488
7247 2 2 2 2 4636 4637 2121
7248 2 2 2 2 2124 4647 4325
7249 2 2 2 2 4789 4850 4762
7250 2 2 2 2 905 907 906
7251 2 2 2 2 1438 1527 1437
7252 2 2 2 2 1127 4690 1130
7253 2 2 2 2 4538 4539 311
7254 2 2 2 2 3787 5122 3785
7255 2 2 2 2 2852 4804 2854
7256 2 2 2 2 2277 2278 2276
7257 2 2 2 2 418 419 417
7258 2 2 2 2 3816 3819 3817
7259 2 2 2 2 2524 4531 4340
7260 2 2 2 2 2004 4975 2561
7261 2 2 2 2 1864 4756 3046
7262 2 2 2 2 1761 4716 4476
7263 2 2 2 2 2207 4606 1739
7264 2 2 2 2 3986 5223 5076
7265 2 2 2 2 2082 4791 4391
7266 2 2 2 2 2341 2923 2339
7267 2 2 2 2 1986 5075 4511
7268 2 2 2 2 2469 4365 2947
7269 2 2 2 2 3003 3344 3008
7270 2 2 2 2 2906 4557 829
7271 2 2 2 2 3619 3621 3620
7272 2 2 2 2 4578 4935 1501
7273 2 2 2 2 1080 4725 3339
7274 2 2 2 2 4704 4789 1558
7275 2 2 2 2 1785 4745 1783
7276 2 2 2 2 965 4758 3879
7277 2 2 2 2 515 516 514
7278 2 2 2 2 4132 4293 2989
7279 2 2 2 2 950 1443 948
7280 2 2 2 2 3317 3318 2794
7281 2 2 2 2 1490 2541 1981
7282 2 2 2 2 600 4965 614
7283 2 2 2 2 262 4427 381
7284 2 2 2 2 1201 1307 1306
7285 2 2 2 2 2775 3382 2649
7286 2 2 2 2 2327 2328 1989
7287 2 2 2 2 2391 3910 3909
7288 2 2 2 2 3465 3466 3421
7289 2 2 2 2 1927 4350 1712
7290 2 2 2 2 2657 2813 2539
7291 2 2 2 2 2040 4477 1563
7292 2 2 2 2 1307 1473 1472
7293 2 2 2 2 3803 5529 5502
7294 2 2 2 2 533 535 534
7295 2 2 2 2 1470 2254 1369
7296 2 2 2 2 1010 1114 1009
7297 2 2 2 2 4022 4554 2275
7298 2 2 2 2 1850 4824 4310
7299 2 2 2 2 4547 5362 4109
7300 2 2 2 2 2416 2682 2417
7301 2 2 2 2 2696 4764 2697
7302 2 2 2 2 824 839 823
7303 2 2 2 2 1641 4700 4699
7304 2 2 2 2 3902 5021 3248
7305 2 2 2 2 2854 4804 3292
7306 2 2 2 2 1866 2126 2022
7307 2 2 2 2 1473 1474 1472
7308 2 2 2 2 353 4392 148
7309 2 2 2 2 1884 4838 2849
7310 2 2 2 2 3229 4944 2875
7311 2 2 2 2 1758 5066 1766
7312 2 2 2 2 1988 2818 2326
7313 2 2 2 2 4282 5024 1242
7314 2 2 2 2 286 4452 179
7315 2 2 2 2 292 4424 116
7316 2 2 2 2 325 4421 208
7317 2 2 2 2 4442 4444 4443
7318 2 2 2 2 367 4434 157
7319 2 2 2 2 4445 4447 4446
7320 2 2 2 2 313 4451 155
7321 2 2 2 2 370 4431 153
7322 2 2 2 2 3761 5022 2531
7323 2 2 2 2 3057 4259 4258
7324 2 2 2 2 2205 4748 2089
7325 2 2 2 2 2081 2082 2080
7326 2 2 2 2 2350 4296 4295
7327 2 2 2 2 4567 5079 4566
7328 2 2 2 2 577 579 578
7329 2 2 2 2 2078 4853 2076
7330 2 2 2 2 1690 1716 1692
7331 2 2 2 2 912 4479 909
7332 2 2 2 2 829 4557 827
7333 2 2 2 2 212 4372 359
7334 2 2 2 2 3391 4148 2666
7335 2 2 2 2 505 4898 502
7336 2 2 2 2 2337 4800 2887
7337 2 2 2 2 807 4059 846
7338 2 2 2 2 4190 5037 1773
7339 2 2 2 2 1538 4921 2128
7340 2 2 2 2 2274 4457 2270
7341 2 2 2 2 2084 4791 2082
7342 2 2 2 2 1005 4060 922
7343 2 2 2 2 531 533 532
7344 2 2 2 2 2524 4339 2075
7345 2 2 2 2 2285 2287 2286
7346 2 2 2 2 4631 4955 4165
7347 2 2 2 2 4238 4239 4237
7348 2 2 2 2 1110 4063 4031
7349 2 2 2 2 4385 4386 4383
7350 2 2 2 2 1841 1842 1840
7351 2 2 2 2 2661 3132 2898
7352 2 2 2 2 4494 5035 968
7353 2 2 2 2 503 506 505
7354 2 2 2 2 5316 5344 1161
7355 2 2 2 2 1471 4762 1560
7356 2 2 2 2 2386 4925 3073
7357 2 2 2 2 426 3913 428
7358 2 2 2 2 3596 5153 4347
7359 2 2 2 2 365 4660 206
7360 2 2 2 2 4187 5114 4068
7361 2 2 2 2 2024 2626 2026
7362 2 2 2 2 1557 1973 1883
7363 2 2 2 2 1381 4208 1380
7364 2 2 2 2 2114 4746 2109
7365 2 2 2 2 3443 3445 3444
7366 2 2 2 2 1667 5134 4576
7367 2 2 2 2 1066 4877 4700
7368 2 2 2 2 1310 1312 1311
7369 2 2 2 2 1472 4789 4762
7370 2 2 2 2 3012 3300 899
7371 2 2 2 2 2966 4132 2989
7372 2 2 2 2 533 1002 535
7373 2 2 2 2 2909 3182 3181
7374 2 2 2 2 2560 4398 2562
7375 2 2 2 2 2220 4749 4353
7376 2 2 2 2 1339 1340 1338
7377 2 2 2 2 526 527 525
7378 2 2 2 2 3215 3217 2521
7379 2 2 2 2 2083 2084 2082
7380 2 2 2 2 2167 4662 1565
7381 2 2 2 2 2293 2294 2292
7382 2 2 2 2 3234 4778 2347
7383 2 2 2 2 4685 4686 1823
7384 2 2 2 2 541 542 527
7385 2 2 2 2 4349 4904 3269
7386 2 2 2 2 2171 2415 2170
7387 2 2 2 2 2295 2296 2294
7388 2 2 2 2 2429 3971 2430
7389 2 2 2 2 4623 4981 4805
7390 2 2 2 2 739 740 738
7391 2 2 2 2 1440 4845 1439
7392 2 2 2 2 4728 4927 1972
7393 2 2 2 2 1818 1896 1894
7394 2 2 2 2 2062 2063 2001
7395 2 2 2 2 1103 1226 1112
7396 2 2 2 2 3910 3912 3909
7397 2 2 2 2 1102 1181 1180
7398 2 2 2 2 483 486 485
7399 2 2 2 2 803 837 836
7400 2 2 2 2 1457 4839 1453
7401 2 2 2 2 3183 3184 3182
7402 2 2 2 2 4803 4804 2852
7403 2 2 2 2 1477 2538 2537
7404 2 2 2 2 952 983 951
7405 2 2 2 2 4599 4878 2857
7406 2 2 2 2 645 4916 649
7407 2 2 2 2 2564 4665 2132
7408 2 2 2 2 4856 5022 4634
7409 2 2 2 2 4701 5518 5516
7410 2 2 2 2 3255 4994 4000
7411 2 2 2 2 2844 3007 2616
7412 2 2 2 2 905 906 904
7413 2 2 2 2 1515 4838 1518
7414 2 2 2 2 1558 4789 1474
7415 2 2 2 2 1051 1052 1050
7416 2 2 2 2 2202 4249 3869
7417 2 2 2 2 1531 1966 1530
7418 2 2 2 2 1387 3897 1386
7419 2 2 2 2 2370 4624 4562
7420 2 2 2 2 1057 1058 1056
7421 2 2 2 2 978 979 959
7422 2 2 2 2 4686 4687 1823
7423 2 2 2 2 2178 4718 1573
7424 2 2 2 2 1047 4747 1203
7425 2 2 2 2 2112 2208 2113
7426 2 2 2 2 4367 4880 3240
7427 2 2 2 2 3477 4380 3476
7428 2 2 2 2 3274 3886 3885
7429 2 2 2 2 834 4715 860
7430 2 2 2 2 2661 2898 2045
7431 2 2 2 2 2099 2100 2098
7432 2 2 2 2 1070 4753 1089
7433 2 2 2 2 2863 3656 3655
7434 2 2 2 2 2256 3923 1768
7435 2 2 2 2 2790 4636 2119
7436 2 2 2 2 2835 4777 2593
7437 2 2 2 2 3168 4893 2455
7438 2 2 2 2 842 843 841
7439 2 2 2 2 3119 3547 3098
7440 2 2 2 2 1799 4681 4680
7441 2 2 2 2 2208 4883 4797
7442 2 2 2 2 624 4770 681
7443 2 2 2 2 2808 4577 1218
7444 2 2 2 2 1811 2139 1543
7445 2 2 2 2 4827 4974 4145
7446 2 2 2 2 2305 4857 469
7447 2 2 2 2 3466 4510 3421
7448 2 2 2 2 235 4232 234
7449 2 2 2 2 2515 5413 793
7450 2 2 2 2 4785 4787 1048
7451 2 2 2 2 3216 3830 3829
7452 2 2 2 2 2652 3336 3335
7453 2 2 2 2 595 598 596
7454 2 2 2 2 2254 4724 1369
7455 2 2 2 2 2785 4977 2503
7456 2 2 2 2 1834 1965 1836
7457 2 2 2 2 1324 5065 1325
7458 2 2 2 2 2904 2971 2596
7459 2 2 2 2 2085 2087 2086
7460 2 2 2 2 1280 1488 1487
7461 2 2 2 2 479 920 477
7462 2 2 2 2 3789 4845 1971
7463 2 2 2 2 1742 1744 1743
7464 2 2 2 2 4690 4822 1130
7465 2 2 2 2 4519 4913 1465
7466 2 2 2 2 1393 1546 1544
7467 2 2 2 2 2037 2039 1892
7468 2 2 2 2 1301 4802 1377
7469 2 2 2 2 3952 4537 3953
7470 2 2 2 2 1061 1062 1060
7471 2 2 2 2 1763 4814 4716
7472 2 2 2 2 2446 3166 3165
7473 2 2 2 2 1089 4877 1068
7474 2 2 2 2 2838 4777 2835
7475 2 2 2 2 2037 4742 2651
7476 2 2 2 2 987 4821 988
7477 2 2 2 2 2708 3637 3636
7478 2 2 2 2 1165 1166 1164
7479 2 2 2 2 2889 5131 4994
7480 2 2 2 2 1934 1935 1933
7481 2 2 2 2 694 2915 686
7482 2 2 2 2 2046 2661 2045
7483 2 2 2 2 1059 1060 1058
7484 2 2 2 2 2095 2097 2096
7485 2 2 2 2 4520 5135 2343
7486 2 2 2 2 1592 4302 1114
7487 2 2 2 2 3446 3447 2674
7488 2 2 2 2 2263 3239 2786
7489 2 2 2 2 4646 5178 2896
7490 2 2 2 2 4808 4809 3401
7491 2 2 2 2 2887 4578 2319
7492 2 2 2 2 789 806 788
7493 2 2 2 2 2037 2651 2039
7494 2 2 2 2 3492 3513 3493
7495 2 2 2 2 3235 4858 2384
7496 2 2 2 2 3801 3803 3802
7497 2 2 2 2 2308 2877 2264
7498 2 2 2 2 1402 5203 5177
7499 2 2 2 2 2347 4778 2341
7500 2 2 2 2 2681 3469 3159
7501 2 2 2 2 460 463 462
7502 2 2 2 2 2405 4581 1910
7503 2 2 2 2 932 4856 4634
7504 2 2 2 2 4112 4113 1816
7505 2 2 2 2 1841 4735 1843
7506 2 2 2 2 2025 4967 1489
7507 2 2 2 2 1933 4950 1931
7508 2 2 2 2 1191 4913 1985
7509 2 2 2 2 2772 4107 2774
7510 2 2 2 2 1486 1558 1474
7511 2 2 2 2 956 2570 975
7512 2 2 2 2 1010 1116 1115
7513 2 2 2 2 2052 2473 2027
7514 2 2 2 2 2341 4778 2924
7515 2 2 2 2 537 538 536
7516 2 2 2 2 2875 4247 1913
7517 2 2 2 2 787 1774 804
7518 2 2 2 2 913 1410 915
7519 2 2 2 2 681 4770 901
7520 2 2 2 2 2877 4914 2264
7521 2 2 2 2 2225 4646 1836
7522 2 2 2 2 1715 4350 1967
7523 2 2 2 2 2447 4086 1948
7524 2 2 2 2 2958 5182 3354
7525 2 2 2 2 1404 1988 1407
7526 2 2 2 2 841 1028 839
7527 2 2 2 2 2086 4815 2359
7528 2 2 2 2 803 836 802
7529 2 2 2 2 2408 4870 2407
7530 2 2 2 2 2095 2096 2093
7531 2 2 2 2 1102 1225 1181
7532 2 2 2 2 886 928 885
7533 2 2 2 2 2561 3039 3038
7534 2 2 2 2 2102 2104 2103
7535 2 2 2 2 2605 3761 2531
7536 2 2 2 2 1362 4803 2852
7537 2 2 2 2 2085 2086 2084
7538 2 2 2 2 1047 1203 1049
7539 2 2 2 2 2696 2697 2695
7540 2 2 2 2 4125 4126 4124
7541 2 2 2 2 2898 4623 2045
7542 2 2 2 2 1566 2325 2058
7543 2 2 2 2 1957 4955 2203
7544 2 2 2 2 1170 2808 1218
7545 2 2 2 2 1762 1764 1763
7546 2 2 2 2 967 4763 950
7547 2 2 2 2 1485 1486 1474
7548 2 2 2 2 2075 2076 2074
7549 2 2 2 2 2679 5034 2152
7550 2 2 2 2 2611 3043 2958
7551 2 2 2 2 836 4705 802
7552 2 2 2 2 53 5300 52
7553 2 2 2 2 2069 2333 2071
7554 2 2 2 2 1038 1041 1040
7555 2 2 2 2 1085 4692 1058
7556 2 2 2 2 992 994 993
7557 2 2 2 2 898 4568 4370
7558 2 2 2 2 2584 2585 2583
7559 2 2 2 2 1035 4458 1224
7560 2 2 2 2 318 4227 4226
7561 2 2 2 2 2171 2659 2415
7562 2 2 2 2 1837 5087 1839
7563 2 2 2 2 480 482 479
7564 2 2 2 2 1310 4960 1312
7565 2 2 2 2 2291 2292 2290
7566 2 2 2 2 2289 2578 2291
7567 2 2 2 2 1133 1204 1132
7568 2 2 2 2 3015 3356 3016
7569 2 2 2 2 2248 2387 2035
7570 2 2 2 2 1560 4762 2248
7571 2 2 2 2 3447 4537 4516
7572 2 2 2 2 500 2125 497
7573 2 2 2 2 2038 4742 2037
7574 2 2 2 2 557 558 556
7575 2 2 2 2 988 989 986
7576 2 2 2 2 702 2219 704
7577 2 2 2 2 3240 4918 4861
7578 2 2 2 2 3474 3475 3473
7579 2 2 2 2 3723 5464 1996
7580 2 2 2 2 640 5009 641
7581 2 2 2 2 1463 1465 1305
7582 2 2 2 2 456 458 457
7583 2 2 2 2 2320 2338 2337
7584 2 2 2 2 3565 4953 2716
7585 2 2 2 2 4852 5120 4619
7586 2 2 2 2 2104 2108 2106
7587 2 2 2 2 2575 3272 2573
7588 2 2 2 2 2107 2119 2100
7589 2 2 2 2 3009 3679 3678
7590 2 2 2 2 2684 4652 2417
7591 2 2 2 2 3545 4486 2702
7592 2 2 2 2 685 4872 693
7593 2 2 2 2 511 528 505
7594 2 2 2 2 821 4071 762
7595 2 2 2 2 3004 3935 2614
7596 2 2 2 2 4140 4255 4254
7597 2 2 2 2 1782 4916 3863
7598 2 2 2 2 535 536 534
7599 2 2 2 2 946 2315 944
7600 2 2 2 2 5253 5317 2366
7601 2 2 2 2 803 4803 837
7602 2 2 2 2 3028 4824 2609
7603 2 2 2 2 290 4120 4041
7604 2 2 2 2 2874 5156 4911
7605 2 2 2 2 570 697 568
7606 2 2 2 2 2246 2247 2245
7607 2 2 2 2 1470 4831 3330
7608 2 2 2 2 2393 2399 2043
7609 2 2 2 2 2115 2117 2114
7610 2 2 2 2 1478 1897 1479
7611 2 2 2 2 1012 1124 1013
7612 2 2 2 2 1469 1470 1369
7613 2 2 2 2 1475 4740 1562
7614 2 2 2 2 4500 4560 1392
7615 2 2 2 2 474 475 472
7616 2 2 2 2 1038 4509 3991
7617 2 2 2 2 5559 5569 3357
7618 2 2 2 2 2720 4241 2721
7619 2 2 2 2 2429 3972 3971
7620 2 2 2 2 507 508 506
7621 2 2 2 2 2982 5012 4499
7622 2 2 2 2 4208 4635 3266
7623 2 2 2 2 2338 2339 2337
7624 2 2 2 2 4693 4696 4692
7625 2 2 2 2 3150 3488 3487
7626 2 2 2 2 1340 1409 1338
7627 2 2 2 2 3038 4399 4398
7628 2 2 2 2 2166 2408 2407
7629 2 2 2 2 2063 2064 2001
7630 2 2 2 2 1368 1469 1369
7631 2 2 2 2 3241 4616 2397
7632 2 2 2 2 3003 4182 3344
7633 2 2 2 2 1525 4718 1576
7634 2 2 2 2 681 901 689
7635 2 2 2 2 958 959 927
7636 2 2 2 2 1307 1471 1306
7637 2 2 2 2 2875 4944 4247
7638 2 2 2 2 1898 2045 1897
7639 2 2 2 2 4016 5039 2901
7640 2 2 2 2 2112 2259 2208
7641 2 2 2 2 2731 4883 2208
7642 2 2 2 2 700 701 694
7643 2 2 2 2 837 4803 1362
7644 2 2 2 2 3101 4379 3103
7645 2 2 2 2 4729 4948 2899
7646 2 2 2 2 4700 4701 4699
7647 2 2 2 2 1474 4789 1472
7648 2 2 2 2 692 699 698
7649 2 2 2 2 1170 4841 2808
7650 2 2 2 2 367 4435 4434
7651 2 2 2 2 370 4433 4431
7652 2 2 2 2 2035 4713 2036
7653 2 2 2 2 372 4412 223
7654 2 2 2 2 2082 4391 2080
7655 2 2 2 2 4296 4297 4295
7656 2 2 2 2 1005 4196 4060
7657 2 2 2 2 2287 2288 2286
7658 2 2 2 2 2285 2574 2287
7659 2 2 2 2 937 4493 968
7660 2 2 2 2 1841 1843 1842
7661 2 2 2 2 4265 4642 4267
7662 2 2 2 2 4562 4624 2871
7663 2 2 2 2 1738 5005 4019
7664 2 2 2 2 3494 3495 3148
7665 2 2 2 2 2298 4776 2390
7666 2 2 2 2 3300 3611 899
7667 2 2 2 2 545 547 546
7668 2 2 2 2 1870 2460 2181
7669 2 2 2 2 1362 1805 1444
7670 2 2 2 2 2279 2280 2278
7671 2 2 2 2 527 1217 525
7672 2 2 2 2 2808 5132 4577
7673 2 2 2 2 693 694 686
7674 2 2 2 2 792 1990 803
7675 2 2 2 2 1896 2043 1894
7676 2 2 2 2 1898 2046 2045
7677 2 2 2 2 2045 4623 1897
7678 2 2 2 2 486 487 485
7679 2 2 2 2 2726 4817 3627
7680 2 2 2 2 4971 5015 1285
7681 2 2 2 2 947 969 949
7682 2 2 2 2 2538 2539 2537
7683 2 2 2 2 1057 1059 1058
7684 2 2 2 2 4112 4115 4114
7685 2 2 2 2 1022 3842 3841
7686 2 2 2 2 837 1362 884
7687 2 2 2 2 2256 3924 3923
7688 2 2 2 2 4753 4754 1089
7689 2 2 2 2 2244 2245 2243
7690 2 2 2 2 1045 1046 1044
7691 2 2 2 2 3288 4682 2331
7692 2 2 2 2 1893 2038 2037
7693 2 2 2 2 2338 4836 2340
7694 2 2 2 2 1052 1054 1053
7695 2 2 2 2 569 570 568
7696 2 2 2 2 933 2930 916
7697 2 2 2 2 4710 4711 812
7698 2 2 2 2 2244 2246 2245
7699 2 2 2 2 943 972 942
7700 2 2 2 2 2698 3494 3148
7701 2 2 2 2 1337 1339 1338
7702 2 2 2 2 366 4425 118
7703 2 2 2 2 1843 1998 1845
7704 2 2 2 2 1965 1984 1836
7705 2 2 2 2 2087 2088 2086
7706 2 2 2 2 2732 4868 4837
7707 2 2 2 2 479 4908 920
7708 2 2 2 2 1061 1063 1062
7709 2 2 2 2 1062 4697 1060
7710 2 2 2 2 2618 2619 1847
7711 2 2 2 2 1988 4560 2818
7712 2 2 2 2 2665 4946 2412
7713 2 2 2 2 890 943 942
7714 2 2 2 2 884 4856 883
7715 2 2 2 2 3041 4996 3542
7716 2 2 2 2 1811 2352 2141
7717 2 2 2 2 2091 2093 2092
7718 2 2 2 2 2683 2684 2417
7719 2 2 2 2 1898 2978 2046
7720 2 2 2 2 2490 5237 2492
7721 2 2 2 2 3336 3337 3335
7722 2 2 2 2 1486 1559 1558
7723 2 2 2 2 2871 5134 5107
7724 2 2 2 2 1116 1117 1115
7725 2 2 2 2 4778 4779 2924
7726 2 2 2 2 537 539 538
7727 2 2 2 2 318 4225 204
7728 2 2 2 2 2103 4852 2101
7729 2 2 2 2 2104 2105 2103
7730 2 2 2 2 1337 2914 1339
7731 2 2 2 2 2086 2359 2084
7732 2 2 2 2 2972 5271 2974
7733 2 2 2 2 3131 3136 2813
7734 2 2 2 2 1764 1765 1763
7735 2 2 2 2 4235 4236 3247
7736 2 2 2 2 4749 4750 2902
7737 2 2 2 2 1581 1592 1114
7738 2 2 2 2 1133 1205 1204
7739 2 2 2 2 2248 2395 2387
7740 2 2 2 2 616 4569 553
7741 2 2 2 2 988 990 989
7742 2 2 2 2 1055 1056 1054
7743 2 2 2 2 2320 2388 2338
7744 2 2 2 2 3272 3273 2573
7745 2 2 2 2 535 537 536
7746 2 2 2 2 5056 5057 3891
7747 2 2 2 2 1548 4353 1493
7748 2 2 2 2 874 5311 5069
7749 2 2 2 2 2115 2118 2117
7750 2 2 2 2 1124 1125 1013
7751 2 2 2 2 3492 3493 2679
7752 2 2 2 2 2166 2409 2408
7753 2 2 2 2 2470 4817 2471
7754 2 2 2 2 1307 1472 1471
7755 2 2 2 2 1471 1501 1306
7756 2 2 2 2 1926 4825 1889
7757 2 2 2 2 837 883 836
7758 2 2 2 2 947 949 948
7759 2 2 2 2 367 4436 4435
7760 2 2 2 2 2288 2654 2286
7761 2 2 2 2 2287 2289 2288
7762 2 2 2 2 2522 3216 3215
7763 2 2 2 2 2582 2584 2583
7764 2 2 2 2 547 548 546
7765 2 2 2 2 1362 2852 1805
7766 2 2 2 2 4499 5012 2110
7767 2 2 2 2 1630 4250 557
7768 2 2 2 2 2580 4816 2117
7769 2 2 2 2 1990 4803 803
7770 2 2 2 2 2117 4816 2114
7771 2 2 2 2 2538 2540 2539
7772 2 2 2 2 1053 4785 1050
7773 2 2 2 2 2697 4764 3298
7774 2 2 2 2 2697 3296 2695
7775 2 2 2 2 4042 4790 4121
7776 2 2 2 2 5279 5290 734
7777 2 2 2 2 2619 4677 1847
7778 2 2 2 2 1063 1064 1062
7779 2 2 2 2 2139 2544 1543
7780 2 2 2 2 2091 2094 2093
7781 2 2 2 2 2389 4811 2302
7782 2 2 2 2 1559 2042 1558
7783 2 2 2 2 1486 1846 1559
7784 2 2 2 2 539 540 538
7785 2 2 2 2 1756 1757 1755
7786 2 2 2 2 2104 2106 2105
7787 2 2 2 2 2359 4791 2084
7788 2 2 2 2 3131 3396 3136
7789 2 2 2 2 1764 1916 1765
7790 2 2 2 2 2395 3127 2387
7791 2 2 2 2 1205 1368 1204
7792 2 2 2 2 2587 4534 2809
7793 2 2 2 2 1470 3330 2254
7794 2 2 2 2 3734 5432 2325
7795 2 2 2 2 3133 4811 2389
7796 2 2 2 2 1125 1126 1013
7797 2 2 2 2 2118 2579 2117
7798 2 2 2 2 2409 2410 2408
7799 2 2 2 2 1471 1560 1501
7800 2 2 2 2 883 916 836
7801 2 2 2 2 2388 4836 2338
7802 2 2 2 2 2302 4811 2300
7803 2 2 2 2 4436 4437 4435
7804 2 2 2 2 2582 2733 2584
7805 2 2 2 2 548 893 546
7806 2 2 2 2 547 602 548
7807 2 2 2 2 2852 2853 1805
7808 2 2 2 2 1990 4804 4803
7809 2 2 2 2 1063 1065 1064
7810 2 2 2 2 1064 1641 1062
7811 2 2 2 2 2139 2595 2544
7812 2 2 2 2 2042 4704 1558
7813 2 2 2 2 2106 2110 2105
7814 2 2 2 2 1916 1917 1765
7815 2 2 2 2 1325 1329 1323
7816 2 2 2 2 1368 1369 1204
7817 2 2 2 2 3127 3134 2387
7818 2 2 2 2 2395 3138 3127
7819 2 2 2 2 1205 1370 1368
7820 2 2 2 2 1125 1127 1126
7821 2 2 2 2 2579 2580 2117
7822 2 2 2 2 2409 2525 2410
7823 2 2 2 2 1962 1963 1961
7824 2 2 2 2 883 932 916
7825 2 2 2 2 4436 4439 4437
7826 2 2 2 2 602 603 548
7827 2 2 2 2 4437 4438 4435
7828 2 2 2 2 2852 2854 2853
7829 2 2 2 2 2595 2847 2544
7830 2 2 2 2 1065 1066 1064
7831 2 2 2 2 1917 1918 1765
7832 2 2 2 2 3127 3394 3134
7833 2 2 2 2 1175 4663 1174
7834 2 2 2 2 1127 1128 1126
7835 2 2 2 2 2395 3252 3138
7836 2 2 2 2 2525 3207 2410
7837 2 2 2 2 932 933 916
7838 2 2 2 2 2579 2828 2580
7839 2 2 2 2 1125 4690 1127
7840 2 2 2 2 1127 1129 1128
7841 2 2 2 2 2525 3208 3207
7842 2 2 2 2 2854 2855 2853
7843 2 2 2 2 3252 3253 3138
7844 2 2 2 2 932 970 933
7845 2 2 2 2 1065 1067 1066
7846 2 2 2 2 2847 3263 2544
7847 2 2 2 2 3129 3393 3133
7848 2 2 2 2 2579 3006 2828
7849 2 2 2 2 2828 2979 2580
7850 2 2 2 2 3128 3395 3135
7851 2 2 2 2 970 1037 971
7852 2 2 2 2 970 971 933
7853 2 2 2 2 2304 2394 2389
7854 2 2 2 2 1039 1200 1037
7855 2 2 2 2 2340 2656 2347
7856 2 2 2 2 2394 3129 2389
7857 2 2 2 2 2304 2389 2302
7858 2 2 2 2 1065 1095 1067
7859 2 2 2 2 2656 3139 3128
7860 2 2 2 2 2656 3128 2970
7861 2 2 2 2 3129 3133 2389
7862 2 2 2 2 2656 2970 2347
7863 2 2 2 2 970 1039 1037
7864 2 2 2 2 3173 3617 2895
7865 2 2 2 2 3128 3135 2970
7866 2 2 2 2 2979 2980 2580
7867 2 2 2 2 2854 3292 3291
7868 2 2 2 2 2525 3287 3208
7869 2 2 2 2 2981 2982 2980
7870 2 2 2 2 2828 3310 2979
7871 2 2 2 2 2982 4499 2980
7872 2 2 2 2 2979 2981 2980
7873 2 2 2 2 2855 3293 2853
7874 2 2 2 2 2340 2347 2341
7875 2 2 2 2 3652 3724 3653
7876 2 2 2 2 2303 2354 2304
7877 2 2 2 2 2970 3234 2347
7878 2 2 2 2 2303 2304 2302
7879 2 2 2 2 2854 3291 2855
7880 2 2 2 2 1067 1068 1066
7881 2 2 2 2 2303 4812 2354
7882 2 2 2 2 1067 1069 1068
7883 2 2 2 2 2340 2341 2339
7884 2 2 2 2 2613 4812 2303
7885 2 2 2 2 3652 3653 2960
7886 2 2 2 2 2301 2613 2303
7887 2 2 2 2 2338 2340 2339
7888 2 2 2 2 2301 2303 2302
7889 2 2 2 2 2743 3652 2960
7890 2 2 2 2 2960 3316 2744
7891 2 2 2 2 1473 4647 2124
7892 2 2 2 2 2800 2801 2799
7893 2 2 2 2 1912 4805 2171
7894 2 2 2 2 2300 4811 4776
7895 2 2 2 2 2301 2302 2300
7896 2 2 2 2 2743 2960 2744
7897 2 2 2 2 2814 2873 2754
7898 2 2 2 2 2694 2696 2695
7899 2 2 2 2 1121 1123 1122
7900 2 2 2 2 498 501 500
7901 2 2 2 2 2300 4776 2298
7902 2 2 2 2 3470 3974 2804
7903 2 2 2 2 2299 2301 2300
7904 2 2 2 2 1129 4901 1131
7905 2 2 2 2 966 1012 967
7906 2 2 2 2 3342 4945 2994
7907 2 2 2 2 4690 4943 4822
7908 2 2 2 2 621 4979 1793
7909 2 2 2 2 2863 3655 2742
7910 2 2 2 2 2743 2744 2478
7911 2 2 2 2 1593 1595 1594
7912 2 2 2 2 1473 1485 1474
7913 2 2 2 2 4506 4507 1287
7914 2 2 2 2 2755 2814 2754
7915 2 2 2 2 2753 2816 2755
7916 2 2 2 2 1839 1841 1840
7917 2 2 2 2 792 802 790
7918 2 2 2 2 2993 2994 2984
7919 2 2 2 2 1766 1767 1760
7920 2 2 2 2 112 4415 375
7921 2 2 2 2 446 448 447
7922 2 2 2 2 1121 1122 1120
7923 2 2 2 2 1893 2037 1892
7924 2 2 2 2 1478 1898 1897
7925 2 2 2 2 4278 4279 820
7926 2 2 2 2 3149 3470 2804
7927 2 2 2 2 3298 3392 3299
7928 2 2 2 2 4975 5109 2561
7929 2 2 2 2 2299 2300 2298
7930 2 2 2 2 2652 3335 3334
7931 2 2 2 2 1208 4314 1207
7932 2 2 2 2 550 551 544
7933 2 2 2 2 2980 4816 2580
7934 2 2 2 2 1130 1133 1132
7935 2 2 2 2 1283 4362 1275
7936 2 2 2 2 3046 4410 2372
7937 2 2 2 2 2698 3148 3125
7938 2 2 2 2 4967 5080 1171
7939 2 2 2 2 837 884 883
7940 2 2 2 2 532 5019 530
7941 2 2 2 2 4972 4973 4284
7942 2 2 2 2 2345 4629 2625
7943 2 2 2 2 1892 4831 1470
7944 2 2 2 2 528 4898 505
7945 2 2 2 2 1509 4966 1885
7946 2 2 2 2 90 4087 89
7947 2 2 2 2 2742 2743 2478
7948 2 2 2 2 2477 2863 2742
7949 2 2 2 2 530 5019 1723
7950 2 2 2 2 448 615 450
7951 2 2 2 2 1852 4824 1850
7952 2 2 2 2 2907 4938 936
7953 2 2 2 2 2879 5046 5008
7954 2 2 2 2 620 621 609
7955 2 2 2 2 2036 2320 2319
7956 2 2 2 2 2694 2698 2696
7957 2 2 2 2 824 840 839
7958 2 2 2 2 1522 1912 1911
7959 2 2 2 2 706 5073 1020
7960 2 2 2 2 1217 4407 525
7961 2 2 2 2 2163 2521 1891
7962 2 2 2 2 2415 2663 2170
7963 2 2 2 2 2098 2121 2096
7964 2 2 2 2 890 4179 943
7965 2 2 2 2 2753 2755 2754
7966 2 2 2 2 4499 4816 2980
7967 2 2 2 2 4713 4984 2036
7968 2 2 2 2 1893 2897 2038
7969 2 2 2 2 3324 4743 2612
7970 2 2 2 2 2035 2036 1561
7971 2 2 2 2 2528 4084 3319
7972 2 2 2 2 378 4423 272
7973 2 2 2 2 529 530 528
7974 2 2 2 2 776 790 777
7975 2 2 2 2 4391 5511 5509
7976 2 2 2 2 949 950 948
7977 2 2 2 2 1218 1280 1219
7978 2 2 2 2 2454 2925 2894
7979 2 2 2 2 1758 1766 1760
7980 2 2 2 2 2550 2677 2414
7981 2 2 2 2 4754 4820 1089
7982 2 2 2 2 3561 4773 3562
7983 2 2 2 2 2259 2732 2731
7984 2 2 2 2 5201 5229 2209
7985 2 2 2 2 2969 3000 2615
7986 2 2 2 2 2602 4929 3314
7987 2 2 2 2 4672 5041 2566
7988 2 2 2 2 1119 1121 1120
7989 2 2 2 2 1213 5167 1230
7990 2 2 2 2 1469 1893 1892
7991 2 2 2 2 980 4500 1392
7992 2 2 2 2 1669 4987 1665
7993 2 2 2 2 2260 4139 4138
7994 2 2 2 2 4694 4695 4693
7995 2 2 2 2 2954 2955 2912
7996 2 2 2 2 2340 4836 2656
7997 2 2 2 2 739 741 740
7998 2 2 2 2 1124 4832 1125
7999 2 2 2 2 1641 4697 1062
8000 2 2 2 2 2407 3149 2804
8001 2 2 2 2 3298 3299 3297
8002 2 2 2 2 1256 5084 1257
8003 2 2 2 2 1763 4716 1761
8004 2 2 2 2 2298 2390 2296
8005 2 2 2 2 1130 4822 1133
8006 2 2 2 2 2297 2299 2298
8007 2 2 2 2 1438 1529 1527
8008 2 2 2 2 839 4932 823
8009 2 2 2 2 1758 1759 1757
8010 2 2 2 2 2341 2924 2923
8011 2 2 2 2 543 550 544
8012 2 2 2 2 901 902 689
8013 2 2 2 2 1207 1542 1541
8014 2 2 2 2 2690 2691 2685
8015 2 2 2 2 2360 4954 3021
8016 2 2 2 2 2588 2589 2587
8017 2 2 2 2 1027 1208 1207
8018 2 2 2 2 4708 4994 3255
8019 2 2 2 2 911 944 908
8020 2 2 2 2 1826 2777 2624
8021 2 2 2 2 1362 1444 884
8022 2 2 2 2 2698 3125 2696
8023 2 2 2 2 1571 5029 4966
8024 2 2 2 2 2651 2652 2039
8025 2 2 2 2 1028 4932 839
8026 2 2 2 2 2544 4842 1543
8027 2 2 2 2 533 534 532
8028 2 2 2 2 2732 3665 2731
8029 2 2 2 2 782 822 821
8030 2 2 2 2 3786 5292 4167
8031 2 2 2 2 689 4872 685
8032 2 2 2 2 4621 4801 1320
8033 2 2 2 2 4762 4850 2248
8034 2 2 2 2 1133 1285 1205
8035 2 2 2 2 2629 2630 2028
8036 2 2 2 2 958 1011 978
8037 2 2 2 2 1866 2021 1865
8038 2 2 2 2 4637 4638 2121
8039 2 2 2 2 1128 4842 1126
8040 2 2 2 2 1040 5071 971
8041 2 2 2 2 4820 4877 1089
8042 2 2 2 2 2586 2588 2587
8043 2 2 2 2 2697 3298 3297
8044 2 2 2 2 792 803 802
8045 2 2 2 2 2469 2946 2945
8046 2 2 2 2 2259 2731 2208
8047 2 2 2 2 1013 4854 967
8048 2 2 2 2 822 824 823
8049 2 2 2 2 2697 3297 3296
8050 2 2 2 2 2248 4850 2395
8051 2 2 2 2 1412 4882 2312
8052 2 2 2 2 3890 4552 3891
8053 2 2 2 2 4210 4211 4209
8054 2 2 2 2 2477 2742 2478
8055 2 2 2 2 2694 2695 2692
8056 2 2 2 2 1112 1196 1016
8057 2 2 2 2 1510 4890 1461
8058 2 2 2 2 2468 4630 1586
8059 2 2 2 2 938 4983 2907
8060 2 2 2 2 2102 2103 2101
8061 2 2 2 2 2039 4831 1892
8062 2 2 2 2 3076 3552 3077
8063 2 2 2 2 2690 2693 2692
8064 2 2 2 2 1444 2605 2531
8065 2 2 2 2 4737 4798 2097
8066 2 2 2 2 1086 5078 1083
8067 2 2 2 2 1125 4832 4690
8068 2 2 2 2 2116 4737 2095
8069 2 2 2 2 2083 2085 2084
8070 2 2 2 2 3150 3487 2682
8071 2 2 2 2 608 620 609
8072 2 2 2 2 2744 4885 4881
8073 2 2 2 2 4531 4533 4532
8074 2 2 2 2 1127 1130 1129
8075 2 2 2 2 2656 4836 3139
8076 2 2 2 2 1300 5007 4262
8077 2 2 2 2 776 4940 792
8078 2 2 2 2 4535 4678 2809
8079 2 2 2 2 1144 5154 1143
8080 2 2 2 2 2555 2564 2132
8081 2 2 2 2 1439 4845 1547
8082 2 2 2 2 3456 4125 4124
8083 2 2 2 2 2108 4767 2112
8084 2 2 2 2 521 4751 524
8085 2 2 2 2 2477 4797 2863
8086 2 2 2 2 1522 1911 1572
8087 2 2 2 2 2186 4937 1970
8088 2 2 2 2 2095 4737 2097
8089 2 2 2 2 2596 2604 2589
8090 2 2 2 2 234 4232 345
8091 2 2 2 2 476 478 477
8092 2 2 2 2 1503 4361 1502
8093 2 2 2 2 980 1391 925
8094 2 2 2 2 3194 3699 2988
8095 2 2 2 2 2337 2887 2319
8096 2 2 2 2 2104 4768 2108
8097 2 2 2 2 1595 1922 1921
8098 2 2 2 2 1921 2163 1891
8099 2 2 2 2 1079 1096 1082
8100 2 2 2 2 1401 1402 1400
8101 2 2 2 2 2416 3150 2682
8102 2 2 2 2 4576 5134 3269
8103 2 2 2 2 2410 2413 2408
8104 2 2 2 2 2877 4943 4914
8105 2 2 2 2 2097 2098 2096
8106 2 2 2 2 2753 2754 1918
8107 2 2 2 2 4074 4078 4077
8108 2 2 2 2 1131 4901 4591
8109 2 2 2 2 496 4514 2213
8110 2 2 2 2 3051 4874 3053
8111 2 2 2 2 1498 4832 1124
8112 2 2 2 2 621 1793 609
8113 2 2 2 2 3146 4721 2399
8114 2 2 2 2 913 915 914
8115 2 2 2 2 1052 1055 1054
8116 2 2 2 2 979 1021 959
8117 2 2 2 2 1133 4822 1285
8118 2 2 2 2 4338 5058 1363
8119 2 2 2 2 920 4547 477
8120 2 2 2 2 4793 4794 4792
8121 2 2 2 2 1085 4693 4692
8122 2 2 2 2 746 4609 761
8123 2 2 2 2 3911 5067 3908
8124 2 2 2 2 1779 4999 1777
8125 2 2 2 2 2856 4721 3329
8126 2 2 2 2 702 4327 2219
8127 2 2 2 2 3263 4842 2544
8128 2 2 2 2 514 1632 512
8129 2 2 2 2 1042 1987 1040
8130 2 2 2 2 86 4449 315
8131 2 2 2 2 776 777 701
8132 2 2 2 2 1583 1756 1755
8133 2 2 2 2 2267 2268 1206
8134 2 2 2 2 2749 3598 3597
8135 2 2 2 2 1346 1359 1344
8136 2 2 2 2 1116 1118 1117
8137 2 2 2 2 2293 2295 2294
8138 2 2 2 2 2886 3246 2885
8139 2 2 2 2 2524 4340 4339
8140 2 2 2 2 943 973 972
8141 2 2 2 2 1543 4842 1128
8142 2 2 2 2 3820 3823 3822
8143 2 2 2 2 2693 2694 2692
8144 2 2 2 2 2520 4627 2227
8145 2 2 2 2 3320 4344 3290
8146 2 2 2 2 1218 1219 1171
8147 2 2 2 2 697 4008 4007
8148 2 2 2 2 1126 4854 1013
8149 2 2 2 2 3678 3702 2817
8150 2 2 2 2 910 913 912
8151 2 2 2 2 1038 1040 971
8152 2 2 2 2 579 580 578
8153 2 2 2 2 2107 4852 4619
8154 2 2 2 2 2689 2690 2685
8155 2 2 2 2 482 4908 479
8156 2 2 2 2 2454 2894 2893
8157 2 2 2 2 2315 4978 944
8158 2 2 2 2 2886 3727 3246
8159 2 2 2 2 1132 4901 1129
8160 2 2 2 2 1758 1760 1759
8161 2 2 2 2 898 4370 714
8162 2 2 2 2 732 1825 730
8163 2 2 2 2 2115 2477 2118
8164 2 2 2 2 1401 1403 1402
8165 2 2 2 2 1811 2141 2139
8166 2 2 2 2 5173 5243 2572
8167 2 2 2 2 1898 4894 2978
8168 2 2 2 2 765 5188 4377
8169 2 2 2 2 1473 2124 1485
8170 2 2 2 2 531 532 530
8171 2 2 2 2 5355 5507 4355
8172 2 2 2 2 4615 5252 4614
8173 2 2 2 2 2395 4850 3252
8174 2 2 2 2 2657 3131 2813
8175 2 2 2 2 4724 4901 1132
8176 2 2 2 2 1372 4894 1478
8177 2 2 2 2 1556 4859 4666
8178 2 2 2 2 1433 5297 4010
8179 2 2 2 2 2118 4881 2579
8180 2 2 2 2 2625 4629 3097
8181 2 2 2 2 2729 4627 3684
8182 2 2 2 2 2099 2101 2100
8183 2 2 2 2 2316 4733 538
8184 2 2 2 2 300 4541 193
8185 2 2 2 2 1914 2176 1915
8186 2 2 2 2 463 3917 464
8187 2 2 2 2 2956 3231 2705
8188 2 2 2 2 4152 5443 2515
8189 2 2 2 2 2690 2692 2691
8190 2 2 2 2 5017 5040 4779
8191 2 2 2 2 1469 1892 1470
8192 2 2 2 2 1392 1400 1391
8193 2 2 2 2 498 500 497
8194 2 2 2 2 1280 1487 1219
8195 2 2 2 2 761 4609 772
8196 2 2 2 2 2089 2091 2090
8197 2 2 2 2 1368 4876 1469
8198 2 2 2 2 883 4856 932
8199 2 2 2 2 183 4221 334
8200 2 2 2 2 2289 4863 2578
8201 2 2 2 2 1085 4694 4693
8202 2 2 2 2 2896 5178 5136
8203 2 2 2 2 2684 4653 4652
8204 2 2 2 2 1839 2603 1841
8205 2 2 2 2 2546 4193 733
8206 2 2 2 2 2994 3244 2984
8207 2 2 2 2 4151 4152 2515
8208 2 2 2 2 2112 4767 2259
8209 2 2 2 2 4866 4867 2691
8210 2 2 2 2 2886 3728 3727
8211 2 2 2 2 1068 4877 1066
8212 2 2 2 2 1059 1061 1060
8213 2 2 2 2 529 1631 531
8214 2 2 2 2 2128 4873 2575
8215 2 2 2 2 2087 2089 2088
8216 2 2 2 2 2287 4863 2289
8217 2 2 2 2 1596 4005 1598
8218 2 2 2 2 3032 3544 2702
8219 2 2 2 2 1370 4876 1368
8220 2 2 2 2 2744 4881 2478
8221 2 2 2 2 4649 4988 1184
8222 2 2 2 2 1798 4669 4668
8223 2 2 2 2 4348 4604 4603
8224 2 2 2 2 1458 5273 5226
8225 2 2 2 2 1798 4670 4669
8226 2 2 2 2 1206 4073 1098
8227 2 2 2 2 2790 5500 4637
8228 2 2 2 2 2652 3334 2039
8229 2 2 2 2 1055 1057 1056
8230 2 2 2 2 547 1798 602
8231 2 2 2 2 492 1337 495
8232 2 2 2 2 4638 5142 2121
8233 2 2 2 2 1666 4904 4349
8234 2 2 2 2 4881 4885 3006
8235 2 2 2 2 2903 3005 3004
8236 2 2 2 2 3225 3747 3324
8237 2 2 2 2 2574 4863 2287
8238 2 2 2 2 2113 4797 2115
8239 2 2 2 2 620 624 621
8240 2 2 2 2 2297 2298 2296
8241 2 2 2 2 549 5025 545
8242 2 2 2 2 1540 5205 5204
8243 2 2 2 2 3539 3556 3540
8244 2 2 2 2 2222 4752 3245
8245 2 2 2 2 2478 4881 2118
8246 2 2 2 2 371 4540 202
8247 2 2 2 2 1051 4792 1052
8248 2 2 2 2 3009 3678 2817
8249 2 2 2 2 1542 1817 1541
8250 2 2 2 2 1469 4876 1893
8251 2 2 2 2 2855 3294 3293
8252 2 2 2 2 3915 5202 4960
8253 2 2 2 2 4914 4943 4832
8254 2 2 2 2 588 1497 586
8255 2 2 2 2 2811 4187 2467
8256 2 2 2 2 559 610 561
8257 2 2 2 2 543 544 540
8258 2 2 2 2 866 889 867
8259 2 2 2 2 2228 4780 903
8260 2 2 2 2 690 4738 691
8261 2 2 2 2 4840 5082 1985
8262 2 2 2 2 2871 4624 2870
8263 2 2 2 2 1027 1209 1208
8264 2 2 2 2 113 4415 112
8265 2 2 2 2 3250 3786 3785
8266 2 2 2 2 2531 4856 884
8267 2 2 2 2 1045 4747 1047
8268 2 2 2 2 2884 2886 2885
8269 2 2 2 2 3263 4854 4842
8270 2 2 2 2 2550 4907 3251
8271 2 2 2 2 4842 4854 1126
8272 2 2 2 2 2738 5174 2212
8273 2 2 2 2 994 995 993
8274 2 2 2 2 3326 5542 5505
8275 2 2 2 2 700 4940 776
8276 2 2 2 2 2036 2319 1561
8277 2 2 2 2 501 4273 503
8278 2 2 2 2 3225 3324 2612
8279 2 2 2 2 4395 5031 2134
8280 2 2 2 2 1918 4814 1765
8281 2 2 2 2 1069 4917 1799
8282 2 2 2 2 822 823 821
8283 2 2 2 2 909 911 908
8284 2 2 2 2 945 4393 947
8285 2 2 2 2 2471 4817 2726
8286 2 2 2 2 4797 4883 2863
8287 2 2 2 2 4570 5326 4252
8288 2 2 2 2 949 966 950
8289 2 2 2 2 3014 3017 2938
8290 2 2 2 2 1524 1565 1523
8291 2 2 2 2 486 489 487
8292 2 2 2 2 487 4841 1170
8293 2 2 2 2 83 4413 82
8294 2 2 2 2 1130 1132 1129
8295 2 2 2 2 2156 3153 2666
8296 2 2 2 2 1626 4277 960
8297 2 2 2 2 1304 1462 1305
8298 2 2 2 2 2641 4464 2148
8299 2 2 2 2 2344 4969 2917
8300 2 2 2 2 2026 4629 2345
8301 2 2 2 2 2024 4501 2626
8302 2 2 2 2 4747 5040 1203
8303 2 2 2 2 598 4965 600
8304 2 2 2 2 2919 2951 2564
8305 2 2 2 2 2259 4767 2858
8306 2 2 2 2 2122 2172 1919
8307 2 2 2 2 1345 1347 1346
8308 2 2 2 2 2116 4896 4737
8309 2 2 2 2 1131 1543 1128
8310 2 2 2 2 467 468 466
8311 2 2 2 2 2102 4798 4768
8312 2 2 2 2 2506 4912 3236
8313 2 2 2 2 3254 4707 3255
8314 2 2 2 2 2692 4866 2691
8315 2 2 2 2 2291 2293 2292
8316 2 2 2 2 2102 4768 2104
8317 2 2 2 2 1893 4876 2897
8318 2 2 2 2 1161 1162 1160
8319 2 2 2 2 1888 4925 2386
8320 2 2 2 2 3296 4866 2695
8321 2 2 2 2 817 4390 2920
8322 2 2 2 2 4329 5045 4330
8323 2 2 2 2 1542 1818 1817
8324 2 2 2 2 2124 2612 1485
8325 2 2 2 2 1139 4998 4065
8326 2 2 2 2 1257 5084 1260
8327 2 2 2 2 2483 5299 2485
8328 2 2 2 2 1067 4917 1069
8329 2 2 2 2 2858 4896 4868
8330 2 2 2 2 1845 4975 2004
8331 2 2 2 2 575 1195 577
8332 2 2 2 2 2075 2077 2076
8333 2 2 2 2 3357 3358 3016
8334 2 2 2 2 1922 2165 1921
8335 2 2 2 2 1998 1999 1845
8336 2 2 2 2 4743 4869 2612
8337 2 2 2 2 2284 4744 2391
8338 2 2 2 2 2745 4292 3725
8339 2 2 2 2 1069 1799 1071
8340 2 2 2 2 1071 1072 1070
8341 2 2 2 2 1478 4894 1898
8342 2 2 2 2 1337 5083 2914
8343 2 2 2 2 5106 5145 1202
8344 2 2 2 2 2963 4786 4785
8345 2 2 2 2 625 4979 621
8346 2 2 2 2 1020 4567 4566
8347 2 2 2 2 2094 2095 2093
8348 2 2 2 2 539 543 540
8349 2 2 2 2 4531 4532 4340
8350 2 2 2 2 4833 4971 4942
8351 2 2 2 2 681 689 685
8352 2 2 2 2 2695 4866 2692
8353 2 2 2 2 2124 4325 3225
8354 2 2 2 2 2579 4881 3006
8355 2 2 2 2 2259 2858 2732
8356 2 2 2 2 2345 2349 2344
8357 2 2 2 2 2269 2271 2270
8358 2 2 2 2 3334 4831 2039
8359 2 2 2 2 4562 5107 3271
8360 2 2 2 2 2924 3268 2923
8361 2 2 2 2 2350 4294 2295
8362 2 2 2 2 1817 2134 1541
8363 2 2 2 2 1444 2531 884
8364 2 2 2 2 1581 3763 1593
8365 2 2 2 2 109 4414 108
8366 2 2 2 2 2115 4797 2477
8367 2 2 2 2 517 520 518
8368 2 2 2 2 3350 3692 3691
8369 2 2 2 2 2470 4818 4817
8370 2 2 2 2 4822 4943 4942
8371 2 2 2 2 4832 4943 4690
8372 2 2 2 2 2279 2281 2280
8373 2 2 2 2 2951 4665 2564
8374 2 2 2 2 4768 4806 4767
8375 2 2 2 2 5108 5123 2928
8376 2 2 2 2 598 599 596
8377 2 2 2 2 3221 3289 3187
8378 2 2 2 2 540 4657 2316
8379 2 2 2 2 501 503 502
8380 2 2 2 2 2899 4948 4494
8381 2 2 2 2 2124 3225 2612
8382 2 2 2 2 973 1026 972
8383 2 2 2 2 5003 5442 3311
8384 2 2 2 2 3316 4885 2744
8385 2 2 2 2 2477 2478 2118
8386 2 2 2 2 2299 4936 2301
8387 2 2 2 2 2863 4883 3656
8388 2 2 2 2 463 464 462
8389 2 2 2 2 685 686 625
8390 2 2 2 2 4508 5351 5312
8391 2 2 2 2 4042 4121 4041
8392 2 2 2 2 2026 2345 2344
8393 2 2 2 2 1593 1594 1592
8394 2 2 2 2 1563 4477 2018
8395 2 2 2 2 1084 1086 1083
8396 2 2 2 2 2005 4047 1844
8397 2 2 2 2 2691 4926 2685
8398 2 2 2 2 1100 1101 1099
8399 2 2 2 2 2732 4837 3665
8400 2 2 2 2 649 4916 1782
8401 2 2 2 2 562 4278 820
8402 2 2 2 2 624 681 625
8403 2 2 2 2 2536 3899 3898
8404 2 2 2 2 1723 4898 528
8405 2 2 2 2 2393 3124 2399
8406 2 2 2 2 1129 1131 1128
8407 2 2 2 2 1896 4902 2044
8408 2 2 2 2 1567 2265 2264
8409 2 2 2 2 1178 5257 4663
8410 2 2 2 2 1054 1080 1053
8411 2 2 2 2 2612 4869 1485
8412 2 2 2 2 3785 5122 2760
8413 2 2 2 2 1910 4581 2545
8414 2 2 2 2 2683 2685 2684
8415 2 2 2 2 3238 4329 4328
8416 2 2 2 2 608 609 603
8417 2 2 2 2 1734 4300 1135
8418 2 2 2 2 1533 5140 1531
8419 2 2 2 2 980 1392 1391
8420 2 2 2 2 1170 1171 488
8421 2 2 2 2 4403 5087 1837
8422 2 2 2 2 2278 2655 2276
8423 2 2 2 2 2094 2116 2095
8424 2 2 2 2 2630 4952 2028
8425 2 2 2 2 4981 5049 3137
8426 2 2 2 2 557 4250 559
8427 2 2 2 2 2466 4769 2764
8428 2 2 2 2 1194 1498 1124
8429 2 2 2 2 2279 2343 2281
8430 2 2 2 2 1572 4941 1480
8431 2 2 2 2 1797 4825 1803
8432 2 2 2 2 4137 4254 2067
8433 2 2 2 2 521 522 519
8434 2 2 2 2 4942 4971 1285
8435 2 2 2 2 1798 4668 602
8436 2 2 2 2 506 511 505
8437 2 2 2 2 1405 1428 1406
8438 2 2 2 2 4215 4974 4827
8439 2 2 2 2 4534 4535 2809
8440 2 2 2 2 1923 4263 2406
8441 2 2 2 2 3315 5341 4313
8442 2 2 2 2 2126 2555 2132
8443 2 2 2 2 2800 4861 2802
8444 2 2 2 2 1839 5087 2603
8445 2 2 2 2 2094 2884 2116
8446 2 2 2 2 874 5069 833
8447 2 2 2 2 747 4830 748
8448 2 2 2 2 3628 5114 4187
8449 2 2 2 2 2412 4946 2678
8450 2 2 2 2 2959 5219 2592
8451 2 2 2 2 2933 4214 2934
8452 2 2 2 2 1025 4923 1024
8453 2 2 2 2 3493 5034 2679
8454 2 2 2 2 3230 4103 4102
8455 2 2 2 2 1337 1338 495
8456 2 2 2 2 1306 4935 1200
8457 2 2 2 2 2683 2689 2685
8458 2 2 2 2 1736 4795 1057
8459 2 2 2 2 4489 5141 632
8460 2 2 2 2 1948 1949 1947
8461 2 2 2 2 1499 1500 1498
8462 2 2 2 2 2882 4927 2880
8463 2 2 2 2 2076 2355 2074
8464 2 2 2 2 4190 5170 5037
8465 2 2 2 2 1486 4869 1846
8466 2 2 2 2 2283 5208 2285
8467 2 2 2 2 1545 5086 3719
8468 2 2 2 2 822 4826 824
8469 2 2 2 2 1499 1524 1523
8470 2 2 2 2 5041 5043 3719
8471 2 2 2 2 547 5025 1798
8472 2 2 2 2 2927 4940 700
8473 2 2 2 2 1769 4208 1384
8474 2 2 2 2 1595 1921 1891
8475 2 2 2 2 624 625 621
8476 2 2 2 2 4822 4942 1285
8477 2 2 2 2 2175 4941 1572
8478 2 2 2 2 700 776 701
8479 2 2 2 2 3005 3018 3004
8480 2 2 2 2 2489 5260 2490
8481 2 2 2 2 1248 4620 1249
8482 2 2 2 2 1012 1194 1124
8483 2 2 2 2 1969 5046 4046
8484 2 2 2 2 1171 5080 488
8485 2 2 2 2 804 4829 866
8486 2 2 2 2 1799 4917 4681
8487 2 2 2 2 3202 5162 4864
8488 2 2 2 2 901 4770 2228
8489 2 2 2 2 540 2316 538
8490 2 2 2 2 2708 3638 3637
8491 2 2 2 2 2752 2753 1918
8492 2 2 2 2 501 502 500
8493 2 2 2 2 488 4766 485
8494 2 2 2 2 3472 3473 3160
8495 2 2 2 2 4139 4848 4143
8496 2 2 2 2 1484 4166 2138
8497 2 2 2 2 4591 4901 4810
8498 2 2 2 2 1285 5015 1205
8499 2 2 2 2 2317 4964 4963
8500 2 2 2 2 2685 4926 2684
8501 2 2 2 2 703 2317 520
8502 2 2 2 2 2314 4961 1267
8503 2 2 2 2 3239 4598 2786
8504 2 2 2 2 539 808 543
8505 2 2 2 2 1082 4835 1084
8506 2 2 2 2 1485 4869 1486
8507 2 2 2 2 2931 2932 2396
8508 2 2 2 2 1586 4630 1968
8509 2 2 2 2 2402 2403 2048
8510 2 2 2 2 1837 1839 1838
8511 2 2 2 2 3789 5068 4845
8512 2 2 2 2 4732 4765 1621
8513 2 2 2 2 3025 4929 2602
8514 2 2 2 2 2320 4984 2388
8515 2 2 2 2 2089 2090 2088
8516 2 2 2 2 1521 4925 1888
8517 2 2 2 2 776 792 790
8518 2 2 2 2 1043 5097 1045
8519 2 2 2 2 2505 2507 1984
8520 2 2 2 2 2371 3032 2702
8521 2 2 2 2 1404 4560 1988
8522 2 2 2 2 2551 4907 2550
8523 2 2 2 2 2293 2350 2295
8524 2 2 2 2 1499 1523 1500
8525 2 2 2 2 4798 4806 4768
8526 2 2 2 2 3262 5155 3261
8527 2 2 2 2 2920 5072 5064
8528 2 2 2 2 555 556 554
8529 2 2 2 2 2885 4896 2116
8530 2 2 2 2 2726 3413 3412
8531 2 2 2 2 4819 5267 4141
8532 2 2 2 2 2088 4815 2086
8533 2 2 2 2 4347 5153 5072
8534 2 2 2 2 4875 5138 2568
8535 2 2 2 2 4868 4896 2885
8536 2 2 2 2 1273 4498 1283
8537 2 2 2 2 1055 1736 1057
8538 2 2 2 2 2914 5171 4012
8539 2 2 2 2 1567 2264 1500
8540 2 2 2 2 3291 4910 2855
8541 2 2 2 2 906 3920 904
8542 2 2 2 2 489 4841 487
8543 2 2 2 2 2914 5083 5020
8544 2 2 2 2 3584 4371 3587
8545 2 2 2 2 1097 2267 1206
8546 2 2 2 2 4493 4494 968
8547 2 2 2 2 4707 4708 3255
8548 2 2 2 2 1667 4576 1660
8549 2 2 2 2 1099 4788 3996
8550 2 2 2 2 3924 5118 3927
8551 2 2 2 2 1780 4952 2015
8552 2 2 2 2 905 4389 907
8553 2 2 2 2 1194 1499 1498
8554 2 2 2 2 2271 2272 2270
8555 2 2 2 2 973 1027 1026
8556 2 2 2 2 2091 2092 2090
8557 2 2 2 2 1906 4263 1574
8558 2 2 2 2 4011 5184 5169
8559 2 2 2 2 685 693 686
8560 2 2 2 2 4139 4141 4138
8561 2 2 2 2 567 4201 569
8562 2 2 2 2 2350 5061 4296
8563 2 2 2 2 2066 4369 2621
8564 2 2 2 2 5352 5354 2971
8565 2 2 2 2 1413 4166 1484
8566 2 2 2 2 1170 1218 1171
8567 2 2 2 2 4767 4806 2858
8568 2 2 2 2 1675 4472 1673
8569 2 2 2 2 4575 5347 2576
8570 2 2 2 2 1428 1429 1406
8571 2 2 2 2 4861 4918 3853
8572 2 2 2 2 1052 1053 1050
8573 2 2 2 2 2736 5282 4609
8574 2 2 2 2 650 4717 648
8575 2 2 2 2 2648 4478 1427
8576 2 2 2 2 3209 3756 3712
8577 2 2 2 2 988 4821 991
8578 2 2 2 2 485 4766 482
8579 2 2 2 2 5181 5268 2953
8580 2 2 2 2 1095 4917 1067
8581 2 2 2 2 729 4605 731
8582 2 2 2 2 1792 2593 2592
8583 2 2 2 2 3656 5233 3660
8584 2 2 2 2 4652 4971 4833
8585 2 2 2 2 2604 3321 3320
8586 2 2 2 2 2917 4967 2025
8587 2 2 2 2 3108 4471 3105
8588 2 2 2 2 556 1361 554
8589 2 2 2 2 669 4502 2249
8590 2 2 2 2 901 903 902
8591 2 2 2 2 2275 4554 2272
8592 2 2 2 2 2120 2216 2215
8593 2 2 2 2 2264 4914 1500
8594 2 2 2 2 966 967 950
8595 2 2 2 2 598 600 599
8596 2 2 2 2 1571 5165 5029
8597 2 2 2 2 1678 4632 1955
8598 2 2 2 2 1073 4679 1093
8599 2 2 2 2 1765 4814 1763
8600 2 2 2 2 2216 2357 2215
8601 2 2 2 2 2120 2217 2216
8602 2 2 2 2 1756 1758 1757
8603 2 2 2 2 1917 2752 1918
8604 2 2 2 2 1388 5059 1397
8605 2 2 2 2 2595 4924 2847
8606 2 2 2 2 1501 4935 1306
8607 2 2 2 2 1095 5375 5328
8608 2 2 2 2 2111 4852 2103
8609 2 2 2 2 532 5100 5019
8610 2 2 2 2 3159 3472 3160
8611 2 2 2 2 529 531 530
8612 2 2 2 2 1334 4761 513
8613 2 2 2 2 681 685 625
8614 2 2 2 2 2297 2608 2299
8615 2 2 2 2 2362 5101 4950
8616 2 2 2 2 522 2874 519
8617 2 2 2 2 2413 4870 2408
8618 2 2 2 2 3150 3490 3488
8619 2 2 2 2 974 4888 955
8620 2 2 2 2 610 5346 5163
8621 2 2 2 2 3290 5313 4534
8622 2 2 2 2 1410 4906 915
8623 2 2 2 2 2880 4927 4728
8624 2 2 2 2 686 4979 625
8625 2 2 2 2 2674 4515 2161
8626 2 2 2 2 3288 5203 4682
8627 2 2 2 2 3473 4703 3160
8628 2 2 2 2 1395 4548 1396
8629 2 2 2 2 1080 2963 1053
8630 2 2 2 2 3190 5280 2479
8631 2 2 2 2 4833 4942 2877
8632 2 2 2 2 4867 4926 2691
8633 2 2 2 2 1905 4683 1760
8634 2 2 2 2 552 4657 544
8635 2 2 2 2 1313 4990 1311
8636 2 2 2 2 4407 5435 2874
8637 2 2 2 2 2962 5221 2577
8638 2 2 2 2 513 4761 515
8639 2 2 2 2 2467 4187 2712
8640 2 2 2 2 552 4949 4657
8641 2 2 2 2 2107 4619 2120
8642 2 2 2 2 1581 1593 1592
8643 2 2 2 2 1049 5016 1051
8644 2 2 2 2 1462 1463 1305
8645 2 2 2 2 1985 5082 4983
8646 2 2 2 2 1523 1567 1500
8647 2 2 2 2 2301 4936 2613
8648 2 2 2 2 2800 2802 2801
8649 2 2 2 2 3621 3622 3620
8650 2 2 2 2 1866 5054 2126
8651 2 2 2 2 4804 5091 3292
8652 2 2 2 2 2726 3627 3413
8653 2 2 2 2 792 4940 1990
8654 2 2 2 2 1435 4995 1136
8655 2 2 2 2 3856 5158 4923
8656 2 2 2 2 2265 2308 2264
8657 2 2 2 2 1866 2022 2021
8658 2 2 2 2 1732 5289 1986
8659 2 2 2 2 2884 2885 2116
8660 2 2 2 2 2684 4926 4653
8661 2 2 2 2 4766 4908 482
8662 2 2 2 2 4827 4848 2062
8663 2 2 2 2 908 4978 906
8664 2 2 2 2 1084 1087 1086
8665 2 2 2 2 1652 4603 1717
8666 2 2 2 2 3513 3514 3493
8667 2 2 2 2 5206 5332 3287
8668 2 2 2 2 551 552 544
8669 2 2 2 2 1093 4209 1075
8670 2 2 2 2 2892 5221 5000
8671 2 2 2 2 2090 2599 2088
8672 2 2 2 2 476 921 478
8673 2 2 2 2 2934 3140 3130
8674 2 2 2 2 2584 2586 2585
8675 2 2 2 2 1889 4825 1797
8676 2 2 2 2 3561 5116 5115
8677 2 2 2 2 1965 2505 1984
8678 2 2 2 2 1077 4563 1079
8679 2 2 2 2 3476 4959 4703
8680 2 2 2 2 1860 4203 1550
8681 2 2 2 2 865 5064 878
8682 2 2 2 2 1286 4506 1287
8683 2 2 2 2 2213 5004 498
8684 2 2 2 2 4131 5213 4128
8685 2 2 2 2 4619 5120 2903
8686 2 2 2 2 901 2228 903
8687 2 2 2 2 2855 4910 3294
8688 2 2 2 2 5008 5189 2944
8689 2 2 2 2 1774 4829 804
8690 2 2 2 2 1400 4406 1391
8691 2 2 2 2 2129 4844 864
8692 2 2 2 2 1491 5054 1866
8693 2 2 2 2 3110 4843 3114
8694 2 2 2 2 4301 5258 3239
8695 2 2 2 2 408 4741 2223
8696 2 2 2 2 2858 4868 2732
8697 2 2 2 2 630 5104 619
8698 2 2 2 2 1518 4838 1884
8699 2 2 2 2 4283 5343 2204
8700 2 2 2 2 1345 1346 1344
8701 2 2 2 2 510 512 508
8702 2 2 2 2 544 4657 540
8703 2 2 2 2 3599 3602 3601
8704 2 2 2 2 2489 5299 5292
8705 2 2 2 2 4561 4628 2175
8706 2 2 2 2 2588 2904 2596
8707 2 2 2 2 4347 5072 2920
8708 2 2 2 2 338 4422 190
8709 2 2 2 2 384 4231 188
8710 2 2 2 2 5117 5206 2409
8711 2 2 2 2 824 862 840
8712 2 2 2 2 2721 4241 2724
8713 2 2 2 2 1707 4472 1675
8714 2 2 2 2 1377 4802 1419
8715 2 2 2 2 944 4978 908
8716 2 2 2 2 4653 5015 4971
8717 2 2 2 2 968 5005 939
8718 2 2 2 2 2529 4402 2510
8719 2 2 2 2 2604 3320 3290
8720 2 2 2 2 1651 3985 1654
8721 2 2 2 2 2099 2102 2101
8722 2 2 2 2 3667 5090 3854
8723 2 2 2 2 2128 4921 4873
8724 2 2 2 2 2676 4374 3410
8725 2 2 2 2 1051 4793 4792
8726 2 2 2 2 1237 4982 1236
8727 2 2 2 2 1798 5025 4670
8728 2 2 2 2 3959 5362 2508
8729 2 2 2 2 1970 4937 2200
8730 2 2 2 2 2677 3408 2414
8731 2 2 2 2 864 4844 760
8732 2 2 2 2 2254 4810 4724
8733 2 2 2 2 3285 5184 3284
8734 2 2 2 2 1566 2058 1925
8735 2 2 2 2 1903 4823 1962
8736 2 2 2 2 2166 5117 2409
8737 2 2 2 2 1589 4406 1400
8738 2 2 2 2 4563 4564 1096
8739 2 2 2 2 1325 1330 1329
8740 2 2 2 2 554 4949 552
8741 2 2 2 2 1606 4599 2857
8742 2 2 2 2 3867 5257 3745
8743 2 2 2 2 2171 4805 2660
8744 2 2 2 2 2135 4915 1742
8745 2 2 2 2 1087 5062 1097
8746 2 2 2 2 2830 4957 2832
8747 2 2 2 2 1498 4914 4832
8748 2 2 2 2 1851 1852 1850
8749 2 2 2 2 1576 4643 1430
8750 2 2 2 2 3292 5091 5077
8751 2 2 2 2 1566 1925 1565
8752 2 2 2 2 3436 5448 3438
8753 2 2 2 2 470 4857 474
8754 2 2 2 2 3279 5222 5050
8755 2 2 2 2 501 5004 4273
8756 2 2 2 2 2309 4905 2416
8757 2 2 2 2 754 5168 756
8758 2 2 2 2 918 5100 534
8759 2 2 2 2 4391 5509 2598
8760 2 2 2 2 2158 5139 2154
8761 2 2 2 2 4622 4805 1912
8762 2 2 2 2 1723 5019 4707
8763 2 2 2 2 3920 5205 1540
8764 2 2 2 2 2196 4133 2198
8765 2 2 2 2 2935 5109 4975
8766 2 2 2 2 521 4963 4751
8767 2 2 2 2 1165 4909 4281
8768 2 2 2 2 1392 1401 1400
8769 2 2 2 2 1281 4788 1101
8770 2 2 2 2 527 5051 1217
8771 2 2 2 2 2734 2735 2348
8772 2 2 2 2 758 5026 779
8773 2 2 2 2 1166 1167 1164
8774 2 2 2 2 3683 5314 2949
8775 2 2 2 2 2023 4501 2024
8776 2 2 2 2 498 5004 501
8777 2 2 2 2 5097 5145 3268
8778 2 2 2 2 507 510 508
8779 2 2 2 2 4628 5126 4238
8780 2 2 2 2 1121 5030 1172
8781 2 2 2 2 5019 5100 4708
8782 2 2 2 2 3453 4466 2673
8783 2 2 2 2 5006 5192 2559
8784 2 2 2 2 1399 4962 4921
8785 2 2 2 2 2349 4969 2344
8786 2 2 2 2 1045 1047 1046
8787 2 2 2 2 2902 5070 2900
8788 2 2 2 2 2905 5063 942
8789 2 2 2 2 1103 5285 5276
8790 2 2 2 2 3456 4124 4123
8791 2 2 2 2 4568 5329 3731
8792 2 2 2 2 4561 4907 4628
8793 2 2 2 2 1051 5016 4793
8794 2 2 2 2 3040 4222 2867
8795 2 2 2 2 1059 1092 1061
8796 2 2 2 2 2833 5056 4119
8797 2 2 2 2 1402 5177 1589
8798 2 2 2 2 1197 5081 1166
8799 2 2 2 2 469 4857 470
8800 2 2 2 2 819 5064 865
8801 2 2 2 2 5045 5132 2808
8802 2 2 2 2 5113 5127 1370
8803 2 2 2 2 4116 5222 1619
8804 2 2 2 2 2152 5034 1925
8805 2 2 2 2 1524 1566 1565
8806 2 2 2 2 5046 5160 4046
8807 2 2 2 2 2935 4975 1999
8808 2 2 2 2 2898 5049 4981
8809 2 2 2 2 2898 4981 4623
8810 2 2 2 2 4942 4943 2877
8811 2 2 2 2 4650 5140 1533
8812 2 2 2 2 492 5083 1337
8813 2 2 2 2 1443 4919 948
8814 2 2 2 2 2928 5123 1529
8815 2 2 2 2 840 841 839
8816 2 2 2 2 1547 5068 2006
8817 2 2 2 2 2608 4936 2299
8818 2 2 2 2 1966 5140 2346
8819 2 2 2 2 658 4618 661
8820 2 2 2 2 840 842 841
8821 2 2 2 2 2421 4174 2420
8822 2 2 2 2 1027 4939 1209
8823 2 2 2 2 4951 5000 3949
8824 2 2 2 2 2819 4604 4348
8825 2 2 2 2 347 4626 99
8826 2 2 2 2 2134 5031 4886
8827 2 2 2 2 3005 4922 3018
8828 2 2 2 2 5576 5599 549
8829 2 2 2 2 4720 4721 2856
8830 2 2 2 2 3282 5180 4750
8831 2 2 2 2 2581 2582 1993
8832 2 2 2 2 99 4626 98
8833 2 2 2 2 5020 5083 4834
8834 2 2 2 2 3813 5427 1149
8835 2 2 2 2 2599 4815 2088
8836 2 2 2 2 5228 5343 4094
8837 2 2 2 2 4266 5101 2362
8838 2 2 2 2 2825 4517 3952
8839 2 2 2 2 2559 5192 3548
8840 2 2 2 2 655 5099 3277
8841 2 2 2 2 4757 4906 3278
8842 2 2 2 2 3188 5373 3672
8843 2 2 2 2 291 4428 186
8844 2 2 2 2 4653 4971 4652
8845 2 2 2 2 2571 4939 973
8846 2 2 2 2 3081 5151 2648
8847 2 2 2 2 2271 4336 2273
8848 2 2 2 2 2120 4619 2217
8849 2 2 2 2 1116 5173 1118
8850 2 2 2 2 1946 1948 1947
8851 2 2 2 2 1496 4492 4491
8852 2 2 2 2 2588 2596 2589
8853 2 2 2 2 3302 5399 5093
8854 2 2 2 2 2953 5268 2952
8855 2 2 2 2 4748 4993 2884
8856 2 2 2 2 2889 5164 4976
8857 2 2 2 2 3126 4691 2659
8858 2 2 2 2 2096 5142 2093
8859 2 2 2 2 4841 5045 2808
8860 2 2 2 2 2671 4466 2727
8861 2 2 2 2 1984 5023 2225
8862 2 2 2 2 2249 5076 2251
8863 2 2 2 2 3800 5119 3801
8864 2 2 2 2 2220 4353 1548
8865 2 2 2 2 2291 5061 2293
8866 2 2 2 2 2214 4828 679
8867 2 2 2 2 4596 5170 1359
8868 2 2 2 2 4320 5059 1388
8869 2 2 2 2 5310 5326 4572
8870 2 2 2 2 2907 4951 4938
8871 2 2 2 2 5028 5045 4841
8872 2 2 2 2 1982 5057 4839
8873 2 2 2 2 4012 5319 1645
8874 2 2 2 2 4320 5070 5059
8875 2 2 2 2 2507 5023 1984
8876 2 2 2 2 2241 5105 2237
8877 2 2 2 2 1664 4388 1772
8878 2 2 2 2 1981 5054 1491
8879 2 2 2 2 3303 4969 2349
8880 2 2 2 2 1595 4928 1922
8881 2 2 2 2 1080 3338 2963
8882 2 2 2 2 2871 5107 4562
8883 2 2 2 2 1378 4506 1286
8884 2 2 2 2 2933 5232 4214
8885 2 2 2 2 5051 5420 3310
8886 2 2 2 2 2144 4084 2145
8887 2 2 2 2 4714 5014 993
8888 2 2 2 2 2918 4337 4336
8889 2 2 2 2 4409 5254 4408
8890 2 2 2 2 1522 4622 1912
8891 2 2 2 2 652 5099 655
8892 2 2 2 2 2949 5193 2945
8893 2 2 2 2 4617 4851 2537
8894 2 2 2 2 1249 4620 3999
8895 2 2 2 2 4212 5244 4213
8896 2 2 2 2 4314 4755 1542
8897 2 2 2 2 1900 4373 2051
8898 2 2 2 2 1492 5398 4484
8899 2 2 2 2 4950 5101 2925
8900 2 2 2 2 704 5073 706
8901 2 2 2 2 1825 4884 730
8902 2 2 2 2 3275 5295 5249
8903 2 2 2 2 2792 4974 4215
8904 2 2 2 2 2889 4976 2888
8905 2 2 2 2 3341 5119 5078
8906 2 2 2 2 4924 5309 3293
8907 2 2 2 2 457 4599 1606
8908 2 2 2 2 906 4978 3920
8909 2 2 2 2 2760 5122 2233
8910 2 2 2 2 4214 5270 4900
8911 2 2 2 2 1924 5512 3624
8912 2 2 2 2 2967 4402 2529
8913 2 2 2 2 2678 4946 3442
8914 2 2 2 2 4120 4342 3363
8915 2 2 2 2 5271 5301 2974
8916 2 2 2 2 2921 4997 743
8917 2 2 2 2 4006 5269 1174
8918 2 2 2 2 2491 5281 2487
8919 2 2 2 2 279 4202 328
8920 2 2 2 2 1925 5034 2167
8921 2 2 2 2 3943 4501 2023
8922 2 2 2 2 489 5028 4841
8923 2 2 2 2 1456 5273 1455
8924 2 2 2 2 1500 4914 1498
8925 2 2 2 2 1909 5217 1568
8926 2 2 2 2 973 4939 1027
8927 2 2 2 2 1184 4988 1179
8928 2 2 2 2 1203 5016 1049
8929 2 2 2 2 490 5083 492
8930 2 2 2 2 1179 4988 1178
8931 2 2 2 2 756 5026 758
8932 2 2 2 2 1097 5062 2267
8933 2 2 2 2 2316 5060 5033
8934 2 2 2 2 1205 5015 1370
8935 2 2 2 2 2950 5084 1256
8936 2 2 2 2 958 978 959
8937 2 2 2 2 600 601 599
8938 2 2 2 2 2781 3985 1649
8939 2 2 2 2 548 5003 893
8940 2 2 2 2 2916 4980 4242
8941 2 2 2 2 2454 4950 2925
8942 2 2 2 2 4184 5562 4185
8943 2 2 2 2 4926 5113 4653
8944 2 2 2 2 4810 4901 4724
8945 2 2 2 2 1494 4740 1475
8946 2 2 2 2 545 5025 547
8947 2 2 2 2 2456 5242 3180
8948 2 2 2 2 4839 5057 2833
8949 2 2 2 2 3892 4552 3890
8950 2 2 2 2 3178 4985 4489
8951 2 2 2 2 1361 4949 554
8952 2 2 2 2 5055 5259 2851
8953 2 2 2 2 478 5196 480
8954 2 2 2 2 4634 5022 2848
8955 2 2 2 2 1057 4795 1059
8956 2 2 2 2 4210 5210 4211
8957 2 2 2 2 4486 4996 2370
8958 2 2 2 2 1527 5123 2011
8959 2 2 2 2 3261 5155 5023
8960 2 2 2 2 1828 5030 1119
8961 2 2 2 2 2996 5238 4411
8962 2 2 2 2 2900 5070 4320
8963 2 2 2 2 4566 5079 3720
8964 2 2 2 2 2056 4405 2019
8965 2 2 2 2 656 4618 658
8966 2 2 2 2 1963 4365 1961
8967 2 2 2 2 1999 4975 1845
8968 2 2 2 2 4189 5170 4190
8969 2 2 2 2 3132 5049 2898
8970 2 2 2 2 5334 5367 4514
8971 2 2 2 2 1119 5030 1121
8972 2 2 2 2 3877 4859 1878
8973 2 2 2 2 2267 4122 2269
8974 2 2 2 2 1895 4720 2856
8975 2 2 2 2 2879 5008 2878
8976 2 2 2 2 4900 5270 2274
8977 2 2 2 2 2316 5033 4733
8978 2 2 2 2 2917 5080 4967
8979 2 2 2 2 3758 5214 3212
8980 2 2 2 2 2886 4993 3728
8981 2 2 2 2 3239 5258 4784
8982 2 2 2 2 1931 4950 2454
8983 2 2 2 2 2924 5040 3268
8984 2 2 2 2 2594 3921 1791
8985 2 2 2 2 1093 4210 4209
8986 2 2 2 2 4663 5257 3867
8987 2 2 2 2 2715 5050 2713
8988 2 2 2 2 4940 5091 1990
8989 2 2 2 2 579 4933 4021
8990 2 2 2 2 3224 4874 3051
8991 2 2 2 2 856 5345 859
8992 2 2 2 2 2937 5109 2935
8993 2 2 2 2 3669 5148 2735
8994 2 2 2 2 2545 5007 1511
8995 2 2 2 2 2568 5138 3309
8996 2 2 2 2 2429 4485 3972
8997 2 2 2 2 476 5111 921
8998 2 2 2 2 5268 5320 2952
8999 2 2 2 2 3694 5112 3206
9000 2 2 2 2 5088 5216 2829
9001 2 2 2 2 4834 5083 490
9002 2 2 2 2 5093 5287 3302
9003 2 2 2 2 2011 5123 2549
9004 2 2 2 2 5084 5239 1873
9005 2 2 2 2 5420 5422 3310
9006 2 2 2 2 2918 4336 2271
9007 2 2 2 2 542 5051 527
9008 2 2 2 2 4928 5117 1922
9009 2 2 2 2 4824 5002 4310
9010 2 2 2 2 2416 4905 3150
9011 2 2 2 2 1961 4365 2469
9012 2 2 2 2 1397 5059 1551
9013 2 2 2 2 1195 4933 577
9014 2 2 2 2 4628 4941 2175
9015 2 2 2 2 4886 5031 2905
9016 2 2 2 2 603 5003 548
9017 2 2 2 2 1645 5319 5306
9018 2 2 2 2 5054 5131 2126
9019 2 2 2 2 2549 5123 5108
9020 2 2 2 2 3292 5204 3291
9021 2 2 2 2 2313 5020 4834
9022 2 2 2 2 5115 5116 606
9023 2 2 2 2 1196 5129 1016
9024 2 2 2 2 2136 5330 4745
9025 2 2 2 2 2052 4893 2473
9026 2 2 2 2 927 4992 882
9027 2 2 2 2 1823 4991 446
9028 2 2 2 2 5140 5193 2346
9029 2 2 2 2 1540 5052 902
9030 2 2 2 2 298 5300 53
9031 2 2 2 2 3948 4951 3949
9032 2 2 2 2 3419 5165 4276
9033 2 2 2 2 4800 5145 5106
9034 2 2 2 2 2990 5147 4518
9035 2 2 2 2 3114 4843 4033
9036 2 2 2 2 2915 4979 686
9037 2 2 2 2 833 5069 831
9038 2 2 2 2 5033 5060 2919
9039 2 2 2 2 2546 5202 4193
9040 2 2 2 2 3585 4371 3584
9041 2 2 2 2 2342 5013 2239
9042 2 2 2 2 2787 4651 2050
9043 2 2 2 2 4747 5097 3268
9044 2 2 2 2 1363 5058 1277
9045 2 2 2 2 3277 5138 3276
9046 2 2 2 2 2209 5229 4085
9047 2 2 2 2 4535 5235 4678
9048 2 2 2 2 2555 5131 2889
9049 2 2 2 2 629 5038 427
9050 2 2 2 2 2648 5151 4478
9051 2 2 2 2 3561 5115 4773
9052 2 2 2 2 2888 5033 2919
9053 2 2 2 2 651 5099 652
9054 2 2 2 2 4502 5076 2249
9055 2 2 2 2 604 5115 606
9056 2 2 2 2 4882 5072 2312
9057 2 2 2 2 2884 4993 2886
9058 2 2 2 2 3268 5040 4747
9059 2 2 2 2 4193 5202 3915
9060 2 2 2 2 3940 5290 5279
9061 2 2 2 2 4513 4953 3570
9062 2 2 2 2 4805 4981 2660
9063 2 2 2 2 4707 5019 4708
9064 2 2 2 2 2939 5223 2972
9065 2 2 2 2 4657 5060 2316
9066 2 2 2 2 3762 5439 3747
9067 2 2 2 2 698 4738 690
9068 2 2 2 2 4867 5127 5113
9069 2 2 2 2 2351 5376 1023
9070 2 2 2 2 1505 4648 1514
9071 2 2 2 2 4552 5056 3891
9072 2 2 2 2 2735 5148 2348
9073 2 2 2 2 1059 4795 1092
9074 2 2 2 2 893 5425 5422
9075 2 2 2 2 3122 5753 5636
9076 2 2 2 2 1203 5017 5016
9077 2 2 2 2 5473 5485 3008
9078 2 2 2 2 4171 4601 4172
9079 2 2 2 2 514 4911 1632
9080 2 2 2 2 1556 4666 1462
9081 2 2 2 2 3282 5253 5180
9082 2 2 2 2 2227 4627 2729
9083 2 2 2 2 2256 5118 3924
9084 2 2 2 2 3398 4709 2450
9085 2 2 2 2 5188 5301 4377
9086 2 2 2 2 3599 5103 3602
9087 2 2 2 2 1202 5145 5097
9088 2 2 2 2 2546 5261 5202
9089 2 2 2 2 2918 4889 4337
9090 2 2 2 2 4605 5261 2546
9091 2 2 2 2 1076 4899 4171
9092 2 2 2 2 3267 5146 2926
9093 2 2 2 2 4330 5045 5028
9094 2 2 2 2 4707 5027 1723
9095 2 2 2 2 1594 4920 2793
9096 2 2 2 2 5194 5295 4873
9097 2 2 2 2 4939 4962 1209
9098 2 2 2 2 5052 5077 4872
9099 2 2 2 2 4038 5393 5371
9100 2 2 2 2 1816 4965 598
9101 2 2 2 2 2922 5029 3403
9102 2 2 2 2 4779 5040 2924
9103 2 2 2 2 3002 5010 2353
9104 2 2 2 2 4113 4965 1816
9105 2 2 2 2 2450 4709 3164
9106 2 2 2 2 3704 5306 2954
9107 2 2 2 2 3084 5151 3081
9108 2 2 2 2 3005 5120 5092
9109 2 2 2 2 1014 4734 1000
9110 2 2 2 2 488 5080 4766
9111 2 2 2 2 3254 5027 4707
9112 2 2 2 2 4509 5110 3991
9113 2 2 2 2 4969 5246 5102
9114 2 2 2 2 1359 5235 1344
9115 2 2 2 2 3696 5169 3285
9116 2 2 2 2 5519 5526 3341
9117 2 2 2 2 2846 5075 3305
9118 2 2 2 2 5094 5144 2908
9119 2 2 2 2 3150 4905 3490
9120 2 2 2 2 2572 5307 4403
9121 2 2 2 2 3246 5256 4837
9122 2 2 2 2 4890 4891 1461
9123 2 2 2 2 3864 5125 4756
9124 2 2 2 2 5308 5391 3901
9125 2 2 2 2 1742 4915 1744
9126 2 2 2 2 3322 5251 2137
9127 2 2 2 2 982 4458 1035
9128 2 2 2 2 4309 4989 4308
9129 2 2 2 2 3199 4930 2746
9130 2 2 2 2 2448 5406 5175
9131 2 2 2 2 3007 5468 5417
9132 2 2 2 2 2234 5105 2235
9133 2 2 2 2 3665 5233 2731
9134 2 2 2 2 4676 4878 461
9135 2 2 2 2 2746 4930 3222
9136 2 2 2 2 1329 5088 1323
9137 2 2 2 2 4518 5147 1825
9138 2 2 2 2 1202 5097 1043
9139 2 2 2 2 619 5104 607
9140 2 2 2 2 516 4911 514
9141 2 2 2 2 1370 5127 4876
9142 2 2 2 2 915 4906 923
9143 2 2 2 2 3259 5096 4999
9144 2 2 2 2 4951 5082 5000
9145 2 2 2 2 3276 5138 4875
9146 2 2 2 2 689 5052 4872
9147 2 2 2 2 5232 5270 4214
9148 2 2 2 2 1458 5226 1460
9149 2 2 2 2 2267 5062 4122
9150 2 2 2 2 1542 4755 1818
9151 2 2 2 2 2920 5064 819
9152 2 2 2 2 1902 4823 1903
9153 2 2 2 2 4719 5197 1185
9154 2 2 2 2 3710 5195 3223
9155 2 2 2 2 2869 5134 2871
9156 2 2 2 2 2907 5082 4951
9157 2 2 2 2 2927 5091 4940
9158 2 2 2 2 3284 5068 3789
9159 2 2 2 2 4858 4859 3877
9160 2 2 2 2 5216 5298 2829
9161 2 2 2 2 2409 5206 2525
9162 2 2 2 2 4872 5077 2927
9163 2 2 2 2 2851 5321 3099
9164 2 2 2 2 5491 5501 4638
9165 2 2 2 2 3269 5134 2869
9166 2 2 2 2 534 5100 532
9167 2 2 2 2 1499 5143 1524
9168 2 2 2 2 617 4819 571
9169 2 2 2 2 4867 5113 4926
9170 2 2 2 2 2931 4986 2933
9171 2 2 2 2 4313 4830 1808
9172 2 2 2 2 1084 5062 1087
9173 2 2 2 2 4469 5136 3979
9174 2 2 2 2 698 4931 4738
9175 2 2 2 2 993 5014 990
9176 2 2 2 2 1531 5140 1966
9177 2 2 2 2 3314 5379 3315
9178 2 2 2 2 1504 4648 1505
9179 2 2 2 2 2571 5194 4939
9180 2 2 2 2 3321 5354 4556
9181 2 2 2 2 1980 5088 1329
9182 2 2 2 2 2947 5228 4092
9183 2 2 2 2 1279 5234 1274
9184 2 2 2 2 1174 5269 1123
9185 2 2 2 2 4532 5163 4340
9186 2 2 2 2 1990 5091 4804
9187 2 2 2 2 2455 4893 2052
9188 2 2 2 2 902 5052 689
9189 2 2 2 2 4478 5151 4216
9190 2 2 2 2 4269 5101 4266
9191 2 2 2 2 4337 4889 4564
9192 2 2 2 2 2903 5120 3005
9193 2 2 2 2 824 4826 862
9194 2 2 2 2 990 5014 989
9195 2 2 2 2 2521 4920 1891
9196 2 2 2 2 1544 5086 1545
9197 2 2 2 2 1166 5081 1167
9198 2 2 2 2 1101 4788 1099
9199 2 2 2 2 3979 5155 3262
9200 2 2 2 2 3268 5145 2923
9201 2 2 2 2 1827 5086 1544
9202 2 2 2 2 4846 4847 1750
9203 2 2 2 2 4969 5102 2917
9204 2 2 2 2 4511 5075 2846
9205 2 2 2 2 1636 5037 1634
9206 2 2 2 2 2594 4948 3921
9207 2 2 2 2 5000 5221 3949
9208 2 2 2 2 2536 4851 3899
9209 2 2 2 2 5077 5091 2927
9210 2 2 2 2 4291 4980 2916
9211 2 2 2 2 448 4991 615
9212 2 2 2 2 953 5349 705
9213 2 2 2 2 2887 5110 4578
9214 2 2 2 2 5010 5492 2357
9215 2 2 2 2 2926 5176 4280
9216 2 2 2 2 3742 5162 3202
9217 2 2 2 2 4888 5129 3267
9218 2 2 2 2 1878 4859 1556
9219 2 2 2 2 1867 5253 2366
9220 2 2 2 2 966 5224 1012
9221 2 2 2 2 2111 5120 4852
9222 2 2 2 2 1211 4962 1399
9223 2 2 2 2 4032 5766 3411
9224 2 2 2 2 3271 5053 4987
9225 2 2 2 2 3283 5006 4305
9226 2 2 2 2 3438 5474 3440
9227 2 2 2 2 606 5116 618
9228 2 2 2 2 2458 5348 2055
9229 2 2 2 2 2571 5295 5194
9230 2 2 2 2 3327 5542 3326
9231 2 2 2 2 4653 5113 5015
9232 2 2 2 2 2989 5381 2968
9233 2 2 2 2 2359 5518 4791
9234 2 2 2 2 2173 5333 1917
9235 2 2 2 2 3005 5092 4922
9236 2 2 2 2 4800 5106 2887
9237 2 2 2 2 1185 5197 1193
9238 2 2 2 2 4771 5092 2111
9239 2 2 2 2 1891 4920 1594
9240 2 2 2 2 1777 5096 471
9241 2 2 2 2 5014 5240 989
9242 2 2 2 2 446 4991 448
9243 2 2 2 2 5557 5563 3696
9244 2 2 2 2 4917 5089 4681
9245 2 2 2 2 1095 5089 4917
9246 2 2 2 2 4396 5215 4395
9247 2 2 2 2 5003 5425 893
9248 2 2 2 2 2160 4529 2422
9249 2 2 2 2 3618 4849 3748
9250 2 2 2 2 1094 5078 1086
9251 2 2 2 2 3456 4123 3454
9252 2 2 2 2 3460 5320 2688
9253 2 2 2 2 1504 5250 4648
9254 2 2 2 2 918 5164 5100
9255 2 2 2 2 3153 5139 3501
9256 2 2 2 2 1194 5143 1499
9257 2 2 2 2 4344 5334 1409
9258 2 2 2 2 3248 5021 5009
9259 2 2 2 2 4983 5082 2907
9260 2 2 2 2 1147 5154 1144
9261 2 2 2 2 2237 5105 2234
9262 2 2 2 2 2950 5239 5084
9263 2 2 2 2 1344 5235 1342
9264 2 2 2 2 577 4933 579
9265 2 2 2 2 3187 5186 5074
9266 2 2 2 2 5144 5159 3183
9267 2 2 2 2 1808 4830 747
9268 2 2 2 2 2129 5278 4844
9269 2 2 2 2 5092 5120 2111
9270 2 2 2 2 2561 5109 3039
9271 2 2 2 2 4611 5117 4928
9272 2 2 2 2 2126 5131 2555
9273 2 2 2 2 4308 4992 927
9274 2 2 2 2 1632 5199 512
9275 2 2 2 2 4897 5207 2570
9276 2 2 2 2 1033 5324 852
9277 2 2 2 2 2391 4744 3910
9278 2 2 2 2 2549 5108 3060
9279 2 2 2 2 2650 5774 5688
9280 2 2 2 2 2274 5270 4457
9281 2 2 2 2 2917 5102 5080
9282 2 2 2 2 5080 5102 4766
9283 2 2 2 2 3987 5158 3856
9284 2 2 2 2 4973 5343 4284
9285 2 2 2 2 891 5063 4897
9286 2 2 2 2 2219 5073 704
9287 2 2 2 2 3979 5178 5155
9288 2 2 2 2 2909 5144 3183
9289 2 2 2 2 2006 5184 4011
9290 2 2 2 2 4937 5130 2738
9291 2 2 2 2 3062 5108 2928
9292 2 2 2 2 2586 5152 4633
9293 2 2 2 2 1773 5037 1636
9294 2 2 2 2 2919 5121 2951
9295 2 2 2 2 2516 5296 2079
9296 2 2 2 2 4291 5234 4980
9297 2 2 2 2 5205 5231 4910
9298 2 2 2 2 5276 5285 4396
9299 2 2 2 2 474 5111 476
9300 2 2 2 2 4682 5203 1406
9301 2 2 2 2 4040 4334 4038
9302 2 2 2 2 1529 5123 1527
9303 2 2 2 2 4949 5060 4657
9304 2 2 2 2 4763 5312 1443
9305 2 2 2 2 2598 4853 2078
9306 2 2 2 2 2902 5180 5070
9307 2 2 2 2 3057 4258 2624
9308 2 2 2 2 4938 4951 3948
9309 2 2 2 2 2603 5336 4480
9310 2 2 2 2 2733 5152 2584
9311 2 2 2 2 1343 5323 1345
9312 2 2 2 2 4784 5258 2558
9313 2 2 2 2 2093 5142 2092
9314 2 2 2 2 4907 5126 4628
9315 2 2 2 2 4829 5249 4179
9316 2 2 2 2 2578 5061 2291
9317 2 2 2 2 2963 5183 4786
9318 2 2 2 2 4213 5244 5208
9319 2 2 2 2 2604 5354 3321
9320 2 2 2 2 618 5116 897
9321 2 2 2 2 975 5285 1103
9322 2 2 2 2 3540 5133 4096
9323 2 2 2 2 3286 5111 4857
9324 2 2 2 2 1347 5286 1350
9325 2 2 2 2 2923 5145 4800
9326 2 2 2 2 4605 5290 5261
9327 2 2 2 2 4903 5190 1909
9328 2 2 2 2 1968 4630 2710
9329 2 2 2 2 1461 4891 1459
9330 2 2 2 2 2577 5221 2892
9331 2 2 2 2 495 5334 4514
9332 2 2 2 2 4876 5127 2897
9333 2 2 2 2 2348 5148 3288
9334 2 2 2 2 4460 5103 3599
9335 2 2 2 2 3042 5337 5317
9336 2 2 2 2 4766 5102 4908
9337 2 2 2 2 1766 5066 2256
9338 2 2 2 2 4761 5358 4327
9339 2 2 2 2 3919 4847 4846
9340 2 2 2 2 4464 5522 5494
9341 2 2 2 2 4165 4955 1957
9342 2 2 2 2 1217 5429 4407
9343 2 2 2 2 5296 5383 4253
9344 2 2 2 2 3284 5184 5068
9345 2 2 2 2 1829 5173 2572
9346 2 2 2 2 3084 5250 5151
9347 2 2 2 2 1769 4635 4208
9348 2 2 2 2 5060 5121 2919
9349 2 2 2 2 4791 5511 4391
9350 2 2 2 2 5051 5418 1217
9351 2 2 2 2 308 4087 90
9352 2 2 2 2 1609 4970 1870
9353 2 2 2 2 4962 5194 4921
9354 2 2 2 2 5100 5164 4708
9355 2 2 2 2 5072 5153 2312
9356 2 2 2 2 5454 5477 4812
9357 2 2 2 2 1987 5071 1040
9358 2 2 2 2 3238 5132 4329
9359 2 2 2 2 3283 5192 5006
9360 2 2 2 2 3275 5303 3274
9361 2 2 2 2 1194 5224 5143
9362 2 2 2 2 2154 5139 2156
9363 2 2 2 2 4994 5164 2889
9364 2 2 2 2 4508 5312 2847
9365 2 2 2 2 5249 5303 3275
9366 2 2 2 2 942 5063 889
9367 2 2 2 2 3307 5093 2711
9368 2 2 2 2 2156 5139 3153
9369 2 2 2 2 2313 5241 5020
9370 2 2 2 2 889 5063 891
9371 2 2 2 2 1136 4995 4879
9372 2 2 2 2 989 5240 4090
9373 2 2 2 2 923 4906 4757
9374 2 2 2 2 4239 5176 5146
9375 2 2 2 2 2713 5050 4045
9376 2 2 2 2 2476 5189 5008
9377 2 2 2 2 5315 5490 2354
9378 2 2 2 2 5070 5180 2258
9379 2 2 2 2 2551 5126 4907
9380 2 2 2 2 4143 4848 4827
9381 2 2 2 2 2087 5294 2205
9382 2 2 2 2 4810 5283 4591
9383 2 2 2 2 5020 5241 5171
9384 2 2 2 2 4045 5222 4116
9385 2 2 2 2 3417 5165 3419
9386 2 2 2 2 2584 5152 2586
9387 2 2 2 2 4275 5274 4181
9388 2 2 2 2 4966 5029 2922
9389 2 2 2 2 1350 5286 4736
9390 2 2 2 2 5418 5429 1217
9391 2 2 2 2 4340 5163 4341
9392 2 2 2 2 4999 5096 1777
9393 2 2 2 2 3020 5010 3002
9394 2 2 2 2 607 5104 1819
9395 2 2 2 2 4980 5234 1279
9396 2 2 2 2 4866 5187 4867
9397 2 2 2 2 5015 5113 1370
9398 2 2 2 2 3312 5361 3313
9399 2 2 2 2 1325 5065 4016
9400 2 2 2 2 3918 5191 2781
9401 2 2 2 2 5106 5110 2887
9402 2 2 2 2 2599 5513 4815
9403 2 2 2 2 5151 5250 4216
9404 2 2 2 2 37 5368 348
9405 2 2 2 2 2558 5293 4338
9406 2 2 2 2 4648 5055 1514
9407 2 2 2 2 3642 5344 5316
9408 2 2 2 2 5186 5216 1980
9409 2 2 2 2 340 5150 43
9410 2 2 2 2 4211 5135 4564
9411 2 2 2 2 1512 4361 1503
9412 2 2 2 2 4213 5210 4210
9413 2 2 2 2 3018 5462 5458
9414 2 2 2 2 1153 5372 1154
9415 2 2 2 2 1118 5173 1829
9416 2 2 2 2 2280 5067 2278
9417 2 2 2 2 3183 5159 3232
9418 2 2 2 2 617 5267 4819
9419 2 2 2 2 4857 5111 474
9420 2 2 2 2 4016 5065 5039
9421 2 2 2 2 4334 5393 4038
9422 2 2 2 2 787 5331 1774
9423 2 2 2 2 5321 5389 3099
9424 2 2 2 2 4687 4991 1823
9425 2 2 2 2 4564 4889 1096
9426 2 2 2 2 5050 5222 4045
9427 2 2 2 2 3991 5110 5106
9428 2 2 2 2 5136 5178 3979
9429 2 2 2 2 3289 5186 3187
9430 2 2 2 2 2890 5137 4350
9431 2 2 2 2 3043 5182 2958
9432 2 2 2 2 3379 5239 2950
9433 2 2 2 2 4740 4986 2931
9434 2 2 2 2 2427 4529 2160
9435 2 2 2 2 5165 5226 4276
9436 2 2 2 2 1361 5121 4949
9437 2 2 2 2 3296 5187 4866
9438 2 2 2 2 1342 5272 1340
9439 2 2 2 2 632 5141 633
9440 2 2 2 2 3673 5130 2943
9441 2 2 2 2 3028 5002 4824
9442 2 2 2 2 1061 5245 1063
9443 2 2 2 2 3341 5078 1094
9444 2 2 2 2 4299 5404 5403
9445 2 2 2 2 506 5220 511
9446 2 2 2 2 3289 5216 5186
9447 2 2 2 2 2788 5218 3479
9448 2 2 2 2 2145 4084 2528
9449 2 2 2 2 2215 5523 2790
9450 2 2 2 2 5303 5331 3886
9451 2 2 2 2 5430 5452 4546
9452 2 2 2 2 3314 5428 5379
9453 2 2 2 2 4770 5252 2228
9454 2 2 2 2 280 4202 279
9455 2 2 2 2 1409 5334 1338
9456 2 2 2 2 1193 5197 1294
9457 2 2 2 2 5155 5178 2225
9458 2 2 2 2 4170 5149 3592
9459 2 2 2 2 4216 5250 1504
9460 2 2 2 2 2251 5076 2939
9461 2 2 2 2 1016 5129 974
9462 2 2 2 2 2991 5605 3553
9463 2 2 2 2 2049 4373 1900
9464 2 2 2 2 3308 5412 4715
9465 2 2 2 2 2892 5000 4840
9466 2 2 2 2 2161 4515 1907
9467 2 2 2 2 4286 5304 4972
9468 2 2 2 2 2961 5347 5278
9469 2 2 2 2 1209 4962 1211
9470 2 2 2 2 1096 4889 4835
9471 2 2 2 2 4329 5132 5045
9472 2 2 2 2 5052 5204 5077
9473 2 2 2 2 2974 5301 4002
9474 2 2 2 2 5196 5241 2313
9475 2 2 2 2 2834 3846 2836
9476 2 2 2 2 1455 5273 1458
9477 2 2 2 2 3065 5198 2255
9478 2 2 2 2 5429 5435 4407
9479 2 2 2 2 4919 5266 2315
9480 2 2 2 2 2336 5537 3347
9481 2 2 2 2 4949 5121 5060
9482 2 2 2 2 4787 5185 1411
9483 2 2 2 2 2537 4851 2536
9484 2 2 2 2 2204 5228 4365
9485 2 2 2 2 2962 5325 5311
9486 2 2 2 2 2225 5178 4646
9487 2 2 2 2 5202 5261 3990
9488 2 2 2 2 4678 5235 1359
9489 2 2 2 2 3463 5190 3444
9490 2 2 2 2 3444 5190 3405
9491 2 2 2 2 1096 4835 1082
9492 2 2 2 2 4046 5160 2218
9493 2 2 2 2 756 5168 5026
9494 2 2 2 2 4650 5193 5140
9495 2 2 2 2 5023 5155 2225
9496 2 2 2 2 2833 5057 5056
9497 2 2 2 2 5251 5327 3309
9498 2 2 2 2 2707 5074 2465
9499 2 2 2 2 4251 5346 4250
9500 2 2 2 2 3862 5353 1335
9501 2 2 2 2 4251 5383 5346
9502 2 2 2 2 4793 5454 5440
9503 2 2 2 2 2952 5322 2400
9504 2 2 2 2 1574 4263 1923
9505 2 2 2 2 5243 5307 2572
9506 2 2 2 2 734 5290 4605
9507 2 2 2 2 2788 5322 5218
9508 2 2 2 2 3804 4849 3620
9509 2 2 2 2 1161 5344 4909
9510 2 2 2 2 5259 5321 2851
9511 2 2 2 2 3551 5192 3283
9512 2 2 2 2 1967 5137 2456
9513 2 2 2 2 831 5069 2906
9514 2 2 2 2 4911 5156 1632
9515 2 2 2 2 4778 5315 4779
9516 2 2 2 2 3266 5186 1980
9517 2 2 2 2 3296 5248 5187
9518 2 2 2 2 4611 5206 5117
9519 2 2 2 2 2532 5310 2083
9520 2 2 2 2 3920 5231 5205
9521 2 2 2 2 974 5129 4888
9522 2 2 2 2 2592 5219 2594
9523 2 2 2 2 4987 5053 1665
9524 2 2 2 2 3402 4374 2676
9525 2 2 2 2 2988 5366 4671
9526 2 2 2 2 2312 5153 4101
9527 2 2 2 2 1226 5276 1373
9528 2 2 2 2 2081 5296 2532
9529 2 2 2 2 3940 5279 3307
9530 2 2 2 2 416 5085 418
9531 2 2 2 2 3322 5411 5392
9532 2 2 2 2 3303 5246 4969
9533 2 2 2 2 3990 5261 3941
9534 2 2 2 2 4883 5233 3656
9535 2 2 2 2 2033 5737 5732
9536 2 2 2 2 1157 5316 1158
9537 2 2 2 2 789 4059 807
9538 2 2 2 2 1406 5203 1403
9539 2 2 2 2 3328 5436 5410
9540 2 2 2 2 3543 5238 2996
9541 2 2 2 2 3745 5257 3746
9542 2 2 2 2 2489 5292 5260
9543 2 2 2 2 3405 5190 4903
9544 2 2 2 2 4491 4492 3233
9545 2 2 2 2 3994 5314 5302
9546 2 2 2 2 5289 5393 4334
9547 2 2 2 2 5392 5411 3659
9548 2 2 2 2 1568 5217 1902
9549 2 2 2 2 2137 5251 2136
9550 2 2 2 2 5043 5402 2498
9551 2 2 2 2 4199 5243 4270
9552 2 2 2 2 4556 5354 5352
9553 2 2 2 2 4681 5236 4680
9554 2 2 2 2 4171 4899 4601
9555 2 2 2 2 5199 5220 508
9556 2 2 2 2 1150 5405 1153
9557 2 2 2 2 1336 5223 3986
9558 2 2 2 2 583 5386 582
9559 2 2 2 2 2525 5206 3287
9560 2 2 2 2 636 5159 3766
9561 2 2 2 2 4020 5227 5219
9562 2 2 2 2 4262 5181 4159
9563 2 2 2 2 4708 5164 4994
9564 2 2 2 2 3429 5340 3432
9565 2 2 2 2 512 5199 508
9566 2 2 2 2 3320 5369 5367
9567 2 2 2 2 4688 5234 4291
9568 2 2 2 2 3340 5519 3341
9569 2 2 2 2 5020 5171 2914
9570 2 2 2 2 1230 5167 1432
9571 2 2 2 2 4408 5254 285
9572 2 2 2 2 5222 5275 1619
9573 2 2 2 2 4680 5244 4212
9574 2 2 2 2 921 5230 4378
9575 2 2 2 2 584 5339 580
9576 2 2 2 2 5102 5246 4908
9577 2 2 2 2 4396 5285 5215
9578 2 2 2 2 5274 5340 4181
9579 2 2 2 2 480 5196 2313
9580 2 2 2 2 3868 5288 3303
9581 2 2 2 2 2285 5208 2574
9582 2 2 2 2 1334 5352 4761
9583 2 2 2 2 1540 5204 5052
9584 2 2 2 2 4750 5180 2902
9585 2 2 2 2 4976 5164 918
9586 2 2 2 2 3614 5242 2929
9587 2 2 2 2 4299 5419 4936
9588 2 2 2 2 2235 5357 3249
9589 2 2 2 2 3009 5466 3679
9590 2 2 2 2 3291 5205 4910
9591 2 2 2 2 5226 5273 4276
9592 2 2 2 2 4867 5187 5127
9593 2 2 2 2 2945 5193 4650
9594 2 2 2 2 5068 5184 2006
9595 2 2 2 2 2975 5350 4524
9596 2 2 2 2 5453 5466 2325
9597 2 2 2 2 3721 5329 4568
9598 2 2 2 2 2673 4466 2671
9599 2 2 2 2 2281 5211 2283
9600 2 2 2 2 3042 5317 2957
9601 2 2 2 2 5187 5248 2897
9602 2 2 2 2 5218 5322 3460
9603 2 2 2 2 1403 5203 1402
9604 2 2 2 2 3341 5526 5119
9605 2 2 2 2 5367 5369 2213
9606 2 2 2 2 450 5385 452
9607 2 2 2 2 4297 5387 4295
9608 2 2 2 2 2123 5365 454
9609 2 2 2 2 5448 5474 3438
9610 2 2 2 2 3908 5067 2280
9611 2 2 2 2 1901 5348 2049
9612 2 2 2 2 2847 5312 3263
9613 2 2 2 2 4019 5035 4020
9614 2 2 2 2 778 5380 4475
9615 2 2 2 2 2218 5160 5098
9616 2 2 2 2 3282 5317 5253
9617 2 2 2 2 578 5339 3903
9618 2 2 2 2 3328 5410 2610
9619 2 2 2 2 4948 5227 4494
9620 2 2 2 2 3059 5607 4008
9621 2 2 2 2 2992 5423 3220
9622 2 2 2 2 2212 5174 2498
9623 2 2 2 2 703 5349 2317
9624 2 2 2 2 2336 5550 5537
9625 2 2 2 2 3707 4277 1626
9626 2 2 2 2 3338 5183 2963
9627 2 2 2 2 5231 5266 4910
9628 2 2 2 2 4931 5200 4738
9629 2 2 2 2 4483 5359 2351
9630 2 2 2 2 1460 5226 1571
9631 2 2 2 2 316 5671 3567
9632 2 2 2 2 5237 5260 3249
9633 2 2 2 2 2943 5130 4937
9634 2 2 2 2 1807 5430 4546
9635 2 2 2 2 1940 5406 1942
9636 2 2 2 2 1336 5271 5223
9637 2 2 2 2 5258 5293 2558
9638 2 2 2 2 4681 5247 5236
9639 2 2 2 2 285 5356 39
9640 2 2 2 2 5245 5375 1063
9641 2 2 2 2 5217 5262 1902
9642 2 2 2 2 1980 5216 5088
9643 2 2 2 2 1199 4734 1014
9644 2 2 2 2 5273 5274 4276
9645 2 2 2 2 4791 5518 5511
9646 2 2 2 2 4075 5232 4076
9647 2 2 2 2 5148 5177 3288
9648 2 2 2 2 4614 5252 4770
9649 2 2 2 2 3297 5248 3296
9650 2 2 2 2 5474 5494 3440
9651 2 2 2 2 4655 5720 5710
9652 2 2 2 2 3766 5144 5094
9653 2 2 2 2 3667 5302 5090
9654 2 2 2 2 2853 5309 1805
9655 2 2 2 2 4873 5295 3275
9656 2 2 2 2 508 5220 506
9657 2 2 2 2 4909 5344 3638
9658 2 2 2 2 4812 5477 2354
9659 2 2 2 2 5483 5493 2930
9660 2 2 2 2 4200 5394 5336
9661 2 2 2 2 2883 5392 3659
9662 2 2 2 2 3008 5485 3020
9663 2 2 2 2 2315 5231 4978
9664 2 2 2 2 4273 5360 4555
9665 2 2 2 2 5306 5323 1645
9666 2 2 2 2 3315 5379 4731
9667 2 2 2 2 2731 5233 4883
9668 2 2 2 2 2761 5287 5279
9669 2 2 2 2 4524 5350 3737
9670 2 2 2 2 3357 5569 3358
9671 2 2 2 2 5219 5227 2594
9672 2 2 2 2 1012 5224 1194
9673 2 2 2 2 4015 4970 1609
9674 2 2 2 2 4910 5266 3294
9675 2 2 2 2 4200 5243 4199
9676 2 2 2 2 2141 5445 5439
9677 2 2 2 2 2502 4405 2056
9678 2 2 2 2 5407 5490 3234
9679 2 2 2 2 561 5179 563
9680 2 2 2 2 4365 5228 2947
9681 2 2 2 2 2492 5237 2941
9682 2 2 2 2 5077 5204 3292
9683 2 2 2 2 5309 5401 4100
9684 2 2 2 2 1494 4986 4740
9685 2 2 2 2 2574 5236 4863
9686 2 2 2 2 4002 5301 5188
9687 2 2 2 2 2545 5268 5181
9688 2 2 2 2 5089 5263 5247
9689 2 2 2 2 5089 5247 4681
9690 2 2 2 2 2218 5098 4621
9691 2 2 2 2 3194 5378 3699
9692 2 2 2 2 4094 5343 4973
9693 2 2 2 2 499 5590 5585
9694 2 2 2 2 4557 5363 1807
9695 2 2 2 2 4243 5258 4301
9696 2 2 2 2 5127 5187 2897
9697 2 2 2 2 2977 5305 4777
9698 2 2 2 2 4673 5384 4672
9699 2 2 2 2 1872 5415 5390
9700 2 2 2 2 2959 5342 5219
9701 2 2 2 2 1805 5309 4100
9702 2 2 2 2 968 5035 5005
9703 2 2 2 2 3187 5074 2707
9704 2 2 2 2 4284 5343 4283
9705 2 2 2 2 2761 5279 734
9706 2 2 2 2 4378 5241 5196
9707 2 2 2 2 2948 5118 5066
9708 2 2 2 2 2897 5248 2038
9709 2 2 2 2 5000 5082 4840
9710 2 2 2 2 2221 5085 416
9711 2 2 2 2 3727 5256 3246
9712 2 2 2 2 2479 5280 2765
9713 2 2 2 2 4213 5211 5210
9714 2 2 2 2 4978 5231 3920
9715 2 2 2 2 5236 5244 4680
9716 2 2 2 2 4863 5247 2578
9717 2 2 2 2 5200 5201 4739
9718 2 2 2 2 2352 5445 2141
9719 2 2 2 2 5007 5181 4262
9720 2 2 2 2 5146 5176 2926
9721 2 2 2 2 5156 5451 1632
9722 2 2 2 2 3941 5290 3940
9723 2 2 2 2 1736 5403 4795
9724 2 2 2 2 3766 5159 5144
9725 2 2 2 2 4179 5295 2571
9726 2 2 2 2 2599 5514 5508
9727 2 2 2 2 2753 5377 2816
9728 2 2 2 2 4738 5200 4739
9729 2 2 2 2 2343 5211 2281
9730 2 2 2 2 3280 5275 3279
9731 2 2 2 2 5066 5118 2256
9732 2 2 2 2 5408 5433 4180
9733 2 2 2 2 2703 5281 2491
9734 2 2 2 2 5207 5215 2570
9735 2 2 2 2 4564 5135 4337
9736 2 2 2 2 3297 5284 5248
9737 2 2 2 2 5442 5446 3311
9738 2 2 2 2 5250 5259 4648
9739 2 2 2 2 2490 5260 5237
9740 2 2 2 2 4658 5267 617
9741 2 2 2 2 1290 5416 832
9742 2 2 2 2 3760 5271 1336
9743 2 2 2 2 5536 5543 3019
9744 2 2 2 2 1571 5226 5165
9745 2 2 2 2 5236 5247 4863
9746 2 2 2 2 1355 5414 1357
9747 2 2 2 2 1123 5269 1122
9748 2 2 2 2 4253 5383 4251
9749 2 2 2 2 3332 5515 3333
9750 2 2 2 2 3797 5282 2736
9751 2 2 2 2 3961 5460 1701
9752 2 2 2 2 3147 5754 3118
9753 2 2 2 2 2569 5327 2881
9754 2 2 2 2 5407 5438 2394
9755 2 2 2 2 3994 5302 3667
9756 2 2 2 2 4475 5291 1775
9757 2 2 2 2 1709 5409 1705
9758 2 2 2 2 5261 5290 3941
9759 2 2 2 2 3620 4849 3618
9760 2 2 2 2 3278 5550 2336
9761 2 2 2 2 5456 5459 3000
9762 2 2 2 2 2574 5244 5236
9763 2 2 2 2 5277 5335 1589
9764 2 2 2 2 5336 5394 4480
9765 2 2 2 2 1065 5375 1095
9766 2 2 2 2 3344 5473 3008
9767 2 2 2 2 3780 3846 2834
9768 2 2 2 2 4908 5246 920
9769 2 2 2 2 5031 5207 2905
9770 2 2 2 2 4621 5098 4801
9771 2 2 2 2 2723 5308 2725
9772 2 2 2 2 5142 5225 2092
9773 2 2 2 2 997 5394 4200
9774 2 2 2 2 5701 5718 3385
9775 2 2 2 2 3886 5331 5026
9776 2 2 2 2 1092 5245 1061
9777 2 2 2 2 4638 5225 5142
9778 2 2 2 2 5640 5644 61
9779 2 2 2 2 5361 5374 1373
9780 2 2 2 2 4337 5135 4520
9781 2 2 2 2 2594 5227 4948
9782 2 2 2 2 4777 5305 2959
9783 2 2 2 2 1281 5528 4788
9784 2 2 2 2 4457 5270 4075
9785 2 2 2 2 1281 5532 5528
9786 2 2 2 2 4807 5287 2761
9787 2 2 2 2 2971 5354 2596
9788 2 2 2 2 1649 3985 1651
9789 2 2 2 2 5279 5287 3307
9790 2 2 2 2 3308 5416 5391
9791 2 2 2 2 1443 5351 4919
9792 2 2 2 2 3280 5201 5200
9793 2 2 2 2 5247 5263 2578
9794 2 2 2 2 850 5318 1033
9795 2 2 2 2 4041 4120 3363
9796 2 2 2 2 3299 5284 3297
9797 2 2 2 2 4581 5268 2545
9798 2 2 2 2 5089 5328 5263
9799 2 2 2 2 1345 5286 1347
9800 2 2 2 2 3676 5277 3669
9801 2 2 2 2 5248 5284 2038
9802 2 2 2 2 615 5547 5384
9803 2 2 2 2 3460 5322 5320
9804 2 2 2 2 4591 5283 2352
9805 2 2 2 2 4921 5194 4873
9806 2 2 2 2 4244 5293 4243
9807 2 2 2 2 4760 5325 2962
9808 2 2 2 2 1701 5460 1698
9809 2 2 2 2 4377 5301 3760
9810 2 2 2 2 4176 5486 3332
9811 2 2 2 2 3799 5457 1360
9812 2 2 2 2 4395 5215 5031
9813 2 2 2 2 3303 5288 5246
9814 2 2 2 2 4182 5478 791
9815 2 2 2 2 626 5421 4615
9816 2 2 2 2 2135 5342 4915
9817 2 2 2 2 2949 5314 5193
9818 2 2 2 2 2961 5278 2129
9819 2 2 2 2 2325 5432 2058
9820 2 2 2 2 3433 5415 3436
9821 2 2 2 2 5328 5375 4297
9822 2 2 2 2 3760 5301 5271
9823 2 2 2 2 3935 5478 3001
9824 2 2 2 2 3016 5370 3014
9825 2 2 2 2 4110 5264 4039
9826 2 2 2 2 2335 5417 4821
9827 2 2 2 2 4344 5367 5334
9828 2 2 2 2 4288 5304 4286
9829 2 2 2 2 2637 5431 3067
9830 2 2 2 2 5061 5263 4296
9831 2 2 2 2 432 5571 434
9832 2 2 2 2 1642 5434 1644
9833 2 2 2 2 1340 5272 1409
9834 2 2 2 2 4669 5421 4668
9835 2 2 2 2 4297 5375 5245
9836 2 2 2 2 3265 5241 4378
9837 2 2 2 2 2497 5450 3010
9838 2 2 2 2 2545 5181 5007
9839 2 2 2 2 546 5420 542
9840 2 2 2 2 5215 5285 2570
9841 2 2 2 2 2986 5412 3308
9842 2 2 2 2 5434 5487 3723
9843 2 2 2 2 1446 5397 2990
9844 2 2 2 2 2829 5298 4009
9845 2 2 2 2 2038 5284 4742
9846 2 2 2 2 2315 5266 5231
9847 2 2 2 2 2570 5285 975
9848 2 2 2 2 2595 5401 4924
9849 2 2 2 2 4638 5501 5225
9850 2 2 2 2 3592 5149 3749
9851 2 2 2 2 4350 5137 1967
9852 2 2 2 2 5208 5244 2574
9853 2 2 2 2 5087 5336 2603
9854 2 2 2 2 5272 5313 1409
9855 2 2 2 2 4535 5313 5272
9856 2 2 2 2 2139 5400 2595
9857 2 2 2 2 4403 5307 5087
9858 2 2 2 2 5026 5331 779
9859 2 2 2 2 4332 5358 2971
9860 2 2 2 2 2767 5411 3322
9861 2 2 2 2 3264 5230 4525
9862 2 2 2 2 2085 5294 2087
9863 2 2 2 2 4243 5293 5258
9864 2 2 2 2 4731 5379 4730
9865 2 2 2 2 5148 5277 5177
9866 2 2 2 2 5180 5253 2258
9867 2 2 2 2 4075 5270 5232
9868 2 2 2 2 4185 5562 5548
9869 2 2 2 2 2079 5296 2081
9870 2 2 2 2 2970 5407 3234
9871 2 2 2 2 2210 5318 848
9872 2 2 2 2 5245 5387 4297
9873 2 2 2 2 5402 5547 4687
9874 2 2 2 2 2400 5322 2788
9875 2 2 2 2 5320 5322 2952
9876 2 2 2 2 2352 5447 5445
9877 2 2 2 2 610 5179 561
9878 2 2 2 2 5246 5288 920
9879 2 2 2 2 5325 5363 2906
9880 2 2 2 2 4378 5230 3264
9881 2 2 2 2 3949 5311 874
9882 2 2 2 2 5210 5211 2343
9883 2 2 2 2 2258 5253 1867
9884 2 2 2 2 3636 5297 1433
9885 2 2 2 2 2470 5432 4818
9886 2 2 2 2 2578 5263 5061
9887 2 2 2 2 1972 5289 1732
9888 2 2 2 2 3676 5335 5277
9889 2 2 2 2 5031 5215 5207
9890 2 2 2 2 1774 5249 4829
9891 2 2 2 2 3237 5437 2956
9892 2 2 2 2 4362 5472 4363
9893 2 2 2 2 2085 5310 5294
9894 2 2 2 2 2983 5425 3311
9895 2 2 2 2 2485 5299 2489
9896 2 2 2 2 1095 5328 5089
9897 2 2 2 2 5692 5712 5239
9898 2 2 2 2 3901 5391 1290
9899 2 2 2 2 2861 5549 3750
9900 2 2 2 2 5390 5415 3432
9901 2 2 2 2 4198 5449 715
9902 2 2 2 2 4637 5491 4638
9903 2 2 2 2 1589 5335 4406
9904 2 2 2 2 5171 5241 3265
9905 2 2 2 2 3281 5201 3280
9906 2 2 2 2 3778 5739 3777
9907 2 2 2 2 5400 5401 2595
9908 2 2 2 2 2955 5319 3265
9909 2 2 2 2 2540 5424 3366
9910 2 2 2 2 456 5365 459
9911 2 2 2 2 4181 5340 3429
9912 2 2 2 2 4637 5500 5491
9913 2 2 2 2 4894 5374 2978
9914 2 2 2 2 4008 5612 3059
9915 2 2 2 2 5177 5277 1589
9916 2 2 2 2 3083 5389 5321
9917 2 2 2 2 2458 5489 5348
9918 2 2 2 2 4546 5452 1006
9919 2 2 2 2 2627 5588 4954
9920 2 2 2 2 5317 5337 2366
9921 2 2 2 2 3567 5684 316
9922 2 2 2 2 2962 5311 5221
9923 2 2 2 2 2828 5418 3310
9924 2 2 2 2 920 5288 4547
9925 2 2 2 2 3321 5369 3320
9926 2 2 2 2 3669 5277 5148
9927 2 2 2 2 2941 5357 4461
9928 2 2 2 2 1152 5426 1151
9929 2 2 2 2 5436 5455 2662
9930 2 2 2 2 3311 5425 5003
9931 2 2 2 2 3083 5321 3084
9932 2 2 2 2 852 5324 854
9933 2 2 2 2 3263 5312 4763
9934 2 2 2 2 5515 5531 3333
9935 2 2 2 2 2790 5523 5500
9936 2 2 2 2 5486 5515 3332
9937 2 2 2 2 3310 5422 2979
9938 2 2 2 2 3633 5507 3635
9939 2 2 2 2 5237 5357 2941
9940 2 2 2 2 3024 5464 3723
9941 2 2 2 2 834 5416 4715
9942 2 2 2 2 5269 5332 1122
9943 2 2 2 2 3234 5315 4778
9944 2 2 2 2 3281 5229 5201
9945 2 2 2 2 4715 5416 3308
9946 2 2 2 2 5484 5522 2641
9947 2 2 2 2 707 5475 953
9948 2 2 2 2 3340 5536 5519
9949 2 2 2 2 2969 5447 3000
9950 2 2 2 2 1357 5414 4887
9951 2 2 2 2 5348 5489 3966
9952 2 2 2 2 5315 5477 4779
9953 2 2 2 2 609 5442 603
9954 2 2 2 2 2083 5310 2085
9955 2 2 2 2 3550 5545 5533
9956 2 2 2 2 4572 5326 4570
9957 2 2 2 2 4514 5367 2213
9958 2 2 2 2 2977 5433 5408
9959 2 2 2 2 3250 5292 3786
9960 2 2 2 2 3249 5357 5237
9961 2 2 2 2 5424 5633 3360
9962 2 2 2 2 1103 5276 1226
9963 2 2 2 2 5219 5342 4020
9964 2 2 2 2 5263 5328 4296
9965 2 2 2 2 3344 5483 5473
9966 2 2 2 2 3084 5259 5250
9967 2 2 2 2 4534 5313 4535
9968 2 2 2 2 4020 5342 2135
9969 2 2 2 2 5171 5319 4012
9970 2 2 2 2 1645 5323 1343
9971 2 2 2 2 3084 5321 5259
9972 2 2 2 2 2346 5314 3994
9973 2 2 2 2 5531 5538 3387
9974 2 2 2 2 3003 5478 4182
9975 2 2 2 2 4648 5259 5055
9976 2 2 2 2 4919 5351 5266
9977 2 2 2 2 5193 5314 2346
9978 2 2 2 2 1338 5334 495
9979 2 2 2 2 3682 5350 2975
9980 2 2 2 2 38 5368 37
9981 2 2 2 2 4296 5328 4297
9982 2 2 2 2 2596 5354 2604
9983 2 2 2 2 2954 5306 2955
9984 2 2 2 2 4929 5428 3314
9985 2 2 2 2 4760 5363 5325
9986 2 2 2 2 5183 5492 4786
9987 2 2 2 2 4464 5494 4465
9988 2 2 2 2 5005 5035 4019
9989 2 2 2 2 3322 5327 5251
9990 2 2 2 2 2999 5433 2840
9991 2 2 2 2 33 5498 295
9992 2 2 2 2 4745 5330 3277
9993 2 2 2 2 1157 5372 3715
9994 2 2 2 2 3326 5505 5496
9995 2 2 2 2 3011 5481 3695
9996 2 2 2 2 1774 5303 5249
9997 2 2 2 2 854 5345 856
9998 2 2 2 2 705 5349 703
9999 2 2 2 2 870 5396 1492
10000 2 2 2 2 3310 5418 5051
10001 2 2 2 2 3000 5459 2615
10002 2 2 2 2 2254 5456 4810
10003 2 2 2 2 5532 5541 3353
10004 2 2 2 2 5307 5336 5087
10005 2 2 2 2 991 5441 992
10006 2 2 2 2 777 5471 863
10007 2 2 2 2 3030 5717 3846
10008 2 2 2 2 4341 5383 2516
10009 2 2 2 2 1902 5262 4823
10010 2 2 2 2 580 5339 578
10011 2 2 2 2 5352 5358 4761
10012 2 2 2 2 1122 5332 2758
10013 2 2 2 2 3007 5482 2616
10014 2 2 2 2 3279 5275 5222
10015 2 2 2 2 1917 5333 2752
10016 2 2 2 2 3347 5517 5482
10017 2 2 2 2 1158 5316 1161
10018 2 2 2 2 1287 5479 1109
10019 2 2 2 2 2366 5337 2998
10020 2 2 2 2 4979 5444 1793
10021 2 2 2 2 5327 5392 2881
10022 2 2 2 2 2046 5436 2662
10023 2 2 2 2 3610 5625 1432
10024 2 2 2 2 3273 5380 4731
10025 2 2 2 2 3307 5287 5093
10026 2 2 2 2 4269 5659 5101
10027 2 2 2 2 1872 5390 1454
10028 2 2 2 2 2960 5451 3316
10029 2 2 2 2 2906 5363 4557
10030 2 2 2 2 5324 5345 854
10031 2 2 2 2 2021 5488 2795
10032 2 2 2 2 3174 5338 2458
10033 2 2 2 2 893 5422 5420
10034 2 2 2 2 4200 5307 5243
10035 2 2 2 2 3313 5361 4396
10036 2 2 2 2 1092 5404 5387
10037 2 2 2 2 3274 5303 3886
10038 2 2 2 2 4109 5362 3959
10039 2 2 2 2 2576 5347 3066
10040 2 2 2 2 1454 5390 1456
10041 2 2 2 2 2357 5492 5183
10042 2 2 2 2 4556 5352 1334
10043 2 2 2 2 2957 5317 3282
10044 2 2 2 2 5558 5581 3012
10045 2 2 2 2 3700 5373 3188
10046 2 2 2 2 2055 5348 1901
10047 2 2 2 2 5306 5319 2955
10048 2 2 2 2 779 5331 787
10049 2 2 2 2 3294 5351 4508
10050 2 2 2 2 4441 5470 4440
10051 2 2 2 2 3018 5458 3004
10052 2 2 2 2 713 5449 717
10053 2 2 2 2 1744 5408 4180
10054 2 2 2 2 5138 5330 3309
10055 2 2 2 2 5266 5351 3294
10056 2 2 2 2 5356 5368 38
10057 2 2 2 2 3322 5392 5327
10058 2 2 2 2 5276 5361 1373
10059 2 2 2 2 4399 5576 1640
10060 2 2 2 2 4042 5643 5623
10061 2 2 2 2 5283 5447 2352
10062 2 2 2 2 3798 5457 3799
10063 2 2 2 2 4264 5521 4057
10064 2 2 2 2 4830 5341 778
10065 2 2 2 2 5260 5292 3250
10066 2 2 2 2 3595 5642 3343
10067 2 2 2 2 1492 5396 5381
10068 2 2 2 2 5452 5487 1006
10069 2 2 2 2 3277 5330 5138
10070 2 2 2 2 5069 5325 2906
10071 2 2 2 2 436 5557 438
10072 2 2 2 2 3699 5366 2988
10073 2 2 2 2 5359 5364 2351
10074 2 2 2 2 1149 5405 1150
10075 2 2 2 2 3265 5319 5171
10076 2 2 2 2 5004 5360 4273
10077 2 2 2 2 4831 5467 3330
10078 2 2 2 2 1456 5274 5273
10079 2 2 2 2 558 5645 556
10080 2 2 2 2 3311 5446 2993
10081 2 2 2 2 5112 5289 1972
10082 2 2 2 2 3344 5493 5483
10083 2 2 2 2 5340 5390 3432
10084 2 2 2 2 4397 5382 2751
10085 2 2 2 2 4795 5404 1092
10086 2 2 2 2 3753 5378 3194
10087 2 2 2 2 3320 5367 4344
10088 2 2 2 2 791 5478 5471
10089 2 2 2 2 2861 5556 5549
10090 2 2 2 2 4484 5359 4483
10091 2 2 2 2 4218 5457 3798
10092 2 2 2 2 1943 5609 1941
10093 2 2 2 2 5143 5453 1524
10094 2 2 2 2 3960 5676 5629
10095 2 2 2 2 4956 5371 3694
10096 2 2 2 2 3316 5451 5156
10097 2 2 2 2 3681 5453 5143
10098 2 2 2 2 5346 5383 4341
10099 2 2 2 2 1092 5387 5245
10100 2 2 2 2 295 5524 32
10101 2 2 2 2 3714 5566 869
10102 2 2 2 2 2881 5392 2883
10103 2 2 2 2 5265 5376 3304
10104 2 2 2 2 2304 5490 2394
10105 2 2 2 2 2971 5358 5352
10106 2 2 2 2 1456 5340 5274
10107 2 2 2 2 3333 5531 3387
10108 2 2 2 2 1335 5353 3768
10109 2 2 2 2 1154 5372 1157
10110 2 2 2 2 1566 5453 2325
10111 2 2 2 2 4480 5394 3323
10112 2 2 2 2 454 5365 456
10113 2 2 2 2 5440 5454 4812
10114 2 2 2 2 3000 5447 5283
10115 2 2 2 2 1006 5487 4304
10116 2 2 2 2 802 5480 790
10117 2 2 2 2 3331 5558 3716
10118 2 2 2 2 5221 5311 3949
10119 2 2 2 2 2985 5391 5308
10120 2 2 2 2 1063 5375 1065
10121 2 2 2 2 3014 5370 3017
10122 2 2 2 2 388 5498 34
10123 2 2 2 2 3092 5389 3083
10124 2 2 2 2 991 5468 5441
10125 2 2 2 2 39 5356 38
10126 2 2 2 2 1373 5374 4894
10127 2 2 2 2 3304 5376 3306
10128 2 2 2 2 2141 5439 5400
10129 2 2 2 2 2213 5369 5004
10130 2 2 2 2 2985 5308 2723
10131 2 2 2 2 2816 5377 3734
10132 2 2 2 2 4821 5468 991
10133 2 2 2 2 4484 5398 5359
10134 2 2 2 2 5112 5393 5289
10135 2 2 2 2 4313 5341 4830
10136 2 2 2 2 3301 5399 3302
10137 2 2 2 2 4295 5387 4298
10138 2 2 2 2 4396 5361 5276
10139 2 2 2 2 4523 5764 5647
10140 2 2 2 2 5379 5428 1997
10141 2 2 2 2 5163 5346 4341
10142 2 2 2 2 615 5385 450
10143 2 2 2 2 4769 5506 2764
10144 2 2 2 2 2394 5490 5407
10145 2 2 2 2 3894 5395 3301
10146 2 2 2 2 2968 5381 3733
10147 2 2 2 2 5403 5419 4299
10148 2 2 2 2 2354 5477 5315
10149 2 2 2 2 4326 5504 1365
10150 2 2 2 2 3305 5265 3304
10151 2 2 2 2 4958 5386 583
10152 2 2 2 2 2617 5517 2936
10153 2 2 2 2 5371 5393 3694
10154 2 2 2 2 4788 5540 3996
10155 2 2 2 2 5016 5454 4793
10156 2 2 2 2 1456 5390 5340
10157 2 2 2 2 3361 5646 3362
10158 2 2 2 2 5185 5485 1411
10159 2 2 2 2 3020 5485 5185
10160 2 2 2 2 3681 5466 5453
10161 2 2 2 2 3220 5423 3783
10162 2 2 2 2 4794 5403 1736
10163 2 2 2 2 4401 5536 3019
10164 2 2 2 2 1750 5461 4846
10165 2 2 2 2 4172 5510 4173
10166 2 2 2 2 2862 5505 2501
10167 2 2 2 2 5395 5399 3301
10168 2 2 2 2 60 5644 312
10169 2 2 2 2 5461 5496 4846
10170 2 2 2 2 5291 5380 3273
10171 2 2 2 2 4730 5379 1997
10172 2 2 2 2 5476 5592 2937
10173 2 2 2 2 5458 5462 863
10174 2 2 2 2 3330 5467 5459
10175 2 2 2 2 3243 5411 2767
10176 2 2 2 2 832 5416 834
10177 2 2 2 2 2016 5579 4195
10178 2 2 2 2 3362 5652 3364
10179 2 2 2 2 2995 5430 4760
10180 2 2 2 2 1942 5406 2448
10181 2 2 2 2 1793 5446 5442
10182 2 2 2 2 4100 5401 3762
10183 2 2 2 2 2365 5397 1446
10184 2 2 2 2 5360 5369 3321
10185 2 2 2 2 1436 5414 1355
10186 2 2 2 2 2141 5400 2139
10187 2 2 2 2 4698 5508 4694
10188 2 2 2 2 5413 5443 3677
10189 2 2 2 2 5004 5369 5360
10190 2 2 2 2 4672 5384 5042
10191 2 2 2 2 3347 5417 2335
10192 2 2 2 2 5374 5410 2978
10193 2 2 2 2 4110 5265 5264
10194 2 2 2 2 2618 5469 2619
10195 2 2 2 2 5071 5483 2930
10196 2 2 2 2 5387 5404 4298
10197 2 2 2 2 4298 5404 4299
10198 2 2 2 2 3762 5401 5400
10199 2 2 2 2 4200 5336 5307
10200 2 2 2 2 4695 5501 4693
10201 2 2 2 2 3308 5391 2985
10202 2 2 2 2 5467 5469 2618
10203 2 2 2 2 1705 5409 1713
10204 2 2 2 2 2993 5446 3342
10205 2 2 2 2 30 5530 344
10206 2 2 2 2 3932 5364 4293
10207 2 2 2 2 2995 5452 5430
10208 2 2 2 2 3135 5407 2970
10209 2 2 2 2 2070 5529 2361
10210 2 2 2 2 3634 5463 3644
10211 2 2 2 2 2915 5465 5444
10212 2 2 2 2 5335 5443 4152
10213 2 2 2 2 3432 5415 3433
10214 2 2 2 2 4701 5516 4699
10215 2 2 2 2 3715 5372 5212
10216 2 2 2 2 4687 5547 4991
10217 2 2 2 2 4595 5413 3677
10218 2 2 2 2 717 5495 711
10219 2 2 2 2 848 5318 850
10220 2 2 2 2 5527 5529 3803
10221 2 2 2 2 4279 5600 3345
10222 2 2 2 2 1432 5641 3610
10223 2 2 2 2 5381 5396 3733
10224 2 2 2 2 2840 5433 2977
10225 2 2 2 2 1608 5560 1877
10226 2 2 2 2 1997 5428 2010
10227 2 2 2 2 2610 5410 3312
10228 2 2 2 2 5410 5436 2978
10229 2 2 2 2 4668 5421 626
10230 2 2 2 2 2703 5507 5281
10231 2 2 2 2 4052 5497 4050
10232 2 2 2 2 4968 5502 2355
10233 2 2 2 2 3006 5418 2828
10234 2 2 2 2 3694 5393 5112
10235 2 2 2 2 2090 5514 2599
10236 2 2 2 2 3364 5652 5643
10237 2 2 2 2 4304 5434 1642
10238 2 2 2 2 2999 5461 5433
10239 2 2 2 2 2355 5502 2074
10240 2 2 2 2 4042 5623 4790
10241 2 2 2 2 2977 5408 5305
10242 2 2 2 2 4475 5380 5291
10243 2 2 2 2 5359 5398 4293
10244 2 2 2 2 2860 5545 2891
10245 2 2 2 2 2981 5425 2983
10246 2 2 2 2 863 5471 5458
10247 2 2 2 2 1149 5427 5405
10248 2 2 2 2 4915 5408 1744
10249 2 2 2 2 893 5420 546
10250 2 2 2 2 2979 5422 2981
10251 2 2 2 2 5715 5725 1591
10252 2 2 2 2 2538 5424 2540
10253 2 2 2 2 5553 5559 3357
10254 2 2 2 2 4815 5516 2359
10255 2 2 2 2 4936 5419 2613
10256 2 2 2 2 1155 5426 1152
10257 2 2 2 2 5422 5425 2981
10258 2 2 2 2 344 5546 29
10259 2 2 2 2 3534 5554 3970
10260 2 2 2 2 4300 5534 2845
10261 2 2 2 2 4794 5440 5419
10262 2 2 2 2 3006 5429 5418
10263 2 2 2 2 5225 5514 2092
10264 2 2 2 2 2380 5560 3200
10265 2 2 2 2 2636 5431 2637
10266 2 2 2 2 5264 5265 3305
10267 2 2 2 2 2915 5444 4979
10268 2 2 2 2 5305 5408 4915
10269 2 2 2 2 3750 5549 3593
10270 2 2 2 2 859 5396 870
10271 2 2 2 2 5225 5501 4695
10272 2 2 2 2 4885 5429 3006
10273 2 2 2 2 5692 5704 2630
10274 2 2 2 2 2641 5522 4464
10275 2 2 2 2 5419 5440 2613
10276 2 2 2 2 4695 5514 5225
10277 2 2 2 2 3906 5626 3905
10278 2 2 2 2 2058 5432 2470
10279 2 2 2 2 5646 5652 3362
10280 2 2 2 2 5415 5448 3436
10281 2 2 2 2 1408 5572 1231
10282 2 2 2 2 3716 5558 2003
10283 2 2 2 2 2598 5510 4853
10284 2 2 2 2 4793 5440 4794
10285 2 2 2 2 572 5658 570
10286 2 2 2 2 3023 5452 2995
10287 2 2 2 2 4885 5435 5429
10288 2 2 2 2 3330 5459 5456
10289 2 2 2 2 5402 5450 2498
10290 2 2 2 2 5417 5482 3007
10291 2 2 2 2 523 5691 5685
10292 2 2 2 2 3364 5643 4042
10293 2 2 2 2 2956 5437 3231
10294 2 2 2 2 3594 5549 4155
10295 2 2 2 2 5001 5558 3012
10296 2 2 2 2 3747 5439 3324
10297 2 2 2 2 2403 5512 2048
10298 2 2 2 2 2498 5450 2497
10299 2 2 2 2 5439 5445 3324
10300 2 2 2 2 3346 5657 5649
10301 2 2 2 2 992 5441 997
10302 2 2 2 2 1220 5541 1180
10303 2 2 2 2 3040 5535 4222
10304 2 2 2 2 4293 5398 2989
10305 2 2 2 2 376 5699 3604
10306 2 2 2 2 4607 5556 2859
10307 2 2 2 2 5462 5465 4702
10308 2 2 2 2 3431 5663 5611
10309 2 2 2 2 3316 5435 4885
10310 2 2 2 2 2613 5440 4812
10311 2 2 2 2 3977 5486 5464
10312 2 2 2 2 3328 5455 5436
10313 2 2 2 2 27 5551 304
10314 2 2 2 2 3677 5443 3676
10315 2 2 2 2 5002 5532 3353
10316 2 2 2 2 3749 5533 3750
10317 2 2 2 2 2634 5567 3546
10318 2 2 2 2 3604 5713 376
10319 2 2 2 2 4180 5461 1750
10320 2 2 2 2 3324 5445 4743
10321 2 2 2 2 863 5462 4702
10322 2 2 2 2 597 5570 4111
10323 2 2 2 2 3210 5412 2986
10324 2 2 2 2 4375 5651 5579
10325 2 2 2 2 4743 5447 2969
10326 2 2 2 2 4550 5555 3372
10327 2 2 2 2 1793 5442 609
10328 2 2 2 2 1698 5460 1700
10329 2 2 2 2 3300 5581 5575
10330 2 2 2 2 2447 5525 4086
10331 2 2 2 2 5575 5581 2832
10332 2 2 2 2 715 5449 713
10333 2 2 2 2 5664 5722 3058
10334 2 2 2 2 5363 5430 1807
10335 2 2 2 2 5645 5648 1361
10336 2 2 2 2 4702 5465 2915
10337 2 2 2 2 5508 5514 4695
10338 2 2 2 2 5445 5447 4743
10339 2 2 2 2 3653 5451 2960
10340 2 2 2 2 5119 5527 3801
10341 2 2 2 2 3355 5675 5668
10342 2 2 2 2 5666 5764 2014
10343 2 2 2 2 3913 5603 5586
10344 2 2 2 2 3312 5410 5374
10345 2 2 2 2 3043 5563 5182
10346 2 2 2 2 5424 5624 3366
10347 2 2 2 2 5665 5674 2133
10348 2 2 2 2 5444 5465 3342
10349 2 2 2 2 4293 5364 5359
10350 2 2 2 2 5397 5588 2990
10351 2 2 2 2 2831 5564 4582
10352 2 2 2 2 304 5568 26
10353 2 2 2 2 5252 5569 2228
10354 2 2 2 2 5182 5563 919
10355 2 2 2 2 3346 5649 3698
10356 2 2 2 2 3063 5657 3346
10357 2 2 2 2 5472 5632 4363
10358 2 2 2 2 979 5552 1021
10359 2 2 2 2 4760 5430 5363
10360 2 2 2 2 3004 5458 3935
10361 2 2 2 2 4389 5559 4781
10362 2 2 2 2 2048 5512 1924
10363 2 2 2 2 4945 5465 5462
10364 2 2 2 2 2978 5436 2046
10365 2 2 2 2 307 5752 5631
10366 2 2 2 2 3065 5700 5614
10367 2 2 2 2 5539 5592 4670
10368 2 2 2 2 4862 5448 1872
10369 2 2 2 2 4498 5672 1283
10370 2 2 2 2 869 5566 858
10371 2 2 2 2 3679 5466 3681
10372 2 2 2 2 3977 5464 3024
10373 2 2 2 2 5444 5446 1793
10374 2 2 2 2 541 5576 549
10375 2 2 2 2 2615 5459 2618
10376 2 2 2 2 5394 5441 3323
10377 2 2 2 2 4324 5473 1987
10378 2 2 2 2 4440 5470 388
10379 2 2 2 2 5025 5539 4670
10380 2 2 2 2 3027 5543 5540
10381 2 2 2 2 3330 5456 2254
10382 2 2 2 2 5017 5454 5016
10383 2 2 2 2 1155 5497 5426
10384 2 2 2 2 3441 5522 5484
10385 2 2 2 2 1029 5617 3691
10386 2 2 2 2 2999 5496 5461
10387 2 2 2 2 3057 5584 4259
10388 2 2 2 2 3676 5443 5335
10389 2 2 2 2 3839 5584 3838
10390 2 2 2 2 5528 5540 4788
10391 2 2 2 2 4324 5485 5473
10392 2 2 2 2 919 5563 5557
10393 2 2 2 2 24 5574 329
10394 2 2 2 2 5441 5468 3323
10395 2 2 2 2 5017 5477 5454
10396 2 2 2 2 997 5441 5394
10397 2 2 2 2 2548 5612 3722
10398 2 2 2 2 1524 5453 1566
10399 2 2 2 2 2620 5486 3977
10400 2 2 2 2 3698 5649 5648
10401 2 2 2 2 4945 5462 3018
10402 2 2 2 2 1214 5572 1734
10403 2 2 2 2 3342 5465 4945
10404 2 2 2 2 4182 5493 3344
10405 2 2 2 2 3001 5478 3003
10406 2 2 2 2 1281 5541 5532
10407 2 2 2 2 3352 5778 5762
10408 2 2 2 2 2507 5575 4957
10409 2 2 2 2 4640 5580 2368
10410 2 2 2 2 3334 5467 4831
10411 2 2 2 2 4112 5570 4115
10412 2 2 2 2 3335 5469 3334
10413 2 2 2 2 4441 5717 5470
10414 2 2 2 2 1871 5474 4862
10415 2 2 2 2 709 5475 707
10416 2 2 2 2 4794 5419 5403
10417 2 2 2 2 1283 5472 4362
10418 2 2 2 2 791 5471 777
10419 2 2 2 2 3334 5469 5467
10420 2 2 2 2 3934 5567 2009
10421 2 2 2 2 3323 5468 3007
10422 2 2 2 2 1287 5659 5479
10423 2 2 2 2 5624 5661 3366
10424 2 2 2 2 4862 5474 5448
10425 2 2 2 2 3329 5455 3328
10426 2 2 2 2 4846 5496 2862
10427 2 2 2 2 4906 5544 3278
10428 2 2 2 2 5433 5461 4180
10429 2 2 2 2 3019 5543 3027
10430 2 2 2 2 3023 5487 5452
10431 2 2 2 2 4670 5476 4669
10432 2 2 2 2 3010 5481 3011
10433 2 2 2 2 1640 5576 526
10434 2 2 2 2 709 5495 5475
10435 2 2 2 2 5582 5583 3351
10436 2 2 2 2 2795 5488 3944
10437 2 2 2 2 4486 5565 4996
10438 2 2 2 2 5494 5522 3440
10439 2 2 2 2 3270 5589 3034
10440 2 2 2 2 3696 5563 5169
10441 2 2 2 2 4497 5687 2376
10442 2 2 2 2 2376 5681 2642
10443 2 2 2 2 4779 5477 5017
10444 2 2 2 2 2616 5482 2617
10445 2 2 2 2 3960 5629 954
10446 2 2 2 2 4705 5480 802
10447 2 2 2 2 3723 5487 3023
10448 2 2 2 2 1109 5479 1008
10449 2 2 2 2 4240 5484 2641
10450 2 2 2 2 3200 5573 2645
10451 2 2 2 2 4058 5743 3029
10452 2 2 2 2 3945 5686 5679
10453 2 2 2 2 2021 5674 5488
10454 2 2 2 2 3021 5619 4079
10455 2 2 2 2 1411 5485 4324
10456 2 2 2 2 3913 5586 499
10457 2 2 2 2 2365 5635 5622
10458 2 2 2 2 5480 5493 4182
10459 2 2 2 2 4696 5491 3339
10460 2 2 2 2 2223 5676 3960
10461 2 2 2 2 4989 5580 4640
10462 2 2 2 2 5503 5510 4172
10463 2 2 2 2 2620 5515 5486
10464 2 2 2 2 4696 5501 5491
10465 2 2 2 2 4884 5583 3026
10466 2 2 2 2 3624 5512 3625
10467 2 2 2 2 5473 5483 1987
10468 2 2 2 2 4786 5492 5185
10469 2 2 2 2 4705 5493 5480
10470 2 2 2 2 5459 5467 2618
10471 2 2 2 2 3340 5543 5536
10472 2 2 2 2 3358 5569 5252
10473 2 2 2 2 2432 5577 2431
10474 2 2 2 2 3326 5496 2999
10475 2 2 2 2 3047 5587 4964
10476 2 2 2 2 2501 5505 2997
10477 2 2 2 2 1871 5494 5474
10478 2 2 2 2 3135 5438 5407
10479 2 2 2 2 34 5498 33
10480 2 2 2 2 3775 5636 1579
10481 2 2 2 2 2342 5618 5013
10482 2 2 2 2 2930 5493 4705
10483 2 2 2 2 32 5524 31
10484 2 2 2 2 1365 5504 3368
10485 2 2 2 2 1872 5448 5415
10486 2 2 2 2 3342 5446 5444
10487 2 2 2 2 5632 5679 4363
10488 2 2 2 2 4954 5588 5397
10489 2 2 2 2 3318 5728 3812
10490 2 2 2 2 5349 5605 2317
10491 2 2 2 2 5608 5749 1233
10492 2 2 2 2 3144 5678 5661
10493 2 2 2 2 2376 5687 5681
10494 2 2 2 2 1293 5593 1408
10495 2 2 2 2 4465 5494 1871
10496 2 2 2 2 22 5594 3930
10497 2 2 2 2 5491 5500 3339
10498 2 2 2 2 4964 5587 4751
10499 2 2 2 2 3300 5499 3611
10500 2 2 2 2 868 5533 3749
10501 2 2 2 2 868 5566 5533
10502 2 2 2 2 711 5495 709
10503 2 2 2 2 1987 5483 5071
10504 2 2 2 2 5509 5511 4754
10505 2 2 2 2 4853 5503 2355
10506 2 2 2 2 3351 5583 5147
10507 2 2 2 2 5641 5723 3610
10508 2 2 2 2 4008 5607 4007
10509 2 2 2 2 4693 5501 4696
10510 2 2 2 2 3339 5500 3338
10511 2 2 2 2 2764 5506 3566
10512 2 2 2 2 5719 5722 3368
10513 2 2 2 2 3558 5601 3556
10514 2 2 2 2 4008 5667 5612
10515 2 2 2 2 4194 5603 3913
10516 2 2 2 2 5713 5727 376
10517 2 2 2 2 5517 5537 3013
10518 2 2 2 2 4173 5509 4754
10519 2 2 2 2 5109 5592 3039
10520 2 2 2 2 5502 5529 2072
10521 2 2 2 2 358 5611 4584
10522 2 2 2 2 2356 5515 2620
10523 2 2 2 2 5147 5583 1825
10524 2 2 2 2 4050 5497 1155
10525 2 2 2 2 2074 5502 2072
10526 2 2 2 2 5458 5471 3935
10527 2 2 2 2 329 5594 23
10528 2 2 2 2 4355 5507 2703
10529 2 2 2 2 4694 5508 4695
10530 2 2 2 2 917 5595 599
10531 2 2 2 2 3032 5589 3544
10532 2 2 2 2 2936 5517 3013
10533 2 2 2 2 2361 5526 4369
10534 2 2 2 2 4399 5599 5576
10535 2 2 2 2 3345 5600 3062
10536 2 2 2 2 4699 5513 4698
10537 2 2 2 2 4754 5511 4820
10538 2 2 2 2 5524 5530 31
10539 2 2 2 2 4278 5602 4279
10540 2 2 2 2 4369 5526 5519
10541 2 2 2 2 5539 5599 3039
10542 2 2 2 2 3347 5482 5417
10543 2 2 2 2 3354 5590 3042
10544 2 2 2 2 2092 5514 2090
10545 2 2 2 2 4656 5595 917
10546 2 2 2 2 3059 5612 2547
10547 2 2 2 2 3234 5490 5315
10548 2 2 2 2 3695 5520 3696
10549 2 2 2 2 4820 5518 4701
10550 2 2 2 2 4878 5721 2857
10551 2 2 2 2 4224 5521 4264
10552 2 2 2 2 3968 5538 5531
10553 2 2 2 2 4369 5519 2621
10554 2 2 2 2 4326 5712 5504
10555 2 2 2 2 2356 5531 5515
10556 2 2 2 2 3027 5528 3028
10557 2 2 2 2 5511 5518 4820
10558 2 2 2 2 2140 5593 1552
10559 2 2 2 2 3968 5531 2356
10560 2 2 2 2 5735 5776 1521
10561 2 2 2 2 5528 5532 3028
10562 2 2 2 2 3801 5527 3803
10563 2 2 2 2 5540 5543 2358
10564 2 2 2 2 3331 5581 5558
10565 2 2 2 2 3996 5540 2358
10566 2 2 2 2 2072 5529 2070
10567 2 2 2 2 5670 5773 3389
10568 2 2 2 2 5721 5730 2857
10569 2 2 2 2 5500 5523 3338
10570 2 2 2 2 2403 5654 5512
10571 2 2 2 2 5505 5542 2997
10572 2 2 2 2 5513 5516 4815
10573 2 2 2 2 1216 5608 1233
10574 2 2 2 2 3170 5625 3610
10575 2 2 2 2 1220 5548 5541
10576 2 2 2 2 3844 5744 4018
10577 2 2 2 2 4079 5622 3046
10578 2 2 2 2 1858 5630 2140
10579 2 2 2 2 2635 5614 4583
10580 2 2 2 2 2998 5621 2364
10581 2 2 2 2 3556 5601 3540
10582 2 2 2 2 3553 5605 5349
10583 2 2 2 2 438 5557 5520
10584 2 2 2 2 31 5530 30
10585 2 2 2 2 5526 5527 5119
10586 2 2 2 2 5603 5621 2998
10587 2 2 2 2 5470 5717 3030
10588 2 2 2 2 5519 5536 2621
10589 2 2 2 2 3089 5538 3968
10590 2 2 2 2 2621 5536 4401
10591 2 2 2 2 1734 5534 4300
10592 2 2 2 2 5509 5510 2598
10593 2 2 2 2 3013 5537 3015
10594 2 2 2 2 1180 5541 1281
10595 2 2 2 2 4929 5562 5561
10596 2 2 2 2 3122 5647 2644
10597 2 2 2 2 3039 5592 5539
10598 2 2 2 2 549 5539 5025
10599 2 2 2 2 3338 5523 5183
10600 2 2 2 2 4205 5702 2460
10601 2 2 2 2 3835 5767 4645
10602 2 2 2 2 3028 5532 5002
10603 2 2 2 2 2358 5543 3340
10604 2 2 2 2 5479 5659 4269
10605 2 2 2 2 3189 5535 3040
10606 2 2 2 2 1876 5635 2365
10607 2 2 2 2 919 5557 436
10608 2 2 2 2 4523 5636 4522
10609 2 2 2 2 5479 5552 1008
10610 2 2 2 2 2857 5730 1608
10611 2 2 2 2 3593 5549 3594
10612 2 2 2 2 3440 5522 3441
10613 2 2 2 2 2638 5624 3360
10614 2 2 2 2 2891 5545 3550
10615 2 2 2 2 18 5634 386
10616 2 2 2 2 3381 5641 3993
10617 2 2 2 2 5133 5601 2342
10618 2 2 2 2 3691 5617 3348
10619 2 2 2 2 2832 5581 3331
10620 2 2 2 2 3353 5548 3025
10621 2 2 2 2 5499 5575 2507
10622 2 2 2 2 5537 5550 3015
10623 2 2 2 2 5546 5551 28
10624 2 2 2 2 307 5631 20
10625 2 2 2 2 3945 5679 4501
10626 2 2 2 2 3376 5639 3048
10627 2 2 2 2 4781 5553 1410
10628 2 2 2 2 2632 5642 3595
10629 2 2 2 2 4071 5670 1628
10630 2 2 2 2 1410 5544 4906
10631 2 2 2 2 4629 5632 3097
10632 2 2 2 2 3664 5734 324
10633 2 2 2 2 499 5585 430
10634 2 2 2 2 3079 5712 5692
10635 2 2 2 2 29 5546 28
10636 2 2 2 2 3015 5550 3356
10637 2 2 2 2 2003 5558 5001
10638 2 2 2 2 1477 5633 2538
10639 2 2 2 2 3771 5654 3769
10640 2 2 2 2 3144 5661 4477
10641 2 2 2 2 2379 5647 3076
10642 2 2 2 2 3567 5653 3071
10643 2 2 2 2 28 5551 27
10644 2 2 2 2 3882 5598 5591
10645 2 2 2 2 62 5640 61
10646 2 2 2 2 5544 5550 3278
10647 2 2 2 2 5108 5600 3060
10648 2 2 2 2 3882 5591 4184
10649 2 2 2 2 2472 5666 2030
10650 2 2 2 2 3970 5554 2436
10651 2 2 2 2 388 5743 5498
10652 2 2 2 2 5680 5682 3738
10653 2 2 2 2 5338 5489 2458
10654 2 2 2 2 3356 5553 3357
10655 2 2 2 2 2859 5556 2861
10656 2 2 2 2 1880 5666 2014
10657 2 2 2 2 4195 5579 5555
10658 2 2 2 2 1607 5682 481
10659 2 2 2 2 3738 5682 3077
10660 2 2 2 2 5619 5622 4079
10661 2 2 2 2 16 5671 316
10662 2 2 2 2 1877 5560 2380
10663 2 2 2 2 5488 5674 3367
10664 2 2 2 2 3069 5653 3840
10665 2 2 2 2 2179 5656 3049
10666 2 2 2 2 2373 5555 4550
10667 2 2 2 2 3085 5684 3567
10668 2 2 2 2 4184 5591 5561
10669 2 2 2 2 4410 5669 2534
10670 2 2 2 2 3050 5752 5610
10671 2 2 2 2 2133 5674 2022
10672 2 2 2 2 4780 5559 4389
10673 2 2 2 2 4780 5569 5559
10674 2 2 2 2 5169 5563 3043
10675 2 2 2 2 1008 5552 979
10676 2 2 2 2 5548 5562 3025
10677 2 2 2 2 455 5680 453
10678 2 2 2 2 4458 5675 1224
10679 2 2 2 2 3861 5716 3074
10680 2 2 2 2 3064 5691 3385
10681 2 2 2 2 5586 5590 499
10682 2 2 2 2 1410 5553 5544
10683 2 2 2 2 386 5671 17
10684 2 2 2 2 4582 5564 2631
10685 2 2 2 2 4259 5626 4258
10686 2 2 2 2 4961 5673 4498
10687 2 2 2 2 5544 5553 3356
10688 2 2 2 2 3828 5731 3876
10689 2 2 2 2 3061 5665 3063
10690 2 2 2 2 4853 5510 5503
10691 2 2 2 2 5431 5646 3361
10692 2 2 2 2 3077 5682 2378
10693 2 2 2 2 3376 5644 5640
10694 2 2 2 2 5635 5669 4410
10695 2 2 2 2 5668 5675 3049
10696 2 2 2 2 2009 5567 2634
10697 2 2 2 2 5579 5651 3372
10698 2 2 2 2 1868 5686 4497
10699 2 2 2 2 5504 5712 3079
10700 2 2 2 2 2228 5569 4780
10701 2 2 2 2 4858 5677 3120
10702 2 2 2 2 3360 5624 5424
10703 2 2 2 2 3038 5599 4399
10704 2 2 2 2 5167 5641 1432
10705 2 2 2 2 3027 5540 5528
10706 2 2 2 2 3604 5684 3087
10707 2 2 2 2 5504 5719 3368
10708 2 2 2 2 3025 5562 4929
10709 2 2 2 2 3431 5683 3426
10710 2 2 2 2 26 5568 25
10711 2 2 2 2 5384 5547 5042
10712 2 2 2 2 4929 5561 5428
10713 2 2 2 2 316 5699 15
10714 2 2 2 2 5512 5654 3625
10715 2 2 2 2 4420 5606 319
10716 2 2 2 2 430 5585 432
10717 2 2 2 2 2845 5726 3847
10718 2 2 2 2 858 5566 868
10719 2 2 2 2 1231 5572 1214
10720 2 2 2 2 3078 5598 3882
10721 2 2 2 2 5734 5738 324
10722 2 2 2 2 4375 5579 2016
10723 2 2 2 2 14 5699 376
10724 2 2 2 2 380 5620 4420
10725 2 2 2 2 3066 5707 5669
10726 2 2 2 2 1361 5648 5121
10727 2 2 2 2 3026 5582 3716
10728 2 2 2 2 3545 5565 4486
10729 2 2 2 2 3664 5713 3095
10730 2 2 2 2 4111 5570 4112
10731 2 2 2 2 4699 5516 5513
10732 2 2 2 2 3093 5713 3604
10733 2 2 2 2 3359 5702 4205
10734 2 2 2 2 285 5739 5356
10735 2 2 2 2 3905 5729 3383
10736 2 2 2 2 5568 5574 25
10737 2 2 2 2 3716 5582 5564
10738 2 2 2 2 4420 5620 5606
10739 2 2 2 2 2636 5646 5431
10740 2 2 2 2 3078 5616 5598
10741 2 2 2 2 2629 5719 3079
10742 2 2 2 2 3385 5724 3089
10743 2 2 2 2 5554 5577 2436
10744 2 2 2 2 2361 5527 5526
10745 2 2 2 2 5564 5582 2631
10746 2 2 2 2 3065 5697 5198
10747 2 2 2 2 2630 5704 4952
10748 2 2 2 2 526 5576 541
10749 2 2 2 2 5182 5571 3354
10750 2 2 2 2 2149 5720 4655
10751 2 2 2 2 2375 5695 2961
10752 2 2 2 2 4173 5510 5509
10753 2 2 2 2 3097 5632 5472
10754 2 2 2 2 380 5627 5620
10755 2 2 2 2 4676 5711 4878
10756 2 2 2 2 13 5727 12
10757 2 2 2 2 4318 5613 4319
10758 2 2 2 2 5685 5691 3120
10759 2 2 2 2 3842 5714 3844
10760 2 2 2 2 3300 5575 5499
10761 2 2 2 2 3772 5578 3771
10762 2 2 2 2 5541 5548 3353
10763 2 2 2 2 25 5574 24
10764 2 2 2 2 3365 5734 3102
10765 2 2 2 2 441 5718 439
10766 2 2 2 2 3100 5734 3664
10767 2 2 2 2 2645 5573 3091
10768 2 2 2 2 3838 5584 3057
10769 2 2 2 2 5744 5763 4018
10770 2 2 2 2 1519 5735 1521
10771 2 2 2 2 3995 5737 3080
10772 2 2 2 2 5356 5739 3778
10773 2 2 2 2 4419 5627 380
10774 2 2 2 2 5555 5579 3372
10775 2 2 2 2 4419 5637 5627
10776 2 2 2 2 5740 5747 3091
10777 2 2 2 2 3091 5747 3384
10778 2 2 2 2 3356 5550 5544
10779 2 2 2 2 3044 5628 5616
10780 2 2 2 2 11 5738 10
10781 2 2 2 2 4957 5575 2832
10782 2 2 2 2 523 5685 3833
10783 2 2 2 2 3795 5688 4675
10784 2 2 2 2 2436 5577 2432
10785 2 2 2 2 753 5742 1169
10786 2 2 2 2 2151 5735 1555
10787 2 2 2 2 3044 5616 3078
10788 2 2 2 2 327 5637 4419
10789 2 2 2 2 439 5701 437
10790 2 2 2 2 5561 5591 2010
10791 2 2 2 2 3012 5581 3300
10792 2 2 2 2 3360 5628 3044
10793 2 2 2 2 3541 5728 3317
10794 2 2 2 2 3034 5589 3032
10795 2 2 2 2 1825 5583 4884
10796 2 2 2 2 509 5651 4375
10797 2 2 2 2 5239 5712 1873
10798 2 2 2 2 5428 5561 2010
10799 2 2 2 2 5555 5621 4195
10800 2 2 2 2 2381 5660 1945
10801 2 2 2 2 5498 5743 4058
10802 2 2 2 2 3390 5770 5763
10803 2 2 2 2 3058 5722 5382
10804 2 2 2 2 4426 5663 5655
10805 2 2 2 2 1628 5742 755
10806 2 2 2 2 5686 5687 4497
10807 2 2 2 2 3375 5736 3374
10808 2 2 2 2 2631 5582 3351
10809 2 2 2 2 5024 5740 3934
10810 2 2 2 2 2373 5621 5555
10811 2 2 2 2 3082 5746 3092
10812 2 2 2 2 4309 5580 4989
10813 2 2 2 2 3360 5633 5628
10814 2 2 2 2 5710 5720 3828
10815 2 2 2 2 5586 5603 2998
10816 2 2 2 2 3145 5689 5678
10817 2 2 2 2 4426 5655 327
10818 2 2 2 2 3936 5748 2791
10819 2 2 2 2 3145 5678 3144
10820 2 2 2 2 3384 5749 5608
10821 2 2 2 2 3384 5753 3031
10822 2 2 2 2 3698 5648 5645
10823 2 2 2 2 4360 5693 4741
10824 2 2 2 2 1734 5736 5534
10825 2 2 2 2 4751 5587 1640
10826 2 2 2 2 1235 5749 1238
10827 2 2 2 2 327 5655 5637
10828 2 2 2 2 2033 5732 2032
10829 2 2 2 2 3936 5756 5748
10830 2 2 2 2 312 5644 5604
10831 2 2 2 2 3371 5662 3373
10832 2 2 2 2 2990 5588 5147
10833 2 2 2 2 3878 5751 356
10834 2 2 2 2 5596 5645 558
10835 2 2 2 2 5347 5707 3066
10836 2 2 2 2 5631 5752 3325
10837 2 2 2 2 3825 5725 5715
10838 2 2 2 2 5520 5557 3696
10839 2 2 2 2 3063 5665 5657
10840 2 2 2 2 3355 5668 2591
10841 2 2 2 2 23 5594 22
10842 2 2 2 2 319 5597 4417
10843 2 2 2 2 556 5645 1361
10844 2 2 2 2 599 5595 596
10845 2 2 2 2 3079 5719 5504
10846 2 2 2 2 4007 5607 1854
10847 2 2 2 2 3698 5596 3697
10848 2 2 2 2 1854 5602 4278
10849 2 2 2 2 1552 5593 1293
10850 2 2 2 2 3373 5709 3375
10851 2 2 2 2 4258 5626 3906
10852 2 2 2 2 2010 5591 4261
10853 2 2 2 2 5591 5598 4261
10854 2 2 2 2 3552 5764 5666
10855 2 2 2 2 4471 5751 3878
10856 2 2 2 2 1886 5762 2144
10857 2 2 2 2 377 5650 5639
10858 2 2 2 2 5623 5643 4411
10859 2 2 2 2 5337 5586 2998
10860 2 2 2 2 5746 5748 3092
10861 2 2 2 2 2591 5668 3380
10862 2 2 2 2 4645 5760 4644
10863 2 2 2 2 3379 5704 5692
10864 2 2 2 2 3390 5763 4164
10865 2 2 2 2 5238 5623 4411
10866 2 2 2 2 1854 5607 5602
10867 2 2 2 2 3441 5606 3439
10868 2 2 2 2 3930 5610 307
10869 2 2 2 2 4498 5673 5672
10870 2 2 2 2 4195 5603 4194
10871 2 2 2 2 5709 5726 3375
10872 2 2 2 2 3376 5640 5639
10873 2 2 2 2 3377 5706 3997
10874 2 2 2 2 3367 5674 5665
10875 2 2 2 2 4584 5663 4426
10876 2 2 2 2 4319 5613 5339
10877 2 2 2 2 4261 5598 2013
10878 2 2 2 2 2317 5605 4964
10879 2 2 2 2 61 5644 60
10880 2 2 2 2 2381 5714 5660
10881 2 2 2 2 5615 5658 572
10882 2 2 2 2 5700 5706 3377
10883 2 2 2 2 3997 5708 3075
10884 2 2 2 2 3056 5604 3376
10885 2 2 2 2 1591 5725 4360
10886 2 2 2 2 3042 5590 5337
10887 2 2 2 2 3119 5760 3547
10888 2 2 2 2 3090 5664 3058
10889 2 2 2 2 3062 5600 5108
10890 2 2 2 2 5622 5635 4410
10891 2 2 2 2 809 5756 3936
10892 2 2 2 2 5629 5676 3067
10893 2 2 2 2 4417 5650 377
10894 2 2 2 2 5598 5616 2013
10895 2 2 2 2 4640 5609 3845
10896 2 2 2 2 2547 5612 2548
10897 2 2 2 2 5706 5708 3997
10898 2 2 2 2 5431 5629 3067
10899 2 2 2 2 3098 5761 3389
10900 2 2 2 2 3938 5611 358
10901 2 2 2 2 2013 5616 4376
10902 2 2 2 2 5013 5618 3602
10903 2 2 2 2 1579 5608 1216
10904 2 2 2 2 3099 5765 3388
10905 2 2 2 2 1945 5660 1943
10906 2 2 2 2 5339 5613 3903
10907 2 2 2 2 3692 5615 3691
10908 2 2 2 2 4360 5725 5693
10909 2 2 2 2 3378 5614 2635
10910 2 2 2 2 2143 5630 1858
10911 2 2 2 2 3075 5708 3379
10912 2 2 2 2 5606 5620 3439
10913 2 2 2 2 4583 5700 3377
10914 2 2 2 2 4195 5621 5603
10915 2 2 2 2 3411 5766 2428
10916 2 2 2 2 2364 5621 2373
10917 2 2 2 2 3540 5601 5133
10918 2 2 2 2 3348 5617 3349
10919 2 2 2 2 570 5658 697
10920 2 2 2 2 3609 5625 3170
10921 2 2 2 2 5711 5721 4878
10922 2 2 2 2 4411 5643 2502
10923 2 2 2 2 3325 5752 3052
10924 2 2 2 2 3439 5620 3437
10925 2 2 2 2 2018 5624 2638
10926 2 2 2 2 3090 5673 5664
10927 2 2 2 2 3046 5622 4410
10928 2 2 2 2 5661 5678 3366
10929 2 2 2 2 3498 5757 3147
10930 2 2 2 2 1169 5767 751
10931 2 2 2 2 4932 5773 2789
10932 2 2 2 2 3368 5722 5664
10933 2 2 2 2 5616 5628 4376
10934 2 2 2 2 5658 5667 697
10935 2 2 2 2 5166 5638 2459
10936 2 2 2 2 432 5585 5571
10937 2 2 2 2 697 5667 4008
10938 2 2 2 2 2365 5622 5619
10939 2 2 2 2 5620 5627 3437
10940 2 2 2 2 3596 5638 5166
10941 2 2 2 2 3437 5627 3435
10942 2 2 2 2 749 5767 3835
10943 2 2 2 2 5337 5590 5586
10944 2 2 2 2 810 5769 796
10945 2 2 2 2 5679 5686 4363
10946 2 2 2 2 3537 5690 3355
10947 2 2 2 2 3833 5685 3834
10948 2 2 2 2 2365 5619 5397
10949 2 2 2 2 2626 5632 4629
10950 2 2 2 2 5765 5769 3388
10951 2 2 2 2 5627 5637 3435
10952 2 2 2 2 5534 5736 3375
10953 2 2 2 2 1028 5770 4932
10954 2 2 2 2 20 5631 19
10955 2 2 2 2 3121 5774 5772
10956 2 2 2 2 3079 5692 2630
10957 2 2 2 2 4670 5592 5476
10958 2 2 2 2 5643 5652 2502
10959 2 2 2 2 3179 5642 2632
10960 2 2 2 2 5628 5633 1309
10961 2 2 2 2 5662 5709 3373
10962 2 2 2 2 5631 5634 19
10963 2 2 2 2 19 5634 18
10964 2 2 2 2 5639 5650 4240
10965 2 2 2 2 4376 5628 1309
10966 2 2 2 2 5578 5771 3771
10967 2 2 2 2 3048 5639 4240
10968 2 2 2 2 1309 5633 1477
10969 2 2 2 2 2018 5661 5624
10970 2 2 2 2 2644 5647 2379
10971 2 2 2 2 5484 5597 3441
10972 2 2 2 2 4522 5636 3775
10973 2 2 2 2 4741 5693 2223
10974 2 2 2 2 3595 5638 3596
10975 2 2 2 2 5573 5740 3091
10976 2 2 2 2 3066 5635 1876
10977 2 2 2 2 3435 5637 3434
10978 2 2 2 2 5720 5731 3828
10979 2 2 2 2 4405 5646 2636
10980 2 2 2 2 3769 5654 2403
10981 2 2 2 2 5655 5663 4553
10982 2 2 2 2 3121 5772 810
10983 2 2 2 2 5649 5657 4665
10984 2 2 2 2 3372 5651 3371
10985 2 2 2 2 3380 5723 3381
10986 2 2 2 2 3774 5745 1879
10987 2 2 2 2 5611 5683 3431
10988 2 2 2 2 3068 5725 3825
10989 2 2 2 2 2951 5649 4665
10990 2 2 2 2 3378 5711 5697
10991 2 2 2 2 2626 5679 5632
10992 2 2 2 2 3993 5641 5167
10993 2 2 2 2 3343 5733 2143
10994 2 2 2 2 2143 5733 5729
10995 2 2 2 2 5121 5648 2951
10996 2 2 2 2 5597 5650 4417
10997 2 2 2 2 5648 5649 2951
10998 2 2 2 2 5614 5697 3065
10999 2 2 2 2 3076 5764 3552
11000 2 2 2 2 5714 5744 3844
11001 2 2 2 2 3071 5653 3069
11002 2 2 2 2 5484 5650 5597
11003 2 2 2 2 2704 5656 2179
11004 2 2 2 2 4553 5663 3431
11005 2 2 2 2 2650 5775 2150
11006 2 2 2 2 377 5640 62
11007 2 2 2 2 5637 5655 3434
11008 2 2 2 2 549 5599 5539
11009 2 2 2 2 3434 5655 4553
11010 2 2 2 2 4665 5657 2133
11011 2 2 2 2 4405 5652 5646
11012 2 2 2 2 5085 5662 509
11013 2 2 2 2 2502 5652 4405
11014 2 2 2 2 5571 5585 3354
11015 2 2 2 2 3368 5664 2314
11016 2 2 2 2 5597 5606 3441
11017 2 2 2 2 3049 5675 4458
11018 2 2 2 2 3865 5755 504
11019 2 2 2 2 3367 5665 3061
11020 2 2 2 2 2534 5669 3369
11021 2 2 2 2 4507 5659 1287
11022 2 2 2 2 3774 5750 5745
11023 2 2 2 2 4675 5774 3121
11024 2 2 2 2 3934 5740 5573
11025 2 2 2 2 3692 5667 5658
11026 2 2 2 2 504 5750 3774
11027 2 2 2 2 319 5606 5597
11028 2 2 2 2 2789 5670 4071
11029 2 2 2 2 3877 5677 4858
11030 2 2 2 2 2030 5666 1880
11031 2 2 2 2 3067 5676 3068
11032 2 2 2 2 504 5755 5750
11033 2 2 2 2 3722 5667 3692
11034 2 2 2 2 3097 5672 3090
11035 2 2 2 2 4477 5661 2018
11036 2 2 2 2 5669 5707 3369
11037 2 2 2 2 629 5710 5705
11038 2 2 2 2 2022 5674 2021
11039 2 2 2 2 5678 5689 2658
11040 2 2 2 2 1580 5759 4352
11041 2 2 2 2 437 5701 523
11042 2 2 2 2 3066 5669 5635
11043 2 2 2 2 5656 5668 3049
11044 2 2 2 2 4352 5759 5758
11045 2 2 2 2 3120 5691 3064
11046 2 2 2 2 481 5680 455
11047 2 2 2 2 17 5671 16
11048 2 2 2 2 4501 5679 2626
11049 2 2 2 2 4352 5758 3865
11050 2 2 2 2 2378 5682 1607
11051 2 2 2 2 2314 5673 4961
11052 2 2 2 2 2704 5723 5656
11053 2 2 2 2 3366 5678 2658
11054 2 2 2 2 3369 5695 3861
11055 2 2 2 2 5664 5673 2314
11056 2 2 2 2 3087 5684 3085
11057 2 2 2 2 5718 5724 3385
11058 2 2 2 2 3865 5758 5755
11059 2 2 2 2 3426 5683 3428
11060 2 2 2 2 5608 5753 3384
11061 2 2 2 2 4099 5703 5696
11062 2 2 2 2 5656 5723 3380
11063 2 2 2 2 3824 5698 3822
11064 2 2 2 2 5696 5703 3821
11065 2 2 2 2 5630 5729 3905
11066 2 2 2 2 5038 5705 5694
11067 2 2 2 2 4528 5715 1591
11068 2 2 2 2 4585 5694 3818
11069 2 2 2 2 2658 5689 3967
11070 2 2 2 2 3541 5776 5735
11071 2 2 2 2 809 5765 5756
11072 2 2 2 2 4363 5686 1868
11073 2 2 2 2 5660 5714 3845
11074 2 2 2 2 4655 5710 629
11075 2 2 2 2 4240 5650 5484
11076 2 2 2 2 3822 5696 3821
11077 2 2 2 2 4099 5696 799
11078 2 2 2 2 810 5772 5769
11079 2 2 2 2 3822 5698 5696
11080 2 2 2 2 1815 5703 4099
11081 2 2 2 2 5038 5694 1815
11082 2 2 2 2 15 5699 14
11083 2 2 2 2 3821 5703 4585
11084 2 2 2 2 629 5705 5038
11085 2 2 2 2 5691 5701 3385
11086 2 2 2 2 2639 5700 3065
11087 2 2 2 2 3944 5687 3945
11088 2 2 2 2 3831 5702 3359
11089 2 2 2 2 2913 5708 5706
11090 2 2 2 2 5677 5685 3120
11091 2 2 2 2 2639 5706 5700
11092 2 2 2 2 3379 5692 5239
11093 2 2 2 2 4585 5703 5694
11094 2 2 2 2 5694 5705 3818
11095 2 2 2 2 2913 5706 2639
11096 2 2 2 2 4952 5704 2913
11097 2 2 2 2 5681 5687 3944
11098 2 2 2 2 3825 5715 3824
11099 2 2 2 2 5696 5698 799
11100 2 2 2 2 5705 5710 3827
11101 2 2 2 2 2961 5707 5347
11102 2 2 2 2 3812 5688 3795
11103 2 2 2 2 5675 5690 1224
11104 2 2 2 2 799 5698 4528
11105 2 2 2 2 5694 5703 1815
11106 2 2 2 2 3818 5705 3827
11107 2 2 2 2 5198 5697 3260
11108 2 2 2 2 2032 5732 2375
11109 2 2 2 2 3877 5731 5677
11110 2 2 2 2 3827 5710 3828
11111 2 2 2 2 3834 5720 2149
11112 2 2 2 2 5677 5731 3834
11113 2 2 2 2 3260 5711 4676
11114 2 2 2 2 3095 5713 3093
11115 2 2 2 2 5770 5773 4932
11116 2 2 2 2 5670 5761 1628
11117 2 2 2 2 2221 5726 5709
11118 2 2 2 2 5085 5709 5662
11119 2 2 2 2 3845 5714 3842
11120 2 2 2 2 3370 5721 3378
11121 2 2 2 2 3610 5723 2704
11122 2 2 2 2 3824 5715 5698
11123 2 2 2 2 1879 5718 441
11124 2 2 2 2 1873 5712 4326
11125 2 2 2 2 2751 5719 2629
11126 2 2 2 2 3383 5729 3382
11127 2 2 2 2 2751 5722 5719
11128 2 2 2 2 2221 5709 5085
11129 2 2 2 2 1943 5660 5609
11130 2 2 2 2 3074 5716 3995
11131 2 2 2 2 5032 5717 4441
11132 2 2 2 2 5698 5715 4528
11133 2 2 2 2 5697 5711 3260
11134 2 2 2 2 376 5727 13
11135 2 2 2 2 5693 5725 3068
11136 2 2 2 2 5657 5665 2133
11137 2 2 2 2 3370 5730 5721
11138 2 2 2 2 5729 5733 3382
11139 2 2 2 2 3847 5726 2221
11140 2 2 2 2 5488 5681 3944
11141 2 2 2 2 509 5662 5651
11142 2 2 2 2 3876 5731 3877
11143 2 2 2 2 5651 5662 3371
11144 2 2 2 2 3102 5734 3100
11145 2 2 2 2 3382 5733 3555
11146 2 2 2 2 3945 5687 5686
11147 2 2 2 2 3938 5683 5611
11148 2 2 2 2 3878 5741 3365
11149 2 2 2 2 3378 5697 5614
11150 2 2 2 2 3546 5730 3370
11151 2 2 2 2 4108 5746 2033
11152 2 2 2 2 1579 5753 5608
11153 2 2 2 2 3380 5668 5656
11154 2 2 2 2 3317 5728 3318
11155 2 2 2 2 1555 5735 1519
11156 2 2 2 2 5639 5640 377
11157 2 2 2 2 5382 5722 2751
11158 2 2 2 2 5672 5673 3090
11159 2 2 2 2 3080 5737 3082
11160 2 2 2 2 3374 5736 3839
11161 2 2 2 2 324 5738 11
11162 2 2 2 2 3389 5761 5670
11163 2 2 2 2 5604 5644 3376
11164 2 2 2 2 3698 5645 5596
11165 2 2 2 2 2791 5748 4108
11166 2 2 2 2 5738 5741 10
11167 2 2 2 2 755 5742 753
11168 2 2 2 2 4282 5740 5024
11169 2 2 2 2 5254 5739 285
11170 2 2 2 2 2143 5729 5630
11171 2 2 2 2 5609 5660 3845
11172 2 2 2 2 4282 5747 5740
11173 2 2 2 2 5745 5750 3387
11174 2 2 2 2 3692 5658 5615
11175 2 2 2 2 3379 5708 5704
11176 2 2 2 2 3387 5750 3386
11177 2 2 2 2 4659 5744 2381
11178 2 2 2 2 5748 5756 3092
11179 2 2 2 2 3834 5685 5677
11180 2 2 2 2 3319 5776 3541
11181 2 2 2 2 3378 5721 5711
11182 2 2 2 2 1238 5747 4282
11183 2 2 2 2 3089 5724 5538
11184 2 2 2 2 4084 5778 5777
11185 2 2 2 2 4527 5754 392
11186 2 2 2 2 4084 5777 3319
11187 2 2 2 2 5750 5755 3386
11188 2 2 2 2 3118 5751 4471
11189 2 2 2 2 3031 5753 3122
11190 2 2 2 2 3355 5690 5675
11191 2 2 2 2 4108 5748 5746
11192 2 2 2 2 1233 5749 1235
11193 2 2 2 2 2223 5693 5676
11194 2 2 2 2 3386 5755 4783
11195 2 2 2 2 5470 5743 388
11196 2 2 2 2 2144 5778 4084
11197 2 2 2 2 3319 5777 5776
11198 2 2 2 2 4659 5763 5744
11199 2 2 2 2 5688 5775 2650
11200 2 2 2 2 5755 5758 4783
11201 2 2 2 2 5763 5770 4018
11202 2 2 2 2 4783 5758 3045
11203 2 2 2 2 5758 5759 3045
11204 2 2 2 2 2381 5744 5714
11205 2 2 2 2 3045 5759 3554
11206 2 2 2 2 4644 5760 3119
11207 2 2 2 2 3092 5756 5389
11208 2 2 2 2 3547 5761 3098
11209 2 2 2 2 5538 5745 3387
11210 2 2 2 2 3147 5757 5754
11211 2 2 2 2 4164 5763 4659
11212 2 2 2 2 1920 5762 1886
11213 2 2 2 2 523 5701 5691
11214 2 2 2 2 3834 5731 5720
11215 2 2 2 2 2014 5764 4523
11216 2 2 2 2 5695 5707 2961
11217 2 2 2 2 1920 5766 5762
11218 2 2 2 2 5676 5693 3068
11219 2 2 2 2 3369 5707 5695
11220 2 2 2 2 2428 5766 1920
11221 2 2 2 2 3771 5771 5654
11222 2 2 2 2 5389 5765 3099
11223 2 2 2 2 5704 5708 2913
11224 2 2 2 2 1879 5724 5718
11225 2 2 2 2 5756 5765 5389
11226 2 2 2 2 2375 5732 5716
11227 2 2 2 2 809 5769 5765
11228 2 2 2 2 751 5767 749
11229 2 2 2 2 4018 5770 1028
11230 2 2 2 2 796 5769 809
11231 2 2 2 2 3449 5768 3411
11232 2 2 2 2 3388 5772 4192
11233 2 2 2 2 3812 5775 5688
11234 2 2 2 2 1879 5745 5724
11235 2 2 2 2 5724 5745 5538
11236 2 2 2 2 5772 5774 4192
11237 2 2 2 2 3625 5771 3790
11238 2 2 2 2 5610 5752 307
11239 2 2 2 2 5716 5732 3995
11240 2 2 2 2 5769 5772 3388
11241 2 2 2 2 2033 5746 5737
11242 2 2 2 2 3389 5773 3390
11243 2 2 2 2 4192 5774 2650
11244 2 2 2 2 3365 5741 5738
11245 2 2 2 2 2150 5775 2151
11246 2 2 2 2 5737 5746 3082
11247 2 2 2 2 3390 5773 5770
11248 2 2 2 2 1521 5776 4925
11249 2 2 2 2 5654 5771 3625
11250 2 2 2 2 5754 5757 392
11251 2 2 2 2 5776 5777 4925
11252 2 2 2 2 4925 5777 3073
11253 2 2 2 2 5777 5778 3073
11254 2 2 2 2 3073 5778 3352
11255 2 2 2 2 4373 5779 3690
11256 2 2 2 2 3965 5779 3966
11257 2 2 2 2 3966 5779 2049
11258 2 2 2 2 2049 5779 4373
11259 2 2 2 2 2518 5780 3805
11260 2 2 2 2 3213 5780 3214
11261 2 2 2 2 3805 5780 3213
11262 2 2 2 2 3464 5781 5262
11263 2 2 2 2 4823 5781 2158
11264 2 2 2 2 3523 5909 4202
11265 2 2 2 2 2690 5782 2693
11266 2 2 2 2 346 5886 3480
11267 2 2 2 2 5262 5781 4823
11268 2 2 2 2 4438 5789 3337
11269 2 2 2 2 3337 5790 4438
11270 2 2 2 2 3253 5799 4439
11271 2 2 2 2 4439 5800 3253
11272 2 2 2 2 5811 5854 333
11273 2 2 2 2 5812 5857 4539
11274 2 2 2 2 3396 5855 5795
11275 2 2 2 2 3146 5858 5801
11276 2 2 2 2 5813 5861 4661
11277 2 2 2 2 5814 5863 325
11278 2 2 2 2 5806 5837 4590
11279 2 2 2 2 3397 5864 5808
11280 2 2 2 2 3130 5847 5794
11281 2 2 2 2 5800 5825 3253
11282 2 2 2 2 5810 5852 4543
11283 2 2 2 2 3912 5839 5793
11284 2 2 2 2 5803 5833 336
11285 2 2 2 2 5798 5821 3336
11286 2 2 2 2 5796 5822 3392
11287 2 2 2 2 4438 5824 5789
11288 2 2 2 2 4432 5819 5791
11289 2 2 2 2 3337 5821 5790
11290 2 2 2 2 3394 5826 5786
11291 2 2 2 2 3395 5829 5788
11292 2 2 2 2 3393 5830 5783
11293 2 2 2 2 2390 5831 5785
11294 2 2 2 2 5799 5823 4439
11295 2 2 2 2 5802 5825 305
11296 2 2 2 2 5804 5827 4444
11297 2 2 2 2 5805 5828 301
11298 2 2 2 2 5807 5838 4455
11299 2 2 2 2 172 5783 171
11300 2 2 2 2 4588 5785 4447
11301 2 2 2 2 163 5786 162
11302 2 2 2 2 169 5788 168
11303 2 2 2 2 4434 5790 313
11304 2 2 2 2 3337 5789 3335
11305 2 2 2 2 4438 5790 4435
11306 2 2 2 2 182 5793 181
11307 2 2 2 2 5284 5791 4742
11308 2 2 2 2 338 5794 4422
11309 2 2 2 2 199 5795 198
11310 2 2 2 2 150 5796 149
11311 2 2 2 2 4451 5798 370
11312 2 2 2 2 5469 5789 2619
11313 2 2 2 2 4496 5800 4723
11314 2 2 2 2 4225 5801 371
11315 2 2 2 2 2042 5799 4704
11316 2 2 2 2 3252 5799 3253
11317 2 2 2 2 4436 5800 4439
11318 2 2 2 2 3138 5802 3127
11319 2 2 2 2 2388 5804 4836
11320 2 2 2 2 3139 5805 3128
11321 2 2 2 2 2294 5806 2292
11322 2 2 2 2 2654 5807 4744
11323 2 2 2 2 211 5808 210
11324 2 2 2 2 5438 5803 3129
11325 2 2 2 2 2396 5810 2392
11326 2 2 2 2 3967 5811 3131
11327 2 2 2 2 2397 5812 2393
11328 2 2 2 2 2662 5813 2661
11329 2 2 2 2 5049 5814 3137
11330 2 2 2 2 322 5822 151
11331 2 2 2 2 161 5826 305
11332 2 2 2 2 4586 5828 4444
11333 2 2 2 2 167 5829 301
11334 2 2 2 2 170 5830 336
11335 2 2 2 2 3134 5832 4713
11336 2 2 2 2 3298 5816 3392
11337 2 2 2 2 3395 5833 3135
11338 2 2 2 2 4589 5835 4590
11339 2 2 2 2 3133 5834 4811
11340 2 2 2 2 2390 5837 2296
11341 2 2 2 2 2652 5820 3336
11342 2 2 2 2 3912 5845 3909
11343 2 2 2 2 3130 5852 2932
11344 2 2 2 2 3136 5857 4616
11345 2 2 2 2 3146 5860 4721
11346 2 2 2 2 180 5839 286
11347 2 2 2 2 4542 5849 4543
11348 2 2 2 2 3397 5866 3126
11349 2 2 2 2 197 5855 333
11350 2 2 2 2 4538 5856 4539
11351 2 2 2 2 365 5862 4661
11352 2 2 2 2 209 5864 325
11353 2 2 2 2 2689 5782 2690
11354 2 2 2 2 297 5942 4427
11355 2 2 2 2 249 5867 248
11356 2 2 2 2 336 5830 5803
11357 2 2 2 2 4590 5835 5806
11358 2 2 2 2 305 5826 5802
11359 2 2 2 2 4444 5828 5804
11360 2 2 2 2 301 5829 5805
11361 2 2 2 2 5792 5822 322
11362 2 2 2 2 293 5783 172
11363 2 2 2 2 293 5784 5783
11364 2 2 2 2 4446 5784 293
11365 2 2 2 2 5784 5834 3133
11366 2 2 2 2 5787 5832 3134
11367 2 2 2 2 5788 5833 3395
11368 2 2 2 2 5785 5837 2390
11369 2 2 2 2 4590 5785 4588
11370 2 2 2 2 339 5787 5786
11371 2 2 2 2 339 5786 163
11372 2 2 2 2 4443 5787 339
11373 2 2 2 2 336 5788 169
11374 2 2 2 2 4435 5790 4434
11375 2 2 2 2 3299 5792 5791
11376 2 2 2 2 3392 5792 3299
11377 2 2 2 2 3299 5791 5284
11378 2 2 2 2 334 5793 182
11379 2 2 2 2 3392 5816 5796
11380 2 2 2 2 3335 5789 5469
11381 2 2 2 2 5793 5845 3912
11382 2 2 2 2 3336 5820 5798
11383 2 2 2 2 4543 5794 338
11384 2 2 2 2 5794 5852 3130
11385 2 2 2 2 311 5795 199
11386 2 2 2 2 311 5797 5795
11387 2 2 2 2 149 5796 353
11388 2 2 2 2 4539 5797 311
11389 2 2 2 2 370 5798 4433
11390 2 2 2 2 4704 5799 3252
11391 2 2 2 2 4723 5800 4436
11392 2 2 2 2 3127 5802 3394
11393 2 2 2 2 4226 5801 4225
11394 2 2 2 2 3129 5803 3393
11395 2 2 2 2 4836 5804 3139
11396 2 2 2 2 3128 5805 3395
11397 2 2 2 2 5797 5857 3136
11398 2 2 2 2 2292 5806 2653
11399 2 2 2 2 359 5808 211
11400 2 2 2 2 4744 5807 3910
11401 2 2 2 2 3910 5809 3912
11402 2 2 2 2 5807 5809 3910
11403 2 2 2 2 5801 5860 3146
11404 2 2 2 2 2392 5810 3123
11405 2 2 2 2 286 5839 5809
11406 2 2 2 2 5808 5866 3397
11407 2 2 2 2 4543 5849 5810
11408 2 2 2 2 3131 5811 3396
11409 2 2 2 2 2393 5812 3124
11410 2 2 2 2 2661 5813 3132
11411 2 2 2 2 3137 5814 3397
11412 2 2 2 2 333 5855 5811
11413 2 2 2 2 4539 5856 5812
11414 2 2 2 2 4661 5862 5813
11415 2 2 2 2 325 5864 5814
11416 2 2 2 2 5848 5865 4372
11417 2 2 2 2 5831 5834 4446
11418 2 2 2 2 4776 5834 5831
11419 2 2 2 2 5827 5832 4443
11420 2 2 2 2 4984 5832 5827
11421 2 2 2 2 5815 5818 3148
11422 2 2 2 2 4776 5831 2390
11423 2 2 2 2 389 5818 5815
11424 2 2 2 2 4677 5823 2042
11425 2 2 2 2 2619 5824 4677
11426 2 2 2 2 3253 5825 3138
11427 2 2 2 2 4677 5824 5823
11428 2 2 2 2 4984 5827 2388
11429 2 2 2 2 5835 5836 2653
11430 2 2 2 2 2653 5836 4521
11431 2 2 2 2 5836 5838 4521
11432 2 2 2 2 4521 5838 2654
11433 2 2 2 2 3336 5821 3337
11434 2 2 2 2 4742 5819 2651
11435 2 2 2 2 5840 5845 334
11436 2 2 2 2 3125 5818 5817
11437 2 2 2 2 3125 5817 4764
11438 2 2 2 2 3148 5818 3125
11439 2 2 2 2 3495 5815 3148
11440 2 2 2 2 4221 5841 5840
11441 2 2 2 2 4221 5840 334
11442 2 2 2 2 2651 5820 2652
11443 2 2 2 2 385 5841 4221
11444 2 2 2 2 385 5842 5841
11445 2 2 2 2 181 5839 180
11446 2 2 2 2 4428 5842 385
11447 2 2 2 2 3875 5865 5848
11448 2 2 2 2 4764 5816 3298
11449 2 2 2 2 4428 5843 5842
11450 2 2 2 2 4231 5844 291
11451 2 2 2 2 4231 5846 5844
11452 2 2 2 2 291 5844 5843
11453 2 2 2 2 291 5843 4428
11454 2 2 2 2 4422 5847 384
11455 2 2 2 2 384 5846 4231
11456 2 2 2 2 333 5854 4229
11457 2 2 2 2 5819 5820 2651
11458 2 2 2 2 384 5847 5846
11459 2 2 2 2 4764 5817 5816
11460 2 2 2 2 300 5851 5850
11461 2 2 2 2 300 5850 4541
11462 2 2 2 2 4230 5851 300
11463 2 2 2 2 4392 5818 389
11464 2 2 2 2 5817 5818 4392
11465 2 2 2 2 353 5817 4392
11466 2 2 2 2 4433 5819 4432
11467 2 2 2 2 198 5855 197
11468 2 2 2 2 4229 5853 4230
11469 2 2 2 2 313 5821 4451
11470 2 2 2 2 4541 5849 4542
11471 2 2 2 2 151 5822 150
11472 2 2 2 2 5816 5817 353
11473 2 2 2 2 4433 5820 5819
11474 2 2 2 2 371 5858 4540
11475 2 2 2 2 4439 5823 4437
11476 2 2 2 2 5823 5824 4437
11477 2 2 2 2 4437 5824 4438
11478 2 2 2 2 305 5825 4496
11479 2 2 2 2 162 5826 161
11480 2 2 2 2 4541 5850 5849
11481 2 2 2 2 4540 5856 4538
11482 2 2 2 2 4444 5827 4443
11483 2 2 2 2 4230 5853 5851
11484 2 2 2 2 301 5828 4586
11485 2 2 2 2 5859 5860 4226
11486 2 2 2 2 168 5829 167
11487 2 2 2 2 171 5830 170
11488 2 2 2 2 4661 5861 4227
11489 2 2 2 2 4227 5859 4226
11490 2 2 2 2 4447 5831 4446
11491 2 2 2 2 4713 5832 4984
11492 2 2 2 2 4540 5858 5856
11493 2 2 2 2 4811 5834 4776
11494 2 2 2 2 4454 5835 4589
11495 2 2 2 2 325 5863 4421
11496 2 2 2 2 3135 5833 5438
11497 2 2 2 2 4454 5836 5835
11498 2 2 2 2 4421 5862 365
11499 2 2 2 2 4453 5836 4454
11500 2 2 2 2 4453 5838 5836
11501 2 2 2 2 4455 5838 4453
11502 2 2 2 2 2296 5837 2294
11503 2 2 2 2 4227 5861 5859
11504 2 2 2 2 210 5864 209
11505 2 2 2 2 3911 5840 4026
11506 2 2 2 2 5840 5841 4026
11507 2 2 2 2 5865 5866 359
11508 2 2 2 2 4421 5863 5862
11509 2 2 2 2 5841 5842 4025
11510 2 2 2 2 4026 5841 4025
11511 2 2 2 2 4025 5842 4023
11512 2 2 2 2 3911 5845 5840
11513 2 2 2 2 5842 5843 4023
11514 2 2 2 2 4023 5843 3228
11515 2 2 2 2 5843 5844 3228
11516 2 2 2 2 3228 5844 3142
11517 2 2 2 2 3909 5845 3911
11518 2 2 2 2 5844 5846 3142
11519 2 2 2 2 4372 5865 359
11520 2 2 2 2 3142 5846 3140
11521 2 2 2 2 5846 5847 3140
11522 2 2 2 2 3140 5847 3130
11523 2 2 2 2 4229 5854 5853
11524 2 2 2 2 394 5848 4372
11525 2 2 2 2 5850 5851 3143
11526 2 2 2 2 3123 5850 3143
11527 2 2 2 2 3143 5851 3145
11528 2 2 2 2 2932 5852 2396
11529 2 2 2 2 5849 5850 3123
11530 2 2 2 2 5851 5853 3145
11531 2 2 2 2 3145 5853 5689
11532 2 2 2 2 4616 5857 2397
11533 2 2 2 2 3124 5858 3146
11534 2 2 2 2 5689 5854 3967
11535 2 2 2 2 5856 5858 3124
11536 2 2 2 2 5853 5854 5689
11537 2 2 2 2 3329 5860 5859
11538 2 2 2 2 4721 5860 3329
11539 2 2 2 2 3329 5859 5455
11540 2 2 2 2 5455 5861 2662
11541 2 2 2 2 5859 5861 5455
11542 2 2 2 2 3132 5863 5049
11543 2 2 2 2 5862 5863 3132
11544 2 2 2 2 4691 5865 3875
11545 2 2 2 2 4691 5866 5865
11546 2 2 2 2 3126 5866 4691
11547 2 2 2 2 5923 5989 3415
11548 2 2 2 2 3480 5890 3478
11549 2 2 2 2 3467 5893 3468
11550 2 2 2 2 5869 5874 2689
11551 2 2 2 2 3964 5868 3965
11552 2 2 2 2 4446 5834 5784
11553 2 2 2 2 4590 5837 5785
11554 2 2 2 2 4443 5832 5787
11555 2 2 2 2 336 5833 5788
11556 2 2 2 2 3392 5822 5792
11557 2 2 2 2 334 5845 5793
11558 2 2 2 2 5803 5830 3393
11559 2 2 2 2 5802 5826 3394
11560 2 2 2 2 5804 5828 3139
11561 2 2 2 2 5805 5829 3395
11562 2 2 2 2 4543 5852 5794
11563 2 2 2 2 5806 5835 2653
11564 2 2 2 2 5796 5816 353
11565 2 2 2 2 4539 5857 5797
11566 2 2 2 2 5798 5820 4433
11567 2 2 2 2 4226 5860 5801
11568 2 2 2 2 5809 5839 3912
11569 2 2 2 2 359 5866 5808
11570 2 2 2 2 5810 5849 3123
11571 2 2 2 2 5811 5855 3396
11572 2 2 2 2 5812 5856 3124
11573 2 2 2 2 5813 5862 3132
11574 2 2 2 2 5814 5864 3397
11575 2 2 2 2 3965 5868 5779
11576 2 2 2 2 2683 5869 2689
11577 2 2 2 2 3487 5869 2682
11578 2 2 2 2 3518 5987 2311
11579 2 2 2 2 287 5867 249
11580 2 2 2 2 3490 5881 3491
11581 2 2 2 2 92 5870 91
11582 2 2 2 2 232 5871 231
11583 2 2 2 2 4131 5872 5213
11584 2 2 2 2 2418 5872 4485
11585 2 2 2 2 242 5873 241
11586 2 2 2 2 5779 5868 3690
11587 2 2 2 2 3489 5874 5869
11588 2 2 2 2 102 5875 101
11589 2 2 2 2 258 5876 257
11590 2 2 2 2 2682 5869 2683
11591 2 2 2 2 4103 5980 5905
11592 2 2 2 2 354 5938 4366
11593 2 2 2 2 146 5877 145
11594 2 2 2 2 216 5878 215
11595 2 2 2 2 6 5879 5
11596 2 2 2 2 76 5880 75
11597 2 2 2 2 5757 5879 392
11598 2 2 2 2 2311 5881 4905
11599 2 2 2 2 132 5882 362
11600 2 2 2 2 226 5883 314
11601 2 2 2 2 363 5883 227
11602 2 2 2 2 125 5884 124
11603 2 2 2 2 3939 5885 3938
11604 2 2 2 2 5683 5885 3428
11605 2 2 2 2 383 5886 107
11606 2 2 2 2 106 5886 346
11607 2 2 2 2 258 5918 5876
11608 2 2 2 2 5875 5917 101
11609 2 2 2 2 3516 5892 3514
11610 2 2 2 2 5893 5896 3468
11611 2 2 2 2 5815 5877 389
11612 2 2 2 2 3480 5895 5890
11613 2 2 2 2 265 5887 264
11614 2 2 2 2 374 5934 4545
11615 2 2 2 2 91 5870 308
11616 2 2 2 2 303 5959 3500
11617 2 2 2 2 369 5919 3489
11618 2 2 2 2 80 5888 79
11619 2 2 2 2 5873 5920 241
11620 2 2 2 2 232 5921 5871
11621 2 2 2 2 3428 5889 3424
11622 2 2 2 2 3422 5889 3465
11623 2 2 2 2 4651 5890 2665
11624 2 2 2 2 3478 5890 2787
11625 2 2 2 2 220 5891 219
11626 2 2 2 2 3491 5928 317
11627 2 2 2 2 5906 5983 4217
11628 2 2 2 2 5900 5984 4129
11629 2 2 2 2 231 5871 306
11630 2 2 2 2 3510 5912 4232
11631 2 2 2 2 3514 5892 3493
11632 2 2 2 2 5034 5892 2167
11633 2 2 2 2 3525 5903 3526
11634 2 2 2 2 3853 5893 3467
11635 2 2 2 2 4612 5893 2444
11636 2 2 2 2 5213 5872 2418
11637 2 2 2 2 92 5924 5870
11638 2 2 2 2 296 5873 242
11639 2 2 2 2 310 5941 3964
11640 2 2 2 2 4087 5933 373
11641 2 2 2 2 3474 5943 3521
11642 2 2 2 2 4219 5894 4220
11643 2 2 2 2 4150 5894 361
11644 2 2 2 2 2689 5874 5782
11645 2 2 2 2 3984 5940 4228
11646 2 2 2 2 4448 5939 3479
11647 2 2 2 2 294 5875 102
11648 2 2 2 2 257 5876 289
11649 2 2 2 2 3499 5965 360
11650 2 2 2 2 4149 5897 4150
11651 2 2 2 2 221 5898 220
11652 2 2 2 2 4415 5899 4416
11653 2 2 2 2 3529 5986 5910
11654 2 2 2 2 3412 5914 3520
11655 2 2 2 2 3502 5967 303
11656 2 2 2 2 320 5930 4418
11657 2 2 2 2 315 5931 4456
11658 2 2 2 2 81 5904 80
11659 2 2 2 2 4103 5905 4106
11660 2 2 2 2 3161 5905 3512
11661 2 2 2 2 302 5968 3506
11662 2 2 2 2 4148 5906 4217
11663 2 2 2 2 3511 5906 3391
11664 2 2 2 2 3469 5907 3159
11665 2 2 2 2 266 5908 265
11666 2 2 2 2 3975 5937 4424
11667 2 2 2 2 392 5879 6
11668 2 2 2 2 389 5877 146
11669 2 2 2 2 390 5878 216
11670 2 2 2 2 391 5880 76
11671 2 2 2 2 3529 5910 3531
11672 2 2 2 2 3519 5970 309
11673 2 2 2 2 126 5911 125
11674 2 2 2 2 5872 5976 4485
11675 2 2 2 2 5905 5980 352
11676 2 2 2 2 5876 5918 3530
11677 2 2 2 2 3461 5917 5875
11678 2 2 2 2 5867 5932 248
11679 2 2 2 2 3450 5935 4625
11680 2 2 2 2 309 5936 3513
11681 2 2 2 2 314 5929 4234
11682 2 2 2 2 3457 5920 5873
11683 2 2 2 2 5871 5921 3445
11684 2 2 2 2 3829 5913 3469
11685 2 2 2 2 3504 5964 302
11686 2 2 2 2 4626 5915 3508
11687 2 2 2 2 4385 5914 3413
11688 2 2 2 2 3951 5916 3950
11689 2 2 2 2 3414 5916 3509
11690 2 2 2 2 100 5917 347
11691 2 2 2 2 342 5918 259
11692 2 2 2 2 5870 5924 4104
11693 2 2 2 2 137 5919 369
11694 2 2 2 2 326 5919 138
11695 2 2 2 2 4905 5881 3490
11696 2 2 2 2 240 5920 343
11697 2 2 2 2 349 5984 5900
11698 2 2 2 2 299 5945 3521
11699 2 2 2 2 345 5921 233
11700 2 2 2 2 3155 5922 3471
11701 2 2 2 2 4510 5923 3416
11702 2 2 2 2 133 5882 132
11703 2 2 2 2 227 5883 226
11704 2 2 2 2 352 5924 93
11705 2 2 2 2 3458 5925 3157
11706 2 2 2 2 4662 5927 1567
11707 2 2 2 2 2265 5927 2311
11708 2 2 2 2 317 5928 134
11709 2 2 2 2 3689 5930 3687
11710 2 2 2 2 3410 5931 3449
11711 2 2 2 2 4130 5932 5867
11712 2 2 2 2 247 5932 349
11713 2 2 2 2 3448 5933 3158
11714 2 2 2 2 4414 5926 383
11715 2 2 2 2 3456 5934 4125
11716 2 2 2 2 4625 5935 229
11717 2 2 2 2 228 5935 363
11718 2 2 2 2 362 5936 131
11719 2 2 2 2 130 5936 309
11720 2 2 2 2 4424 5937 115
11721 2 2 2 2 114 5937 335
11722 2 2 2 2 2167 5947 4662
11723 2 2 2 2 3873 5938 3872
11724 2 2 2 2 346 5939 105
11725 2 2 2 2 104 5939 4448
11726 2 2 2 2 4228 5940 255
11727 2 2 2 2 254 5940 332
11728 2 2 2 2 270 5941 310
11729 2 2 2 2 4423 5941 271
11730 2 2 2 2 4412 5925 321
11731 2 2 2 2 3447 5942 4537
11732 2 2 2 2 121 5943 330
11733 2 2 2 2 3477 5945 4382
11734 2 2 2 2 3521 5945 3475
11735 2 2 2 2 395 5946 283
11736 2 2 2 2 282 5946 360
11737 2 2 2 2 142 5948 357
11738 2 2 2 2 393 5948 143
11739 2 2 2 2 124 5884 299
11740 2 2 2 2 3938 5885 5683
11741 2 2 2 2 4029 5949 3409
11742 2 2 2 2 310 5950 269
11743 2 2 2 2 379 5951 276
11744 2 2 2 2 275 5951 320
11745 2 2 2 2 369 5952 136
11746 2 2 2 2 135 5952 317
11747 2 2 2 2 4126 5900 4129
11748 2 2 2 2 3459 5954 3460
11749 2 2 2 2 3398 5955 4709
11750 2 2 2 2 4600 5956 3830
11751 2 2 2 2 3451 5957 3452
11752 2 2 2 2 107 5886 106
11753 2 2 2 2 3404 5958 3443
11754 2 2 2 2 3399 5960 4306
11755 2 2 2 2 3415 5961 3402
11756 2 2 2 2 4809 5962 3401
11757 2 2 2 2 3442 5963 3400
11758 2 2 2 2 360 5965 281
11759 2 2 2 2 280 5965 4202
11760 2 2 2 2 4639 5922 379
11761 2 2 2 2 4413 5923 323
11762 2 2 2 2 3471 5909 3527
11763 2 2 2 2 264 5887 297
11764 2 2 2 2 4220 5976 5872
11765 2 2 2 2 235 5967 4232
11766 2 2 2 2 303 5967 236
11767 2 2 2 2 97 5968 302
11768 2 2 2 2 4626 5968 98
11769 2 2 2 2 5848 5953 3875
11770 2 2 2 2 3496 5966 357
11771 2 2 2 2 309 5970 129
11772 2 2 2 2 215 5973 4
11773 2 2 2 2 3 5972 144
11774 2 2 2 2 145 5972 3
11775 2 2 2 2 4 5973 214
11776 2 2 2 2 2 5974 74
11777 2 2 2 2 5 5971 1
11778 2 2 2 2 1 5971 284
11779 2 2 2 2 75 5974 2
11780 2 2 2 2 343 5983 5906
11781 2 2 2 2 3690 5901 3689
11782 2 2 2 2 3449 5902 5768
11783 2 2 2 2 79 5888 355
11784 2 2 2 2 3424 5889 3422
11785 2 2 2 2 347 5915 4626
11786 2 2 2 2 2787 5890 4651
11787 2 2 2 2 219 5891 354
11788 2 2 2 2 366 5913 4425
11789 2 2 2 2 3493 5892 5034
11790 2 2 2 2 5768 5902 3448
11791 2 2 2 2 3462 5912 3464
11792 2 2 2 2 2444 5893 3853
11793 2 2 2 2 287 5975 5867
11794 2 2 2 2 237 5959 303
11795 2 2 2 2 4232 5912 345
11796 2 2 2 2 5910 5986 342
11797 2 2 2 2 3214 5915 3754
11798 2 2 2 2 3939 5982 5885
11799 2 2 2 2 3508 5915 3214
11800 2 2 2 2 5874 5903 5782
11801 2 2 2 2 3462 5981 5912
11802 2 2 2 2 4125 5900 4126
11803 2 2 2 2 3149 5899 3470
11804 2 2 2 2 5874 5988 5903
11805 2 2 2 2 4054 5910 342
11806 2 2 2 2 133 5928 5882
11807 2 2 2 2 361 5894 4219
11808 2 2 2 2 5868 5901 3690
11809 2 2 2 2 375 5944 4049
11810 2 2 2 2 268 5950 3509
11811 2 2 2 2 357 5966 141
11812 2 2 2 2 302 5964 96
11813 2 2 2 2 330 5907 4055
11814 2 2 2 2 3973 5897 3983
11815 2 2 2 2 2665 5895 4946
11816 2 2 2 2 3464 5912 3510
11817 2 2 2 2 4202 5909 328
11818 2 2 2 2 3408 5896 4612
11819 2 2 2 2 5928 5969 5882
11820 2 2 2 2 332 5897 4149
11821 2 2 2 2 321 5898 221
11822 2 2 2 2 335 5899 4415
11823 2 2 2 2 349 5900 4233
11824 2 2 2 2 378 5901 4423
11825 2 2 2 2 4450 5902 4449
11826 2 2 2 2 323 5904 81
11827 2 2 2 2 4106 5905 3161
11828 2 2 2 2 128 5970 3520
11829 2 2 2 2 391 5982 5880
11830 2 2 2 2 5782 5903 3525
11831 2 2 2 2 5915 5985 3754
11832 2 2 2 2 3391 5906 4148
11833 2 2 2 2 3159 5907 3472
11834 2 2 2 2 351 5908 266
11835 2 2 2 2 3527 5909 3523
11836 2 2 2 2 4131 5975 5872
11837 2 2 2 2 5895 5926 4946
11838 2 2 2 2 3531 5910 4029
11839 2 2 2 2 3520 5970 3519
11840 2 2 2 2 5912 5981 345
11841 2 2 2 2 331 5911 126
11842 2 2 2 2 5885 5979 3428
11843 2 2 2 2 5885 5982 3957
11844 2 2 2 2 5892 5947 2167
11845 2 2 2 2 3408 5929 5896
11846 2 2 2 2 5903 5988 326
11847 2 2 2 2 95 5964 3512
11848 2 2 2 2 3511 5959 238
11849 2 2 2 2 3830 5913 3829
11850 2 2 2 2 4871 5944 4416
11851 2 2 2 2 3413 5914 3412
11852 2 2 2 2 4416 5944 375
11853 2 2 2 2 3950 5916 3414
11854 2 2 2 2 101 5917 100
11855 2 2 2 2 259 5918 258
11856 2 2 2 2 138 5919 137
11857 2 2 2 2 241 5920 240
11858 2 2 2 2 233 5921 232
11859 2 2 2 2 3481 5922 3155
11860 2 2 2 2 3416 5923 3415
11861 2 2 2 2 3509 5950 3486
11862 2 2 2 2 93 5924 92
11863 2 2 2 2 3157 5925 4809
11864 2 2 2 2 4946 5926 3442
11865 2 2 2 2 1567 5927 2265
11866 2 2 2 2 3515 5969 3517
11867 2 2 2 2 134 5928 133
11868 2 2 2 2 5044 5929 3408
11869 2 2 2 2 5872 5975 4220
11870 2 2 2 2 3687 5930 4351
11871 2 2 2 2 4374 5931 3410
11872 2 2 2 2 248 5932 247
11873 2 2 2 2 5895 5978 5926
11874 2 2 2 2 347 5985 5915
11875 2 2 2 2 96 5964 95
11876 2 2 2 2 3158 5933 5128
11877 2 2 2 2 3455 5934 3456
11878 2 2 2 2 229 5935 228
11879 2 2 2 2 131 5936 130
11880 2 2 2 2 3428 5979 5889
11881 2 2 2 2 115 5937 114
11882 2 2 2 2 238 5959 237
11883 2 2 2 2 3874 5938 3873
11884 2 2 2 2 105 5939 104
11885 2 2 2 2 255 5940 254
11886 2 2 2 2 271 5941 270
11887 2 2 2 2 3743 5944 4871
11888 2 2 2 2 3446 5942 3447
11889 2 2 2 2 122 5943 121
11890 2 2 2 2 5929 5977 5896
11891 2 2 2 2 3475 5945 3477
11892 2 2 2 2 140 5966 3526
11893 2 2 2 2 3518 5947 3516
11894 2 2 2 2 141 5966 140
11895 2 2 2 2 283 5946 282
11896 2 2 2 2 143 5948 142
11897 2 2 2 2 3409 5949 3446
11898 2 2 2 2 269 5950 268
11899 2 2 2 2 276 5951 275
11900 2 2 2 2 136 5952 135
11901 2 2 2 2 3957 5979 5885
11902 2 2 2 2 3875 5953 3874
11903 2 2 2 2 3460 5954 5218
11904 2 2 2 2 4321 5955 3398
11905 2 2 2 2 3980 5956 4600
11906 2 2 2 2 3452 5957 3455
11907 2 2 2 2 3406 5958 3404
11908 2 2 2 2 3500 5959 3511
11909 2 2 2 2 5128 5960 3399
11910 2 2 2 2 3402 5961 4374
11911 2 2 2 2 3401 5962 5044
11912 2 2 2 2 3400 5963 3743
11913 2 2 2 2 3512 5964 3504
11914 2 2 2 2 281 5965 280
11915 2 2 2 2 3526 5966 3496
11916 2 2 2 2 236 5967 235
11917 2 2 2 2 3516 5947 5892
11918 2 2 2 2 5878 5973 215
11919 2 2 2 2 5879 5971 5
11920 2 2 2 2 5877 5972 145
11921 2 2 2 2 5880 5974 75
11922 2 2 2 2 98 5968 97
11923 2 2 2 2 3415 5989 5961
11924 2 2 2 2 5960 5990 4306
11925 2 2 2 2 5894 5976 4220
11926 2 2 2 2 3491 5969 5928
11927 2 2 2 2 326 5988 5919
11928 2 2 2 2 129 5970 128
11929 2 2 2 2 5932 5984 349
11930 2 2 2 2 284 5971 395
11931 2 2 2 2 74 5974 396
11932 2 2 2 2 144 5972 393
11933 2 2 2 2 214 5973 394
11934 2 2 2 2 352 5980 5924
11935 2 2 2 2 345 5981 5921
11936 2 2 2 2 5920 5983 343
11937 2 2 2 2 342 5986 5918
11938 2 2 2 2 5917 5985 347
11939 2 2 2 2 3530 5986 3529
11940 2 2 2 2 3754 5985 3461
11941 2 2 2 2 5889 5979 3956
11942 2 2 2 2 4220 5975 287
11943 2 2 2 2 4217 5983 3457
11944 2 2 2 2 3445 5981 3462
11945 2 2 2 2 4485 5976 3972
11946 2 2 2 2 383 5978 5886
11947 2 2 2 2 5883 5977 314
11948 2 2 2 2 4104 5980 4103
11949 2 2 2 2 2311 5987 5881
11950 2 2 2 2 3956 5979 3957
11951 2 2 2 2 3517 5987 3518
11952 2 2 2 2 3957 5982 391
11953 2 2 2 2 4129 5984 4130
11954 2 2 2 2 382 5989 4413
11955 2 2 2 2 395 5971 5879
11956 2 2 2 2 393 5972 5877
11957 2 2 2 2 394 5973 5878
11958 2 2 2 2 396 5974 5880
11959 2 2 2 2 3468 5977 5883
11960 2 2 2 2 5926 5978 383
11961 2 2 2 2 5882 5969 3515
11962 2 2 2 2 5886 5978 3480
11963 2 2 2 2 314 5977 5929
11964 2 2 2 2 5870 5990 308
11965 2 2 2 2 5896 5977 3468
11966 2 2 2 2 3480 5978 5895
11967 2 2 2 2 3489 5988 5874
11968 2 2 2 2 3972 5976 5894
11969 2 2 2 2 5881 5987 3517
11970 2 2 2 2 5918 5986 3530
11971 2 2 2 2 3461 5985 5917
11972 2 2 2 2 5919 5988 3489
11973 2 2 2 2 3457 5983 5920
11974 2 2 2 2 5921 5981 3445
11975 2 2 2 2 5924 5980 4104
11976 2 2 2 2 4130 5984 5932
11977 2 2 2 2 5961 5989 382
11978 2 2 2 2 308 5990 5960
$EndElements
