$MeshFormat
2.2 0 8
$EndMeshFormat
$Nodes
1332
1 0 0 0
2 1 0 0
3 1 1 0
4 0 1 0
5 0.75 0.5 0
6 0.5 0.625 0
7 0.25 0.5 0
8 0.5 0.375 0
9 0.03125 0 0
10 0.0625 0 0
11 0.09375 0 0
12 0.125 0 0
13 0.15625 0 0
14 0.1875 0 0
15 0.21875 0 0
16 0.25 0 0
17 0.28125 0 0
18 0.3125 0 0
19 0.34375 0 0
20 0.375 0 0
21 0.40625 0 0
22 0.4375 0 0
23 0.46875 0 0
24 0.5 0 0
25 0.53125 0 0
26 0.5625 0 0
27 0.59375 0 0
28 0.625 0 0
29 0.65625 0 0
30 0.6875 0 0
31 0.71875 0 0
32 0.75 0 0
33 0.78125 0 0
34 0.8125 0 0
35 0.84375 0 0
36 0.875 0 0
37 0.90625 0 0
38 0.9375 0 0
39 0.96875 0 0
40 1 0.03125 0
41 1 0.0625 0
42 1 0.09375 0
43 1 0.125 0
44 1 0.15625 0
45 1 0.1875 0
46 1 0.21875 0
47 1 0.25 0
48 1 0.28125 0
49 1 0.3125 0
50 1 0.34375 0
51 1 0.375 0
52 1 0.40625 0
53 1 0.4375 0
54 1 0.46875 0
55 1 0.5 0
56 1 0.53125 0
57 1 0.5625 0
58 1 0.59375 0
59 1 0.625 0
60 1 0.65625 0
61 1 0.6875 0
62 1 0.71875 0
63 1 0.75 0
64 1 0.78125 0
65 1 0.8125 0
66 1 0.84375 0
67 1 0.875 0
68 1 0.90625 0
69 1 0.9375 0
70 1 0.96875 0
71 0.96875 1 0
72 0.9375 1 0
73 0.90625 1 0
74 0.875 1 0
75 0.84375 1 0
76 0.8125 1 0
77 0.78125 1 0
78 0.75 1 0
79 0.71875 1 0
80 0.6875 1 0
81 0.65625 1 0
82 0.625 1 0
83 0.59375 1 0
84 0.5625 1 0
85 0.53125 1 0
86 0.5 1 0
87 0.46875 1 0
88 0.4375 1 0
89 0.40625 1 0
90 0.375 1 0
91 0.34375 1 0
92 0.3125 1 0
93 0.28125 1 0
94 0.25 1 0
95 0.21875 1 0
96 0.1875 1 0
97 0.15625 1 0
98 0.125 1 0
99 0.09375 1 0
100 0.0625 1 0
101 0.03125 1 0
102 0 0.96875 0
103 0 0.9375 0
104 0 0.90625 0
105 0 0.875 0
106 0 0.84375 0
107 0 0.8125 0
108 0 0.78125 0
109 0 0.75 0
110 0 0.71875 0
111 0 0.6875 0
112 0 0.65625 0
113 0 0.625 0
114 0 0.59375 0
115 0 0.5625 0
116 0 0.53125 0
117 0 0.5 0
118 0 0.46875 0
119 0 0.4375 0
120 0 0.40625 0
121 0 0.375 0
122 0 0.34375 0
123 0 0.3125 0
124 0 0.28125 0
125 0 0.25 0
126 0 0.21875 0
127 0 0.1875 0
128 0 0.15625 0
129 0 0.125 0
130 0 0.09375 0
131 0 0.0625 0
132 0 0.03125 0
133 0.7430776431520629 0.5292115533635168 0
134 0.7256456995618559 0.5538145386239646 0
135 0.7025281824920887 0.5732842672346037 0
136 0.676420906346086 0.5885658848033846 0
137 0.6486179744463727 0.6005145482896099 0
138 0.6197842932049799 0.609717504416323 0
139 0.5902988266702307 0.6165612734809247 0
140 0.5604008753906635 0.6212968819179223 0
141 0.5302577795947366 0.6240810891856575 0
142 0.4697422204052634 0.6240810891856575 0
143 0.4395991246093365 0.6212968819179223 0
144 0.4097011733297694 0.6165612734809247 0
145 0.3802157067950202 0.609717504416323 0
146 0.3513820255536273 0.6005145482896099 0
147 0.323579093653914 0.5885658848033846 0
148 0.2974718175079114 0.5732842672346037 0
149 0.2743543004381441 0.5538145386239645 0
150 0.2569223568479371 0.5292115533635168 0
151 0.256922356847937 0.4707884466364833 0
152 0.274354300438144 0.4461854613760356 0
153 0.2974718175079111 0.4267157327653965 0
154 0.3235790936539139 0.4114341151966155 0
155 0.351382025553627 0.3994854517103902 0
156 0.38021570679502 0.390282495583677 0
157 0.4097011733297692 0.3834387265190753 0
158 0.4395991246093363 0.3787031180820777 0
159 0.4697422204052634 0.3759189108143425 0
160 0.5302577795947365 0.3759189108143425 0
161 0.5604008753906636 0.3787031180820777 0
162 0.5902988266702305 0.3834387265190753 0
163 0.6197842932049801 0.3902824955836771 0
164 0.6486179744463729 0.3994854517103902 0
165 0.6764209063460862 0.4114341151966155 0
166 0.702528182492089 0.4267157327653966 0
167 0.7256456995618561 0.4461854613760357 0
168 0.743077643152063 0.4707884466364834 0
169 0.4855712727477441 0.4015247157579566 0
170 0.5713003940564564 0.5912498532586092 0
171 0.3968812520813365 0.4100101796108371 0
172 0.4623983214753126 0.5942167825563871 0
173 0.571750711733593 0.4057074838347517 0
174 0.6530996169279939 0.4287242650967729 0
175 0.3737682030674859 0.5801473840472923 0
176 0.654582973304771 0.5760061852477358 0
177 0.3232747398664393 0.4418101572683776 0
178 0.7132892526199058 0.4707399646176015 0
179 0.302373210223306 0.5439226152953538 0
180 0.5154635943259488 0.6007575463621372 0
181 0.6976091464959466 0.5465245136922277 0
182 0.2802190969994183 0.4933371581529101 0
183 0.7212408742792213 0.5086108397973838 0
184 0.5153992295793105 0.4006573078021139 0
185 0.5016319747857649 0.4269041954081942 0
186 0.4716332921085358 0.4283367142077165 0
187 0.4877259586435979 0.4538130478347129 0
188 0.4574988899377442 0.4551338980134502 0
189 0.4737284632701329 0.4806608021948753 0
190 0.5039660330902395 0.4793485661421067 0
191 0.4434848745637688 0.4819699884658536 0
192 0.4899574035969551 0.5062163088944094 0
193 0.5202029321095691 0.5049114778143431 0
194 0.5342009358812025 0.478041637285409 0
195 0.5504575495368356 0.5035813298481878 0
196 0.5644443530092964 0.4767251326230981 0
197 0.5807004845862123 0.5022646238164987 0
198 0.5946835143890687 0.475415816667252 0
199 0.6109425629897052 0.5009430710554702 0
200 0.5359732552593346 0.5324067506529985 0
201 0.5969675611099166 0.5277895426534257 0
202 0.6242824974803645 0.4745099155093832 0
203 0.6410681052942214 0.499689135660948 0
204 0.6059981640606773 0.4434949718083718 0
205 0.4272666657872102 0.4573080009997724 0
206 0.4132443771039725 0.4834236716088446 0
207 0.4294920235108521 0.5088357092869774 0
208 0.3992520031302994 0.510145312240789 0
209 0.3830007647915126 0.4846167974077107 0
210 0.3690166432095704 0.5114303315377093 0
211 0.4155012018558658 0.5356521149288476 0
212 0.4457357244580601 0.5343472224492157 0
213 0.3534152943720645 0.4862384602288146 0
214 0.367724812334487 0.4597861359055551 0
215 0.5472395782480342 0.4515487283073482 0
216 0.6525088958897768 0.4742115227451345 0
217 0.670020320219152 0.497585755265083 0
218 0.3394047358101144 0.5122352799805493 0
219 0.3516492909847415 0.5411344443596524 0
220 0.6573209448627649 0.5214468248080629 0
221 0.3267087662961666 0.4871459941423427 0
222 0.4303548488459957 0.5603947856099969 0
223 0.4604217095958499 0.5628392310741813 0
224 0.3983006244877854 0.5640304957241444 0
225 0.5303614786995331 0.4265053715594259 0
226 0.6271294313133039 0.5249369305794662 0
227 0.6127867158729182 0.552786126447917 0
228 0.5830723119968695 0.5558246102490667 0
229 0.5996626419138826 0.5813693616023329 0
230 0.5520629021379981 0.5661656666574411 0
231 0.4419893871643747 0.4307756509466647 0
232 0.3841107101967848 0.5364436496536619 0
233 0.3972011449117864 0.4591285319808882 0
234 0.5665390107711944 0.5313387539796031 0
235 0.5198561940131022 0.5575653363562167 0
236 0.505504026268824 0.5320106829410958 0
237 0.5773157055202467 0.4500299061765697 0
238 0.5178343564679361 0.4525518474946332 0
239 0.4597238355131383 0.5075086773615959 0
240 0.4754054247312914 0.5334773856284769 0
241 0.3085846214991156 0.5114241888562441 0
242 0.4186866176326348 0.5892830695576841 0
243 0.4561114394539253 0.4033243533380033 0
244 0.4908842069473104 0.5573151230595457 0
245 0.38267455361897 0.4352140564323546 0
246 0.6814529217713233 0.4684415907727087 0
247 0.3514702930052958 0.4317335183147711 0
248 0.4884229208862469 0.5997402681390627 0
249 0.5430413258989613 0.5983761269762949 0
250 0.5995723386308774 0.4104240218398502 0
251 0.4259118948656739 0.4070633586149213 0
252 0.6270252174390628 0.4203515070748863 0
253 0.3489524924775931 0.57140381721752 0
254 0.6270915120836563 0.5827330187626815 0
255 0.678710901266424 0.4396799367141063 0
256 0.544146940334963 0.4025002750903223 0
257 0.6749029876334061 0.5616880140281353 0
258 0.3238748597264159 0.5604204482597561 0
259 0.3403897827882381 0.4623884523105418 0
260 0.7004852170463058 0.4921308621977371 0
261 0.299267723849213 0.4551658618541842 0
262 0.6360600221263244 0.4491788343898402 0
263 0.6913240111945297 0.5196255999550177 0
264 0.3264449746244722 0.535045683090543 0
265 0.2836016722103609 0.5243552537706362 0
266 0.4119874830715586 0.433249963097573 0
267 0.646979311499483 0.551270091885863 0
268 0.7003253915423197 0.4503525372491697 0
269 0.5589973787910514 0.427220104154364 0
270 0.3710945582742655 0.5571302629317127 0
271 0.4796594512374415 0.5779135428814546 0
272 0.7157794749367232 0.531557409086422 0
273 0.3721654167852915 0.4129654600587365 0
274 0.2821272332199047 0.4686051300034577 0
275 0.3945252542682839 0.591109463079865 0
276 0.5038330743210848 0.578925032205334 0
277 0.5827268597472892 0.4273752975627815 0
278 0.527383035390002 0.5803294944892283 0
279 0.3025460962901564 0.480176393477118 0
280 0.6750406154255608 0.5392935433270419 0
281 0.4415339975240578 0.5846631122546676 0
282 0.6603664715963684 0.4520472299437125 0
283 0.3184374218180427 0.4653373718105128 0
284 0.7295668838365716 0.4882029348826617 0
285 0.234375 0.9729367061317362 0
286 0.7667038600107552 0.9733513764059818 0
287 0.230542427437941 0.02641519869361314 0
288 0.7595204326786918 0.02413533079335739 0
289 0.7012103316384417 0.6050014366520745 0
290 0.3023231179352505 0.6075845905363073 0
291 0.2987901244255846 0.394998647083099 0
292 0.7001331679283223 0.3941167604696763 0
293 0.610096879525255 0.6375509213339117 0
294 0.392141623558847 0.6386951060358669 0
295 0.390019715225507 0.3622997649801442 0
296 0.6043515336406428 0.3605244299024732 0
297 0.02644343644046038 0.7638950194190834 0
298 0.9725205407718102 0.7639377282241102 0
299 0.02583330099126535 0.2340017891218373 0
300 0.9685129622944333 0.2365048643558672 0
301 0.5172619150082145 0.6511542929627774 0
302 0.4829985917890521 0.3490018989827576 0
303 0.4182847874664301 0.9769737373605268 0
304 0.578125 0.02706329386826373 0
305 0.6399588900637206 0.973325048092462 0
306 0.3607493302024912 0.02660049930211444 0
307 0.453094101423658 0.02613489313674205 0
308 0.546875 0.9729367061317362 0
309 0.671875 0.02706329386826373 0
310 0.3280400252445651 0.975500237969819 0
311 0.02661372677604307 0.6718493769244519 0
312 0.9748000124965747 0.6713124040837524 0
313 0.02652251991638455 0.3300224984349212 0
314 0.9729367061317362 0.328125 0
315 0.02771096718284072 0.1432947213784012 0
316 0.8587919716437915 0.02906596167615383 0
317 0.02489845429470455 0.8598017756706394 0
318 0.973835090571021 0.8565610479806574 0
319 0.755657351372468 0.4433668588074127 0
320 0.2443235967845139 0.4434067934851447 0
321 0.2442216764606333 0.5551935275941295 0
322 0.7555893601498879 0.5565634480079931 0
323 0.9743421440220275 0.4842276100535978 0
324 0.02519662923081117 0.5157327606259589 0
325 0.02718041681165867 0.4220552980147891 0
326 0.9748834413260288 0.5783126333708493 0
327 0.139603064829983 0.0252205686340396 0
328 0.9738316420156422 0.1410908405112665 0
329 0.8600319728585542 0.9715554007053657 0
330 0.1438287439505292 0.9746646784965798 0
331 0.448441504604229 0.6503533371131281 0
332 0.5496930108255155 0.3498048213866163 0
333 0.02605468988226989 0.576288754468318 0
334 0.9733482061126871 0.4216994270190466 0
335 0.5156249697228579 0.02631196706831407 0
336 0.4806216540697151 0.9746546855377493 0
337 0.296875 0.02706329386826373 0
338 0.7043474413343316 0.9741980107199391 0
339 0.9215639370274087 0.02796140658690505 0
340 0.02706302694015206 0.9218704618122389 0
341 0.07812599098468431 0.02652560153595729 0
342 0.9730246592721421 0.9205894800938514 0
343 0.02708175514764344 0.07616402206416234 0
344 0.9788576548867363 0.0781241482043854 0
345 0.9230369663882305 0.9677187412402598 0
346 0.08183665554981268 0.9742453197809186 0
347 0.7722449586747482 0.468443646193473 0
348 0.7855777755219115 0.44058808034355 0
349 0.8016498862230671 0.4663339571812922 0
350 0.8150749937105416 0.4382281161476404 0
351 0.7981524068805133 0.4129935181352065 0
352 0.8285734293081246 0.4100050079172545 0
353 0.8109019183442236 0.3851410305356767 0
354 0.8325458148596578 0.4631072627655533 0
355 0.8412641030265153 0.381400462580992 0
356 0.8235644144879222 0.3571330491480081 0
357 0.8540521112634015 0.354243463836911 0
358 0.8362658583881233 0.3293697731734576 0
359 0.8057586879314462 0.3322744252830263 0
360 0.8185037416436478 0.3043970327914897 0
361 0.7879421689237398 0.3073274207431848 0
362 0.8006465571784243 0.2794034821916022 0
363 0.7700750170239439 0.2823220041991087 0
364 0.7828233928322703 0.2543598618324693 0
365 0.7522341554075396 0.2572991496082777 0
366 0.7649866661025143 0.2292982782632793 0
367 0.7343253146616224 0.2322463383047353 0
368 0.7957312385822644 0.2264521236339588 0
369 0.7471134462319848 0.2042134254220829 0
370 0.7164428880946845 0.2071730548592263 0
371 0.7036641746723329 0.2352003820403763 0
372 0.6857877749446067 0.2101528330689987 0
373 0.7292172264993115 0.1790950043793096 0
374 0.6739972300406485 0.2374787414447571 0
375 0.655325970861562 0.2130178357503258 0
376 0.6421230075439973 0.2424678895233667 0
377 0.6244102901343141 0.2150923067949113 0
378 0.6372927682416544 0.1879036225631201 0
379 0.6066567829413528 0.191086875071311 0
380 0.5937966162764409 0.2176999981409967 0
381 0.5760375549560565 0.1940537372186709 0
382 0.5633164893689681 0.2218378990653007 0
383 0.5454542047057316 0.1971928565323117 0
384 0.5327483238076403 0.2250380524586105 0
385 0.5148780111542246 0.2002499635767286 0
386 0.5019956270959444 0.2263161221369336 0
387 0.4842765775394596 0.202927078642529 0
388 0.4715014457510949 0.2300550394394612 0
389 0.4537303171816462 0.2060725665159965 0
390 0.4408597215805334 0.2321379249615227 0
391 0.4231598965347012 0.2088422722974049 0
392 0.4105740725079858 0.2378027861491786 0
393 0.3926494564562145 0.2121936875570987 0
394 0.3800786985071888 0.2412985756557773 0
395 0.3621217821709683 0.215366844632312 0
396 0.3494254998910703 0.2432575904885746 0
397 0.3315481742287923 0.2181212771429712 0
398 0.3188486748730716 0.2460441685826275 0
399 0.3009789748679311 0.2210150833340225 0
400 0.2882704535501646 0.2490101904392072 0
401 0.2703955441252723 0.2240002763386955 0
402 0.2576871430138037 0.251994572458193 0
403 0.2397615033944295 0.2269764132982608 0
404 0.2270230515789829 0.2550492911576994 0
405 0.2090907051243561 0.2299645325443702 0
406 0.1963616655094657 0.2580629056521021 0
407 0.2218549998089253 0.2018778685817445 0
408 0.1911001876497633 0.2048817015055775 0
409 0.3139290304254297 0.1929969126154388 0
410 0.4058498920420124 0.1841412693119593 0
411 0.203920813887612 0.1767056117971535 0
412 0.2142905466752568 0.2831364083259272 0
413 0.1836325553760851 0.2861504485404507 0
414 0.1730742914555602 0.1797328483815385 0
415 0.4978898087098588 0.1752483565383025 0
416 0.6202804345081352 0.1632537737604109 0
417 0.2015618462678075 0.3111868139928288 0
418 0.1709419759639019 0.3142094288049205 0
419 0.8492798775988454 0.3017635726437526 0
420 0.1528823920744571 0.2892785308631418 0
421 0.6927095980662262 0.2677164969489134 0
422 0.5592380267605443 0.1693700000285424 0
423 0.759944419983271 0.176142373442924 0
424 0.1858979730752029 0.1515070306606323 0
425 0.21677289813948 0.1485118329869034 0
426 0.1550317689617158 0.1545019049384752 0
427 0.7420210738549397 0.1509752646370048 0
428 0.7728102249613233 0.1480306541232383 0
429 0.1422040131745811 0.1827749849987081 0
430 0.3061658595495234 0.2739470157548202 0
431 0.1888528933596554 0.339202874544913 0
432 0.1582559700977735 0.3422355898740126 0
433 0.8189165921766255 0.4913870010086094 0
434 0.850748032686134 0.4875542707068186 0
435 0.8379276030573056 0.5153201202971099 0
436 0.8686789690799019 0.5122875459802469 0
437 0.8558339272568942 0.5401293615724811 0
438 0.8668645391524989 0.4565206222865642 0
439 0.1761492987821193 0.3672005932084186 0
440 0.1455702416801298 0.3702231993609175 0
441 0.1634399626340607 0.3952123419047037 0
442 0.5859037823400296 0.2482803921204269 0
443 0.1328884268985228 0.3982021756470761 0
444 0.1507514099848572 0.4231935957568456 0
445 0.4315445970410742 0.2644487086933734 0
446 0.8717940766061232 0.37840114124085 0
447 0.1987342825548213 0.123267664739969 0
448 0.2296189911675016 0.1202926066500304 0
449 0.7573753624407763 0.3102771128153066 0
450 0.1202177555340048 0.4261705346886926 0
451 0.1380976204032448 0.4511308693058588 0
452 0.5162274077364702 0.2539714523482146 0
453 0.1284052184454068 0.3448373492314983 0
454 0.1091842978969201 0.4529662759419695 0
455 0.1269915701486186 0.4779836348398415 0
456 0.2189370335135521 0.3365326126995961 0
457 0.7112920171933881 0.1539680598549388 0
458 0.724061556754912 0.1257954902106737 0
459 0.6932995806142488 0.1287815146489711 0
460 0.1241337683428927 0.1575139029564891 0
461 0.136973318164644 0.1292265401061184 0
462 0.1562012305985323 0.47590682816004 0
463 0.143548659253567 0.5030933395985592 0
464 0.3656836812694045 0.2708096095464714 0
465 0.111305813385192 0.1858027065514434 0
466 0.8864266035745734 0.5372917094300761 0
467 0.8735638416122914 0.5651311433915209 0
468 0.8430248835245688 0.5679123259291016 0
469 0.8606924011904612 0.5929525901273334 0
470 0.8301590955920923 0.5957194632987641 0
471 0.8478160153422634 0.6207720872391236 0
472 0.8172764420180537 0.623536825234458 0
473 0.8348984480541118 0.6485832764334171 0
474 0.8043736413080671 0.6513594850932858 0
475 0.8220048498779322 0.6764268978046299 0
476 0.7914623120637301 0.6792061109725754 0
477 0.8091255770227124 0.7043043762987842 0
478 0.7785317992654837 0.7070764267910044 0
479 0.7961993840068234 0.7321921868468596 0
480 0.7656189961823761 0.7349662027282038 0
481 0.7833082964495328 0.7601331392939898 0
482 0.7526285786346115 0.7629074579288425 0
483 0.7703846458665079 0.7881189890015351 0
484 0.7396790957387912 0.7908740413819888 0
485 0.8011668825533107 0.7852122715428971 0
486 0.7219267784808464 0.7656679393742449 0
487 0.7089721092917685 0.793607880073002 0
488 0.6912597285885336 0.7684185819588414 0
489 0.6782891043537951 0.7963494226291509 0
490 0.6605961476780927 0.7711737562875591 0
491 0.6476354309925235 0.7990657880552382 0
492 0.6299492383074663 0.7739241888324679 0
493 0.6169911172856647 0.80179359455363 0
494 0.5993137924350945 0.7766703612581044 0
495 0.5863619154840097 0.8045316640233626 0
496 0.5689270846687045 0.7795280722012066 0
497 0.5557754742331681 0.8072695068079534 0
498 0.5380511036318183 0.7821550169111244 0
499 0.5251169144609998 0.8099922269970955 0
500 0.5072588968639042 0.7850118855325441 0
501 0.4944564779576325 0.8127272086356805 0
502 0.4767550965950717 0.7876604542651965 0
503 0.4638427223050994 0.8154559952569799 0
504 0.4461537008872274 0.7903806035632575 0
505 0.4332112865007228 0.8181680692395379 0
506 0.4155326256156039 0.7931069606969701 0
507 0.4025818023998911 0.8210304814937817 0
508 0.3848825639038805 0.7958604500059998 0
509 0.3719062166275561 0.8236711933646115 0
510 0.3542026143188773 0.7985930520708248 0
511 0.3412647007711139 0.8265002764966443 0
512 0.3234920636854692 0.8013055436543617 0
513 0.3106420056006211 0.8293104233593807 0
514 0.2928002610509118 0.8040605284829959 0
515 0.3057534504916196 0.7760841183737881 0
516 0.275038972333694 0.7787975327922574 0
517 0.2620444808129176 0.8067895406655416 0
518 0.2442925523471788 0.7814993875845929 0
519 0.2312827489103036 0.8095209679019817 0
520 0.213531960065488 0.7842233092249614 0
521 0.2265563689868806 0.7562134568866358 0
522 0.2004665090808708 0.8122612825871978 0
523 0.1958168724056528 0.7589266281544205 0
524 0.2088526963770877 0.7309620091324119 0
525 0.7881546059890715 0.8133579576531 0
526 0.1781231048143811 0.7336608218572189 0
527 0.1911458308684875 0.705716940388583 0
528 0.8190373499299167 0.8104403934187923 0
529 0.6651512254309017 0.8243351749855823 0
530 0.8399178015621673 0.7012767900775614 0
531 0.805953682166239 0.8386646979239479 0
532 0.5730882831207689 0.8325228713845512 0
533 0.8368255337916573 0.8358642567211945 0
534 0.1604225736806077 0.7084034067445574 0
535 0.1734627265910686 0.6804912733713213 0
536 0.7069696314071945 0.74127717175248 0
537 0.2395951226005907 0.7282722981466612 0
538 0.2182529569099705 0.8375921359072291 0
539 0.1874118693225598 0.8403624069831814 0
540 0.3670439695058402 0.7705826301534171 0
541 0.1696002281777422 0.8149718867195058 0
542 0.1564912342998946 0.8430868955473196 0
543 0.7265924117450976 0.8188842003863863 0
544 0.5117219288481635 0.8379839684084944 0
545 0.450010124834498 0.8435034604113396 0
546 0.8499702282232531 0.807470010874938 0
547 0.3581984866848221 0.8515654168627855 0
548 0.1473877352699579 0.7363626779231036 0
549 0.4283298727819386 0.7651713852724615 0
550 0.1386860704551287 0.817665301198902 0
551 0.5819161556151417 0.751775444733346 0
552 0.2041060788318422 0.6778075237013323 0
553 0.1864648617275453 0.6526119341099614 0
554 0.1558603749311175 0.6552865791002445 0
555 0.1688482664900084 0.6274495155195829 0
556 0.1382478793469718 0.6301145550386734 0
557 0.4888419906637327 0.7599352971059853 0
558 0.8237907209052993 0.8640252786596493 0
559 0.7928936889927509 0.8668032928054983 0
560 0.8547170535172679 0.861220630496849 0
561 0.6426174956439861 0.7484543591102258 0
562 0.1743405220710786 0.8685137182332761 0
563 0.1433728015014868 0.8712420673681113 0
564 0.8669015931809336 0.6446104969833238 0
565 0.1296453643190187 0.7110670807536571 0
566 0.7608875034574085 0.6819484858679258 0
567 0.1512508822816676 0.6022865791170987 0
568 0.8107544966938754 0.8921999943466075 0
569 0.1206029885654448 0.6049096023914349 0
570 0.1165635876126697 0.7390637067505335 0
571 0.8846884099626031 0.3514624014680431 0
572 0.2170152141114717 0.6499537776814656 0
573 0.1086643263326661 0.50101342806703 0
574 0.7798240524659736 0.8949685700544935 0
575 0.892852592149691 0.5884111496498383 0
576 0.1075667143907941 0.6327575937269225 0
577 0.7885170856697691 0.6276368577455256 0
578 0.1069314058547652 0.4036405991866294 0
579 0.7805278194938445 0.3880732323955378 0
580 0.1060223525833046 0.1322310304532663 0
581 0.9023876613750592 0.3747680227316968 0
582 0.7060797734353427 0.1005759735417297 0
583 0.6752263930690684 0.103549854292694 0
584 0.09881171121049093 0.713718769329585 0
585 0.1293855957551464 0.2110568448575336 0
586 0.2476437327546281 0.1455336229720335 0
587 0.2604934516828594 0.1173269975093331 0
588 0.1189458419342861 0.1046894687427096 0
589 0.7369372151962715 0.09758686198693217 0
590 0.1685832751141174 0.4983739776073063 0
591 0.1612318626679926 0.8966805731306368 0
592 0.1922118156105902 0.8939420660858529 0
593 0.1302433198535151 0.8994309421075416 0
594 0.1123763866391327 0.8739530578391272 0
595 0.899279038689433 0.5094018668888608 0
596 0.1812891447464233 0.6000623913912664 0
597 0.1005638473508546 0.9012341966765193 0
598 0.09984719606501796 0.2131192111939941 0
599 0.1649696006267054 0.5252476001961124 0
600 0.1929557973448328 0.3917273825886279 0
601 0.2115848631951119 0.09501331199066887 0
602 0.08243312053113122 0.1873888418491694 0
603 0.7189239760919359 0.07231580483577016 0
604 0.9170790926407208 0.5345058158805367 0
605 0.1791000363132885 0.9221489641689747 0
606 0.08988402221114938 0.6075464476872019 0
607 0.1029542404744982 0.5796055319882086 0
608 0.08791857214523924 0.1072947489152035 0
609 0.1815405317735859 0.4772621120325164 0
610 0.8079038827655379 0.5177693472515413 0
611 0.7976638247228924 0.920035652068065 0
612 0.8286636665649079 0.9175559201535458 0
613 0.2346395638616885 0.6750309678639596 0
614 0.247516940156475 0.6472723380753702 0
615 0.2651027469801978 0.6722954840504061 0
616 0.2293995836615915 0.6225994548383383 0
617 0.2880409619739386 0.750869002774565 0
618 0.3186769386534227 0.7481421354580928 0
619 0.301034607938268 0.7230273433382466 0
620 0.3315714184623788 0.7202882077660864 0
621 0.3138199420775093 0.6951393576922602 0
622 0.3458740765515212 0.6916802917362106 0
623 0.3268762950369244 0.6675158356567875 0
624 0.3622839472292013 0.717382604876894 0
625 0.7619973454420255 0.8695885192220287 0
626 0.7489034398762917 0.8977331200446235 0
627 0.73108413389045 0.8723550519113101 0
628 0.7179921961052033 0.9004914436798215 0
629 0.116799099457592 0.2391326403717116 0
630 0.08259130477970189 0.238331042062867 0
631 0.1032836237070057 0.2668623288448817 0
632 0.072475774840145 0.2703572305230387 0
633 0.7001885587657546 0.8751277119125067 0
634 0.6870919897162939 0.9032510937977375 0
635 0.6692837492260125 0.8778964360826813 0
636 0.6560755000382255 0.904652274902911 0
637 0.6383314810432636 0.8804214941136055 0
638 0.6240279797324569 0.9121721365964306 0
639 0.2784751064327368 0.1425617689679083 0
640 0.2913843183692117 0.114378197398687 0
641 0.2729897114864469 0.08858207123162765 0
642 0.3042516452653835 0.08614676873649313 0
643 0.3222717403549789 0.1114335448279064 0
644 0.7907439334810714 0.1732187106302226 0
645 0.8036301907461396 0.1450745701048454 0
646 0.8216032839745692 0.1703221477203997 0
647 0.8344903651849348 0.142118122098982 0
648 0.8524902811538226 0.167425016663922 0
649 0.8653934188068513 0.1391626187982111 0
650 0.8154172340538244 0.1167033947245503 0
651 0.8833967002073009 0.1644693125410863 0
652 0.8704635501287246 0.1927221400879015 0
653 0.8962028952854323 0.1361317247176895 0
654 0.8782729250864398 0.1108462885747019 0
655 0.8998945923396198 0.1891022782211393 0
656 0.8881974406144417 0.2178992891574111 0
657 0.9091291320333356 0.1078069965457094 0
658 0.8912218611907178 0.0828930024171578 0
659 0.8575453170223596 0.2209369096407321 0
660 0.859450184689513 0.08513800538762445 0
661 0.1806595321291343 0.09800542708938553 0
662 0.1936706380785056 0.07119028913261877 0
663 0.09080048583041539 0.2956525483612376 0
664 0.6073170876094365 0.8839623382013195 0
665 0.5944139609794322 0.9115205538608847 0
666 0.5766224652126262 0.8862852281514326 0
667 0.5635342967890957 0.9142849526477568 0
668 0.875482362713458 0.2461205721774277 0
669 0.9063458060046432 0.2432626875792613 0
670 0.8934511838770729 0.2713891052183799 0
671 0.923181048919281 0.2680392525601771 0
672 0.5457918098296062 0.8889846222134853 0
673 0.5326431843375711 0.9170454752594173 0
674 0.5149116941164092 0.8917346081165656 0
675 0.8914336292511209 0.4034037982606504 0
676 0.9109047630791232 0.2964619108162159 0
677 0.3351556861800716 0.08329034309505395 0
678 0.3531387389299145 0.1084955053425979 0
679 0.340280736947525 0.1366763272388741 0
680 0.3660416068224492 0.08037139693075601 0
681 0.3840187980916013 0.1055515032009151 0
682 0.3969172606502039 0.07734567277157195 0
683 0.4148952491387078 0.1026058597733828 0
684 0.2100743274227131 0.9191826495268141 0
685 0.2231959690554229 0.8911659241269905 0
686 0.2410167622064353 0.9164390782630329 0
687 0.2541632341883973 0.8884134284477196 0
688 0.2720270902556878 0.9138425121283444 0
689 0.285082705105933 0.8856851965542964 0
690 0.3029596287196606 0.9110764611740695 0
691 0.08581346096912978 0.7418610949106987 0
692 0.103476689775053 0.7671400125104491 0
693 0.2250251094521622 0.5271828680620836 0
694 0.06959413740940235 0.7158142832585064 0
695 0.08330905958213525 0.6884139001587372 0
696 0.9154024865529229 0.3485231036758381 0
697 0.9331528996702411 0.3717884771262023 0
698 0.07540825654930838 0.638138087149875 0
699 0.8141063422063568 0.56753393090577 0
700 0.5017242979660109 0.9193098099399024 0
701 0.4839365402731971 0.8944888972519249 0
702 0.4708103538475018 0.9219912142813962 0
703 0.4530127549038391 0.8972342585414563 0
704 0.3772811412240668 0.6892363687451808 0
705 0.3929077445660664 0.7146512367359034 0
706 0.4067640002783541 0.6867300738305563 0
707 0.4231809429104369 0.7119437528553576 0
708 0.7357825231558525 0.9253725102404093 0
709 0.08329420921561104 0.8752736067214232 0
710 0.09500318266055036 0.8482930412220382 0
711 0.1046238532685927 0.08005809883040749 0
712 0.4271699774031663 0.0748384251002181 0
713 0.4456620340949826 0.09974911054880881 0
714 0.432859771141255 0.1278585801129377 0
715 0.4636872724035073 0.1247803167520308 0
716 0.4766278496512359 0.09677666962498505 0
717 0.4945404692228504 0.1218366446113257 0
718 0.5074639506663732 0.09383208919741026 0
719 0.5253820555682203 0.1188766360932702 0
720 0.5383109239911555 0.09090703743274808 0
721 0.5562351047615064 0.1159636321303216 0
722 0.5691689790330818 0.08799209631675903 0
723 0.5870953618490792 0.1130157469496648 0
724 0.6000375816339603 0.08507252204396043 0
725 0.6172541628174602 0.1101814654342615 0
726 0.6300667145349274 0.08218927558144012 0
727 0.2896006385447499 0.9436491160933678 0
728 0.8137197247179414 0.9456330483765917 0
729 0.1636497348237122 0.07422481674989523 0
730 0.2672573573239646 0.8602712899669721 0
731 0.6206767423154012 0.8552765405643827 0
732 0.2654674962880148 0.1707597366091114 0
733 0.8446441364547765 0.2490424038124894 0
734 0.147533429036035 0.236110209049812 0
735 0.6503152708736588 0.1601556878757054 0
736 0.4500993175691559 0.1530550638448663 0
737 0.1518357240487955 0.7895593646543296 0
738 0.4398559807554214 0.9242422131624095 0
739 0.4220825107015582 0.8997892624072946 0
740 0.4089108015214509 0.9268759793216218 0
741 0.3911787831003685 0.9026502486553318 0
742 0.378078090836417 0.9306596842065563 0
743 0.3609885433425879 0.905134480086749 0
744 0.404261956639197 0.8745890408188013 0
745 0.2119366092212516 0.559305294563376 0
746 0.3156940597608619 0.8827201644311515 0
747 0.5813662626755421 0.9396772495764248 0
748 0.9216823558070644 0.08033111713096586 0
749 0.6723481375008382 0.9268153526773645 0
750 0.1171225141378533 0.9270612736274897 0
751 0.4886504504005097 0.0702766354361698 0
752 0.07615869141645681 0.1345441002554771 0
753 0.193001417208972 0.94806612296338 0
754 0.4090474225277426 0.04993218497902835 0
755 0.614186593082589 0.05651578042712774 0
756 0.9293390752016042 0.5042584656309037 0
757 0.9119281560589154 0.4802743802829082 0
758 0.9483931582994753 0.5319841013693485 0
759 0.07394655786273308 0.7705766605384989 0
760 0.0904067681957349 0.7953832507249041 0
761 0.06097032308896277 0.7976005453214368 0
762 0.9381707519675279 0.1057846150569965 0
763 0.2766772682021353 0.6454796095798584 0
764 0.5507842972994892 0.06465307039542667 0
765 0.9322993773734947 0.5613334979814633 0
766 0.2601467462688505 0.5759134578166627 0
767 0.7377183334267206 0.578893451770536 0
768 0.7683318315608345 0.5839979795867991 0
769 0.7484771275977935 0.6027726799212312 0
770 0.262267068763626 0.4210998195328399 0
771 0.7378309434944839 0.4206865313559024 0
772 0.9441246808682138 0.2895846427715935 0
773 0.7499891660054182 0.07089094576758981 0
774 0.7674881254984461 0.09514044475759531 0
775 0.7807965203030689 0.06645064520579574 0
776 0.1629332730489643 0.575912982783529 0
777 0.07344002189180626 0.5828157746985599 0
778 0.08496880966283354 0.5547027613257519 0
779 0.115205787624672 0.5531088387804227 0
780 0.08273582154748427 0.9242872031538072 0
781 0.2329342130397653 0.4164846933908958 0
782 0.2491294232028802 0.3912410892477159 0
783 0.2182912916934017 0.4998498176000317 0
784 0.3494708350801998 0.9322053689160651 0
785 0.2205513190733602 0.43851561591056 0
786 0.05993237017927411 0.2972358528735181 0
787 0.07839842483092385 0.3264198946073055 0
788 0.05890469934523712 0.1095994148625734 0
789 0.04646985703671258 0.2759142787480728 0
790 0.2245538153864903 0.06765013030989819 0
791 0.3693592634614469 0.9562604707085625 0
792 0.7317902013331717 0.04402556343978742 0
793 0.1816258424094886 0.04883296656555269 0
794 0.4362982407387652 0.6825580549122032 0
795 0.4533914630297909 0.7089652949742561 0
796 0.4683859696457279 0.6797752235968912 0
797 0.4846396837791338 0.7068115736898837 0
798 0.5226261467321915 0.9451835328539444 0
799 0.6733005055424484 0.3818746338199027 0
800 0.6992468484560801 0.3650136292259825 0
801 0.6719814436580418 0.3513891117728737 0
802 0.6986798767567126 0.3350260992568954 0
803 0.672008587759057 0.3204467673509653 0
804 0.7228298229287504 0.3496830505446469 0
805 0.6461199150540993 0.3361396870363642 0
806 0.6454790619448191 0.3056763497379619 0
807 0.6197948872074163 0.3207607705710472 0
808 0.6194515152220008 0.2908364438735672 0
809 0.59267806632442 0.3067809609352829 0
810 0.697566296170663 0.3040975875200954 0
811 0.6746835497532322 0.6178723102835044 0
812 0.7017824488043858 0.6339534356907007 0
813 0.6767420342273367 0.6492167547710023 0
814 0.702988065548326 0.6642955702359611 0
815 0.6768740548924749 0.6796825359511967 0
816 0.7287242463728614 0.6479980217767574 0
817 0.6504290243647166 0.6645836676699888 0
818 0.6509722727748997 0.6943947819471744 0
819 0.6250512253646199 0.6813654306493602 0
820 0.701135904704806 0.6943458893870476 0
821 0.6246247009813479 0.708266464864548 0
822 0.5972915443495344 0.6945766442846812 0
823 0.3289234552419215 0.6187563197807995 0
824 0.3253167352098584 0.3821274453543019 0
825 0.2982184254917404 0.3660465996205708 0
826 0.3232590310746305 0.3507813741296697 0
827 0.2970125631518759 0.3357079701342755 0
828 0.3232294602149751 0.3210030075399176 0
829 0.2707250456621852 0.350065055675763 0
830 0.2676220120719148 0.3220252185016461 0
831 0.349557141753024 0.3354123536050023 0
832 0.350657383783183 0.3006666846230201 0
833 0.3749901166208205 0.3191034894908362 0
834 0.4162717582614572 0.659511156563734 0
835 0.6438946172111029 0.05398883764993745 0
836 0.775011219388471 0.5289211554357018 0
837 0.06710641665249545 0.8483970558595815 0
838 0.3161582627224763 0.05605805981719886 0
839 0.1952819054782238 0.5347068641735899 0
840 0.3586482441323173 0.6284496835204907 0
841 0.9356355145164439 0.2400829675650717 0
842 0.05409956695683238 0.5573175197780689 0
843 0.06894080341638781 0.5301799355532478 0
844 0.355992346892912 0.3663340522786602 0
845 0.6440207328865775 0.6336445642096503 0
846 0.5792105656873487 0.6452938072744809 0
847 0.5475018496364082 0.6495278230768644 0
848 0.5324472775367262 0.6781958649238332 0
849 0.5680778290800452 0.6773852915808929 0
850 0.5477343984222148 0.7039958664685531 0
851 0.4198662673378604 0.3552591048273231 0
852 0.4501290377627251 0.350362886323409 0
853 0.4663949834216564 0.3230320934343452 0
854 0.4970478975256045 0.321437312286956 0
855 0.4788624417368839 0.2958486911542879 0
856 0.427790403763354 0.3239447868807814 0
857 0.5128218851549917 0.2885981281893205 0
858 0.4467919678836537 0.2961190633819921 0
859 0.4134172234358837 0.2931983036606137 0
860 0.5274605695714316 0.3197201429488267 0
861 0.5457502451354368 0.2948247428915465 0
862 0.5607193358823854 0.3186302814835112 0
863 0.5779866278203135 0.3422995839531402 0
864 0.4645858949817316 0.2699692455769012 0
865 0.4598649239815814 0.9484636298413675 0
866 0.7840849537931915 0.4975664956471186 0
867 0.5005564447617488 0.6791958962035072 0
868 0.6974729537309743 0.04898750533589363 0
869 0.6437873808518337 0.2752301476815572 0
870 0.5161137446666406 0.706053073185876 0
871 0.5337131592973292 0.7308613943261464 0
872 0.6412700190976838 0.3661588731958607 0
873 0.4856418612605768 0.6516789557569068 0
874 0.1617406072583532 0.9490714396040856 0
875 0.3973445998204238 0.268159998377405 0
876 0.3608220335425936 0.6604952919911109 0
877 0.8744252311333562 0.05745170776260555 0
878 0.8424968246057311 0.05777048426199061 0
879 0.8274168262143051 0.0293108639891117 0
880 0.8461019073990276 0.9432862023128858 0
881 0.8596014816503798 0.9148371093920058 0
882 0.877040885929959 0.9406541167042608 0
883 0.8906293530544569 0.9120472512527937 0
884 0.9076008486585976 0.9384580478145643 0
885 0.9210697587798633 0.9093114633690821 0
886 0.9037592453454054 0.8836785106762929 0
887 0.9322429309838547 0.880148656307461 0
888 0.9166817431717387 0.8552624763518936 0
889 0.9436414723716025 0.9365504269154861 0
890 0.9542605799179575 0.9715725844124223 0
891 0.4977696623002776 0.8663347900775951 0
892 0.5159246856535513 0.3492555896533203 0
893 0.4709652746352406 0.7344957420771197 0
894 0.4921862713007257 0.2707727098737446 0
895 0.5732653750627108 0.1409809993317545 0
896 0.5594505820707446 0.8607798313577872 0
897 0.5117075443609751 0.1468919854483217 0
898 0.2832209246694067 0.6977676602390689 0
899 0.419194302203807 0.156046457400669 0
900 0.4100562721211519 0.7397355171553673 0
901 0.6168589720681596 0.2612899567838539 0
902 0.9490850746577281 0.3440235147124179 0
903 0.9646611792461821 0.3725033536332381 0
904 0.8800729910429774 0.2991024336722229 0
905 0.8909414889355771 0.9692449559213298 0
906 0.8902279478534534 0.02920455187772164 0
907 0.295514349038688 0.6695700300299602 0
908 0.1218253504646741 0.2928284239923732 0
909 0.9479315517914386 0.4005525565040585 0
910 0.8267696019714975 0.2239071517656284 0
911 0.7134465307936304 0.8469891889443812 0
912 0.1666965578802952 0.4496477936961391 0
913 0.1787232817226224 0.4207536104048369 0
914 0.2059371353356785 0.3639305707473292 0
915 0.2411107081612064 0.3637703291851788 0
916 0.2524834694496153 0.7003561592461355 0
917 0.8858742107880845 0.8581698393889805 0
918 0.8988817446859486 0.8299385619117325 0
919 0.9294806336800219 0.8268630749426872 0
920 0.9118696993358837 0.8016415349430542 0
921 0.9417779658715413 0.7995594024499255 0
922 0.9237742306955563 0.7742505601741074 0
923 0.8938094139640338 0.776400198784172 0
924 0.9068281859190479 0.7482044621781604 0
925 0.8761834837016627 0.7508433148896065 0
926 0.8891431664765791 0.7227958617764945 0
927 0.9200098397019959 0.7199082258695326 0
928 0.9021498295912386 0.6946698646813013 0
929 0.9316227628352587 0.6901822912096656 0
930 0.9158591577393637 0.6646541520520488 0
931 0.9489200583331716 0.7131495924194797 0
932 0.9578863528654662 0.8264619196055276 0
933 0.8710371773437744 0.6980105591080694 0
934 0.8631402011515027 0.7790479246922345 0
935 0.8452702461181247 0.7537701648381079 0
936 0.8323496844586205 0.7817794571142846 0
937 0.7968155922471833 0.5948793871990415 0
938 0.2366431925960003 0.3094255507718915 0
939 0.2449275481315827 0.2801765552241702 0
940 0.8257154518501131 0.5425781164478197 0
941 0.811222021214008 0.05987024230622451 0
942 0.8287764511328578 0.08777199632157057 0
943 0.6757599852606564 0.7398719897147029 0
944 0.5506309611639855 0.2488993374882733 0
945 0.5643173064874818 0.2726447604924971 0
946 0.6124473618505903 0.7513007501516837 0
947 0.2584779547490027 0.622532029795922 0
948 0.9732801052394446 0.4530637775094671 0
949 0.9472501699847914 0.4353296650485962 0
950 0.9208187130591822 0.4199425623038785 0
951 0.893768107227509 0.4368997843656687 0
952 0.8699337529556049 0.427087483469188 0
953 0.9444083832062609 0.4729085217390106 0
954 0.1992510131242904 0.6249705887177116 0
955 0.2119983817814091 0.5933514945143061 0
956 0.3364043106144232 0.7733093900557235 0
957 0.721490344807073 0.2602579405484776 0
958 0.7399925719917978 0.2856623575655816 0
959 0.7352878229778927 0.7378953403182626 0
960 0.397583041889183 0.7678210524401833 0
961 0.2573292364753834 0.7535619783766603 0
962 0.7744484711153572 0.6544431417221027 0
963 0.8808512388193273 0.804615475116488 0
964 0.7485781453703428 0.7092850497279382 0
965 0.2218037936648853 0.7030243164131805 0
966 0.2759722040838529 0.2763304198164059 0
967 0.3366901235539923 0.270938140327297 0
968 0.3710155129012448 0.1336877820102195 0
969 0.3580880886340031 0.1618900227202851 0
970 0.327452556738947 0.1648254250049703 0
971 0.401744987407775 0.1307463388114235 0
972 0.3093509509941131 0.1395944315727382 0
973 0.6513496510574264 0.8525359743208942 0
974 0.4351266324417956 0.87183965691766 0
975 0.7758580013482828 0.3347819788064769 0
976 0.2362030744462026 0.8630103603081296 0
977 0.4843873921730874 0.02569007344290064 0
978 0.5468546455494603 0.02614139332719656 0
979 0.6719426508924968 0.9743195504521048 0
980 0.3285131131180462 0.02717568019868838 0
981 0.2846473144633249 0.05774701803473392 0
982 0.2623580121031117 0.03208385205286141 0
983 0.2347634151817232 0.1737339345915961 0
984 0.02673483764666496 0.4844488929982323 0
985 0.05444372468821423 0.5034802911523619 0
986 0.05403408731194986 0.4689099547768585 0
987 0.08055950911125803 0.484927356661024 0
988 0.02701093232738966 0.4532502630357274 0
989 0.05521976602736678 0.4392735821178271 0
990 0.05518909388855675 0.4080438077622009 0
991 0.02749587492209343 0.3910994390553968 0
992 0.05403080641155644 0.3758768608516593 0
993 0.0279390250920889 0.3596697292419377 0
994 0.7359102206612188 0.9740524161815709 0
995 0.0301292296094513 0.609519612455811 0
996 0.02671328924536853 0.6418783979985774 0
997 0.9732763677137716 0.6093587460206343 0
998 0.9462424527923996 0.5897967379314432 0
999 0.9474738987911583 0.624210425285938 0
1000 0.9179003861235107 0.6104147786322789 0
1001 0.9735709695058516 0.640349734032415 0
1002 0.946640789302592 0.6597460322920383 0
1003 0.8395938877496789 0.1956135535443029 0
1004 0.1602789267382676 0.2079568094949387 0
1005 0.02500793742192975 0.7031015102179046 0
1006 0.02706587104774599 0.7343171082022227 0
1007 0.03076451996930069 0.7974000522806026 0
1008 0.02502679030841376 0.8299250919339718 0
1009 0.02651032212069582 0.203478104211368 0
1010 0.05297007315467483 0.2208061677216707 0
1011 0.9729544905365728 0.203155803492759 0
1012 0.9730986651718223 0.1719715117613649 0
1013 0.9440425131725861 0.1579323607083993 0
1014 0.9468125987917415 0.1909925695216332 0
1015 0.9723599396067184 0.2694622446600832 0
1016 0.1328432205435092 0.5778153919597718 0
1017 0.2702840538512005 0.7256424070202229 0
1018 0.5766220322684016 0.9723507932224265 0
1019 0.6066006738580347 0.9663708294519252 0
1020 0.6273532835717586 0.9439907064741854 0
1021 0.2972345381668086 0.9734319604009324 0
1022 0.2656465471403565 0.9729491463790214 0
1023 0.257804971191226 0.9428105601680491 0
1024 0.1995979525856564 0.02419961438752133 0
1025 0.7977834560180563 0.9731961442598137 0
1026 0.1427599911992623 0.6831621509671295 0
1027 0.02811670385098741 0.1740165506858241 0
1028 0.3492722553119915 0.7453623899445163 0
1029 0.7750965022814078 0.8414588794748403 0
1030 0.7932002624428237 0.3600883605160622 0
1031 0.764899392261828 0.362331660767091 0
1032 0.4587090067387214 0.7624606690439334 0
1033 0.970800842708893 0.1075829732705871 0
1034 0.02644732929539878 0.8911344409963892 0
1035 0.0531999822623348 0.9086141479483789 0
1036 0.05202380377137861 0.9386361949087729 0
1037 0.0265484271671681 0.9530740274972846 0
1038 0.9755356312688888 0.8899418298784824 0
1039 0.1092052810827017 0.02612837461158313 0
1040 0.1215891666025161 0.05219406835848794 0
1041 0.1137094602075152 0.9741481427226566 0
1042 0.04700783283609877 0.02642871046501299 0
1043 0.05565222946523785 0.05718941304551689 0
1044 0.9529736886863702 0.02645918911242706 0
1045 0.1123925255064877 0.6857960563446022 0
1046 0.1827299135050173 0.7869349140851858 0
1047 0.6985505916090307 0.1821020523508799 0
1048 0.2052693679026375 0.8657644352741098 0
1049 0.9122347777242192 0.1605477414952607 0
1050 0.8727830371967019 0.8865552211566881 0
1051 0.1473261691656589 0.923627434277122 0
1052 0.6626950463140465 0.1318459695066068 0
1053 0.2490851900027033 0.8348469649917056 0
1054 0.7666578049441536 0.9220526549290685 0
1055 0.8417184094214052 0.8893990257008908 0
1056 0.1678461075805586 0.126245573127986 0
1057 0.2423887270810073 0.09215647280267342 0
1058 0.1256699925108961 0.845792230715445 0
1059 0.7548310593621641 0.1229074236321961 0
1060 0.6760888139624527 0.7079836109419437 0
1061 0.0937370612158121 0.1601810009152235 0
1062 0.7044665824140295 0.9258693285234602 0
1063 0.2978900192633329 0.8574534707533319 0
1064 0.6679904570491659 0.1850688574978115 0
1065 0.4573042608838117 0.07302470762031471 0
1066 0.279904230051331 0.8321041550907372 0
1067 0.9211893911483258 0.2113067409391738 0
1068 0.7573655241002684 0.8161562510074019 0
1069 0.8469667631590702 0.1136234043176067 0
1070 0.8086912922471002 0.1983679553872337 0
1071 0.3796529474066827 0.742469371356884 0
1072 0.867765342526307 0.8329751877179125 0
1073 0.4406050611470668 0.737034476369592 0
1074 0.6880534397640039 0.07650305657085654 0
1075 0.5830608202242152 0.05700025997784447 0
1076 0.3785788793671768 0.05245746256888761 0
1077 0.5194098207469189 0.06843904749842661 0
1078 0.2832531058404099 0.1959107696847135 0
1079 0.7488493657416837 0.3901871734490037 0
1080 0.7778684994380343 0.2012821444632836 0
1081 0.9422508886840266 0.7471842181501922 0
1082 0.6695983285911293 0.2892057855355301 0
1083 0.8806981852946629 0.6163434953978789 0
1084 0.8988638623246931 0.6410372360616028 0
1085 0.2525608673754347 0.1989121522398992 0
1086 0.730150479015688 0.6805843523380702 0
1087 0.06125280222828633 0.6098085310317291 0
1088 0.2936728488557068 0.3029243509200746 0
1089 0.165036184908018 0.7616100176693197 0
1090 0.1783912653297148 0.2329848732222801 0
1091 0.7442637413754799 0.8442386818243914 0
1092 0.1106534083836709 0.3734248054473078 0
1093 0.9041477080849468 0.5623425380102173 0
1094 0.7851468932779213 0.1201825404642147 0
1095 0.1655743106582168 0.2611554704883136 0
1096 0.1252973751258072 0.6579282000585517 0
1097 0.1346497008996634 0.264227933935039 0
1098 0.1500515188104296 0.1021102742831301 0
1099 0.6958311480593615 0.8216663599621181 0
1100 0.0861060240208289 0.425297994452666 0
1101 0.8814427367589019 0.4845216992827903 0
1102 0.2962412471212792 0.1676913259980832 0
1103 0.6825355067409756 0.8498322927542059 0
1104 0.05868973033507069 0.1604340562831426 0
1105 0.05058649816992394 0.6565173808813578 0
1106 0.97356325099922 0.2994949553587239 0
1107 0.2270028230508332 0.4679460441940545 0
1108 0.05449430499145186 0.3448882107723315 0
1109 0.07943746730212248 0.3595494251659488 0
1110 0.1403880780892103 0.3172758366835808 0
1111 0.6806904939422564 0.1569870236224856 0
1112 0.813495938756906 0.2515480519976695 0
1113 0.7255526212180252 0.3149779914868259 0
1114 0.8140219354070132 0.7571873648893587 0
1115 0.6344843525567184 0.8269678227797944 0
1116 0.1103350386555413 0.3203815018202345 0
1117 0.5513711900364482 0.9426071352367622 0
1118 0.831335600117811 0.276613635240842 0
1119 0.3986017850180578 0.9531268692356732 0
1120 0.1342681127437898 0.7643133521004554 0
1121 0.8270251300836369 0.7291839125646334 0
1122 0.7681302871947253 0.4159404593277302 0
1123 0.3067115480689804 0.6391691210789513 0
1124 0.6037272429967133 0.8297827022912667 0
1125 0.8581662063894577 0.7259647854438854 0
1126 0.8624394978205419 0.2739950729256866 0
1127 0.3445408875360414 0.1901546459030512 0
1128 0.1211272741212808 0.7924290503843685 0
1129 0.5900323394206172 0.8582136122634284 0
1130 0.3280391965265775 0.8543155992236702 0
1131 0.8531770963346572 0.6731235977467747 0
1132 0.3750515583762974 0.1872325012135515 0
1133 0.09619744459286306 0.6617222899782187 0
1134 0.5422582875323828 0.8353912020390007 0
1135 0.1080902795091829 0.8205130211171716 0
1136 0.8669919156902708 0.3267166259560059 0
1137 0.8846647860857766 0.6693509844388534 0
1138 0.5285261946657983 0.8636641285829012 0
1139 0.3884885525129706 0.158844965102186 0
1140 0.07890239507192298 0.8220930383324626 0
1141 0.790905849234669 0.03288172422352725 0
1142 0.4806565349071389 0.8409649132812806 0
1143 0.609375 0.02642275172558567 0
1144 0.3479469242916701 0.0551915374120267 0
1145 0.4664514301425514 0.869415148317296 0
1146 0.9749947864353461 0.5158649025453689 0
1147 0.436419579890115 0.1811593189939085 0
1148 0.4194416946321238 0.8460364321140309 0
1149 0.7851858777275487 0.5621542314062539 0
1150 0.9722093117766984 0.7981044045066215 0
1151 0.828125 0.9737288166602325 0
1152 0.03025512576689965 0.1100395361586974 0
1153 0.2548409402696109 0.0642577551858165 0
1154 0.4673301346208653 0.1779440205283214 0
1155 0.388302510591789 0.8491965335165583 0
1156 0.0542765253100681 0.7455964663675869 0
1157 0.3745793645729129 0.8769132605631589 0
1158 0.4808757578145355 0.1499593979538615 0
1159 0.9369922063484957 0.05271939310041762 0
1160 0.9251686524362961 0.132653773881961 0
1161 0.9758641099040255 0.5470984998817261 0
1162 0.8976303014308852 0.3242540891976478 0
1163 0.5287320493685018 0.1720155132633702 0
1164 0.02592107764476087 0.546875 0
1165 0.5973326356687577 0.7239882205303707 0
1166 0.5193457710820937 0.7577234011744266 0
1167 0.9281842476629207 0.3198158509823967 0
1168 0.5424266926470764 0.1440164610492635 0
1169 0.2255089840609901 0.9447598254130816 0
1170 0.59006804121914 0.1659733267457568 0
1171 0.6036364609468466 0.1382481051240325 0
1172 0.07334747380530782 0.08252865892717304 0
1173 0.5521663714943319 0.7549359821343494 0
1174 0.5643580428211056 0.7280525654142005 0
1175 0.5127734034757326 0.9734385348325811 0
1176 0.501582848204538 0.7325946814781771 0
1177 0.9730209152934987 0.7322588571434018 0
1178 0.04961704347465001 0.9714163941664338 0
1179 0.02579999666845234 0.04721379910075746 0
1180 0.9704964479070338 0.05007346696667136 0
1181 0.9187857614913213 0.4511356653889553 0
1182 0.0260716511258694 0.2985925756127837 0
1183 0.3915476942973108 0.02530071720236393 0
1184 0.05326954987697213 0.6888128929114099 0
1185 0.6392177605863516 0.02574324906073833 0
1186 0.7826499180796781 0.9470018881817106 0
1187 0.6335856252487864 0.1354620180134828 0
1188 0.3447523254688994 0.8792726426609803 0
1189 0.05503242199179059 0.247760734731024 0
1190 0.7242265795447109 0.3783369840337065 0
1191 0.9060189232267493 0.05509352981262894 0
1192 0.3967868743111734 0.3358027418876728 0
1193 0.6466849400907271 0.1075959851586067 0
1194 0.7981412075800211 0.0910198772966585 0
1195 0.3316504156098381 0.9073240232231565 0
1196 0.6595720312058505 0.07938684762743459 0
1197 0.3214887024717556 0.9344928146326064 0
1198 0.2045845715797574 0.9743971411629473 0
1199 0.9444670176119347 0.8533829316599364 0
1200 0.601253236448492 0.6653713896377564 0
1201 0.9753964277087532 0.701686190966107 0
1202 0.08066506641406629 0.4573077398624305 0
1203 0.05340543481129129 0.8751738347809604 0
1204 0.2213715872471433 0.3902985137764091 0
1205 0.1470146399319456 0.551771949217486 0
1206 0.09042399920150679 0.05410403588485435 0
1207 0.4914034633454555 0.9471735678811568 0
1208 0.3800329415867373 0.2925827497217566 0
1209 0.0535151758226482 0.192065301677816 0
1210 0.4222478039663795 0.02460783476652617 0
1211 0.2470075984009718 0.3363637533668151 0
1212 0.752500811110528 0.948116499355764 0
1213 0.9503649678459762 0.9019237118892923 0
1214 0.2730438281191983 0.3791362121582018 0
1215 0.7269643840631606 0.6193766662774484 0
1216 0.09735904572035459 0.5290176094835504 0
1217 0.5916595230098812 0.2796973251652138 0
1218 0.2419580710089282 0.5976836291406994 0
1219 0.1887969112910885 0.5758833426236241 0
1220 0.8441221938635309 0.4349245481912357 0
1221 0.9490209914575034 0.216408589174901 0
1222 0.1294603432483185 0.5272087942238601 0
1223 0.1744842233329353 0.9743665637044987 0
1224 0.6560513619131128 0.9488338127590614 0
1225 0.08057150591375439 0.3910978409426712 0
1226 0.7481812711016442 0.3375308343425641 0
1227 0.4485623553900547 0.9745830289067622 0
1228 0.7211369484281335 0.7142695414249496 0
1229 0.6721736083823864 0.05718590821047714 0
1230 0.4383013890208831 0.04911105163934892 0
1231 0.1348292845170388 0.07731013898190653 0
1232 0.650432348289521 0.721748070197427 0
1233 0.3220831351914761 0.2938958398330259 0
1234 0.1777283445209435 0.5529417801470548 0
1235 0.9186885033048086 0.5824597404410482 0
1236 0.8945578601378293 0.4618704303213774 0
1237 0.7207171736873321 0.9496452798089684 0
1238 0.3906561113730637 0.6669335994332898 0
1239 0.8585694027639862 0.4021573431722903 0
1240 0.9749520069190694 0.9509175895417075 0
1241 0.1328127337020667 0.9484727680935913 0
1242 0.9771881874300616 0.3952010674312686 0
1243 0.2061622463984967 0.4146370174987068 0
1244 0.573285536428858 0.7027584842924373 0
1245 0.7069605258440244 0.02323205140903534 0
1246 0.429013439022166 0.9507109096380602 0
1247 0.7559771066438588 0.6313006203846484 0
1248 0.4698567138157821 0.04819471724676527 0
1249 0.7139851610486825 0.2845616943333986 0
1250 0.3363963152045474 0.6428772504056279 0
1251 0.1019982858019057 0.3451832351198197 0
1252 0.6883122246236901 0.9499468891568164 0
1253 0.05183740032461148 0.8223713157496435 0
1254 0.9502349096132079 0.07786947527725918 0
1255 0.1521953488637899 0.0495565915025965 0
1256 0.6654574367922931 0.2621958072146267 0
1257 0.9504028804601889 0.1290089126858421 0
1258 0.6111303496591954 0.2367784787779393 0
1259 0.1003136812559636 0.9497200898980105 0
1260 0.1694620347814864 0.02463495684828504 0
1261 0.9503223766052957 0.7761185537197901 0
1262 0.2621660509416323 0.2975702873520519 0
1263 0.3886155757078494 0.9787969475557545 0
1264 0.9485610900274362 0.2616282636644263 0
1265 0.7336815942651269 0.01857497675181613 0
1266 0.3721960726387171 0.3439494805874362 0
1267 0.627791374684149 0.6560562427032121 0
1268 0.8014260401875827 0.5424386041324216 0
1269 0.9540284601421494 0.5008973139140045 0
1270 0.501093329192314 0.04697245156920382 0
1271 0.1952050042292778 0.5091373630287879 0
1272 0.7505794590132298 0.660255314074818 0
1273 0.05034384280930099 0.1315823657876583 0
1274 0.0819934818537762 0.5097237241834428 0
1275 0.9768956794546489 0.9768956794546489 0
1276 0.02058915076449785 0.2653546863378852 0
1277 0.1983720962590628 0.4498451845876445 0
1278 0.04920910511751586 0.7753268627021492 0
1279 0.644140796303191 0.9264554359330017 0
1280 0.02288138851304616 0.9771186114869539 0
1281 0.02287684971009374 0.02287684971009374 0
1282 0.9771234122634725 0.02287658773652745 0
1283 0.9535787920639638 0.3162087927650263 0
1284 0.05014949024800397 0.3209698533640072 0
1285 0.04888557639288871 0.5883914230867723 0
1286 0.9264122024143369 0.6401861096969407 0
1287 0.04881801516046769 0.63117240190347 0
1288 0.606752432163445 0.9347462951919702 0
1289 0.5375198295089924 0.2705719476900978 0
1290 0.571024895367921 0.2945156141936103 0
1291 0.7728507971998643 0.607384846783224 0
1292 0.6020914455680619 0.3332810598748983 0
1293 0.2741973930904006 0.6008689755758687 0
1294 0.2310194150324569 0.5754340117617216 0
1295 0.2836155169493548 0.6228295822513892 0
1296 0.2102199700057866 0.04861118724921953 0
1297 0.3583351858678508 0.9789799306567829 0
1298 0.04458213993107984 0.5315895400328704 0
1299 0.9775783012078765 0.3513355214999637 0
1300 0.5327077104475845 0.04596190548875756 0
1301 0.04456475337672494 0.7186938965082883 0
1302 0.7628960654314627 0.04845631199578004 0
1303 0.6987243300842306 0.7180997972306205 0
1304 0.1025356798578159 0.4766194344148745 0
1305 0.2059658912035246 0.4804877748623657 0
1306 0.07340811576876971 0.9512166951324487 0
1307 0.07463985903751524 0.8969165978562178 0
1308 0.6247344681372013 0.3434163025453441 0
1309 0.9556375801292745 0.6871462921500086 0
1310 0.9233575990024501 0.182763701105189 0
1311 0.5775762742051956 0.3642646832774772 0
1312 0.04904825670606516 0.08710420901162469 0
1313 0.9192385355293917 0.3934723455045672 0
1314 0.7227136478402579 0.4020086364147371 0
1315 0.07574277627810239 0.2112942811032471 0
1316 0.3972590997005834 0.3116203295436058 0
1317 0.9820754519406201 0.8277936093972251 0
1318 0.4586563539948434 0.2485440739171713 0
1319 0.3419997003672223 0.9557555437676628 0
1320 0.4854040411196825 0.2486632286110029 0
1321 0.5624792001744665 0.04325350307397757 0
1322 0.9552891276563351 0.8763916355431658 0
1323 0.0726799147377748 0.6670888994369266 0
1324 0.2374078670864574 0.04844039558284674 0
1325 0.3124999999999998 0.9569371491514714 0
1326 0.9569132733633028 0.5626793620047896 0
1327 0.2766566567199904 0.4030489137705051 0
1328 0.7233434547470854 0.5969512638093463 0
1329 0.4217340435418351 0.6356908060089109 0
1330 0.6262092504702768 0.7320965716695835 0
1331 0.04445489927830326 0.8471338147989593 0
1332 0.7410864265502185 0.3646117164263114 0
$EndNodes
$Elements
2534
1 2 2 1 1 200 234 230
2 2 2 1 1 182 265 7
3 2 2 1 1 7 265 150
4 2 2 1 1 170 230 228
5 2 2 1 1 242 281 143
6 2 2 1 1 253 258 219
7 2 2 1 1 230 234 228
8 2 2 1 1 250 252 204
9 2 2 1 1 230 235 200
10 2 2 1 1 227 267 254
11 2 2 1 1 258 264 219
12 2 2 1 1 228 229 170
13 2 2 1 1 144 242 143
14 2 2 1 1 139 229 138
15 2 2 1 1 254 267 176
16 2 2 1 1 204 277 250
17 2 2 1 1 155 247 154
18 2 2 1 1 143 281 172
19 2 2 1 1 241 265 182
20 2 2 1 1 170 229 139
21 2 2 1 1 182 279 241
22 2 2 1 1 267 280 257
23 2 2 1 1 176 267 257
24 2 2 1 1 252 262 204
25 2 2 1 1 154 247 177
26 2 2 1 1 172 281 223
27 2 2 1 1 231 266 251
28 2 2 1 1 223 271 172
29 2 2 1 1 170 249 230
30 2 2 1 1 183 272 263
31 2 2 1 1 229 254 138
32 2 2 1 1 251 266 171
33 2 2 1 1 235 236 200
34 2 2 1 1 219 270 253
35 2 2 1 1 183 263 260
36 2 2 1 1 215 238 225
37 2 2 1 1 246 282 255
38 2 2 1 1 225 238 185
39 2 2 1 1 155 273 247
40 2 2 1 1 227 254 229
41 2 2 1 1 200 236 193
42 2 2 1 1 193 236 192
43 2 2 1 1 216 217 203
44 2 2 1 1 218 221 213
45 2 2 1 1 197 234 195
46 2 2 1 1 236 240 192
47 2 2 1 1 135 181 134
48 2 2 1 1 226 227 201
49 2 2 1 1 199 226 201
50 2 2 1 1 195 234 200
51 2 2 1 1 202 216 203
52 2 2 1 1 201 234 197
53 2 2 1 1 217 220 203
54 2 2 1 1 185 238 187
55 2 2 1 1 202 203 199
56 2 2 1 1 210 218 213
57 2 2 1 1 210 213 209
58 2 2 1 1 149 179 148
59 2 2 1 1 168 178 167
60 2 2 1 1 208 210 209
61 2 2 1 1 224 232 211
62 2 2 1 1 154 177 153
63 2 2 1 1 206 233 205
64 2 2 1 1 208 209 206
65 2 2 1 1 188 231 186
66 2 2 1 1 208 232 210
67 2 2 1 1 198 199 197
68 2 2 1 1 198 202 199
69 2 2 1 1 210 232 219
70 2 2 1 1 203 226 199
71 2 2 1 1 196 198 197
72 2 2 1 1 137 176 136
73 2 2 1 1 165 174 164
74 2 2 1 1 210 219 218
75 2 2 1 1 207 208 206
76 2 2 1 1 196 197 195
77 2 2 1 1 213 214 209
78 2 2 1 1 191 206 205
79 2 2 1 1 146 175 145
80 2 2 1 1 199 201 197
81 2 2 1 1 194 196 195
82 2 2 1 1 211 232 208
83 2 2 1 1 192 239 189
84 2 2 1 1 194 238 215
85 2 2 1 1 157 171 156
86 2 2 1 1 191 205 188
87 2 2 1 1 191 207 206
88 2 2 1 1 194 195 193
89 2 2 1 1 6 180 141
90 2 2 1 1 190 238 194
91 2 2 1 1 140 170 139
92 2 2 1 1 222 224 211
93 2 2 1 1 191 239 207
94 2 2 1 1 162 173 161
95 2 2 1 1 195 200 193
96 2 2 1 1 207 211 208
97 2 2 1 1 143 172 142
98 2 2 1 1 198 204 202
99 2 2 1 1 207 239 212
100 2 2 1 1 190 194 193
101 2 2 1 1 196 237 198
102 2 2 1 1 8 169 159
103 2 2 1 1 205 231 188
104 2 2 1 1 190 193 192
105 2 2 1 1 194 215 196
106 2 2 1 1 198 237 204
107 2 2 1 1 215 237 196
108 2 2 1 1 209 233 206
109 2 2 1 1 187 238 190
110 2 2 1 1 190 192 189
111 2 2 1 1 189 191 188
112 2 2 1 1 189 239 191
113 2 2 1 1 227 228 201
114 2 2 1 1 212 222 211
115 2 2 1 1 212 223 222
116 2 2 1 1 227 229 228
117 2 2 1 1 187 190 189
118 2 2 1 1 207 212 211
119 2 2 1 1 228 234 201
120 2 2 1 1 214 233 209
121 2 2 1 1 187 189 188
122 2 2 1 1 220 226 203
123 2 2 1 1 192 240 239
124 2 2 1 1 187 188 186
125 2 2 1 1 212 240 223
126 2 2 1 1 218 241 221
127 2 2 1 1 239 240 212
128 2 2 1 1 151 182 7
129 2 2 1 1 133 183 5
130 2 2 1 1 185 187 186
131 2 2 1 1 231 243 186
132 2 2 1 1 185 186 169
133 2 2 1 1 184 225 185
134 2 2 1 1 222 242 224
135 2 2 1 1 159 243 158
136 2 2 1 1 169 243 159
137 2 2 1 1 175 270 224
138 2 2 1 1 235 244 236
139 2 2 1 1 236 244 240
140 2 2 1 1 237 277 204
141 2 2 1 1 174 262 252
142 2 2 1 1 255 268 246
143 2 2 1 1 186 243 169
144 2 2 1 1 150 265 149
145 2 2 1 1 149 265 179
146 2 2 1 1 214 245 233
147 2 2 1 1 240 244 223
148 2 2 1 1 184 185 169
149 2 2 1 1 216 246 217
150 2 2 1 1 224 275 175
151 2 2 1 1 241 279 221
152 2 2 1 1 221 259 213
153 2 2 1 1 160 184 8
154 2 2 1 1 8 184 169
155 2 2 1 1 142 248 6
156 2 2 1 1 172 248 142
157 2 2 1 1 6 248 180
158 2 2 1 1 202 262 216
159 2 2 1 1 140 249 170
160 2 2 1 1 141 249 140
161 2 2 1 1 180 249 141
162 2 2 1 1 217 263 220
163 2 2 1 1 249 278 230
164 2 2 1 1 215 269 237
165 2 2 1 1 205 266 231
166 2 2 1 1 216 282 246
167 2 2 1 1 163 250 162
168 2 2 1 1 162 250 173
169 2 2 1 1 226 267 227
170 2 2 1 1 214 247 245
171 2 2 1 1 158 251 157
172 2 2 1 1 231 251 243
173 2 2 1 1 157 251 171
174 2 2 1 1 164 252 163
175 2 2 1 1 174 252 164
176 2 2 1 1 224 270 232
177 2 2 1 1 173 256 161
178 2 2 1 1 184 256 225
179 2 2 1 1 223 281 222
180 2 2 1 1 147 253 146
181 2 2 1 1 146 253 175
182 2 2 1 1 247 259 177
183 2 2 1 1 214 259 247
184 2 2 1 1 138 254 137
185 2 2 1 1 137 254 176
186 2 2 1 1 241 264 179
187 2 2 1 1 218 264 241
188 2 2 1 1 245 266 233
189 2 2 1 1 263 272 181
190 2 2 1 1 171 266 245
191 2 2 1 1 230 278 235
192 2 2 1 1 243 251 158
193 2 2 1 1 260 284 183
194 2 2 1 1 178 284 260
195 2 2 1 1 173 269 256
196 2 2 1 1 166 255 165
197 2 2 1 1 165 255 174
198 2 2 1 1 161 256 160
199 2 2 1 1 220 280 267
200 2 2 1 1 136 257 135
201 2 2 1 1 135 257 181
202 2 2 1 1 179 265 241
203 2 2 1 1 148 258 147
204 2 2 1 1 160 256 184
205 2 2 1 1 179 258 148
206 2 2 1 1 163 252 250
207 2 2 1 1 171 273 156
208 2 2 1 1 145 275 144
209 2 2 1 1 176 257 136
210 2 2 1 1 144 275 242
211 2 2 1 1 219 264 218
212 2 2 1 1 256 269 225
213 2 2 1 1 242 275 224
214 2 2 1 1 213 259 214
215 2 2 1 1 153 261 152
216 2 2 1 1 248 276 180
217 2 2 1 1 177 261 153
218 2 2 1 1 204 262 202
219 2 2 1 1 225 269 215
220 2 2 1 1 245 273 171
221 2 2 1 1 167 268 166
222 2 2 1 1 178 268 167
223 2 2 1 1 247 273 245
224 2 2 1 1 269 277 237
225 2 2 1 1 233 266 205
226 2 2 1 1 271 276 248
227 2 2 1 1 220 267 226
228 2 2 1 1 178 260 246
229 2 2 1 1 246 260 217
230 2 2 1 1 253 270 175
231 2 2 1 1 147 258 253
232 2 2 1 1 134 272 133
233 2 2 1 1 172 271 248
234 2 2 1 1 133 272 183
235 2 2 1 1 152 274 151
236 2 2 1 1 151 274 182
237 2 2 1 1 246 268 178
238 2 2 1 1 232 270 219
239 2 2 1 1 262 282 216
240 2 2 1 1 263 280 220
241 2 2 1 1 181 272 134
242 2 2 1 1 156 273 155
243 2 2 1 1 175 275 145
244 2 2 1 1 221 283 259
245 2 2 1 1 5 284 168
246 2 2 1 1 260 263 217
247 2 2 1 1 183 284 5
248 2 2 1 1 261 283 279
249 2 2 1 1 179 264 258
250 2 2 1 1 168 284 178
251 2 2 1 1 261 279 274
252 2 2 1 1 166 268 255
253 2 2 1 1 222 281 242
254 2 2 1 1 244 271 223
255 2 2 1 1 235 276 244
256 2 2 1 1 250 277 173
257 2 2 1 1 180 278 249
258 2 2 1 1 244 276 271
259 2 2 1 1 173 277 269
260 2 2 1 1 261 274 152
261 2 2 1 1 259 283 177
262 2 2 1 1 177 283 261
263 2 2 1 1 255 282 174
264 2 2 1 1 174 282 262
265 2 2 1 1 181 280 263
266 2 2 1 1 257 280 181
267 2 2 1 1 279 283 221
268 2 2 1 1 235 278 276
269 2 2 1 1 276 278 180
270 2 2 1 1 274 279 182
271 2 2 10 10 433 866 349
272 2 2 10 10 829 1214 915
273 2 2 10 10 858 859 445
274 2 2 10 10 747 1288 1019
275 2 2 10 10 623 876 622
276 2 2 10 10 990 1225 1100
277 2 2 10 10 884 889 345
278 2 2 10 10 747 1019 1018
279 2 2 10 10 768 1149 937
280 2 2 10 10 1092 1225 1109
281 2 2 10 10 857 894 452
282 2 2 10 10 915 1214 782
283 2 2 10 10 990 1100 989
284 2 2 10 10 889 890 345
285 2 2 10 10 343 1179 1043
286 2 2 10 10 304 1143 1075
287 2 2 10 10 832 967 464
288 2 2 10 10 1075 1143 755
289 2 2 10 10 315 1104 1027
290 2 2 10 10 452 1289 857
291 2 2 10 10 810 1082 421
292 2 2 10 10 937 1149 699
293 2 2 10 10 438 952 951
294 2 2 10 10 421 1249 810
295 2 2 10 10 1043 1312 343
296 2 2 10 10 783 1107 7
297 2 2 10 10 757 953 756
298 2 2 10 10 5 866 836
299 2 2 10 10 578 1225 1092
300 2 2 10 10 1000 1083 575
301 2 2 10 10 826 844 824
302 2 2 10 10 813 845 811
303 2 2 10 10 1084 1137 564
304 2 2 10 10 951 1236 438
305 2 2 10 10 1143 1185 755
306 2 2 10 10 445 864 858
307 2 2 10 10 1000 1084 1083
308 2 2 10 10 755 1185 835
309 2 2 10 10 1021 1022 727
310 2 2 10 10 693 783 7
311 2 2 10 10 809 863 862
312 2 2 10 10 831 844 826
313 2 2 10 10 817 845 813
314 2 2 10 10 1215 1247 816
315 2 2 10 10 315 1273 1104
316 2 2 10 10 1081 1177 298
317 2 2 10 10 331 796 794
318 2 2 10 10 809 1292 863
319 2 2 10 10 464 1208 832
320 2 2 10 10 823 1123 290
321 2 2 10 10 347 866 5
322 2 2 10 10 1018 1117 747
323 2 2 10 10 794 834 331
324 2 2 10 10 1015 1106 772
325 2 2 10 10 772 1264 1015
326 2 2 10 10 1022 1023 727
327 2 2 10 10 623 1250 876
328 2 2 10 10 72 890 71
329 2 2 10 10 762 1254 1033
330 2 2 10 10 308 1117 1018
331 2 2 10 10 349 866 347
332 2 2 10 10 796 873 867
333 2 2 10 10 836 866 610
334 2 2 10 10 610 866 433
335 2 2 10 10 331 873 796
336 2 2 10 10 1033 1254 344
337 2 2 10 10 953 1269 756
338 2 2 10 10 168 347 5
339 2 2 10 10 150 693 7
340 2 2 10 10 5 836 133
341 2 2 10 10 7 1107 151
342 2 2 10 10 392 875 394
343 2 2 10 10 1123 1295 290
344 2 2 10 10 1189 1276 299
345 2 2 10 10 949 950 909
346 2 2 10 10 859 875 445
347 2 2 10 10 849 1200 822
348 2 2 10 10 780 1036 1035
349 2 2 10 10 345 905 884
350 2 2 10 10 285 1198 1169
351 2 2 10 10 830 1211 938
352 2 2 10 10 860 862 332
353 2 2 10 10 622 876 704
354 2 2 10 10 846 1200 849
355 2 2 10 10 938 1262 830
356 2 2 10 10 345 890 72
357 2 2 10 10 1169 1198 753
358 2 2 10 10 789 1276 1189
359 2 2 10 10 1175 1207 798
360 2 2 10 10 599 1271 839
361 2 2 10 10 298 1261 1081
362 2 2 10 10 336 1207 1175
363 2 2 10 10 1083 1084 564
364 2 2 10 10 1227 1246 865
365 2 2 10 10 745 1234 839
366 2 2 10 10 1043 1206 1172
367 2 2 10 10 901 1217 442
368 2 2 10 10 1219 1234 745
369 2 2 10 10 303 1246 1227
370 2 2 10 10 856 858 853
371 2 2 10 10 796 867 797
372 2 2 10 10 332 892 860
373 2 2 10 10 1100 1225 578
374 2 2 10 10 1107 1305 1277
375 2 2 10 10 1172 1206 711
376 2 2 10 10 449 1113 958
377 2 2 10 10 949 1181 950
378 2 2 10 10 775 1302 1141
379 2 2 10 10 1107 1277 785
380 2 2 10 10 285 1023 1022
381 2 2 10 10 352 1239 1220
382 2 2 10 10 1035 1307 780
383 2 2 10 10 334 949 909
384 2 2 10 10 1019 1288 1020
385 2 2 10 10 801 872 805
386 2 2 10 10 1180 1254 1159
387 2 2 10 10 630 1189 1010
388 2 2 10 10 442 1258 901
389 2 2 10 10 609 1305 1271
390 2 2 10 10 824 844 155
391 2 2 10 10 811 845 137
392 2 2 10 10 930 1137 1084
393 2 2 10 10 878 879 316
394 2 2 10 10 1224 1252 979
395 2 2 10 10 798 1117 308
396 2 2 10 10 660 1069 942
397 2 2 10 10 950 1181 951
398 2 2 10 10 769 1247 1215
399 2 2 10 10 1113 1249 958
400 2 2 10 10 930 1002 929
401 2 2 10 10 609 1271 590
402 2 2 10 10 852 856 853
403 2 2 10 10 285 1169 1023
404 2 2 10 10 590 1271 599
405 2 2 10 10 342 1240 889
406 2 2 10 10 863 1292 296
407 2 2 10 10 838 981 337
408 2 2 10 10 308 1175 798
409 2 2 10 10 799 872 801
410 2 2 10 10 1010 1315 630
411 2 2 10 10 987 1304 573
412 2 2 10 10 573 1274 987
413 2 2 10 10 775 1141 941
414 2 2 10 10 846 849 847
415 2 2 10 10 17 982 16
416 2 2 10 10 835 1185 309
417 2 2 10 10 148 1293 766
418 2 2 10 10 159 852 302
419 2 2 10 10 141 847 301
420 2 2 10 10 941 1194 775
421 2 2 10 10 877 878 316
422 2 2 10 10 1198 1223 753
423 2 2 10 10 850 870 848
424 2 2 10 10 889 1240 890
425 2 2 10 10 296 1311 863
426 2 2 10 10 880 882 329
427 2 2 10 10 964 1228 1086
428 2 2 10 10 445 875 392
429 2 2 10 10 394 875 464
430 2 2 10 10 693 1271 783
431 2 2 10 10 1243 1277 913
432 2 2 10 10 749 1252 1224
433 2 2 10 10 785 1277 1243
434 2 2 10 10 955 1219 745
435 2 2 10 10 337 980 838
436 2 2 10 10 300 1264 841
437 2 2 10 10 753 1223 874
438 2 2 10 10 148 766 149
439 2 2 10 10 134 767 135
440 2 2 10 10 166 771 167
441 2 2 10 10 152 770 153
442 2 2 10 10 882 905 329
443 2 2 10 10 852 853 302
444 2 2 10 10 847 848 301
445 2 2 10 10 294 840 145
446 2 2 10 10 1220 1239 952
447 2 2 10 10 706 834 794
448 2 2 10 10 848 870 867
449 2 2 10 10 839 1271 693
450 2 2 10 10 309 1229 835
451 2 2 10 10 430 1088 966
452 2 2 10 10 942 1194 941
453 2 2 10 10 34 1141 33
454 2 2 10 10 35 879 34
455 2 2 10 10 74 905 73
456 2 2 10 10 745 1294 955
457 2 2 10 10 37 906 36
458 2 2 10 10 862 863 332
459 2 2 10 10 294 876 840
460 2 2 10 10 610 1268 836
461 2 2 10 10 879 1141 34
462 2 2 10 10 641 981 642
463 2 2 10 10 858 864 855
464 2 2 10 10 964 1086 566
465 2 2 10 10 853 858 855
466 2 2 10 10 329 1151 880
467 2 2 10 10 942 1069 650
468 2 2 10 10 822 1244 849
469 2 2 10 10 344 1254 1180
470 2 2 10 10 166 1314 771
471 2 2 10 10 1067 1310 1014
472 2 2 10 10 787 1109 1108
473 2 2 10 10 1014 1221 1067
474 2 2 10 10 884 905 882
475 2 2 10 10 316 879 35
476 2 2 10 10 931 1177 1081
477 2 2 10 10 1002 1309 929
478 2 2 10 10 862 1290 809
479 2 2 10 10 1088 1262 966
480 2 2 10 10 327 1260 1255
481 2 2 10 10 876 1250 840
482 2 2 10 10 642 981 838
483 2 2 10 10 792 1265 288
484 2 2 10 10 867 870 797
485 2 2 10 10 318 1199 932
486 2 2 10 10 1036 1178 1037
487 2 2 10 10 1043 1179 1042
488 2 2 10 10 16 982 287
489 2 2 10 10 288 1302 792
490 2 2 10 10 980 1144 838
491 2 2 10 10 854 892 302
492 2 2 10 10 337 982 17
493 2 2 10 10 1255 1260 793
494 2 2 10 10 660 942 878
495 2 2 10 10 1192 1316 856
496 2 2 10 10 1177 1201 62
497 2 2 10 10 856 1316 859
498 2 2 10 10 142 873 331
499 2 2 10 10 1100 1202 989
500 2 2 10 10 860 892 854
501 2 2 10 10 799 800 292
502 2 2 10 10 880 1151 728
503 2 2 10 10 1044 1180 1159
504 2 2 10 10 864 1320 894
505 2 2 10 10 950 951 675
506 2 2 10 10 1318 1320 864
507 2 2 10 10 1166 1176 871
508 2 2 10 10 1036 1306 1178
509 2 2 10 10 767 1328 135
510 2 2 10 10 770 1327 153
511 2 2 10 10 1141 1302 288
512 2 2 10 10 1159 1191 339
513 2 2 10 10 1247 1272 816
514 2 2 10 10 859 1208 875
515 2 2 10 10 1172 1312 1043
516 2 2 10 10 1015 1264 300
517 2 2 10 10 1020 1288 638
518 2 2 10 10 158 852 159
519 2 2 10 10 140 847 141
520 2 2 10 10 869 901 376
521 2 2 10 10 1086 1228 820
522 2 2 10 10 890 1275 71
523 2 2 10 10 329 905 74
524 2 2 10 10 1006 1156 297
525 2 2 10 10 73 905 345
526 2 2 10 10 757 1181 953
527 2 2 10 10 36 906 316
528 2 2 10 10 339 906 37
529 2 2 10 10 810 1249 1113
530 2 2 10 10 932 1317 318
531 2 2 10 10 850 871 870
532 2 2 10 10 787 1251 1109
533 2 2 10 10 841 1221 300
534 2 2 10 10 1104 1209 1027
535 2 2 10 10 871 1176 870
536 2 2 10 10 868 1245 792
537 2 2 10 10 306 1144 980
538 2 2 10 10 638 1279 1020
539 2 2 10 10 154 824 155
540 2 2 10 10 136 811 137
541 2 2 10 10 290 1293 148
542 2 2 10 10 333 1164 842
543 2 2 10 10 294 1329 834
544 2 2 10 10 147 823 290
545 2 2 10 10 165 799 292
546 2 2 10 10 1060 1303 943
547 2 2 10 10 832 1233 967
548 2 2 10 10 857 1289 861
549 2 2 10 10 1245 1265 792
550 2 2 10 10 33 1141 288
551 2 2 10 10 1216 1222 779
552 2 2 10 10 1166 1173 498
553 2 2 10 10 744 1157 1155
554 2 2 10 10 981 1153 982
555 2 2 10 10 1155 1157 547
556 2 2 10 10 895 1171 1170
557 2 2 10 10 851 852 158
558 2 2 10 10 846 847 140
559 2 2 10 10 834 1238 294
560 2 2 10 10 856 859 858
561 2 2 10 10 855 894 857
562 2 2 10 10 145 840 146
563 2 2 10 10 1170 1171 416
564 2 2 10 10 164 872 799
565 2 2 10 10 839 1234 599
566 2 2 10 10 897 1168 1163
567 2 2 10 10 316 906 877
568 2 2 10 10 981 982 337
569 2 2 10 10 891 1145 1142
570 2 2 10 10 1163 1168 422
571 2 2 10 10 761 1253 1007
572 2 2 10 10 903 1299 51
573 2 2 10 10 156 844 295
574 2 2 10 10 296 872 163
575 2 2 10 10 138 845 293
576 2 2 10 10 1142 1145 545
577 2 2 10 10 641 1153 981
578 2 2 10 10 621 907 623
579 2 2 10 10 1041 1241 330
580 2 2 10 10 831 1266 844
581 2 2 10 10 736 1158 1154
582 2 2 10 10 859 1316 1208
583 2 2 10 10 817 1267 845
584 2 2 10 10 56 1161 1146
585 2 2 10 10 867 873 301
586 2 2 10 10 706 1238 834
587 2 2 10 10 157 851 158
588 2 2 10 10 139 846 140
589 2 2 10 10 931 1201 1177
590 2 2 10 10 907 1123 623
591 2 2 10 10 1109 1251 1092
592 2 2 10 10 853 854 302
593 2 2 10 10 848 867 301
594 2 2 10 10 847 849 848
595 2 2 10 10 878 941 879
596 2 2 10 10 1154 1158 415
597 2 2 10 10 339 1191 906
598 2 2 10 10 821 1165 822
599 2 2 10 10 744 1148 974
600 2 2 10 10 765 1326 998
601 2 2 10 10 865 1207 336
602 2 2 10 10 786 1182 789
603 2 2 10 10 889 1213 342
604 2 2 10 10 6 873 142
605 2 2 10 10 744 1155 1148
606 2 2 10 10 122 993 121
607 2 2 10 10 544 1138 891
608 2 2 10 10 864 894 855
609 2 2 10 10 830 1262 1088
610 2 2 10 10 51 1242 903
611 2 2 10 10 160 892 332
612 2 2 10 10 313 1108 993
613 2 2 10 10 302 892 8
614 2 2 10 10 309 1245 868
615 2 2 10 10 711 1206 1040
616 2 2 10 10 557 1032 893
617 2 2 10 10 1041 1259 1241
618 2 2 10 10 410 1139 899
619 2 2 10 10 943 1303 536
620 2 2 10 10 313 993 122
621 2 2 10 10 951 952 675
622 2 2 10 10 898 907 621
623 2 2 10 10 728 1151 1025
624 2 2 10 10 545 1145 974
625 2 2 10 10 485 936 528
626 2 2 10 10 532 1129 896
627 2 2 10 10 336 1227 865
628 2 2 10 10 933 1125 530
629 2 2 10 10 1007 1253 1008
630 2 2 10 10 868 1229 309
631 2 2 10 10 898 916 615
632 2 2 10 10 915 1211 829
633 2 2 10 10 615 907 898
634 2 2 10 10 121 993 991
635 2 2 10 10 549 1073 1032
636 2 2 10 10 528 936 546
637 2 2 10 10 916 965 613
638 2 2 10 10 799 801 800
639 2 2 10 10 899 1139 971
640 2 2 10 10 1134 1138 544
641 2 2 10 10 1032 1073 893
642 2 2 10 10 546 936 934
643 2 2 10 10 540 1071 960
644 2 2 10 10 1218 1293 947
645 2 2 10 10 549 960 900
646 2 2 10 10 736 1147 899
647 2 2 10 10 409 1102 970
648 2 2 10 10 419 1126 904
649 2 2 10 10 871 1173 1166
650 2 2 10 10 974 1148 545
651 2 2 10 10 121 991 120
652 2 2 10 10 564 1137 1131
653 2 2 10 10 529 1103 973
654 2 2 10 10 934 963 546
655 2 2 10 10 900 1073 549
656 2 2 10 10 1156 1278 297
657 2 2 10 10 615 916 613
658 2 2 10 10 736 1154 1147
659 2 2 10 10 287 1296 1024
660 2 2 10 10 891 1142 544
661 2 2 10 10 1124 1129 532
662 2 2 10 10 891 1138 674
663 2 2 10 10 960 1071 900
664 2 2 10 10 920 963 923
665 2 2 10 10 368 1070 910
666 2 2 10 10 731 1115 973
667 2 2 10 10 896 1138 1134
668 2 2 10 10 530 1125 1121
669 2 2 10 10 1040 1231 711
670 2 2 10 10 1146 1161 758
671 2 2 10 10 908 1097 420
672 2 2 10 10 956 1028 540
673 2 2 10 10 376 1256 869
674 2 2 10 10 1131 1137 933
675 2 2 10 10 325 989 988
676 2 2 10 10 850 1174 871
677 2 2 10 10 969 1127 970
678 2 2 10 10 936 1114 935
679 2 2 10 10 896 1129 666
680 2 2 10 10 926 1125 933
681 2 2 10 10 918 1072 963
682 2 2 10 10 325 988 119
683 2 2 10 10 896 1134 532
684 2 2 10 10 600 913 441
685 2 2 10 10 851 856 852
686 2 2 10 10 904 1126 670
687 2 2 10 10 688 1023 686
688 2 2 10 10 731 1124 1115
689 2 2 10 10 530 1131 933
690 2 2 10 10 970 1102 972
691 2 2 10 10 694 1184 695
692 2 2 10 10 325 990 989
693 2 2 10 10 727 1023 688
694 2 2 10 10 731 1129 1124
695 2 2 10 10 973 1103 635
696 2 2 10 10 1132 1139 410
697 2 2 10 10 998 1235 765
698 2 2 10 10 312 1002 1001
699 2 2 10 10 832 1208 833
700 2 2 10 10 543 1091 911
701 2 2 10 10 1121 1125 935
702 2 2 10 10 1028 1071 540
703 2 2 10 10 537 965 916
704 2 2 10 10 415 1158 897
705 2 2 10 10 439 914 600
706 2 2 10 10 312 1001 60
707 2 2 10 10 923 963 934
708 2 2 10 10 1114 1121 935
709 2 2 10 10 910 1070 1003
710 2 2 10 10 916 1017 537
711 2 2 10 10 1118 1126 419
712 2 2 10 10 1063 1066 513
713 2 2 10 10 120 991 325
714 2 2 10 10 733 1112 910
715 2 2 10 10 969 1132 1127
716 2 2 10 10 631 1097 908
717 2 2 10 10 435 940 610
718 2 2 10 10 453 1116 1110
719 2 2 10 10 552 965 527
720 2 2 10 10 470 937 699
721 2 2 10 10 323 953 948
722 2 2 10 10 918 963 920
723 2 2 10 10 911 1091 627
724 2 2 10 10 976 1053 730
725 2 2 10 10 948 953 949
726 2 2 10 10 640 972 639
727 2 2 10 10 853 855 854
728 2 2 10 10 917 1050 560
729 2 2 10 10 579 1122 1079
730 2 2 10 10 462 912 609
731 2 2 10 10 849 850 848
732 2 2 10 10 596 955 954
733 2 2 10 10 510 956 540
734 2 2 10 10 613 965 552
735 2 2 10 10 572 954 616
736 2 2 10 10 516 961 617
737 2 2 10 10 579 1031 1030
738 2 2 10 10 730 1066 1063
739 2 2 10 10 899 971 714
740 2 2 10 10 874 1223 330
741 2 2 10 10 648 1003 646
742 2 2 10 10 561 943 490
743 2 2 10 10 449 958 363
744 2 2 10 10 437 940 435
745 2 2 10 10 384 944 452
746 2 2 10 10 402 966 939
747 2 2 10 10 502 1032 557
748 2 2 10 10 323 948 54
749 2 2 10 10 112 996 311
750 2 2 10 10 551 946 494
751 2 2 10 10 984 985 324
752 2 2 10 10 365 958 957
753 2 2 10 10 973 1115 529
754 2 2 10 10 119 988 118
755 2 2 10 10 459 1111 1052
756 2 2 10 10 553 954 572
757 2 2 10 10 1099 1103 529
758 2 2 10 10 954 955 616
759 2 2 10 10 478 964 566
760 2 2 10 10 474 962 577
761 2 2 10 10 430 966 400
762 2 2 10 10 422 1168 895
763 2 2 10 10 1079 1122 771
764 2 2 10 10 917 1072 918
765 2 2 10 10 959 964 480
766 2 2 10 10 573 1222 1216
767 2 2 10 10 997 998 326
768 2 2 10 10 1110 1116 908
769 2 2 10 10 417 938 456
770 2 2 10 10 537 1017 961
771 2 2 10 10 782 1204 915
772 2 2 10 10 441 913 444
773 2 2 10 10 714 971 683
774 2 2 10 10 898 1017 916
775 2 2 10 10 402 939 404
776 2 2 10 10 117 984 324
777 2 2 10 10 963 1072 546
778 2 2 10 10 976 1048 538
779 2 2 10 10 431 914 439
780 2 2 10 10 109 1006 297
781 2 2 10 10 614 947 763
782 2 2 10 10 518 961 516
783 2 2 10 10 462 609 590
784 2 2 10 10 899 1147 410
785 2 2 10 10 643 972 640
786 2 2 10 10 287 1324 1296
787 2 2 10 10 1019 1020 305
788 2 2 10 10 60 1001 59
789 2 2 10 10 365 957 367
790 2 2 10 10 439 600 441
791 2 2 10 10 464 967 396
792 2 2 10 10 512 956 510
793 2 2 10 10 451 912 462
794 2 2 10 10 462 590 463
795 2 2 10 10 733 1126 1118
796 2 2 10 10 540 960 508
797 2 2 10 10 986 987 985
798 2 2 10 10 482 959 480
799 2 2 10 10 732 1085 983
800 2 2 10 10 733 1118 1112
801 2 2 10 10 948 949 334
802 2 2 10 10 444 913 912
803 2 2 10 10 968 969 679
804 2 2 10 10 58 997 326
805 2 2 10 10 485 1114 936
806 2 2 10 10 353 1030 356
807 2 2 10 10 527 965 524
808 2 2 10 10 1025 1186 728
809 2 2 10 10 82 1019 305
810 2 2 10 10 1078 1102 409
811 2 2 10 10 363 958 365
812 2 2 10 10 904 1136 419
813 2 2 10 10 999 1000 998
814 2 2 10 10 579 1030 353
815 2 2 10 10 425 983 411
816 2 2 10 10 451 462 455
817 2 2 10 10 444 912 451
818 2 2 10 10 470 699 468
819 2 2 10 10 456 915 914
820 2 2 10 10 779 1016 607
821 2 2 10 10 1003 1070 646
822 2 2 10 10 411 983 407
823 2 2 10 10 616 947 614
824 2 2 10 10 480 964 478
825 2 2 10 10 878 942 941
826 2 2 10 10 678 968 679
827 2 2 10 10 1053 1066 730
828 2 2 10 10 417 456 431
829 2 2 10 10 969 1139 1132
830 2 2 10 10 553 572 552
831 2 2 10 10 361 975 449
832 2 2 10 10 886 1050 917
833 2 2 10 10 577 937 472
834 2 2 10 10 400 966 402
835 2 2 10 10 456 914 431
836 2 2 10 10 984 986 985
837 2 2 10 10 567 596 555
838 2 2 10 10 412 938 417
839 2 2 10 10 911 1103 1099
840 2 2 10 10 1012 1014 1013
841 2 2 10 10 490 943 488
842 2 2 10 10 652 1003 648
843 2 2 10 10 414 1004 429
844 2 2 10 10 535 552 527
845 2 2 10 10 23 977 307
846 2 2 10 10 304 978 26
847 2 2 10 10 621 623 622
848 2 2 10 10 47 1015 300
849 2 2 10 10 305 979 81
850 2 2 10 10 306 980 19
851 2 2 10 10 596 954 555
852 2 2 10 10 524 537 521
853 2 2 10 10 535 553 552
854 2 2 10 10 472 937 470
855 2 2 10 10 619 621 620
856 2 2 10 10 621 622 620
857 2 2 10 10 78 994 286
858 2 2 10 10 524 965 537
859 2 2 10 10 53 948 334
860 2 2 10 10 801 802 800
861 2 2 10 10 382 944 384
862 2 2 10 10 699 940 468
863 2 2 10 10 970 1127 409
864 2 2 10 10 566 962 476
865 2 2 10 10 572 616 614
866 2 2 10 10 468 940 437
867 2 2 10 10 619 620 618
868 2 2 10 10 997 999 998
869 2 2 10 10 442 945 944
870 2 2 10 10 285 1022 94
871 2 2 10 10 617 619 618
872 2 2 10 10 420 1097 1095
873 2 2 10 10 1009 1010 299
874 2 2 10 10 871 1174 1173
875 2 2 10 10 1012 1013 328
876 2 2 10 10 778 779 607
877 2 2 10 10 572 614 613
878 2 2 10 10 617 618 515
879 2 2 10 10 474 577 472
880 2 2 10 10 371 421 374
881 2 2 10 10 687 976 730
882 2 2 10 10 417 431 418
883 2 2 10 10 488 536 486
884 2 2 10 10 494 946 492
885 2 2 10 10 1052 1111 735
886 2 2 10 10 492 561 490
887 2 2 10 10 126 1009 299
888 2 2 10 10 380 442 382
889 2 2 10 10 668 733 659
890 2 2 10 10 539 1048 562
891 2 2 10 10 408 1004 414
892 2 2 10 10 476 962 474
893 2 2 10 10 384 452 386
894 2 2 10 10 488 943 536
895 2 2 10 10 923 925 924
896 2 2 10 10 55 323 54
897 2 2 10 10 117 324 116
898 2 2 10 10 715 736 714
899 2 2 10 10 333 995 114
900 2 2 10 10 496 551 494
901 2 2 10 10 445 1318 864
902 2 2 10 10 926 933 928
903 2 2 10 10 842 1285 333
904 2 2 10 10 614 763 615
905 2 2 10 10 118 984 117
906 2 2 10 10 442 944 382
907 2 2 10 10 1070 1080 644
908 2 2 10 10 639 732 586
909 2 2 10 10 92 1021 310
910 2 2 10 10 502 557 500
911 2 2 10 10 390 445 392
912 2 2 10 10 555 954 553
913 2 2 10 10 44 1012 328
914 2 2 10 10 106 1008 317
915 2 2 10 10 404 939 412
916 2 2 10 10 492 946 561
917 2 2 10 10 412 417 413
918 2 2 10 10 676 904 670
919 2 2 10 10 678 679 643
920 2 2 10 10 995 996 113
921 2 2 10 10 53 334 52
922 2 2 10 10 115 333 114
923 2 2 10 10 567 776 596
924 2 2 10 10 398 967 430
925 2 2 10 10 969 970 679
926 2 2 10 10 925 926 924
927 2 2 10 10 420 1110 908
928 2 2 10 10 713 714 683
929 2 2 10 10 656 659 652
930 2 2 10 10 681 968 678
931 2 2 10 10 523 524 521
932 2 2 10 10 58 326 57
933 2 2 10 10 120 325 119
934 2 2 10 10 934 935 925
935 2 2 10 10 394 464 396
936 2 2 10 10 672 896 666
937 2 2 10 10 701 891 674
938 2 2 10 10 664 731 637
939 2 2 10 10 739 974 703
940 2 2 10 10 719 897 717
941 2 2 10 10 506 549 504
942 2 2 10 10 736 899 714
943 2 2 10 10 732 1102 1078
944 2 2 10 10 631 908 663
945 2 2 10 10 396 967 398
946 2 2 10 10 741 744 739
947 2 2 10 10 516 617 515
948 2 2 10 10 920 923 922
949 2 2 10 10 656 668 659
950 2 2 10 10 683 971 681
951 2 2 10 10 359 975 361
952 2 2 10 10 744 974 739
953 2 2 10 10 361 449 363
954 2 2 10 10 723 895 721
955 2 2 10 10 872 1308 805
956 2 2 10 10 521 961 518
957 2 2 10 10 486 959 482
958 2 2 10 10 435 610 433
959 2 2 10 10 923 924 922
960 2 2 10 10 622 704 624
961 2 2 10 10 367 957 371
962 2 2 10 10 59 997 58
963 2 2 10 10 633 911 627
964 2 2 10 10 687 730 689
965 2 2 10 10 431 439 432
966 2 2 10 10 113 996 112
967 2 2 10 10 462 463 455
968 2 2 10 10 478 566 476
969 2 2 10 10 371 374 372
970 2 2 10 10 637 973 635
971 2 2 10 10 881 1055 1050
972 2 2 10 10 681 971 968
973 2 2 10 10 515 956 512
974 2 2 10 10 439 441 440
975 2 2 10 10 585 734 629
976 2 2 10 10 1005 1006 110
977 2 2 10 10 398 430 400
978 2 2 10 10 510 540 508
979 2 2 10 10 311 1005 111
980 2 2 10 10 685 976 687
981 2 2 10 10 374 376 375
982 2 2 10 10 713 715 714
983 2 2 10 10 618 1028 956
984 2 2 10 10 429 1004 585
985 2 2 10 10 441 444 443
986 2 2 10 10 572 613 552
987 2 2 10 10 526 527 524
988 2 2 10 10 335 977 24
989 2 2 10 10 25 978 335
990 2 2 10 10 487 488 486
991 2 2 10 10 586 983 425
992 2 2 10 10 18 980 337
993 2 2 10 10 80 979 338
994 2 2 10 10 704 706 705
995 2 2 10 10 1018 1019 83
996 2 2 10 10 308 1018 84
997 2 2 10 10 338 994 79
998 2 2 10 10 61 312 60
999 2 2 10 10 50 314 49
1000 2 2 10 10 112 311 111
1001 2 2 10 10 123 313 122
1002 2 2 10 10 731 973 637
1003 2 2 10 10 64 298 63
1004 2 2 10 10 47 300 46
1005 2 2 10 10 109 297 108
1006 2 2 10 10 126 299 125
1007 2 2 10 10 1030 1031 975
1008 2 2 10 10 54 948 53
1009 2 2 10 10 110 1006 109
1010 2 2 10 10 972 1102 639
1011 2 2 10 10 538 1048 539
1012 2 2 10 10 48 1015 47
1013 2 2 10 10 733 910 659
1014 2 2 10 10 506 960 549
1015 2 2 10 10 897 1163 415
1016 2 2 10 10 534 535 527
1017 2 2 10 10 587 639 586
1018 2 2 10 10 489 490 488
1019 2 2 10 10 300 1011 46
1020 2 2 10 10 93 1022 1021
1021 2 2 10 10 886 917 888
1022 2 2 10 10 118 988 984
1023 2 2 10 10 1011 1014 1012
1024 2 2 10 10 1004 1090 734
1025 2 2 10 10 531 1029 525
1026 2 2 10 10 297 1007 108
1027 2 2 10 10 917 918 888
1028 2 2 10 10 923 934 925
1029 2 2 10 10 685 1048 976
1030 2 2 10 10 706 794 707
1031 2 2 10 10 567 1016 776
1032 2 2 10 10 504 1032 502
1033 2 2 10 10 85 308 84
1034 2 2 10 10 23 307 22
1035 2 2 10 10 689 746 690
1036 2 2 10 10 87 336 86
1037 2 2 10 10 25 335 24
1038 2 2 10 10 380 382 381
1039 2 2 10 10 467 468 437
1040 2 2 10 10 83 1019 82
1041 2 2 10 10 82 305 81
1042 2 2 10 10 89 303 88
1043 2 2 10 10 20 306 19
1044 2 2 10 10 27 304 26
1045 2 2 10 10 356 1030 359
1046 2 2 10 10 514 515 512
1047 2 2 10 10 794 796 795
1048 2 2 10 10 590 599 463
1049 2 2 10 10 80 338 79
1050 2 2 10 10 92 310 91
1051 2 2 10 10 18 337 17
1052 2 2 10 10 30 309 29
1053 2 2 10 10 536 959 486
1054 2 2 10 10 614 615 613
1055 2 2 10 10 382 384 383
1056 2 2 10 10 685 687 686
1057 2 2 10 10 412 939 938
1058 2 2 10 10 78 286 77
1059 2 2 10 10 95 285 94
1060 2 2 10 10 16 287 15
1061 2 2 10 10 33 288 32
1062 2 2 10 10 961 1017 617
1063 2 2 10 10 508 960 506
1064 2 2 10 10 286 1025 77
1065 2 2 10 10 1050 1055 560
1066 2 2 10 10 687 689 688
1067 2 2 10 10 368 1080 1070
1068 2 2 10 10 520 521 518
1069 2 2 10 10 287 1024 15
1070 2 2 10 10 315 1027 128
1071 2 2 10 10 491 492 490
1072 2 2 10 10 384 386 385
1073 2 2 10 10 585 1004 734
1074 2 2 10 10 367 371 370
1075 2 2 10 10 371 957 421
1076 2 2 10 10 346 1259 1041
1077 2 2 10 10 114 995 113
1078 2 2 10 10 325 991 990
1079 2 2 10 10 93 1021 92
1080 2 2 10 10 537 961 521
1081 2 2 10 10 934 936 935
1082 2 2 10 10 559 1029 531
1083 2 2 10 10 619 898 621
1084 2 2 10 10 592 685 684
1085 2 2 10 10 127 1009 126
1086 2 2 10 10 763 907 615
1087 2 2 10 10 493 494 492
1088 2 2 10 10 579 1079 1031
1089 2 2 10 10 732 983 586
1090 2 2 10 10 386 388 387
1091 2 2 10 10 689 1063 746
1092 2 2 10 10 404 412 406
1093 2 2 10 10 585 629 598
1094 2 2 10 10 377 380 379
1095 2 2 10 10 484 486 482
1096 2 2 10 10 560 1072 917
1097 2 2 10 10 59 1001 997
1098 2 2 10 10 469 470 468
1099 2 2 10 10 737 1046 541
1100 2 2 10 10 991 992 990
1101 2 2 10 10 626 627 625
1102 2 2 10 10 628 633 627
1103 2 2 10 10 388 390 389
1104 2 2 10 10 448 586 425
1105 2 2 10 10 655 656 652
1106 2 2 10 10 1011 1012 45
1107 2 2 10 10 127 1027 1009
1108 2 2 10 10 629 631 630
1109 2 2 10 10 988 989 986
1110 2 2 10 10 618 956 515
1111 2 2 10 10 1007 1008 107
1112 2 2 10 10 495 496 494
1113 2 2 10 10 920 922 921
1114 2 2 10 10 622 624 620
1115 2 2 10 10 679 972 643
1116 2 2 10 10 24 977 23
1117 2 2 10 10 677 678 643
1118 2 2 10 10 911 1099 543
1119 2 2 10 10 26 978 25
1120 2 2 10 10 19 980 18
1121 2 2 10 10 81 979 80
1122 2 2 10 10 45 1012 44
1123 2 2 10 10 910 1112 368
1124 2 2 10 10 107 1008 106
1125 2 2 10 10 634 635 633
1126 2 2 10 10 636 637 635
1127 2 2 10 10 79 994 78
1128 2 2 10 10 390 392 391
1129 2 2 10 10 94 1022 93
1130 2 2 10 10 111 1005 110
1131 2 2 10 10 84 1018 83
1132 2 2 10 10 625 1029 559
1133 2 2 10 10 574 625 559
1134 2 2 10 10 669 670 668
1135 2 2 10 10 497 498 496
1136 2 2 10 10 554 555 553
1137 2 2 10 10 619 1017 898
1138 2 2 10 10 565 1045 1026
1139 2 2 10 10 680 681 678
1140 2 2 10 10 638 664 637
1141 2 2 10 10 857 860 854
1142 2 2 10 10 642 643 640
1143 2 2 10 10 417 418 413
1144 2 2 10 10 429 585 465
1145 2 2 10 10 918 920 919
1146 2 2 10 10 651 652 648
1147 2 2 10 10 1001 1002 999
1148 2 2 10 10 886 888 887
1149 2 2 10 10 327 1040 1039
1150 2 2 10 10 1095 1097 734
1151 2 2 10 10 665 666 664
1152 2 2 10 10 538 1053 976
1153 2 2 10 10 392 394 393
1154 2 2 10 10 1034 1035 340
1155 2 2 10 10 667 672 666
1156 2 2 10 10 499 500 498
1157 2 2 10 10 295 1192 851
1158 2 2 10 10 359 1030 975
1159 2 2 10 10 926 928 927
1160 2 2 10 10 514 516 515
1161 2 2 10 10 549 1032 504
1162 2 2 10 10 682 683 681
1163 2 2 10 10 501 502 500
1164 2 2 10 10 883 886 885
1165 2 2 10 10 550 737 541
1166 2 2 10 10 444 451 450
1167 2 2 10 10 673 674 672
1168 2 2 10 10 520 523 521
1169 2 2 10 10 374 375 372
1170 2 2 10 10 712 713 683
1171 2 2 10 10 46 1011 45
1172 2 2 10 10 77 1025 76
1173 2 2 10 10 700 701 674
1174 2 2 10 10 716 717 715
1175 2 2 10 10 108 1007 107
1176 2 2 10 10 617 1017 619
1177 2 2 10 10 394 396 395
1178 2 2 10 10 371 372 370
1179 2 2 10 10 801 805 803
1180 2 2 10 10 704 705 624
1181 2 2 10 10 15 1024 14
1182 2 2 10 10 928 930 929
1183 2 2 10 10 631 663 632
1184 2 2 10 10 471 472 470
1185 2 2 10 10 702 703 701
1186 2 2 10 10 103 1037 102
1187 2 2 10 10 1049 1160 1013
1188 2 2 10 10 685 686 684
1189 2 2 10 10 503 504 502
1190 2 2 10 10 376 377 375
1191 2 2 10 10 738 739 703
1192 2 2 10 10 718 719 717
1193 2 2 10 10 663 787 786
1194 2 2 10 10 740 741 739
1195 2 2 10 10 562 1048 592
1196 2 2 10 10 1035 1036 340
1197 2 2 10 10 861 862 860
1198 2 2 10 10 67 1038 318
1199 2 2 10 10 1078 1085 732
1200 2 2 10 10 720 721 719
1201 2 2 10 10 484 487 486
1202 2 2 10 10 487 489 488
1203 2 2 10 10 687 688 686
1204 2 2 10 10 98 1041 330
1205 2 2 10 10 818 819 817
1206 2 2 10 10 448 587 586
1207 2 2 10 10 128 1027 127
1208 2 2 10 10 724 725 723
1209 2 2 10 10 722 723 721
1210 2 2 10 10 104 1034 340
1211 2 2 10 10 42 1033 344
1212 2 2 10 10 689 690 688
1213 2 2 10 10 654 1069 660
1214 2 2 10 10 1068 1091 543
1215 2 2 10 10 44 328 43
1216 2 2 10 10 67 318 66
1217 2 2 10 10 36 316 35
1218 2 2 10 10 106 317 105
1219 2 2 10 10 129 315 128
1220 2 2 10 10 341 1043 1042
1221 2 2 10 10 11 1039 341
1222 2 2 10 10 742 743 741
1223 2 2 10 10 505 506 504
1224 2 2 10 10 587 640 639
1225 2 2 10 10 828 831 826
1226 2 2 10 10 75 329 74
1227 2 2 10 10 98 330 97
1228 2 2 10 10 13 327 12
1229 2 2 10 10 328 1033 43
1230 2 2 10 10 317 1034 105
1231 2 2 10 10 412 413 406
1232 2 2 10 10 327 1039 12
1233 2 2 10 10 356 359 358
1234 2 2 10 10 659 1003 652
1235 2 2 10 10 342 1038 68
1236 2 2 10 10 883 1050 886
1237 2 2 10 10 855 857 854
1238 2 2 10 10 709 710 594
1239 2 2 10 10 584 1045 565
1240 2 2 10 10 832 833 831
1241 2 2 10 10 523 526 524
1242 2 2 10 10 346 1041 99
1243 2 2 10 10 68 1038 67
1244 2 2 10 10 805 807 806
1245 2 2 10 10 535 554 553
1246 2 2 10 10 671 676 670
1247 2 2 10 10 99 1041 98
1248 2 2 10 10 706 707 705
1249 2 2 10 10 834 1329 331
1250 2 2 10 10 340 1037 103
1251 2 2 10 10 38 1044 339
1252 2 2 10 10 396 398 397
1253 2 2 10 10 105 1034 104
1254 2 2 10 10 43 1033 42
1255 2 2 10 10 12 1039 11
1256 2 2 10 10 42 344 41
1257 2 2 10 10 69 342 68
1258 2 2 10 10 11 341 10
1259 2 2 10 10 38 339 37
1260 2 2 10 10 104 340 103
1261 2 2 10 10 131 343 130
1262 2 2 10 10 100 346 99
1263 2 2 10 10 73 345 72
1264 2 2 10 10 341 1042 10
1265 2 2 10 10 918 919 888
1266 2 2 10 10 815 817 813
1267 2 2 10 10 39 1044 38
1268 2 2 10 10 627 1091 625
1269 2 2 10 10 507 508 506
1270 2 2 10 10 431 432 418
1271 2 2 10 10 10 1042 9
1272 2 2 10 10 351 579 353
1273 2 2 10 10 489 491 490
1274 2 2 10 10 794 795 707
1275 2 2 10 10 382 383 381
1276 2 2 10 10 380 381 379
1277 2 2 10 10 574 626 625
1278 2 2 10 10 585 598 465
1279 2 2 10 10 656 669 668
1280 2 2 10 10 384 385 383
1281 2 2 10 10 1036 1037 340
1282 2 2 10 10 821 822 819
1283 2 2 10 10 796 797 795
1284 2 2 10 10 509 510 508
1285 2 2 10 10 626 628 627
1286 2 2 10 10 694 695 584
1287 2 2 10 10 886 887 885
1288 2 2 10 10 629 630 598
1289 2 2 10 10 473 474 472
1290 2 2 10 10 654 660 658
1291 2 2 10 10 807 809 808
1292 2 2 10 10 359 361 360
1293 2 2 10 10 695 1045 584
1294 2 2 10 10 398 400 399
1295 2 2 10 10 361 363 362
1296 2 2 10 10 386 387 385
1297 2 2 10 10 660 878 877
1298 2 2 10 10 628 634 633
1299 2 2 10 10 491 493 492
1300 2 2 10 10 467 469 468
1301 2 2 10 10 773 774 589
1302 2 2 10 10 920 921 919
1303 2 2 10 10 475 476 474
1304 2 2 10 10 556 567 555
1305 2 2 10 10 651 655 652
1306 2 2 10 10 881 883 882
1307 2 2 10 10 535 1026 554
1308 2 2 10 10 634 636 635
1309 2 2 10 10 388 389 387
1310 2 2 10 10 612 881 880
1311 2 2 10 10 167 319 168
1312 2 2 10 10 149 321 150
1313 2 2 10 10 133 322 134
1314 2 2 10 10 151 320 152
1315 2 2 10 10 363 365 364
1316 2 2 10 10 493 495 494
1317 2 2 10 10 642 677 643
1318 2 2 10 10 390 391 389
1319 2 2 10 10 526 534 527
1320 2 2 10 10 477 478 476
1321 2 2 10 10 592 684 605
1322 2 2 10 10 636 638 637
1323 2 2 10 10 970 972 679
1324 2 2 10 10 677 680 678
1325 2 2 10 10 562 592 591
1326 2 2 10 10 709 837 710
1327 2 2 10 10 883 885 884
1328 2 2 10 10 984 988 986
1329 2 2 10 10 451 455 454
1330 2 2 10 10 392 393 391
1331 2 2 10 10 926 927 924
1332 2 2 10 10 495 497 496
1333 2 2 10 10 713 716 715
1334 2 2 10 10 534 1026 535
1335 2 2 10 10 629 1097 631
1336 2 2 10 10 777 778 607
1337 2 2 10 10 638 665 664
1338 2 2 10 10 1090 1095 734
1339 2 2 10 10 439 440 432
1340 2 2 10 10 441 443 440
1341 2 2 10 10 511 512 510
1342 2 2 10 10 802 804 800
1343 2 2 10 10 394 395 393
1344 2 2 10 10 665 667 666
1345 2 2 10 10 497 499 498
1346 2 2 10 10 592 1048 685
1347 2 2 10 10 680 682 681
1348 2 2 10 10 428 644 423
1349 2 2 10 10 710 1058 594
1350 2 2 10 10 667 673 672
1351 2 2 10 10 790 1057 601
1352 2 2 10 10 581 675 446
1353 2 2 10 10 1076 1144 306
1354 2 2 10 10 631 632 630
1355 2 2 10 10 517 518 516
1356 2 2 10 10 499 501 500
1357 2 2 10 10 314 1106 49
1358 2 2 10 10 910 1003 659
1359 2 2 10 10 558 559 531
1360 2 2 10 10 520 1046 523
1361 2 2 10 10 620 1028 618
1362 2 2 10 10 748 762 657
1363 2 2 10 10 682 712 683
1364 2 2 10 10 673 700 674
1365 2 2 10 10 501 503 502
1366 2 2 10 10 774 1059 589
1367 2 2 10 10 469 471 470
1368 2 2 10 10 365 367 366
1369 2 2 10 10 580 752 608
1370 2 2 10 10 700 702 701
1371 2 2 10 10 48 1106 1015
1372 2 2 10 10 997 1001 999
1373 2 2 10 10 606 607 569
1374 2 2 10 10 842 843 778
1375 2 2 10 10 881 882 880
1376 2 2 10 10 662 790 601
1377 2 2 10 10 396 397 395
1378 2 2 10 10 883 884 882
1379 2 2 10 10 568 574 559
1380 2 2 10 10 702 738 703
1381 2 2 10 10 740 742 741
1382 2 2 10 10 593 594 563
1383 2 2 10 10 457 459 458
1384 2 2 10 10 885 889 884
1385 2 2 10 10 716 718 717
1386 2 2 10 10 569 1016 567
1387 2 2 10 10 660 877 658
1388 2 2 10 10 444 450 443
1389 2 2 10 10 738 740 739
1390 2 2 10 10 801 803 802
1391 2 2 10 10 479 480 478
1392 2 2 10 10 645 646 644
1393 2 2 10 10 1063 1130 746
1394 2 2 10 10 373 457 427
1395 2 2 10 10 424 425 411
1396 2 2 10 10 718 720 719
1397 2 2 10 10 722 724 723
1398 2 2 10 10 724 726 725
1399 2 2 10 10 1029 1091 1068
1400 2 2 10 10 720 722 721
1401 2 2 10 10 542 1058 550
1402 2 2 10 10 503 505 504
1403 2 2 10 10 742 784 743
1404 2 2 10 10 857 861 860
1405 2 2 10 10 539 541 522
1406 2 2 10 10 607 1016 569
1407 2 2 10 10 505 507 506
1408 2 2 10 10 669 671 670
1409 2 2 10 10 447 448 425
1410 2 2 10 10 513 514 512
1411 2 2 10 10 471 473 472
1412 2 2 10 10 597 709 594
1413 2 2 10 10 429 465 460
1414 2 2 10 10 400 402 401
1415 2 2 10 10 414 429 426
1416 2 2 10 10 528 546 533
1417 2 2 10 10 612 1055 881
1418 2 2 10 10 663 786 632
1419 2 2 10 10 752 788 608
1420 2 2 10 10 805 806 803
1421 2 2 10 10 398 399 397
1422 2 2 10 10 367 370 369
1423 2 2 10 10 592 605 591
1424 2 2 10 10 684 753 605
1425 2 2 10 10 991 993 992
1426 2 2 10 10 459 583 582
1427 2 2 10 10 608 711 588
1428 2 2 10 10 507 509 508
1429 2 2 10 10 481 482 480
1430 2 2 10 10 509 511 510
1431 2 2 10 10 828 832 831
1432 2 2 10 10 519 520 518
1433 2 2 10 10 563 1058 542
1434 2 2 10 10 377 379 378
1435 2 2 10 10 656 1067 669
1436 2 2 10 10 542 550 541
1437 2 2 10 10 815 818 817
1438 2 2 10 10 635 1103 633
1439 2 2 10 10 373 1047 457
1440 2 2 10 10 644 1080 423
1441 2 2 10 10 903 909 697
1442 2 2 10 10 593 597 594
1443 2 2 10 10 773 775 774
1444 2 2 10 10 162 296 163
1445 2 2 10 10 156 295 157
1446 2 2 10 10 144 294 145
1447 2 2 10 10 138 293 139
1448 2 2 10 10 928 929 927
1449 2 2 10 10 595 757 756
1450 2 2 10 10 483 484 482
1451 2 2 10 10 514 517 516
1452 2 2 10 10 641 642 640
1453 2 2 10 10 818 821 819
1454 2 2 10 10 593 750 597
1455 2 2 10 10 649 651 648
1456 2 2 10 10 881 1050 883
1457 2 2 10 10 361 362 360
1458 2 2 10 10 475 477 476
1459 2 2 10 10 141 301 6
1460 2 2 10 10 159 302 8
1461 2 2 10 10 363 364 362
1462 2 2 10 10 155 844 156
1463 2 2 10 10 750 780 597
1464 2 2 10 10 359 360 358
1465 2 2 10 10 647 648 646
1466 2 2 10 10 654 658 657
1467 2 2 10 10 603 868 792
1468 2 2 10 10 591 593 563
1469 2 2 10 10 473 475 474
1470 2 2 10 10 163 872 164
1471 2 2 10 10 570 692 691
1472 2 2 10 10 658 748 657
1473 2 2 10 10 137 845 138
1474 2 2 10 10 428 645 644
1475 2 2 10 10 562 591 563
1476 2 2 10 10 598 602 465
1477 2 2 10 10 400 401 399
1478 2 2 10 10 692 760 759
1479 2 2 10 10 649 654 653
1480 2 2 10 10 365 366 364
1481 2 2 10 10 372 1047 370
1482 2 2 10 10 558 568 559
1483 2 2 10 10 626 708 628
1484 2 2 10 10 8 892 160
1485 2 2 10 10 807 808 806
1486 2 2 10 10 539 562 542
1487 2 2 10 10 921 932 919
1488 2 2 10 10 160 332 161
1489 2 2 10 10 142 331 143
1490 2 2 10 10 753 874 605
1491 2 2 10 10 713 1065 716
1492 2 2 10 10 402 404 403
1493 2 2 10 10 568 612 611
1494 2 2 10 10 146 823 147
1495 2 2 10 10 568 611 574
1496 2 2 10 10 447 601 448
1497 2 2 10 10 135 289 136
1498 2 2 10 10 165 292 166
1499 2 2 10 10 153 291 154
1500 2 2 10 10 147 290 148
1501 2 2 10 10 580 608 588
1502 2 2 10 10 477 479 478
1503 2 2 10 10 562 563 542
1504 2 2 10 10 541 1046 522
1505 2 2 10 10 484 543 487
1506 2 2 10 10 612 880 728
1507 2 2 10 10 654 657 653
1508 2 2 10 10 424 447 425
1509 2 2 10 10 164 799 165
1510 2 2 10 10 690 727 688
1511 2 2 10 10 404 406 405
1512 2 2 10 10 983 1085 407
1513 2 2 10 10 457 458 427
1514 2 2 10 10 519 538 522
1515 2 2 10 10 645 650 647
1516 2 2 10 10 539 542 541
1517 2 2 10 10 447 661 601
1518 2 2 10 10 730 1063 689
1519 2 2 10 10 517 519 518
1520 2 2 10 10 511 513 512
1521 2 2 10 10 649 653 651
1522 2 2 10 10 460 461 426
1523 2 2 10 10 729 793 662
1524 2 2 10 10 661 729 662
1525 2 2 10 10 519 522 520
1526 2 2 10 10 429 460 426
1527 2 2 10 10 522 1046 520
1528 2 2 10 10 651 1049 655
1529 2 2 10 10 603 773 589
1530 2 2 10 10 377 378 375
1531 2 2 10 10 895 1170 422
1532 2 2 10 10 367 369 366
1533 2 2 10 10 634 749 636
1534 2 2 10 10 582 589 458
1535 2 2 10 10 612 728 611
1536 2 2 10 10 587 641 640
1537 2 2 10 10 1292 1308 296
1538 2 2 10 10 580 588 461
1539 2 2 10 10 645 647 646
1540 2 2 10 10 481 483 482
1541 2 2 10 10 760 761 759
1542 2 2 10 10 479 481 480
1543 2 2 10 10 554 556 555
1544 2 2 10 10 647 649 648
1545 2 2 10 10 459 582 458
1546 2 2 10 10 354 433 349
1547 2 2 10 10 517 1053 519
1548 2 2 10 10 624 1028 620
1549 2 2 10 10 370 373 369
1550 2 2 10 10 301 873 6
1551 2 2 10 10 538 539 522
1552 2 2 10 10 295 851 157
1553 2 2 10 10 293 846 139
1554 2 2 10 10 405 407 403
1555 2 2 10 10 671 772 676
1556 2 2 10 10 642 838 677
1557 2 2 10 10 459 1052 583
1558 2 2 10 10 373 423 369
1559 2 2 10 10 427 428 423
1560 2 2 10 10 481 485 483
1561 2 2 10 10 661 662 601
1562 2 2 10 10 460 580 461
1563 2 2 10 10 755 835 726
1564 2 2 10 10 669 1067 841
1565 2 2 10 10 418 420 413
1566 2 2 10 10 404 405 403
1567 2 2 10 10 595 1101 757
1568 2 2 10 10 436 437 435
1569 2 2 10 10 402 403 401
1570 2 2 10 10 466 467 437
1571 2 2 10 10 414 424 411
1572 2 2 10 10 489 529 491
1573 2 2 10 10 414 426 424
1574 2 2 10 10 533 558 531
1575 2 2 10 10 533 560 558
1576 2 2 10 10 1029 1068 525
1577 2 2 10 10 548 565 534
1578 2 2 10 10 434 435 433
1579 2 2 10 10 416 735 378
1580 2 2 10 10 513 1066 514
1581 2 2 10 10 383 422 381
1582 2 2 10 10 737 1089 1046
1583 2 2 10 10 707 900 705
1584 2 2 10 10 514 1066 517
1585 2 2 10 10 655 1067 656
1586 2 2 10 10 483 1068 484
1587 2 2 10 10 692 759 691
1588 2 2 10 10 653 1049 651
1589 2 2 10 10 712 1065 713
1590 2 2 10 10 373 427 423
1591 2 2 10 10 387 415 385
1592 2 2 10 10 509 547 511
1593 2 2 10 10 556 569 567
1594 2 2 10 10 594 1058 563
1595 2 2 10 10 582 603 589
1596 2 2 10 10 408 411 407
1597 2 2 10 10 812 816 814
1598 2 2 10 10 603 792 773
1599 2 2 10 10 691 694 584
1600 2 2 10 10 825 829 827
1601 2 2 10 10 570 584 565
1602 2 2 10 10 356 358 357
1603 2 2 10 10 399 409 397
1604 2 2 10 10 393 410 391
1605 2 2 10 10 408 414 411
1606 2 2 10 10 370 1047 373
1607 2 2 10 10 485 528 525
1608 2 2 10 10 146 840 823
1609 2 2 10 10 366 368 364
1610 2 2 10 10 570 691 584
1611 2 2 10 10 665 747 667
1612 2 2 10 10 758 765 604
1613 2 2 10 10 827 828 826
1614 2 2 10 10 724 755 726
1615 2 2 10 10 485 525 483
1616 2 2 10 10 742 791 784
1617 2 2 10 10 379 416 378
1618 2 2 10 10 528 533 531
1619 2 2 10 10 528 531 525
1620 2 2 10 10 405 408 407
1621 2 2 10 10 451 454 450
1622 2 2 10 10 797 893 795
1623 2 2 10 10 495 532 497
1624 2 2 10 10 673 798 700
1625 2 2 10 10 720 764 722
1626 2 2 10 10 580 1061 752
1627 2 2 10 10 682 754 712
1628 2 2 10 10 702 865 738
1629 2 2 10 10 574 1054 626
1630 2 2 10 10 499 544 501
1631 2 2 10 10 475 530 477
1632 2 2 10 10 716 751 718
1633 2 2 10 10 606 777 607
1634 2 2 10 10 593 1051 750
1635 2 2 10 10 611 1054 574
1636 2 2 10 10 591 1051 593
1637 2 2 10 10 353 356 355
1638 2 2 10 10 924 1081 922
1639 2 2 10 10 716 1065 751
1640 2 2 10 10 503 545 505
1641 2 2 10 10 669 841 671
1642 2 2 10 10 602 1061 465
1643 2 2 10 10 319 347 168
1644 2 2 10 10 465 1061 460
1645 2 2 10 10 546 1072 533
1646 2 2 10 10 777 842 778
1647 2 2 10 10 463 573 455
1648 2 2 10 10 575 1235 1000
1649 2 2 10 10 548 570 565
1650 2 2 10 10 605 1051 591
1651 2 2 10 10 448 1057 587
1652 2 2 10 10 927 1081 924
1653 2 2 10 10 601 1057 448
1654 2 2 10 10 786 789 632
1655 2 2 10 10 517 1066 1053
1656 2 2 10 10 526 548 534
1657 2 2 10 10 519 1053 538
1658 2 2 10 10 925 1125 926
1659 2 2 10 10 825 826 824
1660 2 2 10 10 360 419 358
1661 2 2 10 10 808 901 869
1662 2 2 10 10 814 815 813
1663 2 2 10 10 321 693 150
1664 2 2 10 10 1108 1109 992
1665 2 2 10 10 874 1051 605
1666 2 2 10 10 803 810 802
1667 2 2 10 10 663 1116 787
1668 2 2 10 10 628 1062 634
1669 2 2 10 10 291 824 154
1670 2 2 10 10 525 1068 483
1671 2 2 10 10 289 811 136
1672 2 2 10 10 133 836 322
1673 2 2 10 10 808 869 806
1674 2 2 10 10 457 1111 459
1675 2 2 10 10 484 1068 543
1676 2 2 10 10 558 1055 568
1677 2 2 10 10 626 1054 708
1678 2 2 10 10 812 813 811
1679 2 2 10 10 646 1070 644
1680 2 2 10 10 996 1105 311
1681 2 2 10 10 565 1026 534
1682 2 2 10 10 929 931 927
1683 2 2 10 10 568 1055 612
1684 2 2 10 10 523 1089 526
1685 2 2 10 10 560 1055 558
1686 2 2 10 10 424 1056 447
1687 2 2 10 10 708 1062 628
1688 2 2 10 10 351 353 352
1689 2 2 10 10 603 1074 868
1690 2 2 10 10 533 1072 560
1691 2 2 10 10 460 1061 580
1692 2 2 10 10 471 564 473
1693 2 2 10 10 427 1059 428
1694 2 2 10 10 649 1069 654
1695 2 2 10 10 583 1074 582
1696 2 2 10 10 587 1057 641
1697 2 2 10 10 589 1059 458
1698 2 2 10 10 458 1059 427
1699 2 2 10 10 461 1056 426
1700 2 2 10 10 375 1064 372
1701 2 2 10 10 426 1056 424
1702 2 2 10 10 814 820 815
1703 2 2 10 10 786 1284 1182
1704 2 2 10 10 825 827 826
1705 2 2 10 10 372 1064 1047
1706 2 2 10 10 447 1056 661
1707 2 2 10 10 829 830 827
1708 2 2 10 10 408 1090 1004
1709 2 2 10 10 438 1220 952
1710 2 2 10 10 815 1060 818
1711 2 2 10 10 634 1062 749
1712 2 2 10 10 440 453 432
1713 2 2 10 10 650 1069 647
1714 2 2 10 10 467 575 469
1715 2 2 10 10 812 814 813
1716 2 2 10 10 680 1076 682
1717 2 2 10 10 1046 1089 523
1718 2 2 10 10 556 576 569
1719 2 2 10 10 576 606 569
1720 2 2 10 10 526 1089 548
1721 2 2 10 10 461 1098 1056
1722 2 2 10 10 705 1071 624
1723 2 2 10 10 795 1073 707
1724 2 2 10 10 356 357 355
1725 2 2 10 10 647 1069 649
1726 2 2 10 10 289 812 811
1727 2 2 10 10 931 1081 927
1728 2 2 10 10 722 1075 724
1729 2 2 10 10 378 1064 375
1730 2 2 10 10 625 1091 1029
1731 2 2 10 10 320 785 781
1732 2 2 10 10 357 446 355
1733 2 2 10 10 1056 1098 661
1734 2 2 10 10 576 698 606
1735 2 2 10 10 718 1077 720
1736 2 2 10 10 291 825 824
1737 2 2 10 10 406 1090 405
1738 2 2 10 10 353 355 352
1739 2 2 10 10 405 1090 408
1740 2 2 10 10 436 466 437
1741 2 2 10 10 670 1126 668
1742 2 2 10 10 434 436 435
1743 2 2 10 10 774 1094 1059
1744 2 2 10 10 735 1064 378
1745 2 2 10 10 696 697 581
1746 2 2 10 10 571 581 446
1747 2 2 10 10 902 903 697
1748 2 2 10 10 696 902 697
1749 2 2 10 10 348 351 350
1750 2 2 10 10 582 1074 603
1751 2 2 10 10 571 696 581
1752 2 2 10 10 645 1094 650
1753 2 2 10 10 354 434 433
1754 2 2 10 10 1045 1096 1026
1755 2 2 10 10 401 1078 399
1756 2 2 10 10 423 1080 369
1757 2 2 10 10 543 1099 487
1758 2 2 10 10 820 1060 815
1759 2 2 10 10 1231 1255 729
1760 2 2 10 10 369 1080 366
1761 2 2 10 10 357 571 446
1762 2 2 10 10 450 578 443
1763 2 2 10 10 724 1075 755
1764 2 2 10 10 436 595 466
1765 2 2 10 10 682 1076 754
1766 2 2 10 10 420 1095 413
1767 2 2 10 10 764 1075 722
1768 2 2 10 10 734 1097 629
1769 2 2 10 10 624 1071 1028
1770 2 2 10 10 900 1071 705
1771 2 2 10 10 707 1073 900
1772 2 2 10 10 720 1077 764
1773 2 2 10 10 666 1129 664
1774 2 2 10 10 407 1085 403
1775 2 2 10 10 399 1078 409
1776 2 2 10 10 366 1080 368
1777 2 2 10 10 751 1077 718
1778 2 2 10 10 354 438 434
1779 2 2 10 10 893 1073 795
1780 2 2 10 10 806 1082 803
1781 2 2 10 10 595 756 604
1782 2 2 10 10 413 1095 406
1783 2 2 10 10 816 1086 814
1784 2 2 10 10 466 1093 467
1785 2 2 10 10 489 1099 529
1786 2 2 10 10 469 1083 471
1787 2 2 10 10 149 766 321
1788 2 2 10 10 322 768 767
1789 2 2 10 10 322 767 134
1790 2 2 10 10 827 1088 828
1791 2 2 10 10 403 1085 401
1792 2 2 10 10 348 349 347
1793 2 2 10 10 1059 1094 428
1794 2 2 10 10 167 771 319
1795 2 2 10 10 350 354 349
1796 2 2 10 10 487 1099 489
1797 2 2 10 10 320 770 152
1798 2 2 10 10 781 782 770
1799 2 2 10 10 595 604 466
1800 2 2 10 10 406 1095 1090
1801 2 2 10 10 351 352 350
1802 2 2 10 10 428 1094 645
1803 2 2 10 10 756 758 604
1804 2 2 10 10 768 769 767
1805 2 2 10 10 320 781 770
1806 2 2 10 10 869 1082 806
1807 2 2 10 10 351 1122 579
1808 2 2 10 10 803 1082 810
1809 2 2 10 10 639 1102 732
1810 2 2 10 10 588 1098 461
1811 2 2 10 10 661 1098 729
1812 2 2 10 10 151 1107 320
1813 2 2 10 10 348 350 349
1814 2 2 10 10 745 839 693
1815 2 2 10 10 814 1086 820
1816 2 2 10 10 1064 1111 1047
1817 2 2 10 10 765 1093 604
1818 2 2 10 10 418 1110 420
1819 2 2 10 10 633 1103 911
1820 2 2 10 10 606 1087 777
1821 2 2 10 10 830 1088 827
1822 2 2 10 10 1026 1096 554
1823 2 2 10 10 740 1119 742
1824 2 2 10 10 319 348 347
1825 2 2 10 10 401 1085 1078
1826 2 2 10 10 368 1112 364
1827 2 2 10 10 467 1093 575
1828 2 2 10 10 698 1087 606
1829 2 2 10 10 481 1114 485
1830 2 2 10 10 443 1092 440
1831 2 2 10 10 321 745 693
1832 2 2 10 10 471 1083 564
1833 2 2 10 10 570 1120 692
1834 2 2 10 10 971 1139 968
1835 2 2 10 10 735 1111 1064
1836 2 2 10 10 1120 1128 692
1837 2 2 10 10 575 1083 469
1838 2 2 10 10 771 1122 319
1839 2 2 10 10 928 1137 930
1840 2 2 10 10 604 1093 466
1841 2 2 10 10 554 1096 556
1842 2 2 10 10 529 1115 491
1843 2 2 10 10 319 1122 348
1844 2 2 10 10 440 1092 453
1845 2 2 10 10 49 1106 48
1846 2 2 10 10 747 1117 667
1847 2 2 10 10 870 1176 797
1848 2 2 10 10 673 1117 798
1849 2 2 10 10 432 1110 418
1850 2 2 10 10 364 1112 362
1851 2 2 10 10 530 1121 477
1852 2 2 10 10 602 1104 1061
1853 2 2 10 10 974 1145 703
1854 2 2 10 10 674 1138 672
1855 2 2 10 10 453 1110 432
1856 2 2 10 10 556 1096 576
1857 2 2 10 10 993 1108 992
1858 2 2 10 10 360 1118 419
1859 2 2 10 10 286 1186 1025
1860 2 2 10 10 578 1092 443
1861 2 2 10 10 1061 1104 752
1862 2 2 10 10 454 1100 450
1863 2 2 10 10 1047 1111 457
1864 2 2 10 10 748 1191 1159
1865 2 2 10 10 495 1124 532
1866 2 2 10 10 479 1114 481
1867 2 2 10 10 837 1140 710
1868 2 2 10 10 1089 1120 548
1869 2 2 10 10 409 1127 397
1870 2 2 10 10 436 1101 595
1871 2 2 10 10 737 1120 1089
1872 2 2 10 10 450 1100 578
1873 2 2 10 10 27 1143 304
1874 2 2 10 10 908 1116 663
1875 2 2 10 10 438 1101 434
1876 2 2 10 10 701 1145 891
1877 2 2 10 10 434 1101 436
1878 2 2 10 10 491 1115 493
1879 2 2 10 10 802 1113 804
1880 2 2 10 10 511 1130 513
1881 2 2 10 10 667 1117 673
1882 2 2 10 10 362 1118 360
1883 2 2 10 10 477 1121 479
1884 2 2 10 10 513 1130 1063
1885 2 2 10 10 742 1119 791
1886 2 2 10 10 1112 1118 362
1887 2 2 10 10 475 1131 530
1888 2 2 10 10 763 1123 907
1889 2 2 10 10 320 1107 785
1890 2 2 10 10 737 1128 1120
1891 2 2 10 10 710 1135 1058
1892 2 2 10 10 393 1132 410
1893 2 2 10 10 810 1113 802
1894 2 2 10 10 548 1120 570
1895 2 2 10 10 479 1121 1114
1896 2 2 10 10 692 1128 760
1897 2 2 10 10 419 1136 358
1898 2 2 10 10 766 1293 1218
1899 2 2 10 10 935 1125 925
1900 2 2 10 10 532 1134 497
1901 2 2 10 10 564 1131 473
1902 2 2 10 10 499 1134 544
1903 2 2 10 10 695 1133 1045
1904 2 2 10 10 493 1124 495
1905 2 2 10 10 1045 1133 1096
1906 2 2 10 10 668 1126 733
1907 2 2 10 10 330 1241 874
1908 2 2 10 10 348 1122 351
1909 2 2 10 10 1115 1124 493
1910 2 2 10 10 1013 1310 1049
1911 2 2 10 10 1096 1133 576
1912 2 2 10 10 397 1127 395
1913 2 2 10 10 1025 1151 76
1914 2 2 10 10 56 1146 55
1915 2 2 10 10 357 1136 571
1916 2 2 10 10 664 1129 731
1917 2 2 10 10 550 1128 737
1918 2 2 10 10 442 1217 945
1919 2 2 10 10 1128 1135 760
1920 2 2 10 10 838 1144 677
1921 2 2 10 10 75 1151 329
1922 2 2 10 10 544 1142 501
1923 2 2 10 10 503 1142 545
1924 2 2 10 10 741 1157 744
1925 2 2 10 10 897 1158 717
1926 2 2 10 10 317 1331 1203
1927 2 2 10 10 129 1152 315
1928 2 2 10 10 343 1152 130
1929 2 2 10 10 715 1158 736
1930 2 2 10 10 473 1131 475
1931 2 2 10 10 680 1144 1076
1932 2 2 10 10 547 1130 511
1933 2 2 10 10 1127 1132 395
1934 2 2 10 10 395 1132 393
1935 2 2 10 10 324 1164 116
1936 2 2 10 10 410 1147 391
1937 2 2 10 10 115 1164 333
1938 2 2 10 10 550 1135 1128
1939 2 2 10 10 497 1134 499
1940 2 2 10 10 710 1140 1135
1941 2 2 10 10 1058 1135 550
1942 2 2 10 10 358 1136 357
1943 2 2 10 10 545 1148 505
1944 2 2 10 10 576 1133 698
1945 2 2 10 10 57 1161 56
1946 2 2 10 10 387 1154 415
1947 2 2 10 10 933 1137 928
1948 2 2 10 10 1136 1162 571
1949 2 2 10 10 509 1155 547
1950 2 2 10 10 762 1160 657
1951 2 2 10 10 65 1150 64
1952 2 2 10 10 672 1138 896
1953 2 2 10 10 306 1183 1076
1954 2 2 10 10 968 1139 969
1955 2 2 10 10 1057 1153 641
1956 2 2 10 10 691 1156 694
1957 2 2 10 10 719 1168 897
1958 2 2 10 10 895 1168 721
1959 2 2 10 10 449 1226 1113
1960 2 2 10 10 500 1166 498
1961 2 2 10 10 653 1160 1049
1962 2 2 10 10 941 1141 879
1963 2 2 10 10 675 1313 950
1964 2 2 10 10 676 1162 904
1965 2 2 10 10 322 1149 768
1966 2 2 10 10 557 1176 1166
1967 2 2 10 10 760 1140 761
1968 2 2 10 10 743 1195 1188
1969 2 2 10 10 383 1163 422
1970 2 2 10 10 501 1142 503
1971 2 2 10 10 415 1163 385
1972 2 2 10 10 783 1305 1107
1973 2 2 10 10 1135 1140 760
1974 2 2 10 10 943 1232 1060
1975 2 2 10 10 677 1144 680
1976 2 2 10 10 28 1143 27
1977 2 2 10 10 723 1171 895
1978 2 2 10 10 684 1169 753
1979 2 2 10 10 64 1150 298
1980 2 2 10 10 703 1145 701
1981 2 2 10 10 1014 1310 1013
1982 2 2 10 10 904 1162 1136
1983 2 2 10 10 1023 1169 686
1984 2 2 10 10 55 1146 323
1985 2 2 10 10 676 1167 1162
1986 2 2 10 10 772 1167 676
1987 2 2 10 10 292 1314 166
1988 2 2 10 10 498 1173 496
1989 2 2 10 10 391 1147 389
1990 2 2 10 10 379 1170 416
1991 2 2 10 10 422 1170 381
1992 2 2 10 10 85 1175 308
1993 2 2 10 10 336 1175 86
1994 2 2 10 10 608 1172 711
1995 2 2 10 10 505 1148 507
1996 2 2 10 10 921 1150 932
1997 2 2 10 10 1152 1273 315
1998 2 2 10 10 130 1152 129
1999 2 2 10 10 76 1151 75
2000 2 2 10 10 1147 1154 389
2001 2 2 10 10 790 1153 1057
2002 2 2 10 10 295 1266 1192
2003 2 2 10 10 836 1149 322
2004 2 2 10 10 63 1177 62
2005 2 2 10 10 389 1154 387
2006 2 2 10 10 797 1176 893
2007 2 2 10 10 101 1178 100
2008 2 2 10 10 132 1179 131
2009 2 2 10 10 41 1180 40
2010 2 2 10 10 863 1311 332
2011 2 2 10 10 507 1155 509
2012 2 2 10 10 1148 1155 507
2013 2 2 10 10 650 1194 942
2014 2 2 10 10 20 1183 306
2015 2 2 10 10 286 1212 1186
2016 2 2 10 10 124 1182 123
2017 2 2 10 10 893 1176 557
2018 2 2 10 10 743 1157 741
2019 2 2 10 10 717 1158 715
2020 2 2 10 10 293 1200 846
2021 2 2 10 10 759 1156 691
2022 2 2 10 10 937 1291 768
2023 2 2 10 10 1044 1159 339
2024 2 2 10 10 809 1290 1217
2025 2 2 10 10 309 1185 29
2026 2 2 10 10 657 1160 653
2027 2 2 10 10 1153 1324 982
2028 2 2 10 10 326 1161 57
2029 2 2 10 10 551 1165 946
2030 2 2 10 10 1105 1184 311
2031 2 2 10 10 906 1191 877
2032 2 2 10 10 1203 1331 837
2033 2 2 10 10 861 1289 945
2034 2 2 10 10 728 1186 611
2035 2 2 10 10 346 1306 1259
2036 2 2 10 10 385 1163 383
2037 2 2 10 10 788 1273 1152
2038 2 2 10 10 116 1164 115
2039 2 2 10 10 571 1162 696
2040 2 2 10 10 821 1330 1165
2041 2 2 10 10 950 1313 909
2042 2 2 10 10 557 1166 500
2043 2 2 10 10 915 1204 914
2044 2 2 10 10 775 1194 774
2045 2 2 10 10 877 1191 658
2046 2 2 10 10 1162 1167 696
2047 2 2 10 10 632 1189 630
2048 2 2 10 10 843 1298 985
2049 2 2 10 10 721 1168 719
2050 2 2 10 10 95 1198 285
2051 2 2 10 10 1010 1189 299
2052 2 2 10 10 696 1167 902
2053 2 2 10 10 1076 1183 754
2054 2 2 10 10 124 1276 1182
2055 2 2 10 10 596 1219 955
2056 2 2 10 10 1205 1234 776
2057 2 2 10 10 144 1329 294
2058 2 2 10 10 1016 1205 776
2059 2 2 10 10 62 1201 61
2060 2 2 10 10 888 1199 887
2061 2 2 10 10 296 1308 872
2062 2 2 10 10 686 1169 684
2063 2 2 10 10 317 1203 1034
2064 2 2 10 10 28 1185 1143
2065 2 2 10 10 932 1199 919
2066 2 2 10 10 416 1187 735
2067 2 2 10 10 430 1233 1088
2068 2 2 10 10 381 1170 379
2069 2 2 10 10 162 1311 296
2070 2 2 10 10 1040 1206 1039
2071 2 2 10 10 994 1212 286
2072 2 2 10 10 341 1206 1043
2073 2 2 10 10 938 1211 456
2074 2 2 10 10 331 1329 143
2075 2 2 10 10 793 1260 1024
2076 2 2 10 10 743 1188 1157
2077 2 2 10 10 307 1210 22
2078 2 2 10 10 1094 1194 650
2079 2 2 10 10 784 1195 743
2080 2 2 10 10 725 1171 723
2081 2 2 10 10 702 1207 865
2082 2 2 10 10 798 1207 700
2083 2 2 10 10 332 1311 161
2084 2 2 10 10 1178 1306 346
2085 2 2 10 10 778 1216 779
2086 2 2 10 10 784 1197 1195
2087 2 2 10 10 1119 1263 791
2088 2 2 10 10 1173 1174 551
2089 2 2 10 10 725 1193 1187
2090 2 2 10 10 496 1173 551
2091 2 2 10 10 616 1218 947
2092 2 2 10 10 694 1301 1184
2093 2 2 10 10 989 1202 986
2094 2 2 10 10 788 1172 608
2095 2 2 10 10 953 1181 949
2096 2 2 10 10 305 1224 979
2097 2 2 10 10 1024 1296 793
2098 2 2 10 10 812 1215 816
2099 2 2 10 10 825 1214 829
2100 2 2 10 10 809 1217 808
2101 2 2 10 10 1040 1255 1231
2102 2 2 10 10 300 1221 1011
2103 2 2 10 10 985 1298 324
2104 2 2 10 10 86 1175 85
2105 2 2 10 10 298 1177 63
2106 2 2 10 10 1031 1226 975
2107 2 2 10 10 1109 1225 992
2108 2 2 10 10 536 1228 959
2109 2 2 10 10 1087 1287 995
2110 2 2 10 10 330 1223 97
2111 2 2 10 10 1027 1209 1009
2112 2 2 10 10 1183 1210 754
2113 2 2 10 10 100 1178 346
2114 2 2 10 10 131 1179 343
2115 2 2 10 10 344 1180 41
2116 2 2 10 10 1263 1297 791
2117 2 2 10 10 87 1227 336
2118 2 2 10 10 303 1227 88
2119 2 2 10 10 781 1204 782
2120 2 2 10 10 547 1188 1130
2121 2 2 10 10 599 1222 463
2122 2 2 10 10 952 1239 675
2123 2 2 10 10 354 1220 438
2124 2 2 10 10 894 1320 452
2125 2 2 10 10 876 1238 704
2126 2 2 10 10 352 1220 350
2127 2 2 10 10 800 1190 292
2128 2 2 10 10 1277 1305 609
2129 2 2 10 10 123 1182 313
2130 2 2 10 10 711 1231 588
2131 2 2 10 10 726 1193 725
2132 2 2 10 10 844 1266 295
2133 2 2 10 10 845 1267 293
2134 2 2 10 10 712 1230 1065
2135 2 2 10 10 1230 1248 1065
2136 2 2 10 10 1000 1286 1084
2137 2 2 10 10 675 1239 446
2138 2 2 10 10 818 1232 821
2139 2 2 10 10 726 1196 1193
2140 2 2 10 10 21 1183 20
2141 2 2 10 10 1188 1195 746
2142 2 2 10 10 994 1237 1212
2143 2 2 10 10 1116 1251 787
2144 2 2 10 10 804 1190 800
2145 2 2 10 10 835 1196 726
2146 2 2 10 10 1182 1276 789
2147 2 2 10 10 1171 1187 416
2148 2 2 10 10 1157 1188 547
2149 2 2 10 10 70 1240 69
2150 2 2 10 10 355 1239 352
2151 2 2 10 10 901 1258 376
2152 2 2 10 10 957 1249 421
2153 2 2 10 10 30 1245 309
2154 2 2 10 10 311 1184 1005
2155 2 2 10 10 945 1290 861
2156 2 2 10 10 727 1325 1021
2157 2 2 10 10 1098 1231 729
2158 2 2 10 10 29 1185 28
2159 2 2 10 10 699 1268 940
2160 2 2 10 10 611 1186 1054
2161 2 2 10 10 756 1269 758
2162 2 2 10 10 1187 1193 1052
2163 2 2 10 10 551 1174 1165
2164 2 2 10 10 3 1275 70
2165 2 2 10 10 71 1275 3
2166 2 2 10 10 1082 1256 421
2167 2 2 10 10 740 1246 1119
2168 2 2 10 10 374 1256 376
2169 2 2 10 10 913 1277 912
2170 2 2 10 10 1130 1188 746
2171 2 2 10 10 939 1262 938
2172 2 2 10 10 323 1269 953
2173 2 2 10 10 1093 1235 575
2174 2 2 10 10 874 1241 1051
2175 2 2 10 10 735 1187 1052
2176 2 2 10 10 865 1246 738
2177 2 2 10 10 380 1258 442
2178 2 2 10 10 293 1267 1200
2179 2 2 10 10 438 1236 1101
2180 2 2 10 10 65 1317 1150
2181 2 2 10 10 945 1289 944
2182 2 2 10 10 1024 1260 14
2183 2 2 10 10 376 1258 377
2184 2 2 10 10 1217 1290 945
2185 2 2 10 10 89 1263 303
2186 2 2 10 10 995 1287 996
2187 2 2 10 10 1119 1246 303
2188 2 2 10 10 288 1265 32
2189 2 2 10 10 851 1192 856
2190 2 2 10 10 704 1238 706
2191 2 2 10 10 725 1187 1171
2192 2 2 10 10 13 1260 327
2193 2 2 10 10 312 1309 1002
2194 2 2 10 10 999 1286 1000
2195 2 2 10 10 789 1189 632
2196 2 2 10 10 299 1276 125
2197 2 2 10 10 1074 1229 868
2198 2 2 10 10 658 1191 748
2199 2 2 10 10 885 1213 889
2200 2 2 10 10 452 1320 386
2201 2 2 10 10 390 1318 445
2202 2 2 10 10 781 1243 1204
2203 2 2 10 10 314 1299 902
2204 2 2 10 10 1081 1261 922
2205 2 2 10 10 758 1269 1146
2206 2 2 10 10 310 1297 91
2207 2 2 10 10 102 1280 4
2208 2 2 10 10 4 1280 101
2209 2 2 10 10 998 1326 326
2210 2 2 10 10 303 1263 1119
2211 2 2 10 10 875 1208 464
2212 2 2 10 10 9 1281 1
2213 2 2 10 10 1 1281 132
2214 2 2 10 10 2 1282 39
2215 2 2 10 10 40 1282 2
2216 2 2 10 10 561 1232 943
2217 2 2 10 10 986 1202 987
2218 2 2 10 10 51 1299 50
2219 2 2 10 10 1052 1193 583
2220 2 2 10 10 746 1195 690
2221 2 2 10 10 1193 1196 583
2222 2 2 10 10 318 1317 66
2223 2 2 10 10 671 1264 772
2224 2 2 10 10 338 1237 994
2225 2 2 10 10 1150 1317 932
2226 2 2 10 10 749 1279 636
2227 2 2 10 10 909 1313 697
2228 2 2 10 10 21 1210 1183
2229 2 2 10 10 1149 1268 699
2230 2 2 10 10 1195 1197 690
2231 2 2 10 10 638 1288 665
2232 2 2 10 10 774 1194 1094
2233 2 2 10 10 793 1296 662
2234 2 2 10 10 1104 1273 752
2235 2 2 10 10 780 1307 597
2236 2 2 10 10 583 1196 1074
2237 2 2 10 10 690 1197 727
2238 2 2 10 10 630 1315 598
2239 2 2 10 10 581 1313 675
2240 2 2 10 10 792 1302 773
2241 2 2 10 10 777 1285 842
2242 2 2 10 10 573 1304 455
2243 2 2 10 10 763 1295 1123
2244 2 2 10 10 655 1310 1067
2245 2 2 10 10 96 1198 95
2246 2 2 10 10 822 1200 819
2247 2 2 10 10 919 1199 888
2248 2 2 10 10 61 1201 312
2249 2 2 10 10 982 1324 287
2250 2 2 10 10 887 1213 885
2251 2 2 10 10 766 1294 321
2252 2 2 10 10 709 1203 837
2253 2 2 10 10 1150 1261 298
2254 2 2 10 10 1186 1212 1054
2255 2 2 10 10 914 1204 600
2256 2 2 10 10 599 1234 1205
2257 2 2 10 10 1034 1203 1035
2258 2 2 10 10 310 1319 1297
2259 2 2 10 10 837 1253 1140
2260 2 2 10 10 1009 1209 1010
2261 2 2 10 10 454 1202 1100
2262 2 2 10 10 1182 1284 313
2263 2 2 10 10 1165 1244 822
2264 2 2 10 10 1007 1278 761
2265 2 2 10 10 779 1205 1016
2266 2 2 10 10 307 1230 1210
2267 2 2 10 10 921 1261 1150
2268 2 2 10 10 1092 1251 453
2269 2 2 10 10 1271 1305 783
2270 2 2 10 10 829 1211 830
2271 2 2 10 10 902 1299 903
2272 2 2 10 10 1039 1206 341
2273 2 2 10 10 1088 1233 828
2274 2 2 10 10 700 1207 702
2275 2 2 10 10 758 1326 765
2276 2 2 10 10 995 1285 1087
2277 2 2 10 10 135 1328 289
2278 2 2 10 10 153 1327 291
2279 2 2 10 10 1033 1257 762
2280 2 2 10 10 759 1278 1156
2281 2 2 10 10 1192 1266 833
2282 2 2 10 10 1165 1330 946
2283 2 2 10 10 338 1252 1237
2284 2 2 10 10 1174 1244 1165
2285 2 2 10 10 1113 1226 804
2286 2 2 10 10 22 1210 21
2287 2 2 10 10 1205 1222 599
2288 2 2 10 10 698 1323 1105
2289 2 2 10 10 602 1209 1104
2290 2 2 10 10 96 1223 1198
2291 2 2 10 10 1067 1221 841
2292 2 2 10 10 902 1283 314
2293 2 2 10 10 456 1211 915
2294 2 2 10 10 930 1286 1002
2295 2 2 10 10 52 1242 51
2296 2 2 10 10 1133 1323 698
2297 2 2 10 10 1054 1212 708
2298 2 2 10 10 1161 1326 758
2299 2 2 10 10 342 1213 1038
2300 2 2 10 10 979 1252 338
2301 2 2 10 10 843 1216 778
2302 2 2 10 10 289 1215 812
2303 2 2 10 10 291 1214 825
2304 2 2 10 10 955 1218 616
2305 2 2 10 10 861 1290 862
2306 2 2 10 10 828 1233 832
2307 2 2 10 10 808 1217 901
2308 2 2 10 10 776 1219 596
2309 2 2 10 10 1065 1248 751
2310 2 2 10 10 1204 1243 600
2311 2 2 10 10 333 1285 995
2312 2 2 10 10 909 1242 334
2313 2 2 10 10 297 1278 1007
2314 2 2 10 10 294 1238 876
2315 2 2 10 10 1011 1221 1014
2316 2 2 10 10 350 1220 354
2317 2 2 10 10 985 1274 843
2318 2 2 10 10 1086 1272 566
2319 2 2 10 10 97 1223 96
2320 2 2 10 10 1020 1224 305
2321 2 2 10 10 836 1268 1149
2322 2 2 10 10 1184 1301 1005
2323 2 2 10 10 1248 1270 751
2324 2 2 10 10 463 1222 573
2325 2 2 10 10 1212 1237 708
2326 2 2 10 10 992 1225 990
2327 2 2 10 10 748 1254 762
2328 2 2 10 10 1319 1325 1197
2329 2 2 10 10 1084 1286 930
2330 2 2 10 10 1031 1332 1226
2331 2 2 10 10 975 1226 449
2332 2 2 10 10 334 1242 52
2333 2 2 10 10 1200 1267 819
2334 2 2 10 10 1013 1257 328
2335 2 2 10 10 959 1228 964
2336 2 2 10 10 88 1227 87
2337 2 2 10 10 307 1248 1230
2338 2 2 10 10 1216 1274 573
2339 2 2 10 10 782 1327 770
2340 2 2 10 10 929 1309 931
2341 2 2 10 10 769 1328 767
2342 2 2 10 10 754 1230 712
2343 2 2 10 10 1075 1321 304
2344 2 2 10 10 869 1256 1082
2345 2 2 10 10 70 1275 1240
2346 2 2 10 10 887 1322 1213
2347 2 2 10 10 1000 1235 998
2348 2 2 10 10 1202 1304 987
2349 2 2 10 10 1123 1250 623
2350 2 2 10 10 709 1307 1203
2351 2 2 10 10 785 1243 781
2352 2 2 10 10 588 1231 1098
2353 2 2 10 10 1224 1279 749
2354 2 2 10 10 1060 1232 818
2355 2 2 10 10 967 1233 430
2356 2 2 10 10 1218 1294 766
2357 2 2 10 10 1203 1307 1035
2358 2 2 10 10 1209 1315 1010
2359 2 2 10 10 1101 1236 757
2360 2 2 10 10 328 1257 1033
2361 2 2 10 10 454 1304 1202
2362 2 2 10 10 987 1274 985
2363 2 2 10 10 816 1272 1086
2364 2 2 10 10 1167 1283 902
2365 2 2 10 10 708 1237 1062
2366 2 2 10 10 765 1235 1093
2367 2 2 10 10 446 1239 355
2368 2 2 10 10 1105 1323 1184
2369 2 2 10 10 314 1283 1106
2370 2 2 10 10 784 1319 1197
2371 2 2 10 10 343 1312 1152
2372 2 2 10 10 602 1315 1209
2373 2 2 10 10 1160 1257 1013
2374 2 2 10 10 1106 1283 772
2375 2 2 10 10 751 1270 1077
2376 2 2 10 10 1232 1330 821
2377 2 2 10 10 69 1240 342
2378 2 2 10 10 835 1229 1196
2379 2 2 10 10 600 1243 913
2380 2 2 10 10 1210 1230 754
2381 2 2 10 10 1213 1322 1038
2382 2 2 10 10 849 1244 850
2383 2 2 10 10 787 1284 786
2384 2 2 10 10 780 1306 1036
2385 2 2 10 10 313 1284 1108
2386 2 2 10 10 1270 1300 1077
2387 2 2 10 10 1108 1284 787
2388 2 2 10 10 1181 1236 951
2389 2 2 10 10 903 1242 909
2390 2 2 10 10 1051 1241 750
2391 2 2 10 10 757 1236 1181
2392 2 2 10 10 962 1247 577
2393 2 2 10 10 1237 1252 1062
2394 2 2 10 10 31 1245 30
2395 2 2 10 10 1156 1301 694
2396 2 2 10 10 1152 1312 788
2397 2 2 10 10 977 1248 307
2398 2 2 10 10 958 1249 957
2399 2 2 10 10 771 1314 1079
2400 2 2 10 10 738 1246 740
2401 2 2 10 10 577 1291 937
2402 2 2 10 10 779 1222 1205
2403 2 2 10 10 840 1250 823
2404 2 2 10 10 1105 1287 698
2405 2 2 10 10 698 1287 1087
2406 2 2 10 10 823 1250 1123
2407 2 2 10 10 1241 1259 750
2408 2 2 10 10 729 1255 793
2409 2 2 10 10 1196 1229 1074
2410 2 2 10 10 31 1265 1245
2411 2 2 10 10 1062 1252 749
2412 2 2 10 10 962 1272 1247
2413 2 2 10 10 1079 1332 1031
2414 2 2 10 10 842 1298 843
2415 2 2 10 10 977 1270 1248
2416 2 2 10 10 453 1251 1116
2417 2 2 10 10 421 1256 374
2418 2 2 10 10 776 1234 1219
2419 2 2 10 10 327 1255 1040
2420 2 2 10 10 1006 1301 1156
2421 2 2 10 10 931 1309 1201
2422 2 2 10 10 1077 1300 764
2423 2 2 10 10 762 1257 1160
2424 2 2 10 10 377 1258 380
2425 2 2 10 10 1300 1321 764
2426 2 2 10 10 101 1280 1178
2427 2 2 10 10 1180 1282 40
2428 2 2 10 10 132 1281 1179
2429 2 2 10 10 940 1268 610
2430 2 2 10 10 966 1262 939
2431 2 2 10 10 750 1259 780
2432 2 2 10 10 14 1260 13
2433 2 2 10 10 922 1261 921
2434 2 2 10 10 90 1263 89
2435 2 2 10 10 833 1266 831
2436 2 2 10 10 819 1267 817
2437 2 2 10 10 32 1265 31
2438 2 2 10 10 335 1270 977
2439 2 2 10 10 1140 1253 761
2440 2 2 10 10 1214 1327 782
2441 2 2 10 10 1215 1328 769
2442 2 2 10 10 1184 1323 695
2443 2 2 10 10 841 1264 671
2444 2 2 10 10 912 1277 609
2445 2 2 10 10 536 1303 1228
2446 2 2 10 10 850 1244 1174
2447 2 2 10 10 1199 1322 887
2448 2 2 10 10 566 1272 962
2449 2 2 10 10 1164 1298 842
2450 2 2 10 10 125 1276 124
2451 2 2 10 10 752 1273 788
2452 2 2 10 10 90 1297 1263
2453 2 2 10 10 335 1300 1270
2454 2 2 10 10 944 1289 452
2455 2 2 10 10 1159 1254 748
2456 2 2 10 10 1037 1280 102
2457 2 2 10 10 1002 1286 999
2458 2 2 10 10 761 1278 759
2459 2 2 10 10 1042 1281 9
2460 2 2 10 10 39 1282 1044
2461 2 2 10 10 636 1279 638
2462 2 2 10 10 1226 1332 804
2463 2 2 10 10 947 1295 763
2464 2 2 10 10 324 1298 1164
2465 2 2 10 10 764 1321 1075
2466 2 2 10 10 772 1283 1167
2467 2 2 10 10 665 1288 747
2468 2 2 10 10 1087 1285 777
2469 2 2 10 10 807 1292 809
2470 2 2 10 10 996 1287 1105
2471 2 2 10 10 1146 1269 323
2472 2 2 10 10 50 1299 314
2473 2 2 10 10 978 1300 335
2474 2 2 10 10 91 1297 90
2475 2 2 10 10 807 1308 1292
2476 2 2 10 10 768 1291 769
2477 2 2 10 10 662 1296 790
2478 2 2 10 10 1005 1301 1006
2479 2 2 10 10 820 1303 1060
2480 2 2 10 10 955 1294 1218
2481 2 2 10 10 321 1294 745
2482 2 2 10 10 978 1321 1300
2483 2 2 10 10 773 1302 775
2484 2 2 10 10 805 1308 807
2485 2 2 10 10 1079 1314 1190
2486 2 2 10 10 455 1304 454
2487 2 2 10 10 1297 1319 791
2488 2 2 10 10 304 1321 978
2489 2 2 10 10 597 1307 709
2490 2 2 10 10 161 1311 162
2491 2 2 10 10 388 1320 1318
2492 2 2 10 10 388 1318 390
2493 2 2 10 10 1049 1310 655
2494 2 2 10 10 1021 1325 310
2495 2 2 10 10 386 1320 388
2496 2 2 10 10 1197 1325 727
2497 2 2 10 10 1008 1331 317
2498 2 2 10 10 598 1315 602
2499 2 2 10 10 697 1313 581
2500 2 2 10 10 946 1330 561
2501 2 2 10 10 1296 1324 790
2502 2 2 10 10 66 1317 65
2503 2 2 10 10 1038 1322 318
2504 2 2 10 10 1190 1332 1079
2505 2 2 10 10 791 1319 784
2506 2 2 10 10 143 1329 144
2507 2 2 10 10 695 1323 1133
2508 2 2 10 10 837 1331 1253
2509 2 2 10 10 1178 1280 1037
2510 2 2 10 10 1179 1281 1042
2511 2 2 10 10 1044 1282 1180
2512 2 2 10 10 1240 1275 890
2513 2 2 10 10 561 1330 1232
2514 2 2 10 10 1259 1306 780
2515 2 2 10 10 790 1324 1153
2516 2 2 10 10 326 1326 1161
2517 2 2 10 10 769 1291 1247
2518 2 2 10 10 310 1325 1319
2519 2 2 10 10 1247 1291 577
2520 2 2 10 10 1020 1279 1224
2521 2 2 10 10 788 1312 1172
2522 2 2 10 10 318 1322 1199
2523 2 2 10 10 804 1332 1190
2524 2 2 10 10 843 1274 1216
2525 2 2 10 10 1190 1314 292
2526 2 2 10 10 833 1316 1192
2527 2 2 10 10 1208 1316 833
2528 2 2 10 10 1201 1309 312
2529 2 2 10 10 1228 1303 820
2530 2 2 10 10 289 1328 1215
2531 2 2 10 10 291 1327 1214
2532 2 2 10 10 1293 1295 947
2533 2 2 10 10 290 1295 1293
2534 2 2 10 10 1253 1331 1008
$EndElements
