$MeshFormat
2.2 0 8
$EndMeshFormat
$Nodes
9397
1 -1 0 0
2 0 -1 0
3 1 0 0
4 0 1 0
5 -0.9998023297690714 -0.01988218771506611 0
6 -0.999209397223333 -0.03975651519667454 0
7 -0.9982214367731018 -0.05961512531769277 0
8 -0.9968388389992063 -0.07945016716605699 0
9 -0.9950621504989743 -0.09925379914318937 0
10 -0.9928920736676679 -0.1190181920880938 0
11 -0.9903294664245552 -0.1387355323313237 0
12 -0.9873753418716203 -0.1583980248106044 0
13 -0.9840308678943139 -0.1779978961425197 0
14 -0.9802973666982618 -0.1975273977058718 0
15 -0.9761763142896062 -0.2169788086886831 0
16 -0.9716693398856892 -0.2363444391689998 0
17 -0.9667782252761876 -0.255616633128255 0
18 -0.961504904112581 -0.274787771502766 0
19 -0.9558514611589105 -0.2938502751408882 0
20 -0.9498201314414353 -0.3127966078917332 0
21 -0.9434132993963388 -0.3316192794789141 0
22 -0.9366334979075206 -0.3503108485295918 0
23 -0.9294834072864877 -0.3688639255594144 0
24 -0.9219658542685583 -0.3872711757449133 0
25 -0.914083810851799 -0.4055253219450697 0
26 -0.9058403931126879 -0.4236191475906761 0
27 -0.8972388600208268 -0.441545499431856 0
28 -0.8882826120992076 -0.459297290479934 0
29 -0.8789751901232099 -0.4768675027173345 0
30 -0.8693202736982012 -0.4942491899207166 0
31 -0.8593216797793638 -0.5114354804480938 0
32 -0.8489833612298604 -0.5284195798367509 0
33 -0.8383094051983885 -0.5451947735955693 0
34 -0.8273040315576475 -0.5617544297719982 0
35 -0.8159715911537064 -0.5780920017004979 0
36 -0.8043165641595857 -0.5942010304758137 0
37 -0.7923435582575385 -0.6100751475742826 0
38 -0.7800573069061938 -0.6257080772550856 0
39 -0.7674626673438766 -0.6410936392083627 0
40 -0.7545646187409188 -0.6562257509000784 0
41 -0.7413682601927112 -0.6710984300226253 0
42 -0.7278788087863051 -0.6857057967669732 0
43 -0.7141015974378176 -0.7000420762616751 0
44 -0.7000420728761413 -0.7141016007566957 0
45 -0.6857057934066748 -0.7278788119519091 0
46 -0.6710984266988053 -0.7413682632014864 0
47 -0.6562257476316201 -0.7545646215834143 0
48 -0.6410936359684778 -0.7674626700502878 0
49 -0.6257080740753813 -0.7800573094567329 0
50 -0.6100751444455293 -0.7923435606665624 0
51 -0.5942010274351893 -0.804316566405893 0
52 -0.5780919987034895 -0.8159715932769993 0
53 -0.5617544267871777 -0.8273040335843947 0
54 -0.5451947706581095 -0.8383094071087663 0
55 -0.5284195769723585 -0.8489833630126998 0
56 -0.5114354776562134 -0.8593216814409844 0
57 -0.4942491872145638 -0.8693202752367755 0
58 -0.4768675000690904 -0.878975191559953 0
59 -0.4592972878148813 -0.8882826134772053 0
60 -0.441545496845024 -0.897238861293848 0
61 -0.4236191450952828 -0.9058403942796666 0
62 -0.405525319497836 -0.914083811937493 0
63 -0.3872711733968462 -0.9219658552548624 0
64 -0.3688639233356646 -0.9294834081689791 0
65 -0.3503108464293267 -0.936633498693042 0
66 -0.3316192774629921 -0.9434133001049556 0
67 -0.3127966060014663 -0.9498201320639416 0
68 -0.29385027335336 -0.955851461708437 0
69 -0.2747877697647272 -0.9615049046092938 0
70 -0.255616631541938 -0.9667782256956107 0
71 -0.2363444377170428 -0.9716693402388566 0
72 -0.2169788072917456 -0.9761763146001092 0
73 -0.1975273964452723 -0.9802973669522693 0
74 -0.1779978950319865 -0.9840308680951945 0
75 -0.1583980238205643 -0.9873753420304459 0
76 -0.1387355314765288 -0.9903294665443036 0
77 -0.1190181913735451 -0.992892073753321 0
78 -0.09925379854767628 -0.9950621505583745 0
79 -0.07945016667092615 -0.9968388390386693 0
80 -0.05961512495203293 -0.9982214367949396 0
81 -0.03975651496225397 -0.9992093972326602 0
82 -0.01988218758130499 -0.9998023297717313 0
83 0.01988218771506611 -0.9998023297690714 0
84 0.03975651519667454 -0.999209397223333 0
85 0.05961512531769277 -0.9982214367731018 0
86 0.07945016716605699 -0.9968388389992063 0
87 0.09925379914318937 -0.9950621504989743 0
88 0.1190181920880938 -0.9928920736676679 0
89 0.1387355323313237 -0.9903294664245552 0
90 0.1583980248106044 -0.9873753418716203 0
91 0.1779978961425197 -0.9840308678943139 0
92 0.1975273977058718 -0.9802973666982618 0
93 0.2169788086886831 -0.9761763142896062 0
94 0.2363444391689998 -0.9716693398856892 0
95 0.255616633128255 -0.9667782252761876 0
96 0.274787771502766 -0.961504904112581 0
97 0.2938502751408882 -0.9558514611589105 0
98 0.3127966078917332 -0.9498201314414353 0
99 0.3316192794789141 -0.9434132993963388 0
100 0.3503108485295918 -0.9366334979075206 0
101 0.3688639255594144 -0.9294834072864877 0
102 0.3872711757449133 -0.9219658542685583 0
103 0.4055253219450697 -0.914083810851799 0
104 0.4236191475906761 -0.9058403931126879 0
105 0.441545499431856 -0.8972388600208268 0
106 0.459297290479934 -0.8882826120992076 0
107 0.4768675027173345 -0.8789751901232099 0
108 0.4942491899207166 -0.8693202736982012 0
109 0.5114354804480938 -0.8593216797793638 0
110 0.5284195798367509 -0.8489833612298604 0
111 0.5451947735955693 -0.8383094051983885 0
112 0.5617544297719982 -0.8273040315576475 0
113 0.5780920017004979 -0.8159715911537064 0
114 0.5942010304758137 -0.8043165641595857 0
115 0.6100751475742826 -0.7923435582575385 0
116 0.6257080772550856 -0.7800573069061938 0
117 0.6410936392083627 -0.7674626673438766 0
118 0.6562257509000784 -0.7545646187409188 0
119 0.6710984300226253 -0.7413682601927112 0
120 0.6857057967669732 -0.7278788087863051 0
121 0.7000420762616751 -0.7141015974378176 0
122 0.7141016007566957 -0.7000420728761413 0
123 0.7278788119519091 -0.6857057934066748 0
124 0.7413682632014864 -0.6710984266988053 0
125 0.7545646215834143 -0.6562257476316201 0
126 0.7674626700502878 -0.6410936359684778 0
127 0.7800573094567329 -0.6257080740753813 0
128 0.7923435606665624 -0.6100751444455293 0
129 0.804316566405893 -0.5942010274351893 0
130 0.8159715932769993 -0.5780919987034895 0
131 0.8273040335843947 -0.5617544267871777 0
132 0.8383094071087663 -0.5451947706581095 0
133 0.8489833630126998 -0.5284195769723585 0
134 0.8593216814409844 -0.5114354776562134 0
135 0.8693202752367755 -0.4942491872145638 0
136 0.878975191559953 -0.4768675000690904 0
137 0.8882826134772053 -0.4592972878148813 0
138 0.897238861293848 -0.441545496845024 0
139 0.9058403942796666 -0.4236191450952828 0
140 0.914083811937493 -0.405525319497836 0
141 0.9219658552548624 -0.3872711733968462 0
142 0.9294834081689791 -0.3688639233356646 0
143 0.936633498693042 -0.3503108464293267 0
144 0.9434133001049556 -0.3316192774629921 0
145 0.9498201320639416 -0.3127966060014663 0
146 0.955851461708437 -0.29385027335336 0
147 0.9615049046092938 -0.2747877697647272 0
148 0.9667782256956107 -0.255616631541938 0
149 0.9716693402388566 -0.2363444377170428 0
150 0.9761763146001092 -0.2169788072917456 0
151 0.9802973669522693 -0.1975273964452723 0
152 0.9840308680951945 -0.1779978950319865 0
153 0.9873753420304459 -0.1583980238205643 0
154 0.9903294665443036 -0.1387355314765288 0
155 0.992892073753321 -0.1190181913735451 0
156 0.9950621505583745 -0.09925379854767628 0
157 0.9968388390386693 -0.07945016667092615 0
158 0.9982214367949396 -0.05961512495203293 0
159 0.9992093972326602 -0.03975651496225397 0
160 0.9998023297717313 -0.01988218758130499 0
161 0.9998023297690714 0.01988218771506611 0
162 0.999209397223333 0.03975651519667454 0
163 0.9982214367731018 0.05961512531769277 0
164 0.9968388389992063 0.07945016716605699 0
165 0.9950621504989743 0.09925379914318937 0
166 0.9928920736676679 0.1190181920880938 0
167 0.9903294664245552 0.1387355323313237 0
168 0.9873753418716203 0.1583980248106044 0
169 0.9840308678943139 0.1779978961425197 0
170 0.9802973666982618 0.1975273977058718 0
171 0.9761763142896062 0.2169788086886831 0
172 0.9716693398856892 0.2363444391689998 0
173 0.9667782252761876 0.255616633128255 0
174 0.961504904112581 0.274787771502766 0
175 0.9558514611589105 0.2938502751408882 0
176 0.9498201314414353 0.3127966078917332 0
177 0.9434132993963388 0.3316192794789141 0
178 0.9366334979075206 0.3503108485295918 0
179 0.9294834072864877 0.3688639255594144 0
180 0.9219658542685583 0.3872711757449133 0
181 0.914083810851799 0.4055253219450697 0
182 0.9058403931126879 0.4236191475906761 0
183 0.8972388600208268 0.441545499431856 0
184 0.8882826120992076 0.459297290479934 0
185 0.8789751901232099 0.4768675027173345 0
186 0.8693202736982012 0.4942491899207166 0
187 0.8593216797793638 0.5114354804480938 0
188 0.8489833612298604 0.5284195798367509 0
189 0.8383094051983885 0.5451947735955693 0
190 0.8273040315576475 0.5617544297719982 0
191 0.8159715911537064 0.5780920017004979 0
192 0.8043165641595857 0.5942010304758137 0
193 0.7923435582575385 0.6100751475742826 0
194 0.7800573069061938 0.6257080772550856 0
195 0.7674626673438766 0.6410936392083627 0
196 0.7545646187409188 0.6562257509000784 0
197 0.7413682601927112 0.6710984300226253 0
198 0.7278788087863051 0.6857057967669732 0
199 0.7141015974378176 0.7000420762616751 0
200 0.7000420728761413 0.7141016007566957 0
201 0.6857057934066748 0.7278788119519091 0
202 0.6710984266988053 0.7413682632014864 0
203 0.6562257476316201 0.7545646215834143 0
204 0.6410936359684778 0.7674626700502878 0
205 0.6257080740753813 0.7800573094567329 0
206 0.6100751444455293 0.7923435606665624 0
207 0.5942010274351893 0.804316566405893 0
208 0.5780919987034895 0.8159715932769993 0
209 0.5617544267871777 0.8273040335843947 0
210 0.5451947706581095 0.8383094071087663 0
211 0.5284195769723585 0.8489833630126998 0
212 0.5114354776562134 0.8593216814409844 0
213 0.4942491872145638 0.8693202752367755 0
214 0.4768675000690904 0.878975191559953 0
215 0.4592972878148813 0.8882826134772053 0
216 0.441545496845024 0.897238861293848 0
217 0.4236191450952828 0.9058403942796666 0
218 0.405525319497836 0.914083811937493 0
219 0.3872711733968462 0.9219658552548624 0
220 0.3688639233356646 0.9294834081689791 0
221 0.3503108464293267 0.936633498693042 0
222 0.3316192774629921 0.9434133001049556 0
223 0.3127966060014663 0.9498201320639416 0
224 0.29385027335336 0.955851461708437 0
225 0.2747877697647272 0.9615049046092938 0
226 0.255616631541938 0.9667782256956107 0
227 0.2363444377170428 0.9716693402388566 0
228 0.2169788072917456 0.9761763146001092 0
229 0.1975273964452723 0.9802973669522693 0
230 0.1779978950319865 0.9840308680951945 0
231 0.1583980238205643 0.9873753420304459 0
232 0.1387355314765288 0.9903294665443036 0
233 0.1190181913735451 0.992892073753321 0
234 0.09925379854767628 0.9950621505583745 0
235 0.07945016667092615 0.9968388390386693 0
236 0.05961512495203293 0.9982214367949396 0
237 0.03975651496225397 0.9992093972326602 0
238 0.01988218758130499 0.9998023297717313 0
239 -0.01988218771506611 0.9998023297690714 0
240 -0.03975651519667454 0.999209397223333 0
241 -0.05961512531769277 0.9982214367731018 0
242 -0.07945016716605699 0.9968388389992063 0
243 -0.09925379914318937 0.9950621504989743 0
244 -0.1190181920880938 0.9928920736676679 0
245 -0.1387355323313237 0.9903294664245552 0
246 -0.1583980248106044 0.9873753418716203 0
247 -0.1779978961425197 0.9840308678943139 0
248 -0.1975273977058718 0.9802973666982618 0
249 -0.2169788086886831 0.9761763142896062 0
250 -0.2363444391689998 0.9716693398856892 0
251 -0.255616633128255 0.9667782252761876 0
252 -0.274787771502766 0.961504904112581 0
253 -0.2938502751408882 0.9558514611589105 0
254 -0.3127966078917332 0.9498201314414353 0
255 -0.3316192794789141 0.9434132993963388 0
256 -0.3503108485295918 0.9366334979075206 0
257 -0.3688639255594144 0.9294834072864877 0
258 -0.3872711757449133 0.9219658542685583 0
259 -0.4055253219450697 0.914083810851799 0
260 -0.4236191475906761 0.9058403931126879 0
261 -0.441545499431856 0.8972388600208268 0
262 -0.459297290479934 0.8882826120992076 0
263 -0.4768675027173345 0.8789751901232099 0
264 -0.4942491899207166 0.8693202736982012 0
265 -0.5114354804480938 0.8593216797793638 0
266 -0.5284195798367509 0.8489833612298604 0
267 -0.5451947735955693 0.8383094051983885 0
268 -0.5617544297719982 0.8273040315576475 0
269 -0.5780920017004979 0.8159715911537064 0
270 -0.5942010304758137 0.8043165641595857 0
271 -0.6100751475742826 0.7923435582575385 0
272 -0.6257080772550856 0.7800573069061938 0
273 -0.6410936392083627 0.7674626673438766 0
274 -0.6562257509000784 0.7545646187409188 0
275 -0.6710984300226253 0.7413682601927112 0
276 -0.6857057967669732 0.7278788087863051 0
277 -0.7000420762616751 0.7141015974378176 0
278 -0.7141016007566957 0.7000420728761413 0
279 -0.7278788119519091 0.6857057934066748 0
280 -0.7413682632014864 0.6710984266988053 0
281 -0.7545646215834143 0.6562257476316201 0
282 -0.7674626700502878 0.6410936359684778 0
283 -0.7800573094567329 0.6257080740753813 0
284 -0.7923435606665624 0.6100751444455293 0
285 -0.804316566405893 0.5942010274351893 0
286 -0.8159715932769993 0.5780919987034895 0
287 -0.8273040335843947 0.5617544267871777 0
288 -0.8383094071087663 0.5451947706581095 0
289 -0.8489833630126998 0.5284195769723585 0
290 -0.8593216814409844 0.5114354776562134 0
291 -0.8693202752367755 0.4942491872145638 0
292 -0.878975191559953 0.4768675000690904 0
293 -0.8882826134772053 0.4592972878148813 0
294 -0.897238861293848 0.441545496845024 0
295 -0.9058403942796666 0.4236191450952828 0
296 -0.914083811937493 0.405525319497836 0
297 -0.9219658552548624 0.3872711733968462 0
298 -0.9294834081689791 0.3688639233356646 0
299 -0.936633498693042 0.3503108464293267 0
300 -0.9434133001049556 0.3316192774629921 0
301 -0.9498201320639416 0.3127966060014663 0
302 -0.955851461708437 0.29385027335336 0
303 -0.9615049046092938 0.2747877697647272 0
304 -0.9667782256956107 0.255616631541938 0
305 -0.9716693402388566 0.2363444377170428 0
306 -0.9761763146001092 0.2169788072917456 0
307 -0.9802973669522693 0.1975273964452723 0
308 -0.9840308680951945 0.1779978950319865 0
309 -0.9873753420304459 0.1583980238205643 0
310 -0.9903294665443036 0.1387355314765288 0
311 -0.992892073753321 0.1190181913735451 0
312 -0.9950621505583745 0.09925379854767628 0
313 -0.9968388390386693 0.07945016667092615 0
314 -0.9982214367949396 0.05961512495203293 0
315 -0.9992093972326602 0.03975651496225397 0
316 -0.9998023297717313 0.01988218758130499 0
317 -0.2586384321781129 -0.9471404881119018 0
318 -0.9475388724320197 0.2606353706302605 0
319 0.9476731568183636 -0.2619788320858993 0
320 0.2606353706302683 0.9475388724320463 0
321 0.708574624139483 -0.680942518254484 0
322 -0.9784771118155048 0.06838135302797727 0
323 0.980352488001787 -0.06833528103727121 0
324 0.06833528103249807 0.980352487952452 0
325 -0.06833528103623812 -0.9803524879547448 0
326 -0.9826826852936171 -0.009769906416509544 0
327 0.9826366791465044 0.01111358731319023 0
328 -0.009769906417777474 0.9826826853278738 0
329 -0.008503944585928964 -0.9827197250992769 0
330 -0.4931987128870894 -0.8476437450815771 0
331 0.4935063383397261 0.8502846987630009 0
332 -0.8509357282269175 0.4925956016345402 0
333 0.8585009925546476 -0.4767322798738018 0
334 0.6658224569664193 0.7228239159221013 0
335 -0.7102879965960908 0.6815881798413155 0
336 -0.6956306313694991 -0.6943059078258611 0
337 0.759318406247439 0.6209571645121925 0
338 -0.7860384214933286 -0.5900391572606372 0
339 0.8494860780636859 0.495733000805465 0
340 -0.5918518193067576 0.7847933470937323 0
341 0.6076108956126841 -0.772330886916803 0
342 0.4771969434351572 -0.8590947492576514 0
343 -0.8694603979708748 -0.4596373199822424 0
344 -0.4608195852720883 0.8694593512430926 0
345 0.9025530934950756 0.3893697673135336 0
346 0.3350935836823165 -0.9238360250174366 0
347 -0.316659464379041 0.9303158036647921 0
348 -0.9306708607704565 -0.3163348580482439 0
349 0.9475388718546783 0.2606353722288027 0
350 0.2227584696012713 -0.9571516991339969 0
351 -0.2036841671218037 0.9613914244466963 0
352 -0.9609936788184613 -0.2030234425495384 0
353 0.9687291184104504 0.1653015610516837 0
354 0.1292533337130004 -0.9739065843226116 0
355 0.3911702840225974 0.902032617178211 0
356 -0.3883355754220509 -0.9020748740129915 0
357 -0.9034440180184042 0.390458540117226 0
358 0.9097834855450301 -0.3715571565683028 0
359 -0.130557474601954 0.9757200079505213 0
360 -0.7845494859165465 0.5922307948055023 0
361 -0.5917691588273972 -0.7845826749642041 0
362 -0.9742493189041661 -0.1259683220404334 0
363 0.7991101046495471 -0.5763498333751841 0
364 0.9693679097068855 -0.1668340455217343 0
365 -0.1670447766839052 -0.9688360372081612 0
366 0.1644924911062412 0.9682275519908226 0
367 0.5760529637340041 0.7961932517549992 0
368 -0.9687291187008599 0.1653015600391295 0
369 0.06833528144663031 -0.9803524877626911 0
370 0.9802419570079246 0.08778951912120192 0
371 -0.6522802281360104 0.7350721489179538 0
372 0.4071677627020345 -0.8952294108103825 0
373 0.5451734201210758 -0.8186387000768721 0
374 -0.3895721990123439 0.9022162782264425 0
375 -0.9017079368370484 -0.3896956750013505 0
376 0.8053376707039727 0.5617000346457034 0
377 -0.8291186392697689 -0.5275632596369902 0
378 -0.5275632596593224 0.829118639304572 0
379 0.7594852607182174 -0.6222830181660668 0
380 -0.06833528144662879 0.9803524877626897 0
381 0.8891458136831407 -0.427194288677156 0
382 -0.7351566827738012 -0.6519508795915965 0
383 0.3166594624979671 0.9303158044316676 0
384 -0.3176916586097746 -0.9314993450147835 0
385 -0.930414198040908 0.3162805827957526 0
386 0.9308700221882444 -0.3177195304153899 0
387 -0.876790958858702 0.4428605462653589 0
388 -0.4442911066471911 -0.8766700780675574 0
389 0.4405572653752668 0.8747698900106262 0
390 0.6667199057995008 -0.7219731838128752 0
391 -0.9803524877627124 -0.06833528144663077 0
392 0.9232798443082002 0.3343671337283305 0
393 -0.6374081325290889 -0.7458071669271005 0
394 0.6224866354408174 0.7580165182553475 0
395 -0.819552607386702 0.541687540644856 0
396 -0.5419634101282363 -0.8216366544361866 0
397 -0.7479088527143979 0.6374896541776549 0
398 0.7101555494871232 0.6821825116893303 0
399 0.2787784160125188 -0.9421553039558611 0
400 0.8291186412078574 -0.5275632568632297 0
401 -0.259613597333067 0.9468592843364554 0
402 -0.9459992841223747 -0.2562842683469586 0
403 0.8770387816490842 0.4429217375812656 0
404 0.9745350525080956 0.1266575792381564 0
405 0.9815173561499129 0.04883022140936878 0
406 0.975243571616211 -0.1089219684596566 0
407 0.0293058568085504 -0.9822941910146 0
408 0.5435039312279824 0.8177955476983438 0
409 0.1050196328212874 0.9765297866013948 0
410 -0.1076498998463021 -0.9766477186714467 0
411 0.5774837324962401 -0.7956873748278046 0
412 -0.6815772558369245 0.7085128828077146 0
413 0.9823915790901016 -0.03417670760450391 0
414 0.512328311232878 -0.8408690438859054 0
415 -0.7592950122383564 -0.6233671841014485 0
416 0.4427081282963878 -0.8769373193855539 0
417 0.371288717220927 -0.9093248295769619 0
418 0.2219313428250639 0.9580849605442316 0
419 -0.2256010711508549 -0.9572259692428434 0
420 -0.955894089767763 0.2210065963658674 0
421 0.9567563380852379 -0.2233655376654655 0
422 0.1661780198535229 -0.9682577289693026 0
423 -0.1654033945683362 0.9689109293319351 0
424 0.7831190872305387 0.591883739668724 0
425 -0.5603863113154414 0.807911144662712 0
426 -0.4245657166754075 0.8859001905232353 0
427 0.02961350241144645 0.9815816299632472 0
428 0.8283804871344361 0.5277977923327088 0
429 0.9614838818362847 0.204107776654228 0
430 -0.8860149504680238 -0.4251331773388966 0
431 0.9364277908398779 0.2981001567657189 0
432 -0.9743632340011011 0.1273416934902223 0
433 -0.9687291183989244 -0.1653015610499699 0
434 0.7362862789847234 0.6542245419706673 0
435 -0.353029610592981 0.9169191142710851 0
436 -0.918068921055236 -0.3537002635301151 0
437 -0.4946684112140627 0.8491441952926023 0
438 0.6374896573069858 -0.7479088499071643 0
439 0.7357060576964937 -0.6523835327217656 0
440 -0.6222539292655824 0.7607929729880227 0
441 -0.9167701269264056 0.3558784805656733 0
442 0.3533356976994396 0.9160991461902693 0
443 -0.3533952248643404 -0.9169910175493754 0
444 -0.8488126353360724 -0.4939958192353762 0
445 -0.9822941911353457 0.02930585663105418 0
446 -0.8091736893651027 -0.5603570777991764 0
447 -0.6650328023555412 -0.7203247404711088 0
448 -0.6669407455002576 0.7217060006725758 0
449 -0.6482238878579457 0.7154439897172437 0
450 -0.6333841001997019 0.7286090564365676 0
451 -0.6295418875570382 0.7092410759505845 0
452 -0.614513717863193 0.722206860382131 0
453 -0.6106819916724475 0.7027608253083559 0
454 -0.5957293092068894 0.7158400568122414 0
455 -0.5918851335511387 0.6964118060629101 0
456 -0.6068432652300534 0.6833129886487168 0
457 -0.5880284304249155 0.6769298505834646 0
458 -0.5730643404332819 0.6900150458771308 0
459 -0.5692046106229129 0.6705263933698831 0
460 -0.5841620771614171 0.6574262157775127 0
461 -0.5653382572931406 0.6510227585637436 0
462 -0.5802957238479013 0.6379225809641721 0
463 -0.5614719039739595 0.6315191237498579 0
464 -0.5764191381042033 0.6184090374313781 0
465 -0.5575977250853081 0.6120047618351944 0
466 -0.5725630172134973 0.5989153113316146 0
467 -0.5537313209478185 0.5925018266088187 0
468 -0.5686898187140121 0.5794032064447385 0
469 -0.549872844016568 0.5730082192968374 0
470 -0.5648303105775025 0.5599080416923372 0
471 -0.5460064906968158 0.5535045844758377 0
472 -0.5609639572588478 0.540404406870699 0
473 -0.5421401373773302 0.5340009496538775 0
474 -0.5271733189001682 0.5470840045272701 0
475 -0.5233085702300159 0.5275891050347699 0
476 -0.53826604477438 0.5144847435380787 0
477 -0.5194499642200205 0.5080938575562175 0
478 -0.5044829579441977 0.5211775079785645 0
479 -0.5006188223302304 0.5016826211737293 0
480 -0.5155709617957897 0.4885708784242274 0
481 -0.4967597911205874 0.4821867654132973 0
482 -0.4817955530621996 0.4952796170607502 0
483 -0.4779291854195596 0.475776468303157 0
484 -0.4928934379085583 0.4626831305652179 0
485 -0.4740696180618046 0.456279673231768 0
486 -0.4591036485975198 0.4693657973572781 0
487 -0.4552396407499816 0.4498687330056093 0
488 -0.4402883315662819 0.462976393390173 0
489 -0.4364219783899013 0.4434727585427577 0
490 -0.4214645117273987 0.4565729360308507 0
491 -0.4175981585617117 0.4370693011827124 0
492 -0.4026406918946459 0.4501694786643314 0
493 -0.3987669542191361 0.4306590721531595 0
494 -0.3838168720650649 0.4437660212913858 0
495 -0.3799505189135503 0.4242623864409346 0
496 -0.394907985582029 0.411162208960962 0
497 -0.3760841657558351 0.4047587515894773 0
498 -0.3611247634687905 0.4178522609415609 0
499 -0.3572603459313349 0.3983552942159629 0
500 -0.3722178126002182 0.3852551167356896 0
501 -0.3533875746331609 0.3788459543914201 0
502 -0.3384365261026865 0.391951836842849 0
503 -0.3345701729479849 0.3724482019909033 0
504 -0.3495276396167627 0.3593480245098635 0
505 -0.3307038197893883 0.3529445671385647 0
506 -0.3456612864576609 0.3398443896557452 0
507 -0.3268374666290375 0.3334409322858416 0
508 -0.3118799999598447 0.3465411097678499 0
509 -0.3080136468011802 0.3270374749153327 0
510 -0.2930561801313559 0.3401376523961837 0
511 -0.2891898269738894 0.3206340175435561 0
512 -0.3041472936430222 0.3075338400614051 0
513 -0.2853234738143824 0.3011303826902304 0
514 -0.2703660071447526 0.3142305601725031 0
515 -0.2664996539860787 0.29472692531948 0
516 -0.2814544474870737 0.281623020082241 0
517 -0.2626333008253733 0.2752232904658952 0
518 -0.247671728813237 0.2883205676587933 0
519 -0.2438094809961733 0.2688198330963412 0
520 -0.2288520143270598 0.2819200105794887 0
521 -0.2249856611671308 0.2624163757262054 0
522 -0.2399431278361592 0.2493161982422078 0
523 -0.2211193080061197 0.2429127408722241 0
524 -0.2061618413370903 0.2560129183565375 0
525 -0.2022954881764384 0.2365092835031216 0
526 -0.2172529548448705 0.2234091060183129 0
527 -0.1984291350144017 0.2170056486492243 0
528 -0.1834684673242897 0.2301028834190202 0
529 -0.1796053151840383 0.2106021912808697 0
530 -0.1945627818521939 0.197502013795449 0
531 -0.1757389620214858 0.1910985564270815 0
532 -0.1607814953534636 0.2041987339127059 0
533 -0.1569151421908583 0.1846950990591494 0
534 -0.1718726088587835 0.1715949215734137 0
535 -0.1530487890278606 0.1651914642053386 0
536 -0.1380913223600182 0.1782916416913668 0
537 -0.134224969196984 0.1587880068377763 0
538 -0.1491787841755506 0.1456858556723404 0
539 -0.1303569441371487 0.1392827566274997 0
540 -0.1154011493659723 0.1523845494702834 0
541 -0.111533457082713 0.1328793171312695 0
542 -0.1264922628702083 0.1197807371304179 0
543 -0.1076684430391601 0.1133772797628609 0
544 -0.092709870872346 0.1264759347529883 0
545 -0.08884462320813585 0.1069738223955276 0
546 -0.0738862775595035 0.120072555358939 0
547 -0.07001997481607788 0.1005691535359421 0
548 -0.08497827004480704 0.08747018754155869 0
549 -0.06615366542371637 0.08106575530098348 0
550 -0.05119698354552885 0.09416690766009553 0
551 -0.04733006207636747 0.07466238134106823 0
552 -0.06228809705014096 0.06156309532004031 0
553 -0.04346376097809948 0.05515897374253012 0
554 -0.02850681055103313 0.06825981543850293 0
555 -0.02464015679288847 0.04875559904185164 0
556 -0.03959744024887388 0.03565554554030001 0
557 -0.02077410422536563 0.02925254573068548 0
558 -0.005816637557193499 0.04235272321610392 0
559 -0.03573097497530364 0.0161520849153407 0
560 -0.001950284394532181 0.02284908836216734 0
561 0.01300718227377864 0.03594926584800726 0
562 0.01687353543645814 0.01644563099405827 0
563 0.03183100210474155 0.02954580847992089 0
564 0.03569735526742424 0.01004217362602272 0
565 0.05065482193570356 0.02314235111187132 0
566 0.05452117509835944 0.003638716258016123 0
567 0.06947864176662374 0.01673889374381335 0
568 0.07334499492920724 -0.002764741109945928 0
569 0.08830246159748878 0.01033543637573364 0
570 0.09216881475994709 -0.009168198477939093 0
571 0.1071262814283872 0.003931979007576109 0
572 0.1109912616640209 -0.01557181389069121 0
573 0.09603516792275352 -0.0286718333306637 0
574 0.1259501012592417 -0.002471478360817847 0
575 0.1220837480969499 0.01703215649332446 0
576 0.1409075679283703 0.01062869912478995 0
577 0.1370412147657689 0.03013233397904591 0
578 0.1558650345977152 0.02372887661082376 0
579 0.1519962987990142 0.04323207283088418 0
580 0.1148589877521052 -0.03507529069855181 0
581 0.09990152108502495 -0.04817546818242399 0
582 0.1187233088884047 -0.05457870155737193 0
583 0.1037678742468972 -0.06767910303352637 0
584 0.1708204007552225 0.03682860624984655 0
585 0.1669561481027547 0.05633268895163446 0
586 0.1225916940748048 -0.07408256040097924 0
587 0.1076342274086624 -0.08718273788427652 0
588 0.1857786637054527 0.0499281815946169 0
589 0.1819136147703602 0.06943286643913202 0
590 0.126458047236243 -0.09358619525162581 0
591 0.1115005805703511 -0.1066863727346842 0
592 0.2007374346045953 0.06302940907425977 0
593 0.1968710814369908 0.08253304392788624 0
594 0.2156929259855485 0.07612748201490438 0
595 0.1303229670411414 -0.1130883564324727 0
596 0.1153653081763303 -0.1261885470132015 0
597 0.2118285481024024 0.09563322141831065 0
598 0.1341907535591944 -0.1325934649522805 0
599 0.1192332868933742 -0.1456936424355045 0
600 0.2306523679386069 0.08922976405724395 0
601 0.2267860147666835 0.1087333989105716 0
602 0.1380571067208823 -0.1520970998028043 0
603 0.1230996400549142 -0.1651972772861816 0
604 0.2456098346044905 0.1023299415519736 0
605 0.2417434814295049 0.1218335764051005 0
606 0.1419234598825611 -0.1716007346534665 0
607 0.1269659932164258 -0.1847009121372752 0
608 0.2605655598766616 0.1154284133906779 0
609 0.2567009480904691 0.1349337539023902 0
610 0.1457898130446831 -0.1911043695046775 0
611 0.1308323463781103 -0.2042045469890335 0
612 0.2755247679323082 0.1285302965506005 0
613 0.2793911211150178 0.1090266616968729 0
614 0.1496563525347274 -0.2106033395123865 0
615 0.1346954406234909 -0.2237035672270172 0
616 0.2716584147491248 0.1480339314029923 0
617 0.1535225193696285 -0.23011163920929 0
618 0.1385650527016615 -0.2432118166948302 0
619 0.1197412328718734 -0.2368083593261411 0
620 0.1236056840848004 -0.2563089915336969 0
621 0.1047837662034712 -0.249908536810612 0
622 0.10864925022372 -0.2694045660014684 0
623 0.08982629953489685 -0.2630087142943643 0
624 0.0936926526944061 -0.2825123491481559 0
625 0.07486883286600932 -0.2761088917772341 0
626 0.07873518602442386 -0.2956125266310545 0
627 0.05991136619667822 -0.2892090692591489 0
628 0.06377771935377852 -0.3087127041131184 0
629 0.04495389952674264 -0.3023092467399678 0
630 0.04882025268225371 -0.3218128815942026 0
631 0.02999643285601175 -0.3154094242195007 0
632 0.03386494771952223 -0.3348999091560865 0
633 0.01503957527880981 -0.328500800200598 0
634 0.2904822345934523 0.1416304740557013 0
635 0.2866158814049633 0.1611341089075232 0
636 0.01890531933554276 -0.3480132365526487 0
637 8.149951123043175e-05 -0.3416097791737113 0
638 0.1573865620321635 -0.2496123760613725 0
639 0.1723463392013183 -0.23651509657713 0
640 0.3054397012521394 0.1547306515655782 0
641 0.3015664424158387 0.1742314631952331 0
642 0.003947852659746898 -0.3611134140295116 0
643 -0.01487596716338435 -0.3547099566477683 0
644 0.09755900585226046 -0.3020159840013984 0
645 0.1762126923640326 -0.2560187314320524 0
646 0.1911701590331134 -0.2429185539457106 0
647 0.320392860777716 0.1678287364483224 0
648 0.3165308147062541 0.1873344639316123 0
649 0.02277167248313933 -0.3675168714086314 0
650 0.1950365121957514 -0.2624221888005317 0
651 0.2099907920239113 -0.2493159404623548 0
652 0.2977069948628021 0.1937379212666245 0
653 -0.01100961401815898 -0.374213591504391 0
654 -0.02983343383993253 -0.3678101341192916 0
655 -0.02596796597286322 -0.3873068696690389 0
656 -0.04479090051855947 -0.3809103115879113 0
657 0.3126644615086794 0.2068380987798136 0
658 0.2938406416664502 0.2132415561150091 0
659 0.2138577584543774 -0.2688221182099892 0
660 0.228813484189015 -0.2557212970046315 0
661 0.3353546345608652 0.180931006603039 0
662 -0.04092454738095663 -0.4004139464459806 0
663 -0.05974836719956866 -0.3940104890533992 0
664 0.3087981083117688 0.2263417336267027 0
665 0.2899742884711042 0.2327451909622239 0
666 0.2326811712047451 -0.2752254222770993 0
667 0.2476416185302254 -0.2621289260612909 0
668 0.3049317551159451 0.2458453684724446 0
669 0.2861026949470552 0.2522432850110709 0
670 -0.05588258847826874 -0.41350661050174 0
671 -0.07470583388343588 -0.4071106665153598 0
672 0.2515049071687181 -0.2816289763733404 0
673 0.2664606025892082 -0.2685254572919971 0
674 0.3010599981862293 0.2653442628788728 0
675 0.2822373377246867 0.2717435994824377 0
676 0.2971934766640888 0.2848470424160331 0
677 0.27837522889121 0.29125609549715 0
678 0.2703282492521459 -0.2880320580759211 0
679 0.2852892581879675 -0.2749358408262039 0
680 -0.07083851087485576 -0.4266081552927573 0
681 -0.08966401440261373 -0.4202022863491779 0
682 -0.09352848989727014 -0.4007015333630136 0
683 -0.1084871203860974 -0.4138073865755055 0
684 -0.112353473516009 -0.3943037517208078 0
685 -0.127310940202378 -0.4074039291785199 0
686 -0.1311772933328745 -0.3879002943232155 0
687 -0.1461347600194869 -0.4010004717816735 0
688 -0.1499992120790685 -0.381491479769056 0
689 -0.1649585798373298 -0.3945970143848248 0
690 -0.1688249329689078 -0.3750933795282119 0
691 -0.1837823996558796 -0.3881935569880793 0
692 -0.1876487527879993 -0.3686899221308281 0
693 -0.2026027053678919 -0.3817825290999146 0
694 -0.2064725726078467 -0.3622864647331677 0
695 -0.2214300392952978 -0.375386642194421 0
696 -0.2252963924289524 -0.3558830073353441 0
697 -0.2402538591169039 -0.3689831847977186 0
698 -0.2441202122513845 -0.3494795499374886 0
699 -0.2590776789395001 -0.3625797274007216 0
700 -0.2629440320750728 -0.3430760925394328 0
701 0.2933326955348586 0.3043562730031557 0
702 0.2745088756998478 0.3107597303399505 0
703 0.3121477350216325 0.2979451446642906 0
704 -0.2778957299401655 -0.3561714836792581 0
705 -0.2817678519003837 -0.3366726351413674 0
706 -0.1610955666582572 -0.4140909274088669 0
707 0.2891519862957558 -0.2944357267697114 0
708 0.3041130780135105 -0.2813392982176346 0
709 -0.05201566093821922 -0.4330177587685892 0
710 -0.06697450748948408 -0.4461103586818516 0
711 -0.0481484961916035 -0.4525146722813166 0
712 -0.2551975036703824 -0.3820866139669201 0
713 -0.2967215590142678 -0.3497682887182031 0
714 -0.3005826417589763 -0.3302540568516291 0
715 0.3082901621765711 0.3174564505121651 0
716 0.3271091475230676 0.3110488024821613 0
717 0.3079794311483989 -0.3008429330721493 0
718 0.3229368978365288 -0.2877427556166865 0
719 -0.3155491384163173 -0.3433693552108198 0
720 -0.3194154915559275 -0.3238657203455171 0
721 0.323234452219874 0.3305452975712828 0
722 0.3420644904673457 0.3241467238528575 0
723 -0.3343729582451339 -0.3369658978148427 0
724 -0.3382393113865528 -0.317462262947978 0
725 -0.06310677449614394 -0.465621571085297 0
726 -0.0442829546821055 -0.4720250284863618 0
727 0.3267992077417192 -0.3072436175413127 0
728 0.34175602341373 -0.2941431287907125 0
729 0.3118457842762993 -0.3203465679260593 0
730 -0.3531967780759244 -0.330562440419521 0
731 -0.3570631312193728 -0.3110588055511358 0
732 -0.3493304249379232 -0.3500660752898833 0
733 -0.05924061812022088 -0.4851187900967158 0
734 -0.04041660155609955 -0.4915286633425237 0
735 0.3381949802906811 0.3436459627938033 0
736 0.3570237688418629 0.3372484818814999 0
737 0.3456270707727199 -0.3136498478813676 0
738 0.360584537474001 -0.3005496704433058 0
739 -0.3720205979079445 -0.3241589830243959 0
740 -0.3758869510539783 -0.3046553481550017 0
741 -0.05537406824489838 -0.5046288407978334 0
742 -0.03655024842994872 -0.511032298199129 0
743 -0.3908444177415161 -0.3177555256308205 0
744 -0.3947107708725597 -0.2982518907477467 0
745 0.3644508905785653 -0.3200533053011638 0
746 0.3794083572879831 -0.3069531278734983 0
747 0.3531625620821944 0.3567569830672218 0
748 0.3719815383468157 0.3503490101701835 0
749 -0.5465121289749222 0.6445823661579347 0
750 -0.3797533041730129 -0.2851517132816457 0
751 -0.3985771240044998 -0.2787482558748916 0
752 -0.4135345906973279 -0.2918484333381782 0
753 -0.4174009438339589 -0.2723447984677158 0
754 -0.4024434771322045 -0.2592446210016158 0
755 -0.4212672969628987 -0.2528411635948722 0
756 -0.4362247636535703 -0.2659413410544125 0
757 -0.4400911167894527 -0.2464377061860717 0
758 -0.425133650087452 -0.2333375287226868 0
759 -0.4439574698956664 -0.2269340713041641 0
760 -0.4290000031907258 -0.2138338938508099 0
761 -0.4478238230135589 -0.2074304364328088 0
762 -0.4627812897050705 -0.2205306138816697 0
763 -0.4666476428334432 -0.2010269790154759 0
764 -0.4516901761269644 -0.1879268015613069 0
765 -0.4705139959269833 -0.1815233441357197 0
766 -0.4555565292190401 -0.1684231666905805 0
767 -0.4743803490138973 -0.1620197092578284 0
768 -0.4893378157181172 -0.1751198866823758 0
769 -0.493204168820924 -0.1556162518152273 0
770 -0.4782467020984645 -0.1425160743842015 0
771 -0.4970705218838669 -0.1361126169350342 0
772 0.3832747103793493 -0.3264567627329431 0
773 0.3982321770982629 -0.3133565853171267 0
774 0.394365824006601 -0.2938529504572815 0
775 0.4131756751031598 -0.3002431590477547 0
776 0.4093168806861672 -0.2807494340622478 0
777 0.4281471105436284 -0.2871562304885795 0
778 0.4242743704181993 -0.2676499127567487 0
779 0.443088385811072 -0.2740463439097537 0
780 0.4392283202295318 -0.2545483841425442 0
781 0.4580620439951587 -0.2609558756566046 0
782 0.4541956908914646 -0.2414522407973395 0
783 0.4730010793908728 -0.2478448381701414 0
784 0.4691531576100297 -0.228352063377525 0
785 0.4879769774530923 -0.2347555208146669 0
786 0.4841020182669725 -0.2152482700790837 0
787 0.5029344441824452 -0.2216553433836665 0
788 0.4990680910469512 -0.2021517085262483 0
789 0.5178919108561479 -0.2085551659218395 0
790 0.5140255577280636 -0.1890515310760529 0
791 0.3681067228292843 0.3698410291197106 0
792 0.3492828332212942 0.3762389335387366 0
793 0.3869438485642934 0.3634537032955689 0
794 -0.4821130551617246 -0.1230124395118949 0
795 -0.500936874942433 -0.1166089820573206 0
796 -0.05150771511908492 -0.5241324756547474 0
797 -0.03268389530376858 -0.5305359330561021 0
798 -0.5120279886227456 -0.1492127943472359 0
799 0.3642536754864205 0.389360795433261 0
800 0.3454298556439833 0.3957642527423567 0
801 0.5328493775343407 -0.1954549884700924 0
802 0.5289830244371139 -0.1759513536345725 0
803 -0.4890155018012443 0.4431599322393818 0
804 0.4020985301744515 -0.3328602201785543 0
805 -0.04764136199314972 -0.5436361105120384 0
806 -0.02881754217736759 -0.5500395679135243 0
807 -0.4859794082175529 -0.1035088046397648 0
808 -0.5047930007724268 -0.0971021436982826 0
809 -0.4898457612676044 -0.08400516976784547 0
810 -0.5086695810486345 -0.07760171230626087 0
811 0.36038732226749 0.4088644302683807 0
812 0.3415635024270508 0.4152678875795358 0
813 -0.04377041155466974 -0.5631256786680836 0
814 -0.0249511890508306 -0.5695432027714342 0
815 0.4768858637988138 -0.2673593331017325 0
816 -0.009992278512880093 -0.5564343378086509 0
817 -0.006127369233233759 -0.5759466601746327 0
818 0.008830097458953079 -0.5628464827177038 0
819 0.01269645058540919 -0.5823501175787346 0
820 0.02765611426364842 -0.5692378752091706 0
821 0.03152119197166586 -0.5887428746073943 0
822 0.5478068442334667 -0.182354811047348 0
823 0.5439404911615031 -0.1628511762067756 0
824 -0.4937121143187994 -0.06450153489596533 0
825 -0.5125273227031719 -0.05809589499192253 0
826 -0.3876832252244991 0.463269656143691 0
827 -0.285634205035197 -0.3171690002755826 0
828 0.3565209690517637 0.4283680651036164 0
829 0.3376971492128529 0.4347715224172874 0
830 -0.002261016108246389 -0.5954502950368606 0
831 0.5627643109508992 -0.1692546336436981 0
832 0.5588979579063477 -0.1497509987963565 0
833 0.0464777370996898 -0.5756533975249858 0
834 0.0503440902262855 -0.5951570323886546 0
835 0.06530155692175371 -0.5820568549296097 0
836 0.06916791004836204 -0.6015604897944953 0
837 0.3871410634594799 -0.3459603975922035 0
838 0.4059648832519038 -0.3523638550371615 0
839 0.3910074165383192 -0.365464032450759 0
840 0.409831236329343 -0.3718674898940336 0
841 0.3948737696174447 -0.3849676673090798 0
842 0.5777217776882463 -0.1561544562603343 0
843 0.5738554246739667 -0.1366508214055049 0
844 0.352654615838988 0.4478716999389386 0
845 0.3338274463839817 0.4542628690975372 0
846 0.5367157306934431 -0.2149586233271243 0
847 0.413697589409625 -0.3913711247510433 0
848 0.3987401226982918 -0.404471302168166 0
849 -0.4748882945213324 -0.07090499236837919 0
850 0.348783694397734 0.4673675501504899 0
851 0.32996752536066 0.4737654921500316 0
852 0.3676074465996559 0.4609651759326819 0
853 0.5926792444474464 -0.1430542788993966 0
854 0.588812891475643 -0.123550644038312 0
855 -0.497570358950681 -0.04499710055238593 0
856 -0.516402287182147 -0.03859444256190811 0
857 -0.5313597539149904 -0.05169461997272087 0
858 -0.5352261069807749 -0.03219098510000057 0
859 -0.5501835737136926 -0.04529116251130982 0
860 -0.5540499267794848 -0.02578752763871661 0
861 -0.5690073935120499 -0.03888770504992184 0
862 -0.5728737465778 -0.01938407017783245 0
863 -0.557916279844349 -0.006283892768111421 0
864 -0.5767400996409119 0.0001195646932426742 0
865 -0.5617826329075318 0.01321974210172319 0
866 -0.5806064526796988 0.01962319956272573 0
867 -0.5916975663728289 -0.01298061271474879 0
868 -0.5656489859527152 0.03272337696833902 0
869 -0.5844728057224504 0.03912683442817258 0
870 0.4175639424920482 -0.4108747596086967 0
871 0.4026064757812622 -0.4239749370280723 0
872 0.607636711236651 -0.1299541015714524 0
873 0.6037703583099527 -0.110450466700121 0
874 -0.1915151059195889 -0.349186287271695 0
875 0.3449174317806752 0.4868704180632951 0
876 0.3260980895809951 0.4932824269220969 0
877 0.2595511640773008 0.297653452455011 0
878 0.1491482202255285 -0.11949328746908 0
879 -0.5695153389975238 0.05222701183360867 0
880 -0.5883391587664696 0.0586304692914629 0
881 0.5849465385626182 -0.1040470091387313 0
882 0.5999040053917705 -0.09094683181568008 0
883 0.6187278251395979 -0.09735028940824331 0
884 0.6148614722730021 -0.07784665451823514 0
885 0.5960376525458352 -0.0714431968984971 0
886 0.6109951194063777 -0.05834301961624355 0
887 0.4214302955767175 -0.4303783944670569 0
888 0.4064728288665209 -0.4434785718888318 0
889 0.6115030642047701 -0.1494577364541563 0
890 0.3410513927587275 0.506375100350641 0
891 0.3222317363675605 0.5127860617539499 0
892 0.3072721327402502 0.4996620158311855 0
893 0.303404293094852 0.5191810292395114 0
894 0.288445032249309 0.5060776018708745 0
895 0.2845840966940175 0.5255929763797318 0
896 0.2696266300694885 0.5124927988605478 0
897 0.2657602768554307 0.5319964336939512 0
898 0.2508028102298558 0.5188962561740702 0
899 0.2469364570156001 0.5383998910088617 0
900 0.2319789903888557 0.5252997134880175 0
901 0.2281126371743906 0.5448033483242577 0
902 0.2131551705464745 0.5317031708024588 0
903 0.2092888173318083 0.5512068056401452 0
904 0.1943297681968041 0.5380985445237043 0
905 0.1904649974879034 0.5576102629565055 0
906 0.1755075308577314 0.544510085432949 0
907 0.1716411776427302 0.5640137202734008 0
908 0.1566810731648856 0.5509043482495523 0
909 0.1528173577963257 0.5704171775907833 0
910 0.1378567647381798 0.5573064378703175 0
911 0.1339935379487443 0.5768206349087507 0
912 0.1190301978967546 0.5636994012445491 0
913 0.1151675303963157 0.5832135117213592 0
914 0.1002091557032351 0.5701089140296064 0
915 0.09634589825016091 0.5896275495463714 0
916 0.08138374026519721 0.5765096939641429 0
917 0.0775124486248609 0.5960063674524276 0
918 0.06255460532320842 0.582892956838712 0
919 0.0586982585472873 0.6024344641867656 0
920 0.04373499616868609 0.5893136528973391 0
921 0.03987194085797441 0.6088216240130213 0
922 0.1040633257460855 0.5505759973434406 0
923 0.02490678811643773 0.5956976784409314 0
924 0.02104850419314797 0.6152279714593116 0
925 0.006086963624313435 0.6021180140948652 0
926 0.002226798985695888 0.6216448361531838 0
927 -0.01274587133935887 0.608486230717643 0
928 -0.01660229862332621 0.6280099421424807 0
929 -0.03156364531830097 0.6149092321687621 0
930 -0.03542084072631191 0.6344517508016838 0
931 -0.05039442676740152 0.6212847769148104 0
932 -0.05424967362299132 0.64081426368288 0
933 -0.06920836294844065 0.6277099928097193 0
934 -0.07306848044114583 0.6472586654539343 0
935 0.009928262063413129 0.5825609849732214 0
936 0.1301133241498821 0.5963082262272233 0
937 0.03600808548067175 0.6283415563598836 0
938 0.2242380712929132 0.5642996432937897 0
939 0.6336852920046139 -0.08425011215731426 0
940 0.5921712996859515 -0.05193956198818717 0
941 0.6071287665510611 -0.03883938471084253 0
942 -0.5733816920433353 0.07173064669752469 0
943 -0.5922055118118785 0.07813410415276384 0
944 0.4652822045186471 -0.2088457329554966 0
945 0.5883049468305453 -0.03243592707459658 0
946 0.6032624137017766 -0.01933574980148872 0
947 -0.5772480450909364 0.09123428155993774 0
948 -0.5960718648592567 0.09763773901196232 0
949 -0.61102933159696 0.0845375616219082 0
950 -0.6148956846428542 0.1040411964890484 0
951 -0.5999382179010762 0.1171413738785427 0
952 -0.618762037659546 0.1235448313521358 0
953 -0.6037887128493997 0.1366424541980415 0
954 -0.6226283906833352 0.1430484662105778 0
955 -0.6298531513806422 0.09094101909780214 0
956 -0.5584242252969999 0.08483082408795387 0
957 0.1930047282703983 0.1020366787798943 0
958 0.01117261302991873 -0.3090059668443123 0
959 0.3183653831558264 0.5322896965908495 0
960 0.4252966486637634 -0.4498820293261442 0
961 0.4103391819542282 -0.4629822067504328 0
962 0.3915153621557055 -0.4565787493134348 0
963 0.3953722584398114 -0.4760735246365294 0
964 0.2195647076866024 0.05661885350367318 0
965 -0.06533577401493715 0.6082513957421563 0
966 -0.0625988286819113 -0.5567362879679641 0
967 -0.05873247555640826 -0.5762399228243892 0
968 -0.07755442911996599 -0.5698264900702777 0
969 -0.0736899422448575 -0.5893401002779927 0
970 -0.09251176537166442 -0.5829259327223502 0
971 -0.08864740893182488 -0.6024402777311539 0
972 -0.1074692184030925 -0.5960261744321977 0
973 -0.1036048756165945 -0.6155404551846448 0
974 -0.1224286954279063 -0.6091369977885299 0
975 -0.1185623422990421 -0.6286406326385762 0
976 -0.1373833367452008 -0.6222266344387282 0
977 -0.03929154399432883 0.6539435049022646 0
978 0.4402541153739973 -0.4367818519034536 0
979 -0.08802814005202095 0.6341386641185301 0
980 -0.09189345992015183 0.6536483168610676 0
981 -0.1068514933530527 0.6405486054049228 0
982 -0.110716120158784 0.6600655801093804 0
983 -0.1335204097523285 -0.6417241382999216 0
984 -0.1523436287889447 -0.6353373527018014 0
985 0.4441204684623968 -0.4562854867635259 0
986 0.4590779351705312 -0.4431853093395509 0
987 -0.1256735868069918 0.646965402579456 0
988 -0.1295399400184278 0.6664690374386407 0
989 -0.1145824733691497 0.6795692149701479 0
990 -0.1444974066679084 0.6533688599089594 0
991 0.2365505050123309 -0.2947327383942944 0
992 0.3765531876004181 -0.4696718220842239 0
993 0.3804242485338922 -0.4891825616035081 0
994 -0.1406310534616162 0.63386522506216 0
995 -0.1483637598785412 0.6728724947691741 0
996 -0.1633212265294567 0.6597723172399299 0
997 0.4629442882603112 -0.4626889441974884 0
998 0.4779017549774116 -0.4495887667846237 0
999 -0.1484745354053127 -0.6548270338696849 0
1000 -0.1296564044335566 -0.6612314620847022 0
1001 -0.1672978174065311 -0.6484240155473759 0
1002 0.5844385939746226 -0.01293229215704528 0
1003 0.5993960608535234 0.000167885112235977 0
1004 0.6182198805862112 -0.006235572556648694 0
1005 0.6143535277541541 0.013268062365209 0
1006 0.6331773474830451 0.006864604677709107 0
1007 0.6293109946979788 0.02636823960679613 0
1008 0.6481348144131018 0.0199647818756738 0
1009 0.6442684616770195 0.03946841681656887 0
1010 0.6254446419890001 0.04587187456801484 0
1011 0.6404021089459044 0.05897205175984141 0
1012 0.6592259286464235 0.0525685939749197 0
1013 0.6553595759478597 0.07207222893085671 0
1014 0.3908102017918428 0.3439500684554537 0
1015 0.4057676684263303 0.3570502459987835 0
1016 0.4096340216539154 0.337546611155457 0
1017 0.4245914882913167 0.3506467887006842 0
1018 0.4284578415183128 0.3311431538550144 0
1019 0.4434153081616073 0.3442433314033507 0
1020 0.6215782892507101 0.06537550951990492 0
1021 0.6741833956395773 0.06566877111071989 0
1022 0.6703170429994325 0.08517240607927429 0
1023 0.4472816613871876 0.3247396965550492 0
1024 0.4622391280347004 0.3378398741039608 0
1025 -0.1446109225260247 -0.6743446223941242 0
1026 -0.1257871027179047 -0.6807480797859147 0
1027 -0.1671875797390419 0.6792759521012242 0
1028 -0.1821450463915867 0.6661757745726502 0
1029 -0.1860113995998314 0.6856794094350825 0
1030 -0.2009688662542695 0.6725792319074496 0
1031 0.361600428733579 -0.4827791041682135 0
1032 0.3654667818231575 -0.5022827390320507 0
1033 0.2814229050398354 -0.2554322059722416 0
1034 0.09654311390499659 -0.1197865502176351 0
1035 0.4817681080523 -0.4690924016438118 0
1036 0.4967255747788033 -0.455992224243988 0
1037 -0.6076583048758222 0.1561482142788892 0
1038 -0.6264947437135657 0.1625521010657936 0
1039 0.3392209877605805 0.1614273717491788 0
1040 0.6891408626736985 0.07876894820240105 0
1041 0.6852745100962683 0.09827258318600196 0
1042 0.4661054812587887 0.3183362392534878 0
1043 0.4810629479106239 0.3314364168027157 0
1044 0.1793738840729358 0.5250064505945626 0
1045 -0.2048352194608153 0.6920828667711229 0
1046 -0.2198021909919295 0.6789374017844387 0
1047 0.3466429620212481 -0.4958792815967421 0
1048 0.3505093151114639 -0.5153829164615867 0
1049 0.369315579472366 -0.5217646675721336 0
1050 0.3543714420442706 -0.5348771983436793 0
1051 0.373190485466843 -0.5412704020609236 0
1052 0.358242021297144 -0.5543901862041344 0
1053 0.3770603554221122 -0.5607795308386403 0
1054 0.3621083743974797 -0.573893821082472 0
1055 -0.6115372769909544 0.1756522784617229 0
1056 -0.6303610967495581 0.1820557359185142 0
1057 -0.6453185634905918 0.1689555585409155 0
1058 -0.6491849165244151 0.1884591934051477 0
1059 -0.6641284354071328 0.1753601175037695 0
1060 -0.6680087362991773 0.1948626508891631 0
1061 -0.6530512695558619 0.2079628282668398 0
1062 -0.6718750893029986 0.2143662857444366 0
1063 0.525116671362401 -0.1564477187715032 0
1064 0.477196594664664 0.3509400516526706 0
1065 0.4960204145465084 0.3445365943685741 0
1066 0.492154061283144 0.3640402292160293 0
1067 0.5109778811732465 0.357636771949195 0
1068 0.5071115278901552 0.3771404067942077 0
1069 0.5259353477939018 0.3707369495499181 0
1070 0.5220689944834365 0.3902405843918787 0
1071 0.5408928143990934 0.3838371271738628 0
1072 0.5370063120629408 0.4033316848554147 0
1073 0.5558409496875177 0.3969318347921086 0
1074 0.5597166343206206 0.3774336699790847 0
1075 0.5519839276191568 0.4164409396524574 0
1076 0.574674100914213 0.3905338476280015 0
1077 0.5785404542458985 0.3710302127828579 0
1078 0.5005919278374453 -0.4754958591044616 0
1079 0.5155493945742664 -0.4623956817187346 0
1080 -0.6829378444152572 0.181766833456533 0
1081 0.593497920848039 0.3841303904283018 0
1082 0.5973642741705093 0.364626755578105 0
1083 0.4849293011261727 0.3119327819457642 0
1084 0.3809264188432366 -0.5802871861793926 0
1085 0.3659638014500748 -0.5933733281802008 0
1086 -0.6569176225709905 0.2274664631239903 0
1087 -0.6757414423177058 0.233869920594481 0
1088 0.7040983297517363 0.09186912524719956 0
1089 0.7079646823327906 0.0723654902582139 0
1090 0.7002158503871957 0.1113689156277889 0
1091 -0.140744569395451 -0.6938482572405373 0
1092 -0.1219207495867951 -0.7002517146323483 0
1093 0.3471509076869242 -0.5869939985330667 0
1094 0.3510172607887438 -0.6064976334058072 0
1095 0.6814081575869853 0.1177762182051442 0
1096 0.6963656246839013 0.1308763952427501 0
1097 0.7151894443358914 0.1244729372805733 0
1098 0.7113230917867537 0.143976572279114 0
1099 -0.1711640538376799 -0.6289225550945854 0
1100 -0.1861249152755081 -0.6420340727802167 0
1101 -0.2159278101798848 0.6594577902754029 0
1102 -0.234750889577581 0.6658501840851929 0
1103 -0.2386165059858212 0.6853861466130433 0
1104 -0.2535741720950228 0.6722703642863186 0
1105 -0.6607839755911193 0.2469700979788055 0
1106 -0.6796077953521267 0.2533735554462569 0
1107 0.3316854953080093 -0.5089794590261298 0
1108 0.5194157476152654 -0.4818993165807443 0
1109 0.5343732143633027 -0.4687991392101133 0
1110 -0.1898777528048387 0.7051830443002218 0
1111 -0.1899912684160835 -0.6225304379451255 0
1112 -0.204948735086648 -0.6356306154038535 0
1113 -0.6646503286243242 0.2664737328335112 0
1114 -0.6834741483864923 0.2728771902979488 0
1115 0.6123217407924099 0.3777269332240467 0
1116 0.3847985473273821 -0.5998009133897773 0
1117 -0.257440325864093 0.6917896039643125 0
1118 -0.2723999018630674 0.6786696792151673 0
1119 -0.2088122493278466 -0.6161156502136367 0
1120 -0.2237725548990938 -0.6292271580292925 0
1121 -0.2276353102387474 -0.609713142671825 0
1122 -0.2425963747125295 -0.6228237006557875 0
1123 -0.2387300215641135 -0.6423273354991861 0
1124 -0.2575538413782906 -0.6359238781238338 0
1125 -0.261417366618345 -0.6164084587141797 0
1126 -0.2763776611942844 -0.6295204207596299 0
1127 -0.2725103390310123 -0.649001865478001 0
1128 -0.2913351278532834 -0.6426205982346742 0
1129 -0.2952018975362898 -0.6231053057953324 0
1130 -0.3101589476727347 -0.6362171408816024 0
1131 -0.3140253008428435 -0.6167135060513762 0
1132 -0.3289827674948955 -0.6298136835327031 0
1133 -0.3328433099958256 -0.6102996882472007 0
1134 -0.3478065873196601 -0.6234102261868785 0
1135 -0.3516729404985464 -0.6039065913536978 0
1136 -0.3666304071464683 -0.6170067688430769 0
1137 -0.3704967603305247 -0.5975031340100131 0
1138 -0.3854542269763908 -0.6106033115039815 0
1139 -0.3893151060799331 -0.5910822338774537 0
1140 -0.4042730895681688 -0.6041895220541572 0
1141 -0.4081444000023571 -0.584696219331416 0
1142 -0.4231018666450998 -0.5977963968340984 0
1143 -0.4269682198429645 -0.5782927619966227 0
1144 -0.2874651748257701 -0.6621110565491133 0
1145 -0.4419256864841897 -0.591392939504139 0
1146 -0.4457920396864813 -0.5718893046648552 0
1147 -0.6685166816605375 0.2859773676868911 0
1148 -0.6496928618811126 0.2795739102082116 0
1149 0.3321934409719638 -0.6000941759766156 0
1150 0.3360531643831562 -0.6195823536917592 0
1151 -0.3439402341512214 -0.6429138610410983 0
1152 -0.4607495063259573 -0.5849894821763286 0
1153 -0.4646158595333442 -0.5654858473360324 0
1154 0.6775418050717962 0.1372798532102994 0
1155 0.7301469114372544 0.1375731143075935 0
1156 0.7262622720387766 0.1570734844595584 0
1157 -0.698431615123594 0.2597770129230373 0
1158 -0.6873405014230001 0.2923808251483036 0
1159 -0.6723830346990856 0.3054810025388345 0
1160 0.5382395673875069 -0.4883027740759087 0
1161 0.5531970341461814 -0.4752025967188066 0
1162 -0.1368782162646007 -0.7133518920873472 0
1163 -0.1180543964554484 -0.7197553494792411 0
1164 -0.230883469059769 0.6463640578957637 0
1165 0.08412537674497064 -0.5884603123343097 0
1166 0.08799172987164108 -0.6079639472003807 0
1167 0.07303426317386422 -0.6210641246634196 0
1168 0.09185808299916184 -0.6274675820678466 0
1169 0.07690061630211156 -0.6405677595318808 0
1170 0.09572443612794013 -0.6469712169350438 0
1171 0.0807669694315771 -0.6600713944004022 0
1172 0.09959078925885462 -0.666474851803045 0
1173 0.08463332256219844 -0.6795750292697122 0
1174 0.1034571423909706 -0.6859784866721997 0
1175 0.08849961449512686 -0.699063547678496 0
1176 0.1073234955237667 -0.7054821215425798 0
1177 0.09236602882544748 -0.718582299011026 0
1178 0.1111898486569547 -0.7249857564144772 0
1179 0.09623238195744149 -0.738085933884036 0
1180 -0.4795605864893641 -0.578555172643201 0
1181 -0.4834317702354792 -0.5590743592887785 0
1182 -0.4004116936250582 -0.6237034890184079 0
1183 0.5493306811234204 -0.455698961853831 0
1184 0.5681545009143816 -0.4621024193701678 0
1185 -0.2762645117349846 0.698176474852496 0
1186 -0.2912216123846935 0.685092883739019 0
1187 0.5642881478910819 -0.4425987845037234 0
1188 0.5831009162412969 -0.4489972774032581 0
1189 0.5792456146589938 -0.4294986071548513 0
1190 0.5980694344511805 -0.4359020646709806 0
1191 0.5941939441275509 -0.4163931981322091 0
1192 0.6130269012340057 -0.4228018873305597 0
1193 0.6091605482031037 -0.4032982524631746 0
1194 0.6279843680149075 -0.4097017099844135 0
1195 0.6241180149784552 -0.3901980751179492 0
1196 0.6429418347939297 -0.3966015326336376 0
1197 0.639044733927302 -0.3770955420474973 0
1198 0.6578771364930542 -0.3834972748877066 0
1199 0.6540329485168115 -0.3639977204129001 0
1200 0.08025972499035172 -0.5689476114780486 0
1201 -0.5927134572123903 0.1692488209814249 0
1202 -0.4983971460204467 -0.5721825675320076 0
1203 -0.502256639725981 -0.5526707050175721 0
1204 0.1150562017906115 -0.7444893912880817 0
1205 0.1300136684918489 -0.7313892138189622 0
1206 0.1338800216247271 -0.7508928486943707 0
1207 0.09908284344044413 -0.5753601348740519 0
1208 0.09521649031165363 -0.5558565000109317 0
1209 -0.4873060325980716 -0.5395787551612791 0
1210 -0.5061298524538773 -0.5331752978396929 0
1211 -0.5210873190899428 -0.5462754753668662 0
1212 -0.5249458262367506 -0.526766141927379 0
1213 -0.1330118631335737 -0.7328555269346274 0
1214 -0.114188043323842 -0.739258984326555 0
1215 -0.1291455100018992 -0.7523591617812879 0
1216 -0.1103228335865376 -0.7587370861985554 0
1217 -0.09536422351483051 -0.7456624417218258 0
1218 -0.09149348981509886 -0.7651445531187699 0
1219 -0.6912068544617394 0.3118844599972287 0
1220 -0.6762493877408923 0.3249846373898212 0
1221 0.6728401030356561 -0.3703992338509415 0
1222 0.6689747667764522 -0.3508952928668887 0
1223 0.745104378571797 0.1506732912997936 0
1224 0.7412380260691005 0.1701769263115438 0
1225 0.5570551541795539 -0.4947017055660926 0
1226 0.1000987350897334 -0.7575895687588371 0
1227 0.6878142350107053 -0.3573010005018856 0
1228 0.6839478819670401 -0.3377973656534177 0
1229 0.7027717017338514 -0.3442008231218214 0
1230 0.6989053486918564 -0.3246971882742494 0
1231 -0.539891615900126 -0.5398569524976653 0
1232 -0.5437652387161609 -0.5203571288169835 0
1233 -0.5288200255063237 -0.5072682056593245 0
1234 -0.5476438453644029 -0.5008647483244928 0
1235 -0.5625926681528808 -0.5139574644384355 0
1236 -0.5664676652027248 -0.4944612909719305 0
1237 -0.5514978648937342 -0.4813492351633326 0
1238 -0.5703340183959147 -0.4749576561087226 0
1239 -0.5553765517301601 -0.4618574785938401 0
1240 -0.5742003715867222 -0.4554540212433575 0
1241 -0.5891357810285793 -0.4685369723911746 0
1242 -0.5930131107775457 -0.4490419224361663 0
1243 -0.5780667247729321 -0.4359503863756765 0
1244 -0.5968905446289318 -0.4295469290219469 0
1245 -0.6118480112880595 -0.4426471065304425 0
1246 -0.6157143644822397 -0.423143471664794 0
1247 -0.6007383210187223 -0.4100356167192941 0
1248 -0.6195693071549699 -0.4036341658652786 0
1249 -0.6046232509951447 -0.3905396592814404 0
1250 -0.6234365789580474 -0.3841292405793683 0
1251 -0.6383736925594192 -0.3972312184357296 0
1252 -0.6422708907033878 -0.3777327445636675 0
1253 -0.627313424029375 -0.3646325670527526 0
1254 -0.6461372438852666 -0.3582291096919042 0
1255 -0.6311797772104244 -0.3451289321807515 0
1256 -0.6500035970657603 -0.33872547482003 0
1257 -0.6649610637172421 -0.3518256523181299 0
1258 -0.6688274169139723 -0.3323220174554739 0
1259 -0.653869950237673 -0.3192218399474475 0
1260 -0.6726937700914125 -0.3128183825826969 0
1261 0.2556850558651841 0.3171631876770796 0
1262 0.2407275892216078 0.3040630101726318 0
1263 0.1488410357797339 -0.7377747655351236 0
1264 0.1527038414596716 -0.7572963061025304 0
1265 -0.3743631135205777 -0.577999499169469 0
1266 0.5694811270975323 -0.02603246940924647 0
1267 0.5656147742419589 -0.00652883449101227 0
1268 0.5506573073645639 -0.01962901174305803 0
1269 0.546790954516601 -0.0001253768249363518 0
1270 0.5318334876453549 -0.01322555407082077 0
1271 0.5279671347923562 0.006278080844496658 0
1272 0.5130096679214694 -0.006822096404464906 0
1273 -0.1479693298099486 -0.7459557043908617 0
1274 -0.2950879656409383 0.7045965186249717 0
1275 -0.2801304989880768 0.7176966961694571 0
1276 -0.3100454322650527 0.6914963410464867 0
1277 0.5421059203987049 -0.5078064089411466 0
1278 -0.6876376908823458 -0.3259147048453584 0
1279 -0.6915175899467161 -0.3064149252172611 0
1280 -0.6765601232668288 -0.2933147477083768 0
1281 -0.6953839431224114 -0.2869112903430765 0
1282 -0.6804264764421948 -0.2738111128341592 0
1283 -0.6992335958573482 -0.2674007787921908 0
1284 -0.6842928296171633 -0.2543074779601891 0
1285 -0.7031166494722997 -0.2479040205951201 0
1286 -0.6881591827916016 -0.2348038430865902 0
1287 -0.7069830026462729 -0.2284003857215607 0
1288 -0.6920255359653354 -0.2153002082135451 0
1289 -0.7108493558166654 -0.208896750847688 0
1290 -0.7258068224973511 -0.2219969283499831 0
1291 -0.7296731756681981 -0.2024932934769628 0
1292 -0.7147157089845475 -0.1893931159744997 0
1293 -0.7335395288355409 -0.1829896586037601 0
1294 0.317235974255892 -0.6131943534210049 0
1295 0.3211012188458416 -0.632681813932999 0
1296 0.236861236030241 0.3235666450149194 0
1297 0.2219037693862308 0.310466467510124 0
1298 0.6168795174864806 -0.4423039940378991 0
1299 0.6161880941064182 0.3582232983695037 0
1300 0.6311455607381194 0.3713234760102742 0
1301 0.627279207377148 0.3908271108607653 0
1302 0.6461030273424069 0.3844236536904408 0
1303 0.6422036334361185 0.4039200016690478 0
1304 0.5091433150649635 0.01268153851089149 0
1305 0.4941858481941418 -0.0004186387408991465 0
1306 -0.5797781908198574 0.5468014890768608 0
1307 -0.4757069729681785 -0.5980896597043495 0
1308 -0.695073207503907 0.3313880948444149 0
1309 -0.6801157407856528 0.3444882722393197 0
1310 -0.7185820621517428 -0.1698894811023703 0
1311 -0.737405882001367 -0.1634860237315558 0
1312 -0.7224484153177388 -0.1503858462320655 0
1313 -0.7412722351648395 -0.1439823888613544 0
1314 0.3541784544096308 0.1745275492670122 0
1315 0.2180374161947746 0.3299701023529084 0
1316 0.2030799495503425 0.3168699248477461 0
1317 0.1992135963587865 0.3363735596910317 0
1318 0.1842538726938437 0.3232689679880602 0
1319 0.1803897765222599 0.3427770170293197 0
1320 0.1654308885347732 0.3296692559900023 0
1321 0.1692986630687376 0.3101732046793199 0
1322 0.1504732792490283 0.3165709223533595 0
1323 0.1466016969607474 0.3360585711434918 0
1324 0.131649080434064 0.3229720749494535 0
1325 0.1355173765856953 0.3034764845107109 0
1326 0.1166922852518959 0.3098742478305603 0
1327 0.112825719369484 0.3293757376714289 0
1328 0.09786793657829582 0.3162767537819726 0
1329 0.09400199220115749 0.3357818292810655 0
1330 0.07904479827341551 0.3226820742057388 0
1331 0.07517956387841798 0.3421904913724222 0
1332 0.1017360901014563 0.2967797643418923 0
1333 0.06022209723121985 0.3290903138646799 0
1334 0.05635574403876131 0.3485939487116781 0
1335 0.04139827739123952 0.3354937712034857 0
1336 0.03752858746826851 0.354987457447187 0
1337 0.02257383838918497 0.3418905432811269 0
1338 0.01870810435778902 0.3614008633903384 0
1339 0.003750266833230487 0.3482961339343161 0
1340 -0.0001157154835132734 0.36780432072977 0
1341 0.02644030054903812 0.3223886695470607 0
1342 0.1140371254108099 -0.5622472810306602 0
1343 0.1101736076193814 -0.542747003628206 0
1344 -0.3061815534958029 0.6719691621454137 0
1345 -0.3250028988999517 0.6783961634990463 0
1346 -0.3288692521438066 0.6978997983735334 0
1347 0.5609297401604918 -0.5142098664501512 0
1348 0.545963794449823 -0.5273038777444362 0
1349 0.649969380690776 0.3649200188356552 0
1350 0.6649127815730753 0.3780161628590375 0
1351 -0.01507318213186065 0.3547041432202018 0
1352 -0.01893953532534157 0.3742077780691379 0
1353 -0.1441051071896204 -0.7654320896297778 0
1354 0.04678846877321435 0.04264598596638874 0
1355 -0.162921426669643 -0.7590366163644923 0
1356 0.7600618457079285 0.1637734682932207 0
1357 0.7561954932048325 0.1832771033070052 0
1358 0.7639281982198698 0.1442698332813867 0
1359 -0.7103250312163431 -0.3000033862085939 0
1360 -0.7523633486824808 -0.1765862012289806 0
1361 0.7223939249940163 0.1765750277263776 0
1362 -0.03389700197382012 0.3611076005591339 0
1363 -0.03776335516761367 0.3806112354084014 0
1364 0.6617656545831934 -0.4030049901609145 0
1365 0.7177291684576663 -0.331100645743529 0
1366 0.7138628154187903 -0.3115970108969646 0
1367 0.7788856653503359 0.157370010282641 0
1368 0.7827520178623529 0.1378663752705712 0
1369 -0.6989395605491431 0.3508917296900413 0
1370 -0.6839820938344527 0.363991907087784 0
1371 -0.7138405454417109 0.3377879575154948 0
1372 -0.7027867079125891 0.3703940180775218 0
1373 0.4903194953346601 0.01908499617458426 0
1374 0.4753620284641689 0.005984818920331592 0
1375 0.1289977768280618 -0.5491597799511028 0
1376 0.1251313777174082 -0.5296477393584965 0
1377 -0.3438267187741937 0.6847996208095022 0
1378 -0.3399611147820367 0.6652704578123709 0
1379 -0.3476930720313435 0.7043032556843833 0
1380 0.1145482559561912 -0.6533746743376215 0
1381 0.5647960931711871 -0.5337135013140859 0
1382 0.5498386264198619 -0.546813678673118 0
1383 0.1676613081644973 -0.7441961286337979 0
1384 0.1715512558823903 -0.7636333538814071 0
1385 -0.05272082181621499 0.3675110578979645 0
1386 -0.05658717501034674 0.3870146927475813 0
1387 0.7326866351832981 -0.3180004683682173 0
1388 0.7288202821498384 -0.2984968335223839 0
1389 0.7476441019124245 -0.3049002909976803 0
1390 0.7437777488845536 -0.2853966561513329 0
1391 0.6687932006433158 0.3585165616476038 0
1392 0.6837506672232796 0.3716167392854249 0
1393 -0.7263147684832829 -0.1308822113644948 0
1394 -0.7451385883274083 -0.1244787539938767 0
1395 -0.7301811216466932 -0.1113785764994551 0
1396 -0.7490049414879755 -0.1049751191287022 0
1397 -0.763962408165243 -0.1180752966179812 0
1398 -0.7678287613262931 -0.0985716617546889 0
1399 -0.7528712946412246 -0.08547148426597778 0
1400 -0.7716951144783863 -0.07906802689014211 0
1401 -0.7567376477915113 -0.06596784940477077 0
1402 -0.7755614676256138 -0.05956439202692201 0
1403 -0.7606040009419099 -0.04646421454601582 0
1404 -0.7794278207721319 -0.04006075716688628 0
1405 -0.7644703540879435 -0.02696057968948237 0
1406 -0.783294173915043 -0.02055712230856296 0
1407 -0.7683130904949463 -0.007455843102859155 0
1408 -0.7871605270534237 -0.001053487451838336 0
1409 -0.7722030603664672 0.01204669001703584 0
1410 -0.7910268801865667 0.01845014740347875 0
1411 -0.7760694134972826 0.03155032486720191 0
1412 -0.7948932333135754 0.03795378225765361 0
1413 -0.6654690097562794 -0.2607109353248472 0
1414 0.4204144043793188 -0.2481489607682554 0
1415 0.2249514455359943 -0.2362218338311834 0
1416 -0.3178863596017805 -0.5971957803107353 0
1417 -0.4308345730434459 -0.5587891271501767 0
1418 0.7065953371291661 -0.3637099497133036 0
1419 0.1864952560406746 -0.7505580090609548 0
1420 0.1903514811321681 -0.7701032209246873 0
1421 0.2053089478413865 -0.7570030434574573 0
1422 0.1746888544301921 0.01732541924201836 0
1423 0.02073955003042918 -0.003058029436499826 0
1424 -0.1350418142121432 -0.3683912664309399 0
1425 -0.6612919210105597 0.3380848147727056 0
1426 0.07100247970598098 -0.256605256924041 0
1427 0.3278191422172325 -0.4894758241623813 0
1428 0.1565701945880293 -0.7767999409843647 0
1429 0.3399261471822385 -0.6391014457257771 0
1430 0.7515104549504757 -0.3244039258488587 0
1431 -0.00398783327294297 0.387297431476855 0
1432 -0.03003076091096646 0.3415997856529686 0
1433 0.5331601077165901 0.42284439684937 0
1434 0.5481175742729021 0.4359445744838391 0
1435 0.5292937543742057 0.4423480316833207 0
1436 0.5442512209308725 0.4554482093132698 0
1437 0.5254160360302096 0.461840419059292 0
1438 0.5403571146282184 0.4749352854493043 0
1439 0.5215530487295629 0.4813420663044591 0
1440 0.536518514262771 0.4944554789657347 0
1441 0.517694694377751 0.5008589361738734 0
1442 0.5326521609350002 0.5139591137868195 0
1443 0.5138059070349714 0.5203453828053943 0
1444 0.5287661012952017 0.5334335886544195 0
1445 0.5099619877382044 0.5398662058186331 0
1446 0.5476096274979632 0.5270592913992788 0
1447 0.5249194542961043 0.5529663834207018 0
1448 0.5060869436844886 0.5593614164341971 0
1449 0.5210531009826929 0.5724700182341453 0
1450 0.5022292811152436 0.5788734754510909 0
1451 0.5171774779241077 0.5919580540471899 0
1452 0.4983629278111681 0.59837711026772 0
1453 0.5360105675374432 0.5855701958263597 0
1454 -0.6878317996644048 0.3834929531644491 0
1455 -0.159060443351092 -0.7785595166885162 0
1456 -0.1778842631590536 -0.7721560593115162 0
1457 -0.7866525811587982 -0.09216820437165996 0
1458 0.2091753009693442 -0.7765066783396392 0
1459 0.2241327676812507 -0.7634065008738055 0
1460 -0.7036245954566839 -0.1567893036022592 0
1461 0.09012652400971752 0.3552715289660192 0
1462 0.2279991208069038 -0.7829101357579011 0
1463 0.2429565875219146 -0.7698099582936063 0
1464 0.5133203943699021 0.6114772878546306 0
1465 0.49449657451373 0.6178807450842339 0
1466 -0.7066308898939456 0.3898950796842965 0
1467 0.687617020575598 0.3521131044394651 0
1468 0.672659554000884 0.3390129267968958 0
1469 0.702574487146112 0.3652132820863392 0
1470 0.6987081337924852 0.384716916937703 0
1471 0.2378771282550996 0.1413372112563509 0
1472 -0.07154464165907232 0.373914515236676 0
1473 -0.07541099485359398 0.3934181500867158 0
1474 -0.6916786894421261 0.402992963248274 0
1475 0.5686624461846557 -0.553217136178616 0
1476 0.5537049794340261 -0.566317313540175 0
1477 0.4714956756024672 0.02548845383582771 0
1478 0.4565382087322555 0.01238827657974856 0
1479 0.4864531424769715 0.03858863109145938 0
1480 0.4604045615924345 -0.007115358336168665 0
1481 0.4415807418611174 -0.0007119006751138968 0
1482 0.4454470947198828 -0.02021553559025424 0
1483 0.4266232749895769 -0.0138120779283703 0
1484 0.4304896278472635 -0.03331571284263446 0
1485 0.4116658081179487 -0.02691225518025409 0
1486 0.4155321609748215 -0.04641589009360209 0
1487 0.3967083412467327 -0.04001243243101854 0
1488 0.4005746941027574 -0.05951606734355452 0
1489 0.3817450398004152 -0.05311140300712291 0
1490 0.385611627066998 -0.07261562898890084 0
1491 0.3667934075039796 -0.06621278692957042 0
1492 0.3706544771465429 -0.08571563860151588 0
1493 0.3518359406322678 -0.07931296417800046 0
1494 -0.2126814413799712 -0.5966233457269883 0
1495 0.3128616755039793 -0.5025760015914034 0
1496 0.3089953224130133 -0.4830723667272544 0
1497 -0.3587841854112643 0.6716994432670194 0
1498 -0.3549170102155003 0.652175961823048 0
1499 -0.06045352820436889 0.4065183275979661 0
1500 -0.07927734804822967 0.4129217849374706 0
1501 -0.09423481469762524 0.399821607425581 0
1502 -0.09809879897802468 0.4193157234237361 0
1503 -0.11305863454209 0.4062250647643036 0
1504 -0.11692498773764 0.4257286996157218 0
1505 0.3022770385158817 -0.6262819558817136 0
1506 -0.672890980163307 0.3965957193259243 0
1507 -0.8021179937336272 -0.01415366491751349 0
1508 0.7064408405094494 0.3457096472403104 0
1509 0.7213983070741563 0.3588098248966907 0
1510 0.6012306275322562 0.345123120734017 0
1511 0.4699718344939702 0.2988326044038604 0
1512 0.4887956543613886 0.2924291470994874 0
1513 -0.0254591348662796 -0.4784284858871057 0
1514 0.479539107952588 0.604780567502884 0
1515 0.4756727546594981 0.6242842023198717 0
1516 -0.1318824543868667 0.4126285221027597 0
1517 -0.1357488075829553 0.4321321569543533 0
1518 0.4906302212275033 0.6373843798970329 0
1519 0.47180640137624 0.6437878371387034 0
1520 0.4568489348074812 0.6306876595685743 0
1521 0.4529825815229451 0.6501912943774086 0
1522 -0.1740179100151816 -0.7916596941487256 0
1523 -0.1928417298248292 -0.7852562367838219 0
1524 0.4227569221302185 0.005691556986000768 0
1525 0.6800815289432547 -0.3182937308120062 0
1526 0.6202516620004291 -0.3706944402558351 0
1527 -0.08314066293296402 0.4324202223827217 0
1528 0.3629270546478971 -0.0467091520177273 0
1529 0.7664679216750162 -0.3113037484730438 0
1530 0.7252646604448267 0.3393061900490909 0
1531 0.4738381877316429 0.2793289695544423 0
1532 0.4926620075975715 0.2729255122516192 0
1533 0.4776917080004852 0.2598212267510449 0
1534 0.4965283608356641 0.2534218774040276 0
1535 0.4815638864669988 0.2403177797221913 0
1536 0.500386490124333 0.2339139653561707 0
1537 0.485437247449368 0.220818065008167 0
1538 0.5042610673162209 0.2144146077093701 0
1539 0.5192185339412 0.2275147852601658 0
1540 0.438025114955591 0.6370911168092896 0
1541 0.4341587616710674 0.6565947516170738 0
1542 0.4491162282414607 0.6696949291908498 0
1543 0.430292408387695 0.6760983864251453 0
1544 0.4153349418212849 0.6629982088584148 0
1545 0.4114685885377289 0.682501843664416 0
1546 0.3965043310542096 0.6693894748268341 0
1547 0.3926357291873934 0.6888908160240733 0
1548 0.3776873021222523 0.6758051233381221 0
1549 0.3738209488387037 0.6953087581438185 0
1550 0.3588600765460193 0.6821917369978707 0
1551 0.3549971289890587 0.7017122153837276 0
1552 0.3400396624226942 0.6886120378176553 0
1553 0.336167882633381 0.7081050751258491 0
1554 0.3212158425726099 0.6950154950577442 0
1555 0.3173494892892283 0.7145191298641733 0
1556 0.3023920227222837 0.7014189522982189 0
1557 0.2985203528279852 0.7209111833874291 0
1558 0.2835682028715828 0.7078224095392422 0
1559 0.2797018495885557 0.72732604434663 0
1560 0.2647395964676856 0.7142111753130747 0
1561 0.2608725930992614 0.733716697160408 0
1562 0.2459205631682277 0.7206293240222216 0
1563 0.2420542098854669 0.740132958831309 0
1564 0.2270967433153943 0.7270327812649795 0
1565 0.2232303900329148 0.7465364160752085 0
1566 0.2082668037554345 0.7334181813879656 0
1567 0.204406570179576 0.752939873320548 0
1568 0.1894491036066621 0.7398396957546604 0
1569 0.1855827503254549 0.759343330567735 0
1570 0.170620222487032 0.7462256209882459 0
1571 0.1667589304698593 0.7657467878158559 0
1572 0.1518014638932189 0.7526466102491919 0
1573 0.147935110613221 0.7721502450658615 0
1574 0.1329719617729198 0.7590313945755084 0
1575 0.1291021024533895 0.7785296172134744 0
1576 0.114153824173527 0.7654535247530656 0
1577 0.1102874708961406 0.784957159574985 0
1578 0.09533000431034178 0.7718569820104543 0
1579 0.09146365103519721 0.7913606168357856 0
1580 0.07650618444516583 0.7782604392706245 0
1581 0.07263983117193998 0.7977640740995389 0
1582 0.05768236457783768 0.7846638965356901 0
1583 0.0538160113073998 0.8041675313679113 0
1584 0.03885854470860195 0.7910673538065383 0
1585 0.03499219144207652 0.8105709886422493 0
1586 0.0200347248377449 0.7974708110846406 0
1587 0.01616837157659487 0.8169744459240065 0
1588 0.001205335423963144 0.8038465058477532 0
1589 -0.002655448290098283 0.8233779032112852 0
1590 -0.01761999833392144 0.8102478106621052 0
1591 -0.02147926815637921 0.8297813605071047 0
1592 -0.03644644170506531 0.8166533843552609 0
1593 0.219345360443698 0.7660278278721906 0
1594 0.275835496306395 0.7468296791546709 0
1595 0.1440687573375574 0.7916538798863473 0
1596 0.3511307757059003 0.7212158501893908 0
1597 -0.04030308802123647 0.8361848178138932 0
1598 -0.05526055465434843 0.8230846402792357 0
1599 -0.05912690788348726 0.8425882751346231 0
1600 -0.07409283268334141 0.8294587931934099 0
1601 0.1826187748730299 -0.7310959511730464 0
1602 0.5725287991992929 -0.5727207710425074 0
1603 0.5575713324483095 -0.5858209484068614 0
1604 0.5874862659495267 -0.5596205936805794 0
1605 0.08759729776655803 0.8108642516670618 0
1606 0.7402221270859206 0.3524063677485637 0
1607 0.7440704804137191 0.3328994815601001 0
1608 0.5230770839251719 0.2080090646163504 0
1609 0.538042353808824 0.2211113279653246 0
1610 0.3556973087500531 -0.09881562966537244 0
1611 0.3368741124039369 -0.09241253228304394 0
1612 0.4676293227435494 0.04499208875347716 0
1613 0.5753679134036629 -0.4099927150312926 0
1614 0.08127491525597305 -0.7511861113540775 0
1615 0.08513783819809079 -0.7706605328200453 0
1616 0.06967585586465902 -0.6926752067368263 0
1617 -0.3737397046622227 0.6585851021147289 0
1618 -0.3698752988155914 0.6390956308778556 0
1619 -0.3510403064118857 0.6326701477346968 0
1620 0.2468229406448354 -0.789313593179795 0
1621 0.2617804073633514 -0.7762134157178028 0
1622 0.4075888484632711 0.7020000478958166 0
1623 0.7977094849928918 0.1509665522719911 0
1624 0.8015758375049571 0.1314629172598305 0
1625 -0.7105176957983693 0.4093998877612998 0
1626 -0.6955622377288426 0.4224997142874533 0
1627 -0.7254960864153418 0.3963024568281136 0
1628 0.7249539291454136 -0.2789931986787236 0
1629 0.7399113958721654 -0.2658930213057668 0
1630 0.2141710630037089 0.3494737371964203 0
1631 0.2940378556994487 -0.4961725441565158 0
1632 0.2901715026083251 -0.4766689092918427 0
1633 0.2130416540912135 -0.7960103132262455 0
1634 -0.5913868370866313 0.6053187685432699 0
1635 -0.07795072774478151 0.8489917324665264 0
1636 -0.09290819439869896 0.835891554950035 0
1637 -0.7799357666282012 0.05105395971598869 0
1638 -0.7987595864402397 0.05745741710845109 0
1639 -0.8137170531215653 0.0443572396558061 0
1640 -0.8175834062486038 0.06386087450399927 0
1641 -0.802625939555173 0.07696105195356226 0
1642 -0.8214497593613148 0.08336450935473058 0
1643 -0.8064922926625696 0.09646468679756395 0
1644 -0.825316112464451 0.1028681442054532 0
1645 -0.8103586457598919 0.1159683216401294 0
1646 -0.8291824655568009 0.1223717790562019 0
1647 -0.8142249988452034 0.135471956481441 0
1648 -0.1507062742320069 0.4190319794408395 0
1649 -0.1545726274286511 0.4385356142925407 0
1650 -0.1396151607791957 0.4516357918063931 0
1651 -0.1584389806255603 0.4580392491449941 0
1652 -0.1733964472749985 0.4449390716303484 0
1653 -0.1772620272925894 0.4644363715276452 0
1654 -0.1113349774115595 -0.576521105737858 0
1655 0.1481304604036301 0.06273553836841006 0
1656 -0.03369978698609105 -0.3483064992653703 0
1657 -0.8330488186366591 0.1418754139074146 0
1658 -0.8180913519209192 0.1549755913225772 0
1659 -0.1889753766696177 -0.8047598716163815 0
1660 -0.2077991964812039 -0.7983564142643021 0
1661 -0.1701515568622093 -0.8111633289805399 0
1662 -0.753379240535049 0.005643232627404293 0
1663 0.4286550561225575 -0.3782709473359382 0
1664 0.5419087070541996 0.2016076931164723 0
1665 0.5568564230216222 0.2147035709461893 0
1666 -0.07653678058000599 -0.7520453224405135 0
1667 -0.07267405057241647 -0.7715695339675821 0
1668 -0.3886991186787699 0.6454990881820875 0
1669 -0.3925718244022756 0.6649566593479884 0
1670 -0.3848327654476986 0.6259954533354355 0
1671 0.2358531828464016 0.5057965832508904 0
1672 0.4893036006906583 0.2013144301598154 0
1673 -0.1623053338226818 0.4775428839981949 0
1674 -0.1811291536704069 0.4839463413365251 0
1675 -0.1960866203201122 0.4708461638204783 0
1676 -0.1999498797035585 0.4903427561127199 0
1677 -0.2149104401678288 0.4772496211575287 0
1678 -0.2187767933667822 0.4967532560106023 0
1679 -0.1280161011915562 0.3931248872521893 0
1680 0.5763812306008083 -0.5921967874426972 0
1681 0.5614261813629298 -0.6053089846918093 0
1682 0.5426062778585033 -0.5989105490527697 0
1683 0.5464802187079431 -0.6184247606573041 0
1684 0.8165333046355508 0.1445630942613384 0
1685 0.8126669521297678 0.164066729275843 0
1686 0.8203996571476049 0.1250594592491343 0
1687 0.2656467604827991 -0.795717050606188 0
1688 0.2806042272049712 -0.7826168731446002 0
1689 0.3407363025842772 -0.1119158169332246 0
1690 0.3219210068885539 -0.1055133186743048 0
1691 0.318054654033588 -0.08600968376286725 0
1692 -0.7417801810963058 -0.05286767192603789 0
1693 0.3580448076095979 0.1550239144143774 0
1694 0.3030971871615579 -0.09910986101107708 0
1695 0.299230834306451 -0.0796062260993825 0
1696 0.7210875761302898 -0.2594895638355929 0
1697 0.7360450428556351 -0.246389386458245 0
1698 0.7548688626167043 -0.2527928439479937 0
1699 0.7510025096053394 -0.2332892090946886 0
1700 0.7698263293649186 -0.2396926665925384 0
1701 0.7659599763678375 -0.2201890317390046 0
1702 0.7847524413713112 -0.2265997338892806 0
1703 0.7808904932949325 -0.2070923019332128 0
1704 0.7620936233719523 -0.2006853968747748 0
1705 0.7770510901376233 -0.1875852195278952 0
1706 0.7958749098932016 -0.1939886770477962 0
1707 0.7920085569047109 -0.1744850421834054 0
1708 0.773184737147284 -0.1680815846596978 0
1709 0.7881422039192686 -0.1549814073154746 0
1710 0.8108323766597851 -0.180888499707131 0
1711 0.7693183842491402 -0.1485779498038131 0
1712 0.7842758509927276 -0.1354777724556412 0
1713 0.7654520313138499 -0.1290743149531219 0
1714 0.7804094980539791 -0.1159741375945488 0
1715 0.7992333178009031 -0.1223775951559319 0
1716 0.7953669648532963 -0.1028739602733771 0
1717 0.7765431450989844 -0.09647050270900037 0
1718 0.7915006119039615 -0.08337032538699707 0
1719 0.810324431658506 -0.08977378295562302 0
1720 0.8064580787100054 -0.07027014806671561 0
1721 0.7876342589531434 -0.06386669049611809 0
1722 0.8025917257628405 -0.05076651317467334 0
1723 0.8252818984653998 -0.07667360563750775 0
1724 0.3459321455984837 0.304645115103214 0
1725 -0.2116595803776234 -0.7788324377597381 0
1726 -0.2266230162915467 -0.7919529569082968 0
1727 0.2711504686317927 0.2391486482991519 0
1728 0.106307308135246 -0.523243692371256 0
1729 0.1212650705676514 -0.5101525102274987 0
1730 0.1024408482839366 -0.5037409699778443 0
1731 0.1173955303264939 -0.4906384630129765 0
1732 -0.07806424118395783 -0.4787217485398724 0
1733 -0.1069632829075163 -0.6871515371777878 0
1734 -0.5651410404467183 -0.05839133992329354 0
1735 -0.5014448204492318 -0.02549426515089476 0
1736 0.3958896609282946 -0.5671971010663186 0
1737 0.5104640008731867 0.44874564057136 0
1738 0.1439552435199891 -0.5360596024887884 0
1739 0.1478182734667193 -0.5555512644254561 0
1740 0.4911016114526634 0.5462575774184512 0
1741 0.03112583818816916 0.8300746234851959 0
1742 -0.7144049727825129 0.4289062690811679 0
1743 -0.6994475060690923 0.4420064464795531 0
1744 -0.83254087292898 0.05076069705203587 0
1745 0.7703342747130233 -0.3308073833192298 0
1746 0.7852917414355577 -0.3177072059454941 0
1747 -0.09677454760241196 0.8553951898151664 0
1748 -0.1117320142732411 0.8422950123285745 0
1749 0.759045947003137 0.3460029104976093 0
1750 0.7551795936966097 0.3655065453655164 0
1751 0.7629123003507182 0.3264992756439367 0
1752 -0.8369151717064922 0.1613790487580582 0
1753 -0.8219264449742623 0.1744863518758111 0
1754 -0.8407815247624626 0.1808826836096501 0
1755 -0.8258240580286376 0.1939828610024457 0
1756 0.7291310138386042 0.3198025551963092 0
1757 0.4044410469586316 -0.07901970225531579 0
1758 0.4825867896180934 0.0580922660092707 0
1759 -0.4036565853093061 0.6323989106395075 0
1760 0.3250461435067935 0.6755006049999632 0
1761 0.2309559659736126 0.7075147963247224 0
1762 0.5276563989272269 -0.6120213031545176 0
1763 0.5315227519482424 -0.6315249380399652 0
1764 0.1368439973125955 0.7395464326979204 0
1765 -0.2337342600155687 0.4836530784938707 0
1766 -0.2376006132149368 0.5031567133466979 0
1767 0.04272489797511494 0.7715637189695564 0
1768 -0.1078727916872574 0.8227640810485269 0
1769 -0.1266894809546156 0.8291948348328391 0
1770 -0.1305558341238463 0.8486984697081996 0
1771 -0.145513300816244 0.8355982922286318 0
1772 -0.03257038153819045 0.7971775481092658 0
1773 -0.3997703109480091 0.6128698269958279 0
1774 -0.1493796539685438 0.8551019271084032 0
1775 -0.1643371206746774 0.8420017496417627 0
1776 0.7739805283966139 0.3590963453063587 0
1777 -0.8446478778023163 0.2003863184629819 0
1778 -0.8296904110840071 0.2134864958488394 0
1779 0.7701370603073789 0.3786067230191527 0
1780 -0.2039808486247227 -0.8178019512513736 0
1781 0.3188675353509787 0.4411728357133402 0
1782 0.5591896465429753 0.4685435865280746 0
1783 0.805442190059775 0.1119592822542629 0
1784 0.8242660096980732 0.1055558242556577 0
1785 0.8093085426298653 0.09245564725397201 0
1786 0.8281323622714405 0.08605218927111928 0
1787 0.8430898293553585 0.09915236631347626 0
1788 0.8469561819274838 0.07964873131968057 0
1789 -0.5965798102508781 0.1887524558479406 0
1790 -0.5777559904630503 0.1823489983638531 0
1791 -0.5816223435054378 0.201852633232514 0
1792 -0.5627985237180769 0.1954491757509556 0
1793 -0.5666648767617927 0.214952810619503 0
1794 -0.5478410569746239 0.2085493531395241 0
1795 -0.5517074100193786 0.2280529880082663 0
1796 -0.532859878247832 0.2216400353549854 0
1797 -0.536739742395923 0.2411507735561322 0
1798 -0.5179261234913746 0.2347497079208098 0
1799 -0.5140597704473703 0.2152460730510516 0
1800 -0.4991023037043563 0.2283462504414359 0
1801 -0.4952359506613184 0.208842615570399 0
1802 -0.4802784839173031 0.2219427929607757 0
1803 -0.4764026779469105 0.2024375758680314 0
1804 -0.5029686567487424 0.2478498853117748 0
1805 -0.4614546641298648 0.2155393354792025 0
1806 -0.4575883110879839 0.1960357006063524 0
1807 -0.4426308443421746 0.2091358779968493 0
1808 -0.4387644912994484 0.1896322431227707 0
1809 -0.4238070245538588 0.2027324205145697 0
1810 -0.419940671510401 0.1832287856403483 0
1811 -0.4348981382562782 0.1701286082487051 0
1812 -0.416074318467182 0.1637251507659992 0
1813 -0.4310160184146687 0.1506178689564384 0
1814 -0.4122079654243143 0.1442215158913758 0
1815 -0.3972343501388296 0.1573148694056505 0
1816 -0.3933841456347087 0.1378180584088088 0
1817 -0.4083416123812035 0.1247178810165972 0
1818 -0.3895122051115103 0.1183138350827088 0
1819 -0.3745549821953672 0.1314132977840194 0
1820 -0.3706884590496166 0.1119098402557765 0
1821 -0.3856514395481508 0.09881078865837098 0
1822 -0.3668276197579301 0.0924073311757187 0
1823 -0.3518701530112627 0.1055075085691257 0
1824 -0.3480037999673881 0.08600387369340215 0
1825 -0.3629612667142446 0.07290369630000187 0
1826 -0.3441374469235229 0.06650023881750633 0
1827 -0.3291799801767753 0.07960041621139827 0
1828 -0.3253136271325647 0.06009678133536908 0
1829 -0.3402710938795004 0.04699660394143132 0
1830 -0.3214472740884198 0.04059314645916925 0
1831 -0.3364047408355764 0.02749296906503984 0
1832 -0.3175809210441858 0.0210895115826441 0
1833 -0.3325383877916368 0.007989334188247321 0
1834 -0.3137103836458504 0.001586415187485979 0
1835 -0.2987571012523234 0.01468605410057736 0
1836 -0.2948907482079557 -0.004817580776588531 0
1837 -0.3098482149556346 -0.01791775817156921 0
1838 -0.2910243951634258 -0.02432121565405068 0
1839 -0.2760669284157583 -0.01122103825878432 0
1840 -0.2722005753712309 -0.03072467313610888 0
1841 -0.2871580421188193 -0.04382485053133722 0
1842 -0.2683342223264645 -0.05022830801361075 0
1843 -0.2832916890743531 -0.06332848540896799 0
1844 -0.264464483263384 -0.0697306948453843 0
1845 -0.2495104025342519 -0.056631765495885 0
1846 -0.2456440494896605 -0.07613540037318312 0
1847 -0.260601516237138 -0.08923557776849989 0
1848 -0.2417776964448469 -0.09563903525055242 0
1849 -0.2268202296974857 -0.08253885785508919 0
1850 -0.222953876652677 -0.1020424927322225 0
1851 -0.2567351631925086 -0.1087392126459352 0
1852 -0.2079964099053923 -0.0889423153368579 0
1853 -0.2041300568605689 -0.1084459502138892 0
1854 -0.189172590113381 -0.09534577281856421 0
1855 -0.1853039662909204 -0.1148477716310579 0
1856 -0.1703487703214667 -0.101749230300226 0
1857 -0.1664824172766607 -0.1212528651770522 0
1858 -0.1814398840236783 -0.1343530425722692 0
1859 -0.1626160642316969 -0.1407565000539725 0
1860 -0.1476540923787577 -0.1276511236692787 0
1861 -0.1437901676191704 -0.1471583120071457 0
1862 -0.1288313365832839 -0.1340561928352536 0
1863 -0.1249684246477946 -0.1535634150167739 0
1864 -0.1100095579060825 -0.1404614719106719 0
1865 -0.1930369728307146 -0.07584284318180068 0
1866 -0.1775735309789402 -0.1538566774493635 0
1867 -0.1061446048560499 -0.1599668724980162 0
1868 -0.09118603308772377 -0.1468648124484669 0
1869 -0.1211003092739182 -0.1730650585470652 0
1870 -0.3103561603858419 0.07319695872964382 0
1871 -0.08732078506452676 -0.1663703299791941 0
1872 -0.07236331831805182 -0.153270152584194 0
1873 -0.4464971973842071 0.2286395128701015 0
1874 -0.1138773109459507 -0.1209596027448754 0
1875 -0.06849696527322965 -0.1727737874602999 0
1876 -0.05353949852693268 -0.1596736100654587 0
1877 -0.05740585157170988 -0.1401699751895919 0
1878 -0.3513577423409376 0.01439302626933969 0
1879 -0.04967314548215737 -0.1791772449413302 0
1880 -0.06462976548694194 -0.1922752199296501 0
1881 0.565304038492688 -0.6248282181587335 0
1882 0.3069543640710977 -0.1186119078004887 0
1883 0.4637629698838435 0.06449572367155199 0
1884 0.359568646342396 -0.1183202340011396 0
1885 0.75049456456402 -0.1421744922566066 0
1886 0.7172212231091537 -0.239985928990242 0
1887 -0.03471567873598103 -0.166077067546635 0
1888 0.4493134475783704 -0.0397191705041135 0
1889 0.3061448606437246 -0.6457981657487115 0
1890 0.2873210408228331 -0.6393947083161858 0
1891 0.2834546877190947 -0.6198910734424348 0
1892 0.2684972210030293 -0.6329912508876416 0
1893 0.2881357596274252 -0.1122088417811028 0
1894 0.09857431500185568 -0.4842373936593322 0
1895 0.113531511663275 -0.4711375578666894 0
1896 0.1323561841320882 -0.4775486979058219 0
1897 0.1284888801493724 -0.4580381130296188 0
1898 0.1473136508241581 -0.4644485204458791 0
1899 0.1434461264169227 -0.4449382485296525 0
1900 -0.05771658388836209 -0.7584693565104883 0
1901 -0.05385023075745968 -0.7779729913648249 0
1902 -0.06880769744348586 -0.7910731688239283 0
1903 -0.0499756369419391 -0.79745558922519 0
1904 -0.06494134431484003 -0.8105768036800945 0
1905 -0.04611752449923184 -0.8169802610786403 0
1906 -0.06107499118639134 -0.8300804385364239 0
1907 -0.04221805877430379 -0.8364272478510749 0
1908 0.1627790633427904 -0.5424630598896943 0
1909 -0.166171687019919 0.4970465188522705 0
1910 0.3815409288005361 0.6562707103941758 0
1911 -0.2298661268668953 0.4641367516163684 0
1912 0.7837679060512216 -0.04436305560433906 0
1913 0.8314907717725288 0.1576632712588181 0
1914 0.8276244192664307 0.1771669062756422 0
1915 -0.7182713258407402 0.4484099039266098 0
1916 -0.7033138591279255 0.4615100813245574 0
1917 -0.68449003934439 0.455106623867417 0
1918 -0.6883563924050757 0.4746102587184791 0
1919 0.2844705803217498 -0.8021205080353897 0
1920 0.2994280470471875 -0.7890203305745439 0
1921 0.5607325269298198 0.1952042358229548 0
1922 0.5756807881381731 0.208293115133901 0
1923 0.5457750603055946 0.182104058265986 0
1924 -0.7915348259464952 0.1095648642190918 0
1925 0.4627470743452687 0.2467251571562272 0
1926 -0.2226431465662327 0.5162568908641846 0
1927 -0.241466966415337 0.5226603482002139 0
1928 -0.2564244330639543 0.5095601706819424 0
1929 0.1622711175157127 -0.4513483429861583 0
1930 0.1584047643873405 -0.4318447081255294 0
1931 0.1395797563055494 -0.4254350331782787 0
1932 0.1545384112592993 -0.4123410732651238 0
1933 0.1733622310785472 -0.4187445306664762 0
1934 0.5126949219719207 -0.6251101056005566 0
1935 0.5165652851842061 -0.6446251154258938 0
1936 -0.4186096281989664 0.6192862567704898 0
1937 -0.260290786264723 0.5290638055353595 0
1938 0.5310148066570137 -0.5404102211701738 0
1939 -0.8441399322534739 0.1092716016336484 0
1940 -0.05720863805776097 -0.8495840733935733 0
1941 -0.03837608672775492 -0.8559499963783068 0
1942 -0.02342735155133896 -0.8428873533430787 0
1943 -0.0195609984250055 -0.8623909882032537 0
1944 -0.02534562138811339 0.8492849953625674 0
1945 -0.7071802121806284 0.4810137161770131 0
1946 -0.6922227454585972 0.4941138935679356 0
1947 0.2695131135958886 -0.8152206854994721 0
1948 0.3799163029049737 -0.398067844726571 0
1949 0.4207144129682305 0.3701386422401842 0
1950 -0.004603531731213445 -0.8492908107591557 0
1951 0.4977414653920852 -0.638221657919637 0
1952 0.50160781841738 -0.6577252928163715 0
1953 0.5204316382170846 -0.6641287503202862 0
1954 0.5054741714488076 -0.6772289277178687 0
1955 0.4866503516468428 -0.6708254702134303 0
1956 0.4905167046803679 -0.6903291051196945 0
1957 0.4716776484680589 -0.6838875015567656 0
1958 0.4755592379091243 -0.7034292825226942 0
1959 0.4567354181013312 -0.6970258250155229 0
1960 0.4606017711354855 -0.7165294599267291 0
1961 0.4417779513258844 -0.7101260024181656 0
1962 0.4456443043616448 -0.7296296373356919 0
1963 0.4268130524974608 -0.7232037933871872 0
1964 0.4306868375883495 -0.7427298147511032 0
1965 -0.6695325726234695 0.4682068012622651 0
1966 -0.000737178609859529 -0.8687944456229471 0
1967 0.01422028809003328 -0.8556942681865065 0
1968 0.01808664120387868 -0.8751979030542232 0
1969 0.03304410791171405 -0.8620977256289475 0
1970 0.7891580944731361 -0.3372108407893247 0
1971 0.8041155611939468 -0.3241106634171171 0
1972 0.03691046101469452 -0.8816013605011295 0
1973 0.05186792773289703 -0.8685011830915186 0
1974 -0.8108384817976743 0.2070888940477926 0
1975 -0.814732944354886 0.2265866732336611 0
1976 -0.8335567641239631 0.2329901306994264 0
1977 -0.8185992973869415 0.246090308075705 0
1978 -0.8374231171514884 0.252493765551348 0
1979 -0.822465650406039 0.2655939429174167 0
1980 0.5645988801770212 0.1757006009729745 0
1981 0.2920060731447965 -0.1317136731707822 0
1982 0.2955616939355579 -0.7695166957005367 0
1983 0.1694944226967569 -0.3992307243178564 0
1984 0.1883178644069825 -0.4056383552691206 0
1985 -0.2304893694619366 -0.7724493221060497 0
1986 -0.2454417745092666 -0.7855268807931484 0
1987 0.2752140358943395 -0.4897690867213569 0
1988 -0.4913733663740601 0.1893499220995372 0
1989 0.2731822534178198 -0.1253102155076153 0
1990 -0.03084932569123983 -0.1855807024223653 0
1991 -0.01589185894516332 -0.1724805250277689 0
1992 0.264630867899608 -0.6134876160132421 0
1993 0.2496734011839054 -0.6265877934582176 0
1994 -0.2752482529129175 0.515963628016869 0
1995 0.5496414135543697 0.1626004234162687 0
1996 -0.4147476987059144 0.5997950982502429 0
1997 -0.3959238788463344 0.5933916409451937 0
1998 -0.1228280069141532 0.8096634984408595 0
1999 -0.1682034738090928 0.8615053845271702 0
2000 -0.1831609405285205 0.8484052070701974 0
2001 -0.1792945874033948 0.8289015721759301 0
2002 -0.1981184072544258 0.83530502961714 0
2003 0.7889608803141777 0.372203265853449 0
2004 0.7850945268809724 0.3917069007172037 0
2005 0.3033291471096087 -0.8084445466205107 0
2006 0.3182618151878931 -0.7953695970406784 0
2007 0.5242899791305268 -0.6836192050254088 0
2008 0.4928522851084112 -0.4364836530404964 0
2009 0.5529666940938481 0.2341978096843239 0
2010 0.3378943645311177 -0.2746425781692283 0
2011 0.3730022742583395 0.1681240919319858 0
2012 0.3691359210582259 0.1876277267847347 0
2013 0.3768686274584397 0.1486204570794265 0
2014 0.5356882372430021 -0.03273096373500711 0
2015 -0.2010823819438756 -0.6551342502512472 0
2016 0.3619111608101214 0.1355202795620275 0
2017 0.2723528507163708 -0.6524804980413286 0
2018 0.0947085444908681 -0.4647417831014996 0
2019 0.1800786707700111 -0.2755202786910576 0
2020 0.1607472797118974 -0.1780041920204788 0
2021 0.08494405441913352 -0.0612756456660872 0
2022 0.1081421733890519 -0.1782974547694886 0
2023 0.1375491607412519 -0.06098238291761782 0
2024 -0.03889213741330502 -0.764858565087727 0
2025 -0.04275911720793088 -0.745369179072332 0
2026 -0.6790998500060775 0.162258838648508 0
2027 -0.2791146061140819 0.5354672628700115 0
2028 0.6520011671970352 0.0004611469373887456 0
2029 -0.4108813454750876 0.5802914634044436 0
2030 -0.3920575256166078 0.5738880060983583 0
2031 0.8131748951720311 0.07295201225482834 0
2032 0.8464482389115346 0.1707634482577649 0
2033 0.8425818864050135 0.1902670832770785 0
2034 0.8619136490125537 0.09274890836411073 0
2035 0.865780001584589 0.07324527336974657 0
2036 -0.7110465652314887 0.5005173510276771 0
2037 -0.6960890985099486 0.5136175284161852 0
2038 0.3221182200025751 -0.8149274229014959 0
2039 -0.6979236697737827 0.1686622961315618 0
2040 -0.694057316741433 0.1491586612698556 0
2041 0.135712721270942 -0.4059322662827808 0
2042 -0.2493078262075501 -0.7660267461405231 0
2043 -0.2642706559168321 -0.7791460422547755 0
2044 -0.2603848552150191 -0.7986089340543109 0
2045 -0.2792214403939742 -0.79222240125541 0
2046 -0.2830883410076653 -0.7727226417917681 0
2047 -0.2980519423663625 -0.7858427624610624 0
2048 -0.3019182955826327 -0.7663391276739228 0
2049 -0.3168757621914106 -0.7794393051806281 0
2050 -0.3207421154164471 -0.7599356703896241 0
2051 -0.3356995820184646 -0.7730358479021884 0
2052 -0.339565935250732 -0.7535322131081198 0
2053 -0.3545234018485531 -0.7666323906281078 0
2054 -0.3583897550902417 -0.747128755836675 0
2055 -0.3733472216824446 -0.7602289333640582 0
2056 -0.3772135749314761 -0.7407252985694655 0
2057 -0.3921672344627645 -0.7538070697689657 0
2058 -0.3960318218326097 -0.7343059132638698 0
2059 -0.4109948613586569 -0.747422018845209 0
2060 -0.414856219248569 -0.727896579824969 0
2061 -0.429813504207765 -0.7410017791793508 0
2062 -0.433685034470256 -0.7215149267915336 0
2063 -0.4486425010493164 -0.7346151043437887 0
2064 -0.4525088543236585 -0.715111469542035 0
2065 -0.4674663208997424 -0.7282116470996324 0
2066 -0.4713261641647121 -0.7086821217120259 0
2067 -0.4862842949154201 -0.7217929161297684 0
2068 -0.4901564940380141 -0.7023045550507634 0
2069 -0.294185589146991 -0.8053463972736192 0
2070 -0.3694808684451067 -0.7797325682006523 0
2071 -0.5051139606121533 -0.7154047326196041 0
2072 -0.5089803139018418 -0.6959010978114368 0
2073 -0.5239377804736518 -0.7090012753848839 0
2074 -0.5278041337711763 -0.6894976405775299 0
2075 -0.4259523279444823 -0.7605221964144384 0
2076 0.4668037670249658 -0.4821808778866155 0
2077 -0.2265094997661053 0.5357605257186512 0
2078 0.422954131513596 -0.7037225449253676 0
2079 0.4079966647405393 -0.7168227223271624 0
2080 0.4938728068248928 -0.618705598929375 0
2081 -0.1942520541413132 0.815801394720265 0
2082 -0.2130758739861203 0.8222048521663275 0
2083 -0.2169422270895776 0.8417084870608558 0
2084 -0.2318996938304865 0.828608309622236 0
2085 -0.2940720727618477 0.5223670853513414 0
2086 -0.2902057978445094 0.5028528166126087 0
2087 0.337080811282668 -0.8017992500485358 0
2088 -0.4335715185654604 0.6061985555543146 0
2089 -0.4374338608323003 0.6256900996784626 0
2090 0.4787204367591611 0.07759590092766466 0
2091 0.4975442564968221 0.07119244326470736 0
2092 0.4794435623354844 -0.72287648706353 0
2093 -0.8596053445268329 0.1872861410847288 0
2094 -0.2357660469206114 0.8481119445207413 0
2095 -0.2507235136742057 0.8350117670960098 0
2096 -0.0818170809364052 0.8684953673373969 0
2097 -0.05334228492887665 -0.8690877082517072 0
2098 -0.07216610474509373 -0.8626842508547206 0
2099 0.8079819143196647 -0.3436142982940411 0
2100 0.7930244475829065 -0.3567144756588867 0
2101 0.05573428082049993 -0.8880048179686962 0
2102 0.07070437739077305 -0.8748634337010653 0
2103 0.8229393809809342 -0.3305141208377046 0
2104 -0.8412894701653372 0.2719974004047541 0
2105 -0.8263320034099748 0.2850975777590338 0
2106 -0.8075081836345782 0.2786941202529341 0
2107 -0.8113426154639009 0.2982016076437701 0
2108 -0.8301983563940861 0.304601212618621 0
2109 -0.8152069516454797 0.3177059553833076 0
2110 -0.297938425963053 0.5418707202037079 0
2111 -0.2092095208930877 0.8027012173019181 0
2112 0.3051289693219638 -0.4635687318623539 0
2113 0.2863051495173058 -0.4571652744270536 0
2114 0.3012599092137064 -0.4440559956757899 0
2115 0.02378756415216718 -0.5497463052593213 0
2116 0.07975107779841648 -0.4778419605609275 0
2117 -0.5555737630619678 0.2475566228771198 0
2118 0.01035393497888154 -0.8361906333481252 0
2119 0.06631744855531033 -0.7642862888268001 0
2120 0.2824387964267232 -0.4376616395629764 0
2121 0.8190730278829348 -0.3110104860073032 0
2122 -0.3128942505734202 0.528762004028182 0
2123 -0.5427616003403545 -0.7025978181579623 0
2124 -0.5466279536441736 -0.6830941833474053 0
2125 -0.7959091245712903 0.2201832157624833 0
2126 0.5684652334251502 0.1561969661237767 0
2127 0.459896617023954 0.08399935859039276 0
2128 0.2770486062729308 -0.1448138504191377 0
2129 0.2958724260001265 -0.1512173080823806 0
2130 0.2582247865458077 -0.1384103927559344 0
2131 0.2543584336907145 -0.1189067578443444 0
2132 0.3918260941071248 0.1617206345971079 0
2133 0.1844533446411433 -0.3861407183481148 0
2134 0.2032771644594432 -0.3925441757489904 0
2135 0.4748540838998475 0.09709953584687814 0
2136 0.2790803889858974 -0.5092727215872259 0
2137 0.07588474369608944 -0.4583320353660891 0
2138 0.2973962631394735 -0.4245614621346107 0
2139 0.2602565691795585 -0.5028692641517979 0
2140 -0.282980959315777 0.5549708977233954 0
2141 0.245807048080619 -0.607084158584337 0
2142 0.2308494340301083 -0.6201733941707473 0
2143 -0.01202550590044874 -0.1919841599033736 0
2144 0.002931960845533793 -0.1788839825088629 0
2145 -0.0009343921991938897 -0.1593803476334872 0
2146 0.7987253728508903 -0.03126287828421556 0
2147 0.7799015531331092 -0.02485942071322161 0
2148 0.7649440863532 -0.0379595980104741 0
2149 0.7610540165553866 -0.01846201656509017 0
2150 0.7460983429501366 -0.03155940108645527 0
2151 0.8807374686697274 0.08634545041429365 0
2152 0.884551518359649 0.06682537512713393 0
2153 0.8696463541570086 0.0537416383769448 0
2154 0.8884701738114082 0.04733818042797616 0
2155 0.8735127067289591 0.03423800338737129 0
2156 0.892336526379831 0.02783454543959393 0
2157 0.8773790593001818 0.01473436840147394 0
2158 0.8962028789474935 0.008330910454880214 0
2159 0.8812454118707276 -0.004769266580501891 0
2160 0.2390902343996965 -0.7503063234170458 0
2161 -0.2343515011482691 -0.7529265967605141 0
2162 -0.4523953384239543 0.6126020128585453 0
2163 -0.456261691655586 0.6321056477039775 0
2164 -0.4253236442189028 0.4760525301706365 0
2165 -0.4824237874747794 -0.7413118246774815 0
2166 -0.06829975161446569 -0.882187885709254 0
2167 -0.08712357142808119 -0.8757844283127394 0
2168 -0.1064553370686781 -0.7782662540237991 0
2169 -0.1903857010736352 0.7962977598224521 0
2170 0.413500374893765 0.3180429763117754 0
2171 0.7662510392697099 0.3981022647480639 0
2172 0.7812281735195873 0.4112105355796108 0
2173 0.7624043535917975 0.4176139927690079 0
2174 0.7773618201611086 0.4307141704422178 0
2175 0.7585380002675569 0.437117627659441 0
2176 0.7022637563677163 -0.2530861063515949 0
2177 0.6983974033585439 -0.2335824714973156 0
2178 0.6834399366283082 -0.2466826488590027 0
2179 0.6795735836020775 -0.2271790140063922 0
2180 0.6646161168738911 -0.2402791913789924 0
2181 -0.5589227742420374 0.1759415086318708 0
2182 0.5429246016703593 0.01937825809335797 0
2183 0.4449391501480489 0.07089918133431219 0
2184 0.8237580668508555 0.1966705413160732 0
2185 0.83871553398479 0.2097707182944218 0
2186 0.8198917144218675 0.2161741763513633 0
2187 0.8348491815721368 0.2292743533177765 0
2188 0.8574998847187825 0.2033582998850736 0
2189 0.816025361999715 0.2356778113906973 0
2190 0.8309828291836134 0.248777988351763 0
2191 0.8498066487953079 0.2423745302255631 0
2192 0.8459402964001407 0.2618781652725562 0
2193 0.2257669085331321 0.2909523360559014 0
2194 -0.06982358912039266 -0.608843735131098 0
2195 0.3237555749559992 0.239441911137096 0
2196 0.5075855116753872 0.2860221900918551 0
2197 -0.5468251661643537 0.02631991949315424 0
2198 0.4882772270991219 0.3835384820628585 0
2199 -0.1532165667837484 0.8744982174753012 0
2200 0.8039183468999492 0.3853034436013409 0
2201 0.8077574222676877 0.3657925109329484 0
2202 0.9000692315140201 -0.01117272452573623 0
2203 -0.7149129182804543 0.520020985876682 0
2204 -0.6999554515590141 0.5331211632626203 0
2205 -0.729851085974013 0.5069167093646396 0
2206 -0.6811316317846071 0.5267177057982142 0
2207 -0.6849979848339955 0.5462213406485045 0
2208 0.3409420398442565 -0.8213308803384247 0
2209 0.3559055057134221 -0.8082039141098915 0
2210 0.7734954668518746 0.4502178053098107 0
2211 0.7546716469171709 0.4566212625264053 0
2212 -0.2545898667467874 0.8545154019995017 0
2213 -0.2695473335080684 0.8414152245721321 0
2214 -0.26568837781253 0.8218837608731174 0
2215 -0.2845048002702486 0.8283150471461068 0
2216 -0.2989543188680343 0.7241001535083881 0
2217 -0.7038218046058083 0.5526247981145778 0
2218 -0.6888643378804957 0.5657249754966347 0
2219 0.8118482674266212 -0.3631179331774913 0
2220 0.7968908006583716 -0.3762181105211421 0
2221 -0.5615633329019907 -0.6961543580113643 0
2222 -0.5654430206781631 -0.6766753684884764 0
2223 -0.5504858311911454 -0.6635778714359837 0
2224 -0.5693094137401576 -0.6571736235314438 0
2225 -0.5842599336154471 -0.6702567017955987 0
2226 -0.5881302517245207 -0.6507656016482184 0
2227 -0.5731716329527607 -0.6376653314029838 0
2228 -0.5919990138563127 -0.6312687346755034 0
2229 -0.6069568501018326 -0.6443681828675069 0
2230 -0.6108225465218171 -0.6248660691486329 0
2231 -0.6257782698255465 -0.6379674718385206 0
2232 -0.6296559398192552 -0.6184730848070212 0
2233 -0.6146984732436381 -0.6053729071954602 0
2234 -0.6335222931428178 -0.5989694499697881 0
2235 -0.6484682206785199 -0.6120621305527134 0
2236 -0.6523351339325929 -0.59255703956934 0
2237 -0.6373696460513337 -0.5794532351276089 0
2238 -0.6562003470646477 -0.5730532353707065 0
2239 -0.6412381649823976 -0.5599493901630673 0
2240 -0.6600660802014777 -0.5535497550315072 0
2241 -0.675036286261586 -0.5666589006530494 0
2242 -0.6789026395713735 -0.547155265790249 0
2243 -0.6639178383802069 -0.5340390943717623 0
2244 -0.6827553276575378 -0.5276435397215651 0
2245 -0.6977264594784699 -0.5407518085457086 0
2246 -0.7015928127774891 -0.5212481736740182 0
2247 -0.6866353461689491 -0.508147996068538 0
2248 -0.7054591660529896 -0.5017445387956651 0
2249 -0.6905016994356428 -0.488644361202792 0
2250 -0.7093255193363259 -0.4822409039308809 0
2251 -0.7242829859509101 -0.4953410815239579 0
2252 -0.7281493392377986 -0.4758374466578066 0
2253 -0.7131918726160331 -0.4627372690631664 0
2254 -0.7320156925171013 -0.456333811790562 0
2255 -0.7469519394432721 -0.4694209133535848 0
2256 -0.750839512389669 -0.4499303544986015 0
2257 -0.7358820457599555 -0.4368301769208333 0
2258 -0.7547058656536256 -0.4304267196294105 0
2259 -0.7397483990191669 -0.4173265420498628 0
2260 -0.758543020628642 -0.4109136685341683 0
2261 -0.7735080268849484 -0.4240160949346587 0
2262 -0.7773960388012218 -0.4045196274624211 0
2263 -0.7624385721636127 -0.3914194498858672 0
2264 -0.7812623920571611 -0.3850159925904446 0
2265 0.003129174487938063 -0.8882980804980585 0
2266 0.07455810062184201 -0.8944082754574915 0
2267 0.08951556737031029 -0.8813080980361742 0
2268 0.09336968055618657 -0.9007372130390098 0
2269 0.1083393871909814 -0.8877115555048501 0
2270 0.1044836130989277 -0.8681702830891813 0
2271 0.1232968539427885 -0.8746113781076438 0
2272 0.3259845731103739 -0.8344310578009041 0
2273 -0.2883711533360408 0.8478186820535522 0
2274 -0.3033286201034336 0.834718504631078 0
2275 -0.8340647093724052 0.3241048474767344 0
2276 -0.8190745166907351 0.3372086222067058 0
2277 -0.792507479875726 0.291800324203076 0
2278 -0.7128811365102277 0.1555621187536136 0
2279 -0.7090147834781159 0.1360584838914492 0
2280 -0.7663049254196895 -0.3719158150140942 0
2281 -0.785099290184144 -0.3654976577996344 0
2282 -0.8000862119288528 -0.3786125352843688 0
2283 -0.80392452519474 -0.3590971642338728 0
2284 -0.7889950985586085 -0.3460087228450546 0
2285 -0.8078189184521738 -0.3396052655471255 0
2286 -0.7928614518086664 -0.3265050879707774 0
2287 -0.8116852717023784 -0.3201016306731196 0
2288 -0.7967278050611077 -0.3070014530979724 0
2289 -0.8155162604659245 -0.3005844995741757 0
2290 -0.8005673762140867 -0.2874906347678454 0
2291 -0.8194179782039481 -0.2810943609281573 0
2292 -0.8044605115611533 -0.2679941833534565 0
2293 -0.8232526796173313 -0.2615792540419545 0
2294 -0.8083268648086788 -0.2484905484818215 0
2295 -0.8271506846958165 -0.2420870911830072 0
2296 -0.8421081513387094 -0.255187268747685 0
2297 -0.8459745045823793 -0.2356836338763106 0
2298 -0.8310170379295714 -0.2225834563094906 0
2299 -0.8498408578171205 -0.2161799990019302 0
2300 -0.8348833911610725 -0.2030798214363604 0
2301 -0.8536591931959775 -0.1966604609223741 0
2302 -0.8387497443928768 -0.1835761865649977 0
2303 -0.8575735642765572 -0.1771727292546873 0
2304 -0.8425808077230696 -0.1640618082897001 0
2305 -0.861396345698517 -0.157654731871669 0
2306 -0.8686646776976458 -0.2097765416816572 0
2307 -0.8305090915937037 -0.3136981733724016 0
2308 0.2809149591281962 -0.1643174853305754 0
2309 0.2997387788550664 -0.1707209429937051 0
2310 -0.7167239038223021 0.1750706393798389 0
2311 -0.4563752076051008 -0.6956078347295208 0
2312 -0.3999037480402049 -0.7148182064983394 0
2313 -0.3434322885061464 -0.7340285783044564 0
2314 0.6945310503467483 -0.214078836639147 0
2315 -0.2686449548818174 -0.6685276904436457 0
2316 -0.02393529738845135 -0.7517726364492034 0
2317 -0.0278016505392199 -0.7322690016110289 0
2318 -0.2994681637133559 0.815188812188224 0
2319 -0.3182936726468648 0.8215893983219957 0
2320 0.01788942759126175 -0.1657838051144652 0
2321 0.01402307454657012 -0.1462801702393105 0
2322 0.2394009668186094 -0.132006935092677 0
2323 0.2355346139635673 -0.1125033001810325 0
2324 0.3520331534719778 -0.7887270679915438 0
2325 0.7422539136508334 -0.01205250555838333 0
2326 0.7572113804678499 0.00104767177099846 0
2327 0.5535077668031718 0.1430967885670461 0
2328 -0.6700405181082848 0.5593215180296217 0
2329 -0.6738956121956883 0.5788162223426728 0
2330 0.8378968476586708 -0.3174139434201245 0
2331 0.8340304945681632 -0.2979103085944643 0
2332 -0.239632399983943 0.8676155794290624 0
2333 -0.1720698269382056 0.8810090194254362 0
2334 -0.8562469369040111 0.2588972230487691 0
2335 0.7696291135123415 0.4697214401824976 0
2336 0.7508052935740667 0.4761248973984916 0
2337 0.7358478270008418 0.4630247197585075 0
2338 0.7319814737199706 0.4825283546657693 0
2339 0.7170240070982185 0.4694281770610983 0
2340 0.7131576538565562 0.4889318119652676 0
2341 0.6982001872081129 0.4758316343921198 0
2342 0.6943192286800581 0.4953255419383871 0
2343 0.6793763673289543 0.4822350917399638 0
2344 0.6755100141301298 0.5017387266311832 0
2345 0.690467480793962 0.5148389041661077 0
2346 0.6716436609425321 0.5212423615228612 0
2347 0.6866011276160182 0.5343425390445826 0
2348 0.6677773077680911 0.5407459964150283 0
2349 0.6827214424559788 0.5538354991159126 0
2350 0.6639109546065757 0.5602496313066373 0
2351 0.6566861942718826 0.5081421840034057 0
2352 0.6788211547071727 0.5733159921826492 0
2353 0.660009410068461 0.5797266565619714 0
2354 0.6450708892648966 0.5666431349421139 0
2355 0.6412207816232199 0.5861567235901453 0
2356 0.6561612776549492 0.5992427964410716 0
2357 0.6373427252092596 0.6056523270311631 0
2358 0.7015585943191974 0.5474427165541911 0
2359 0.7469389403304039 0.4956285322702965 0
2360 0.6262517526000401 0.5730493078016951 0
2361 0.6523004189921152 0.6187502571138169 0
2362 0.6334880753684401 0.6251639933422178 0
2363 0.827116476878613 0.2682816234278376 0
2364 0.8420739441033404 0.2813818003212092 0
2365 -0.8464438206647281 -0.144561731693638 0
2366 -0.8653062707244634 -0.1381654595132095 0
2367 -0.8802637373736193 -0.1512656370592139 0
2368 -0.8841300905981021 -0.1317620021915998 0
2369 -0.8691726239490727 -0.1186618246466122 0
2370 -0.8879964438207075 -0.1122583673257938 0
2371 -0.8730389771734651 -0.09915818978243988 0
2372 -0.8918071327523625 -0.09273713142121782 0
2373 -0.876857012820756 -0.07964475614815562 0
2374 -0.8957291502639076 -0.07325109760192772 0
2375 -0.8807716836208591 -0.06015092006238931 0
2376 -0.8995955034845287 -0.0537474627442982 0
2377 -0.8846380368437089 -0.04064728520670853 0
2378 -0.9034618567045637 -0.03424382788958806 0
2379 -0.8885043900661804 -0.02114365035450358 0
2380 -0.9073282099232973 -0.0147401930386367 0
2381 -0.8923707432878636 -0.001640015506147785 0
2382 -0.9111945631412548 0.004763441808446595 0
2383 -0.8962370965088786 0.01786361933807111 0
2384 0.2432673196737633 -0.1515105700043569 0
2385 -0.7317049562785332 0.1619655762376468 0
2386 0.5723315866735307 0.1366933312750092 0
2387 0.5872890532980805 0.1497935088333318 0
2388 -0.7943852874279422 -0.05316093463981381 0
2389 0.4560302641638788 0.1035029935098148 0
2390 0.3807349806584452 0.1291168222273553 0
2391 0.3657775140106455 0.1160166447102662 0
2392 -0.706164321190255 0.2987842826177774 0
2393 -0.8002474399677174 0.3308077834359162 0
2394 -0.804117278587552 0.3503088628113507 0
2395 -0.8229735955480153 0.3567086596592092 0
2396 -0.8079856269853419 0.3698111309857483 0
2397 -0.747452266886422 -0.3783095448376331 0
2398 -0.6571875081868719 -0.3908632592761467 0
2399 -0.7180741161459293 -0.2610041980991792 0
2400 -0.6306718311469319 -0.4362436491834994 0
2401 -0.6716778795385698 -0.4950478184849876 0
2402 -0.5542471441979748 0.6836265710931044 0
2403 -0.55811349773995 0.7031302058587059 0
2404 -0.5392896777851711 0.6967267488651067 0
2405 -0.5431560313364234 0.7162303836533079 0
2406 -0.5243322113669787 0.7098269266536925 0
2407 -0.5281985649209837 0.7293305614518945 0
2408 -0.5093747449432325 0.7229271044498592 0
2409 -0.5132410985023319 0.742430739259655 0
2410 -0.4944172785167605 0.7360272822546846 0
2411 -0.4905509249617598 0.7165236474570446 0
2412 -0.47559345853393 0.7296238252545971 0
2413 -0.4794598121015683 0.7491274600739196 0
2414 -0.4606359921113627 0.7427240030707501 0
2415 -0.4645023456798701 0.7622276378920976 0
2416 -0.4456785256873234 0.755824180889088 0
2417 -0.4495448792623884 0.7753278157213883 0
2418 -0.4307224109400681 0.7689043456362978 0
2419 -0.4345874128420398 0.7884279935494956 0
2420 -0.4157635928457964 0.7820245365477719 0
2421 -0.4268547056927498 0.7494207239221276 0
2422 -0.4196299464287908 0.8015281713920315 0
2423 -0.4717271049836604 0.7101201904568072 0
2424 -0.4866845714087663 0.6970200126598071 0
2425 -0.5770508334686412 -0.6181798216450785 0
2426 -0.6224311798593642 -0.5663656375037558 0
2427 -0.6262866001551392 -0.5468536342193298 0
2428 -0.5582270135796309 -0.624583278866245 0
2429 -0.5128386216371033 -0.6763967697979225 0
2430 0.6514932232973147 0.09157586391594394 0
2431 -0.4712153950590172 0.6189895528100376 0
2432 0.6757072305849902 -0.2076753791463677 0
2433 0.5550316048872855 -0.1302473639171881 0
2434 -0.4380593332859472 -0.610896574349131 0
2435 -0.3144197338242789 0.8021146923459194 0
2436 -0.2839968522066821 0.7372003310450533 0
2437 -0.2836024215425264 -0.6816278679146688 0
2438 0.5297812740240859 0.3512283412305065 0
2439 0.5067792874758821 -0.2411499576782227 0
2440 -0.4816051095326535 -0.2141271564783671 0
2441 -0.316762245811755 0.5482741775374669 0
2442 -0.07021802130606744 0.8099844627449914 0
2443 -0.2869608289835178 -0.7532389501491762 0
2444 0.6906646973331365 -0.1945752017783312 0
2445 0.1994108113314604 -0.3730405408898267 0
2446 0.2182346311494822 -0.3794439982906262 0
2447 0.1805857550363588 -0.3666321300220753 0
2448 -0.2424979846991246 0.7048392169390825 0
2449 -0.8518726384142337 0.1482788713550783 0
2450 -0.7923535054298299 -0.4176198050475991 0
2451 -0.7165502793890351 -0.534348351286036 0
2452 0.6185306086726907 0.6120638158832732 0
2453 0.6146532358504097 0.6315573675675542 0
2454 0.7272764235000626 -0.02515557157051346 0
2455 0.7311413602638949 -0.04465933947275302 0
2456 0.7234300938991163 -0.005649048002822399 0
2457 -0.008977830713465085 -0.7386724589787198 0
2458 -0.01284418387451056 -0.7191688241356817 0
2459 -0.8490221761324931 0.3110046701485409 0
2460 0.005077258223111808 0.7843706335244376 0
2461 -0.7332287925566596 0.4353097265348003 0
2462 -0.4550485834859751 -0.2595378836563805 0
2463 -0.860931971225976 -0.2487838114411544 0
2464 0.4469709303358563 -0.2935596879349952 0
2465 0.7677945507388548 0.1247661982712824 0
2466 0.4988829162273756 0.5072490177179108 0
2467 -0.1782786931822559 0.6466721397108954 0
2468 -0.1029834137341516 0.6210583103937732 0
2469 0.1744916370310054 0.7267395181856581 0
2470 0.7466282115751416 -0.1226708573931737 0
2471 0.7316707448052979 -0.1357710347361696 0
2472 0.7278043918131311 -0.1162673998612377 0
2473 0.7128469250577056 -0.1293675772134692 0
2474 0.6375516448738536 -0.1037537470677502 0
2475 0.7089805720605593 -0.1098639423443084 0
2476 -0.7126839260932374 -0.5538519861567284 0
2477 -0.02210072756021159 -0.406817403830895 0
2478 -0.1412525152388933 -0.6027335403953663 0
2479 0.6501665954761244 -0.3444940855625959 0
2480 -0.7337367380498853 0.526424443332844 0
2481 0.5896315674823198 0.4036340252699127 0
2482 0.2641229222714467 -0.5223728990189086 0
2483 -0.519760694738485 -0.1102055245825978 0
2484 0.1449711351956325 -0.7182890363492297 0
2485 0.09919635758507053 0.7523533471843689 0
2486 0.3266060358028062 0.4021677100555618 0
2487 0.4678263554083343 -0.6644027109665559 0
2488 0.05268792540903852 -0.3413132364025019 0
2489 -0.482621000650864 -0.03189772261226362 0
2490 -0.4864873537163742 -0.01239408774004627 0
2491 -0.4676635339178385 -0.01879754520141566 0
2492 -0.4715298869835479 0.000706089670729243 0
2493 -0.4526991564286047 -0.005696282577044298 0
2494 -0.4565724202509577 0.01380626708155561 0
2495 -0.5994302724658198 0.02602665703939697 0
2496 -0.5991098620093634 0.6443166640439736 0
2497 0.7943510755837817 0.07935547023833239 0
2498 0.04758038493478736 0.5697638244786214 0
2499 -0.0909899245579842 -0.8562807934615199 0
2500 -0.1059382805665154 -0.8693441513574641 0
2501 -0.1020810381063984 -0.8888846057676958 0
2502 -0.1209048579156325 -0.8824811483844045 0
2503 0.2686107363027513 0.694722231971465 0
2504 -0.2315052611938259 -0.5902198883490082 0
2505 -0.2165477945260808 -0.5771197108834262 0
2506 -0.23537161434097 -0.5707162535036958 0
2507 -0.2204141476708807 -0.5576160760375728 0
2508 -0.2392379674879954 -0.5512126186584971 0
2509 -0.2242805008172694 -0.5381124411901382 0
2510 -0.2431043206358828 -0.5317089838113364 0
2511 -0.2281468539644832 -0.5186088063412685 0
2512 -0.2469706737844687 -0.5122053489624834 0
2513 -0.2093198287181863 -0.5250103963102059 0
2514 -0.2320132071122765 -0.4991051714909969 0
2515 -0.2508370269336304 -0.4927017141120371 0
2516 -0.2657944936067159 -0.5058018915846146 0
2517 -0.2696608467562452 -0.486298256732884 0
2518 -0.2846183134301385 -0.4993984342064117 0
2519 -0.2884846665801666 -0.4798947993535969 0
2520 -0.3034421332549061 -0.4929949768281428 0
2521 -0.3073084864054522 -0.4734913419739091 0
2522 -0.3222659530811276 -0.4865915194495481 0
2523 -0.3261323062321966 -0.4670878845938168 0
2524 -0.3410897729089576 -0.480188062070688 0
2525 -0.3449493147331395 -0.4606683873331316 0
2526 -0.3599135927384055 -0.4737846046914737 0
2527 -0.3637799458904403 -0.4542809698325068 0
2528 -0.3787374125694076 -0.4673811473117426 0
2529 -0.3826037657220295 -0.4478775124512452 0
2530 -0.3975612324021616 -0.4609776899318143 0
2531 -0.4014160611560595 -0.4414535920842242 0
2532 -0.4163739214452251 -0.4545607770968407 0
2533 -0.4202514053902983 -0.4350705976874568 0
2534 -0.4351917925033777 -0.4481489408003529 0
2535 -0.4390752252269347 -0.4286671403054141 0
2536 -0.4540326919097327 -0.4417673177896431 0
2537 -0.4578852469825813 -0.4222447243197234 0
2538 -0.4429224570246347 -0.4091560464341027 0
2539 -0.4617653982171652 -0.4027600480548545 0
2540 -0.3299986593826281 -0.4475842497352556 0
2541 -0.2358782040543865 -0.4795937913207237 0
2542 -0.476722864901758 -0.4158602255396177 0
2543 -0.4805892180549876 -0.39635659067079 0
2544 -0.4656187480099 -0.3832551531794112 0
2545 -0.4844555712083088 -0.3768529558019411 0
2546 -0.4994049671212333 -0.3899493979876704 0
2547 -0.5032718551722628 -0.3704446721618776 0
2548 -0.4883219243594173 -0.3573493209318844 0
2549 -0.5071457441979291 -0.3509458635455257 0
2550 -0.4313425189185501 -0.4676744100358959 0
2551 -0.3748602670203113 -0.4868834721802781 0
2552 -0.3183885153176853 -0.5060899789208356 0
2553 -0.5365437153422339 -0.468252337752687 0
2554 -0.5220963780171193 -0.3640382996900802 0
2555 -0.5259695640369171 -0.3445424061578931 0
2556 -0.5110120973474355 -0.3314422286741635 0
2557 -0.5298359171852381 -0.325038771285169 0
2558 -0.5447933838760066 -0.3381389487675448 0
2559 -0.5486597370230815 -0.3186353138941736 0
2560 -0.5337022703309876 -0.3055351364125064 0
2561 -0.5525260901686032 -0.2991316790205837 0
2562 -0.5375686234759377 -0.2860315015397771 0
2563 -0.5563924433131213 -0.2796280441471486 0
2564 -0.571349910006919 -0.2927282216268381 0
2565 -0.5752162631504116 -0.2732245867529209 0
2566 -0.5602587964559052 -0.2601244092738196 0
2567 -0.5790826162927483 -0.2537209518792493 0
2568 -0.5641251495983708 -0.2406207744010228 0
2569 -0.5829489694332854 -0.2342173170058348 0
2570 -0.5679915027391462 -0.2211171395291066 0
2571 -0.586815322572078 -0.2147136821331796 0
2572 -0.5718578558781083 -0.2016135046581097 0
2573 -0.5906650895547227 -0.1952089625818797 0
2574 -0.6056391424051104 -0.2083102247343683 0
2575 -0.6095054955408639 -0.1888065898623868 0
2576 -0.5945480288448496 -0.1757064123906417 0
2577 -0.6133718486750479 -0.169302954991154 0
2578 -0.5983939503209043 -0.1562021551244093 0
2579 -0.6172256285411581 -0.1497965865284089 0
2580 -0.6022680938136873 -0.1366968179381088 0
2581 -0.6211045549392011 -0.1302956852519279 0
2582 -0.4911652911007433 -0.5200694514087848 0
2583 -0.3864701188738948 -0.4283738775877477 0
2584 -0.2923454730995959 -0.460375317081381 0
2585 -0.3116782620392351 -0.3628690426612327 0
2586 -0.2175595810429489 -0.3948877658350654 0
2587 0.05807679647739891 -0.6341643021263894 0
2588 -0.6419601558219445 0.240566640488508 0
2589 0.2494805976318961 0.08281981893767132 0
2590 -0.3688594053972483 0.4568661987734731 0
2591 -0.1667931496181323 -0.7395522470072065 0
2592 0.313368993075797 -0.5936656327888654 0
2593 0.1417147600506506 0.5377858051006641 0
2594 0.3598693472342718 0.499962632620663 0
2595 0.3560082613584056 0.5194743472328178 0
2596 0.3748368426669803 0.5130793246440759 0
2597 0.3709659150603673 0.5325749153740506 0
2598 0.3897943092915319 0.5261795021597524 0
2599 0.3859279560814354 0.5456831369903211 0
2600 0.4704797808261066 0.2077178874572089 0
2601 -0.3644802107863396 0.3462443730052346 0
2602 -0.3606187531277421 0.3267442121733907 0
2603 -0.3794367496463903 0.3331436344274221 0
2604 -0.3755762197974921 0.3136440346914428 0
2605 -0.3944000396254655 0.3200474920624348 0
2606 -0.390533686466726 0.3005438572097936 0
2607 -0.4093575062941963 0.3069473145806041 0
2608 -0.4132175380054948 0.3264472588268829 0
2609 -0.4281750557328896 0.3133470400465843 0
2610 -0.4320476792799941 0.332854406802759 0
2611 -0.4470051459480892 0.3197542293214301 0
2612 -0.4508714991069123 0.339257864172865 0
2613 -0.4658289657748294 0.3261576866916178 0
2614 -0.4696953189336404 0.3456613215428264 0
2615 -0.4846527856011815 0.3325611440616041 0
2616 -0.4885191387601102 0.352064778912432 0
2617 -0.5034766054272451 0.3389646014313702 0
2618 -0.5073429585860728 0.3584682362816077 0
2619 -0.5222913414247338 0.3453662727851043 0
2620 -0.5261667784114176 0.3648716936489377 0
2621 -0.5411242450750174 0.3517715161672108 0
2622 -0.5449905982347036 0.3712751510136961 0
2623 -0.5599332617604373 0.3581657352238322 0
2624 -0.5638144180565585 0.3776786083786942 0
2625 -0.371709866638846 0.2941403998387369 0
2626 -0.5560711422092705 0.3386688995452574 0
2627 0.3721835967465821 -0.3590605750074891 0
2628 -0.02772363097446134 0.5953537440669261 0
2629 -0.4488397141195315 -0.02520100266265457 0
2630 -0.4547310628247686 0.3587581286717502 0
2631 0.3670987608229775 0.5520705010303164 0
2632 0.3820616028711684 0.5651867718196396 0
2633 0.3632377830388054 0.5715902291351748 0
2634 0.400885422704111 0.5587833145051715 0
2635 -0.8227763850927318 -0.3527054431204313 0
2636 -0.07034356500453359 -0.5177128823851334 0
2637 -0.583964860246454 -0.0519878824613022 0
2638 0.117906663263384 -0.5817635922773938 0
2639 -0.14734786717193 0.4906430615139672 0
2640 -0.1512142203691204 0.5101466963683507 0
2641 -0.1323904005207232 0.503743239029898 0
2642 -0.1362567537179497 0.523246873884655 0
2643 -0.1174329338691988 0.5168434165460918 0
2644 0.06092725797890736 -0.4714385031586904 0
2645 0.05706090485150572 -0.4519348682980464 0
2646 -0.323281844692644 -0.3043620854763531 0
2647 -0.4377486004527299 0.00740280962050141 0
2648 -0.4416149535185475 0.02690644449240051 0
2649 -0.4604321532493411 0.03331033439951722 0
2650 0.07201837154294083 -0.4388346908392965 0
2651 0.4867638679452272 0.6568880147053504 0
2652 -0.4049832047652251 0.1963289630330316 0
2653 0.82914825142306 -0.09617724052823202 0
2654 0.8441057183266408 -0.08307706321177483 0
2655 0.8479720712133491 -0.1025806981397218 0
2656 0.8628853516797491 -0.08949317783397258 0
2657 0.8667958909507855 -0.1089841557889543 0
2658 0.8817533578330969 -0.09588397856076143 0
2659 0.8855513603991565 -0.1154133134513277 0
2660 -0.2015903278546594 -0.5640195334169011 0
2661 -0.2291627455614725 -0.3363793724736279 0
2662 0.1182173949353237 0.03653579134686305 0
2663 -0.4485303770130385 0.5930884039804024 0
2664 -0.2969225332900902 0.359641287248563 0
2665 -0.2780987134625839 0.3532378298778084 0
2666 -0.2819650666211282 0.3727414647304175 0
2667 -0.2631412467928487 0.3663380073594885 0
2668 -0.5488569513948766 0.3907787858592427 0
2669 -0.5676807712173063 0.3971822432238787 0
2670 -0.582638237878305 0.3840820657435853 0
2671 -0.5865045910389026 0.4035857005876612 0
2672 -0.5715471243786372 0.4166858780678294 0
2673 -0.5903709442000959 0.4230893354314275 0
2674 0.1921860508971083 -0.4251479880671738 0
2675 -0.2170530873695178 -0.4859977698656809 0
2676 -0.1226259097069504 0.1002771022769506 0
2677 -0.2572431086236202 -0.01762449574089137 0
2678 -0.1550822792663773 0.5296363259591643 0
2679 0.05247149669651285 0.3680802341635938 0
2680 -0.2611094616681316 0.001879139136405 0
2681 -0.2422856418761017 -0.004524318345716982 0
2682 -0.2461519949205737 0.0149793165314033 0
2683 -0.2273281751286794 0.008575859049341078 0
2684 -0.2311945281731104 0.02807949392640199 0
2685 -0.2123707083811921 0.0216760364443534 0
2686 -0.2162370614256382 0.04117967132145481 0
2687 -0.197413241633678 0.03477621383939972 0
2688 -0.193546888589037 0.01527257896319509 0
2689 -0.1785894218416587 0.02837275635810835 0
2690 -0.1747182046458076 0.008867240807226201 0
2691 -0.2012795946781394 0.05427984871654248 0
2692 -0.2201006761892584 0.06068291028623216 0
2693 -0.1597656020496447 0.02196929887612395 0
2694 -0.1558992490051436 0.002465663998986539 0
2695 -0.1409417822576822 0.01556584139408773 0
2696 -0.1370754292131924 -0.003937793483003132 0
2697 -0.2051433812920157 0.07378266118665028 0
2698 -0.2239697675145169 0.08018694107564911 0
2699 0.2735253189752045 0.4930219690367583 0
2700 0.3134831360066113 0.734022764670748 0
2701 -0.02698297264647409 -0.2050843372980229 0
2702 -0.008159152855626683 -0.2114877947790011 0
2703 -0.02311661960163255 -0.2245879721736462 0
2704 0.02175430446858562 -0.1852843488842454 0
2705 -0.3474910283940763 -0.005110070222720836 0
2706 -0.06767828846493901 0.354410880387375 0
2707 -0.2190875236077754 -0.1215461276092151 0
2708 0.2518090022186231 0.3366520490044886 0
2709 -0.2807519602800434 -0.518902069058976 0
2710 0.06408740741502192 0.3095817035036832 0
2711 -0.3142225134300605 0.09270059360570476 0
2712 -0.3021155088671069 -0.05692502792673015 0
2713 -0.2982452517539795 -0.07642692464793216 0
2714 -0.3170729756155543 -0.07002520532247783 0
2715 -0.3132066225707795 -0.08952884020084872 0
2716 -0.3320267563056876 -0.08312393689421912 0
2717 -0.3281640893194167 -0.1026290175974502 0
2718 -0.3469879091134962 -0.09622556011481764 0
2719 -0.3431169617996244 -0.1157272771062559 0
2720 -0.3619401926486671 -0.1093236683045937 0
2721 -0.3580790228184202 -0.1288293723920454 0
2722 -0.3392552030227475 -0.1352328298753025 0
2723 -0.3542085034133026 -0.1483307396351104 0
2724 -0.3353888499770524 -0.1547364647567094 0
2725 -0.3658117289080676 -0.08982210263150875 0
2726 -0.3503413973720044 -0.1678338871825227 0
2727 -0.3315184774035722 -0.1742374721147768 0
2728 -0.3807691956578495 -0.1029222800281969 0
2729 -0.3464799636826019 -0.1873402770374565 0
2730 -0.3276516425484519 -0.1937407086787789 0
2731 -0.3126986771340671 -0.1806435571224047 0
2732 -0.3088323240882824 -0.2001471920045417 0
2733 -0.2938748573373766 -0.1870470146058736 0
2734 -0.290008504291688 -0.2065506494875467 0
2735 -0.2750510375411817 -0.1934504720891994 0
2736 -0.271181251904461 -0.2129510849864326 0
2737 -0.2562240190997418 -0.199851476092803 0
2738 -0.2523541314086499 -0.2193511320769282 0
2739 -0.3237897908393159 -0.2132473694035017 0
2740 -0.3846355487024492 -0.0834186451483438 0
2741 -0.3995863115422258 -0.09651604740974573 0
2742 -0.2374001749585741 -0.206254603804223 0
2743 -0.2335323859809721 -0.2257560905029341 0
2744 -0.2185795781559983 -0.2126608445380536 0
2745 -0.2147076616556327 -0.2321578843472669 0
2746 -0.1997557583622146 -0.219064302020593 0
2747 -0.1958855122360315 -0.2385624380726766 0
2748 -0.2296706918593892 -0.2452646568141943 0
2749 -0.1809295732036212 -0.2254645227155357 0
2750 -0.1770621743966553 -0.244966243545441 0
2751 -0.1621059726372658 -0.2318681739933503 0
2752 -0.1582387266581233 -0.2513696806539312 0
2753 -0.1432823986191275 -0.2382715513849564 0
2754 -0.1394152495074241 -0.2577729980089567 0
2755 -0.1244588614726505 -0.2446748608869789 0
2756 -0.1205941261478132 -0.2641817668251071 0
2757 -0.1355515928944551 -0.2772819442201659 0
2758 -0.1167277731030007 -0.2836854017014152 0
2759 -0.1017703063565353 -0.2705852243064831 0
2760 -0.2673022098759134 -0.2324444135822631 0
2761 -0.1731992324787538 -0.2644750292580246 0
2762 -0.3957209149044441 -0.116020092858109 0
2763 -0.3691569140130779 -0.1614214322597187 0
2764 -0.5749055315600695 0.3450747960539959 0
2765 -0.571039178400258 0.3255711612087838 0
2766 -0.5522153585782547 0.3191677038418675 0
2767 -0.2775907674949504 0.2621231129821396 0
2768 -0.2964145873250618 0.2685265703526322 0
2769 -0.2925482341648374 0.2490229354984018 0
2770 -0.3113643758309533 0.2554176103550571 0
2771 -0.3074998370270018 0.2359184251983747 0
2772 -0.3263295206639744 0.2423262153851483 0
2773 -0.3224585475120346 0.222820603305959 0
2774 -0.303639347674539 0.2164191231612868 0
2775 -0.3185968143438994 0.2033189456780461 0
2776 -0.2997729945146407 0.1969154883077479 0
2777 0.1865986442740588 0.5771138977979263 0
2778 -0.2327183674873914 0.3014236454323441 0
2779 -0.2138945476585524 0.2950201880627588 0
2780 -0.2177609008187792 0.3145238229158354 0
2781 -0.1989370809894465 0.3081203655461196 0
2782 -0.2028034341498078 0.3276240003997288 0
2783 -0.1839796143199388 0.3212205430298662 0
2784 0.009140829111318471 0.05545290070253711 0
2785 0.2347159344686786 -0.6396879709029739 0
2786 0.2158921146494373 -0.6332845134735672 0
2787 0.2197538843012061 -0.6527705164459945 0
2788 0.388156954725497 -0.5281898313313969 0
2789 0.1661374706440316 -0.4708519778471525 0
2790 0.5797321024874087 -0.5205856325068805 0
2791 -0.07775350970374165 0.1395776347362599 0
2792 -0.0589296898717063 0.1331741773687254 0
2793 -0.06279604303541617 0.1526778122232207 0
2794 -0.04397222320352381 0.1462743548557302 0
2795 -0.0478385763671984 0.1657779897100853 0
2796 -0.02901475653543714 0.1593745323426359 0
2797 -0.03288110969910432 0.1788781671967914 0
2798 -0.01405728986756052 0.1724747098294272 0
2799 -0.01792307862226872 0.1919762752270566 0
2800 0.0009001768001042354 0.1855748873160671 0
2801 -0.03674746286259953 0.198381802050747 0
2802 0.004766529963643129 0.1660712524624539 0
2803 0.0197239966311204 0.1791714299488641 0
2804 0.02359034979463306 0.1596677950954385 0
2805 0.03854781646198838 0.1727679725817387 0
2806 0.04241416962546252 0.1532643377284783 0
2807 0.05737163629267811 0.1663645152146596 0
2808 0.06123798945611661 0.1468608803615841 0
2809 0.0761954561231806 0.1599610578476403 0
2810 0.07232910295977685 0.1794646927005061 0
2811 0.09115168028356785 0.1730596351056669 0
2812 0.01585822337039311 0.1986721519233027 0
2813 0.09501927595347817 0.1535576004808645 0
2814 0.1099749078543199 0.1666546691079132 0
2815 0.1061103894568753 0.1861614128193317 0
2816 0.1249342092869675 0.1797579554525187 0
2817 0.1210678561235967 0.1992615903049441 0
2818 0.1398893216015435 0.1928538951318989 0
2819 0.1138430957836945 0.147154143114124 0
2820 0.1360253227901629 0.2123617677904079 0
2821 0.1548491426198675 0.205958310423739 0
2822 0.158715495783238 0.1864546755716568 0
2823 0.173668814293452 0.1995496103058023 0
2824 0.1698036320007534 0.2190532494014062 0
2825 0.04628052278900319 0.133760702875408 0
2826 -0.0251484033718318 0.1398708974884712 0
2827 -0.02178999619470398 0.2114819795372134 0
2828 -0.04061381602596875 0.2178854369045792 0
2829 -0.02565616039071045 0.2309830270946031 0
2830 -0.04448016918948194 0.2373890717584727 0
2831 -0.0594376358574735 0.2242888942718933 0
2832 -0.06330398902098611 0.2437925291259718 0
2833 -0.02952270252156527 0.2504892492450436 0
2834 -0.0106988826902302 0.2440857918775757 0
2835 -0.07826145568902521 0.2306923516393229 0
2836 -0.0821278088525467 0.2501959864934481 0
2837 0.102244036293689 0.2056650476716891 0
2838 0.06510434261970721 0.1273572455084781 0
2839 -0.06717034218448115 0.263296163980104 0
2840 -0.08598957969793605 0.2696912598214598 0
2841 -0.1009502885181468 0.256594496015393 0
2842 -0.1048179818475134 0.276103078714977 0
2843 -0.1801132611596062 0.3017169081758501 0
2844 0.2618773563438284 0.551505985210004 0
2845 0.09247954503599476 0.609131184394317 0
2846 0.3936540377992137 0.506662988070075 0
2847 0.3928419883886188 -0.02050879751835344 0
2848 -0.001643897368465985 0.6411372796593172 0
2849 -0.1234446584522635 -0.426898145256242 0
2850 -0.6673035796239981 -0.6056661703532772 0
2851 -0.07693483365260256 0.6667623003123705 0
2852 -0.09739475207275594 -0.3811983678118102 0
2853 0.04108754636899828 -0.2828056118868655 0
2854 0.3753372392700584 0.4219588591188054 0
2855 -0.1651557944898511 0.3148170856597491 0
2856 0.1816784552363312 0.7788021850066613 0
2857 -0.4454813065841312 0.04641007936375335 0
2858 -0.4643051263810855 0.05281353682443721 0
2859 0.2788697032423734 0.2001348654496877 0
2860 0.8146987296543362 -0.2003921345747304 0
2861 0.8296561964858703 -0.1872919572430789 0
2862 0.8335225494073484 -0.2067955921316339 0
2863 0.8484341762368709 -0.1937115541747468 0
2864 0.8523463691466699 -0.2131990497414079 0
2865 0.8673038359749449 -0.2000988724754278 0
2866 0.8711701888644153 -0.2196025073548176 0
2867 -0.1522301130868075 0.6923761296318174 0
2868 -0.7657663296915335 -0.4630191921355725 0
2869 -0.7619306257754914 -0.4825341669554819 0
2870 -0.3869618724587005 -0.3372472659374878 0
2871 -0.4057935855519849 -0.3308493433314964 0
2872 -0.6219232331738167 -0.657480354479177 0
2873 0.5055847327161551 0.6504720098818163 0
2874 0.5017213345160343 0.6699881922745199 0
2875 0.5205451543661936 0.6635847350301592 0
2876 0.516678801088436 0.6830883698407486 0
2877 0.5355026209369926 0.6766849125949641 0
2878 0.5316362676611338 0.6961885474044313 0
2879 0.512812447816009 0.7025920046488581 0
2880 0.5504600875070729 0.6897850901566386 0
2881 0.5277589314909858 0.7156779088724922 0
2882 0.5089460945426203 0.7220956394534815 0
2883 -0.7113573018067528 -0.1177820338726621 0
2884 0.4495106574081729 -0.749133272242831 0
2885 0.4345531906399842 -0.7622334496604234 0
2886 0.4533770104651418 -0.7686369071567817 0
2887 0.4384195436969617 -0.7817370845887693 0
2888 -0.7611119468171033 0.04465050232306225 0
2889 0.1194411356163574 -0.8550713788257654 0
2890 0.1382543207097843 -0.8615112007133763 0
2891 0.1421206737500728 -0.8810148356141365 0
2892 0.157078140524931 -0.8679146582327018 0
2893 0.1609444935532818 -0.8874182931374021 0
2894 0.1759019603397321 -0.8743181157719045 0
2895 0.5393689742165645 0.6571812777883351 0
2896 0.7123389800646585 -0.03825286022755142 0
2897 -0.2685314393009767 0.6591857915495055 0
2898 0.4452498749507888 0.689198563995425 0
2899 0.2741908684448222 -0.3075346743996512 0
2900 0.06682539449210766 -0.8554010056800861 0
2901 -0.03166508936660617 -0.7127484512100912 0
2902 -0.01671053702862554 -0.6996651892865107 0
2903 0.1886278222506811 0.2126517364203636 0
2904 -0.520025206559516 -0.7284770567038351 0
2905 -0.4511822303489756 -0.2790415185278985 0
2906 -0.5754134775398811 0.4361895129118818 0
2907 -0.3318332287816202 -0.7925394827121273 0
2908 -0.8031338852067265 0.1680757687152358 0
2909 -0.03553435685332174 -0.6932617319066996 0
2910 -0.02057689017839656 -0.6801615544341846 0
2911 -0.5759214238144348 0.5273042292620942 0
2912 -0.005111477564321787 -0.7581760938344358 0
2913 -0.4008010785488473 0.7950933501017237 0
2914 -0.3969397728461366 0.7756210795906575 0
2915 0.2452991024640435 -0.5159694415830776 0
2916 0.7948590199339634 -0.01175924339048168 0
2917 0.1459870267629727 -0.9005184705274767 0
2918 0.8768711161059094 0.1058490854111278 0
2919 0.4952017379221276 -0.1826480736795001 0
2920 0.5815760964016436 -0.1756602657615033 0
2921 -0.09790395331176258 -0.2900888591825548 0
2922 -0.08294648656547915 -0.2769886817877751 0
2923 0.408618129127079 0.519776044844888 0
2924 0.4124844823383551 0.5002724100139515 0
2925 0.4709877310402422 0.1166031707665616 0
2926 -0.1212960412080676 0.5363354400899487 0
2927 -0.1024754672174482 0.5299435940624603 0
2928 -0.09860911402043585 0.5104399592081219 0
2929 -0.08365164736907738 0.523540136723939 0
2930 -0.07978529417224633 0.5040365018700862 0
2931 -0.06482782752124422 0.5171366793854784 0
2932 -0.06096147432460042 0.4976330445321298 0
2933 -0.0460040076740017 0.510733222047101 0
2934 -0.04213765447759965 0.4912295871944715 0
2935 -0.02718061814206285 0.5043217611422659 0
2936 -0.02331383463125258 0.4848261298568192 0
2937 -0.008357012496332639 0.4979181460527308 0
2938 -0.004490014785572011 0.4784226725192774 0
2939 0.01046665351967416 0.4915148020699621 0
2940 0.01433380505937162 0.4720192151819306 0
2941 0.02929030086365864 0.4851115446157361 0
2942 0.03315663987389578 0.4656089540403925 0
2943 0.04811393840326234 0.4787079259777056 0
2944 0.0519814447470785 0.4592123005075773 0
2945 0.06693891139481156 0.4723124780192609 0
2946 0.07080547116830449 0.4527911362865989 0
2947 0.08576139408491718 0.4659012427812026 0
2948 0.08962751200603694 0.4463877449172332 0
2949 0.1045850241885173 0.4594980151556696 0
2950 0.1084493249445067 0.4399835805986457 0
2951 0.1234085756582109 0.4530946921029675 0
2952 0.1272711908721003 0.4335730520654065 0
2953 0.1422310866616964 0.4466873384309392 0
2954 0.1460928981970974 0.4271649032308067 0
2955 0.1610544072429503 0.4402835998109025 0
2956 0.1649128732890499 0.4207489038208907 0
2957 0.1798818304366804 0.433891733997546 0
2958 -0.3317187391537169 0.535160892219964 0
2959 -0.1878459674804299 0.3407241778840049 0
2960 0.2563902160880983 -0.4833656292853434 0
2961 -0.3147304611839661 0.1838153108245856 0
2962 -0.295906641354822 0.1774118534542991 0
2963 0.2009346479329099 -0.6463846909195184 0
2964 -0.2670075999515967 0.3858416422129409 0
2965 -0.2481837801225151 0.3794381848417843 0
2966 0.1666454164734017 -0.561966694753138 0
2967 0.4041293689665494 -0.6973045310109242 0
2968 0.3891728449315743 -0.7104192648275338 0
2969 -0.05455384771062835 0.02255452188394524 0
2970 -0.05068903756112644 0.003052190759709167 0
2971 -0.4088495578084059 0.21583259790718 0
2972 -0.2090099537033288 0.09328599945795849 0
2973 -0.227836120558922 0.09969057595262987 0
2974 -0.4070149922450869 0.560787828558746 0
2975 -0.2053431678387109 0.783197582416003 0
2976 -0.5947452436925257 0.5337076864767052 0
2977 -0.5908788903732142 0.5142040516598905 0
2978 -0.5942148699034134 0.4425781899575837 0
2979 0.5573741200522342 0.1235931537183022 0
2980 -0.1865193480302878 0.7767941249360806 0
2981 0.8647641160166308 0.2554747071436658 0
2982 0.6296217222517491 0.6446676281999765 0
2983 -0.7486942047593219 0.5133242659421077 0
2984 -0.3221524399196808 0.8411219621438157 0
2985 -0.1170385047765778 -0.9019847832258704 0
2986 -0.1358623245829119 -0.8955813258431529 0
2987 -0.098214684977372 -0.9083882406549277 0
2988 0.8157146204939758 -0.3826215680725547 0
2989 0.8007571537016357 -0.395721745388973 0
2990 0.8306720871939343 -0.3695213906601292 0
2991 0.7819333339714304 -0.3893182879179419 0
2992 0.7857996869896999 -0.4088219227549397 0
2993 0.7669758672540917 -0.402418465277391 0
2994 0.770842220273295 -0.4219221001180566 0
2995 0.7520184005464747 -0.4155186426444598 0
2996 0.7558847535586717 -0.4350222774822535 0
2997 0.7747085733235076 -0.4414257349619325 0
2998 0.7597511065954853 -0.4545259123237295 0
2999 0.7409272868542804 -0.4481224548600985 0
3000 0.7447936398861376 -0.4676260896967284 0
3001 0.7259698201528224 -0.4612226322367678 0
3002 0.7298361731803416 -0.4807262670716912 0
3003 0.7110123534396923 -0.4743228096046894 0
3004 0.7148787064673741 -0.4938264444426149 0
3005 0.696054886720693 -0.4874229869707221 0
3006 0.6999212397591237 -0.5069266218182404 0
3007 0.6810832552233792 -0.5005161410048536 0
3008 0.6849637730501204 -0.5200267991973153 0
3009 0.7037875928132635 -0.5264302566581528 0
3010 0.688830126106344 -0.5395304340431527 0
3011 0.7486599929628517 -0.4871297245471858 0
3012 0.7076160318569746 -0.5459242553204654 0
3013 0.6926964791627936 -0.5590340688810608 0
3014 0.6738726594047084 -0.5526306114335718 0
3015 0.6777390124602412 -0.5721342462705244 0
3016 0.666139953289645 -0.513623341726672 0
3017 0.8046235067476084 -0.4152253802271133 0
3018 0.7785749263502363 -0.4609293698049964 0
3019 0.5239035611093662 0.735195817012349 0
3020 0.5050797412751815 0.7415992742664681 0
3021 0.5427273809493247 0.7287923597678453 0
3022 0.8956385318092372 0.0994231918433898 0
3023 0.8917734342218427 0.1189343238017155 0
3024 -0.404672480007971 0.8146283492289966 0
3025 -0.8267971589957455 0.3762082354669423 0
3026 -0.8118502524913295 0.3893140220400821 0
3027 0.792291555476784 0.4438061471061558 0
3028 0.04077681407630847 -0.9011049953898368 0
3029 0.3597658596862794 -0.8277343377791105 0
3030 0.8528543143409593 -0.3043137660104298 0
3031 -0.644410464063491 0.696036316845377 0
3032 -0.258456219814805 0.8740190369087131 0
3033 0.9034276408946087 0.06043835746908191 0
3034 -0.915060916358103 0.02426707665127242 0
3035 -0.9001034497290054 0.03736725417801748 0
3036 -0.9189272695741948 0.04377071148990017 0
3037 -0.9039698029483033 0.056870889013673 0
3038 -0.9227936227892419 0.06327434632418111 0
3039 -0.907836156166643 0.07637452384502737 0
3040 0.8227421668630714 0.378899986463052 0
3041 0.8266085203096525 0.3593963516169529 0
3042 -0.1571123602122421 0.8941091968953017 0
3043 0.696562832229992 -0.578537703720824 0
3044 0.6816053655229184 -0.5916378811080166 0
3045 0.6627815457618045 -0.5852344236655398 0
3046 0.666616911804614 -0.6047006114901875 0
3047 -0.9106866169086222 -0.08635127514175846 0
3048 0.6711234054465556 0.612346968732439 0
3049 0.90057717754134 -0.1022874362443703 0
3050 0.9043810769250996 -0.1218054693295729 0
3051 -0.7076881576485086 0.5721284329642033 0
3052 -0.5577190669064485 -0.7156979957564846 0
3053 0.1648108465732488 -0.9069219280505058 0
3054 -0.8528885290885541 0.3305083049935299 0
3055 0.88606680586736 -0.2065254963183817 0
3056 -0.66343722630786 -0.6251698052043242 0
3057 0.9111603460249846 0.02143108749054781 0
3058 -0.1131721516805339 -0.921488418076716 0
3059 -0.4683686992729077 0.781731272713231 0
3060 -0.5765255278286013 -0.7092616366214056 0
3061 -0.7315077460057204 -0.5474485288948194 0
3062 0.4572433635300077 -0.788140542071593 0
3063 0.4722008302958335 -0.7750403646423313 0
3064 0.4422858967687522 -0.801240719515192 0
3065 0.8232501245760426 0.2877852585021795 0
3066 0.8082926572951781 0.2746850816529854 0
3067 0.5911554065464091 0.1302898739830099 0
3068 0.6061128731713454 0.1433900515417932 0
3069 -0.8658142169832299 -0.04705074252397376 0
3070 -0.8580815105313316 -0.08605801224014288 0
3071 0.4521639113038005 0.1230066284297262 0
3072 0.2847778989289244 -0.1838186528985387 0
3073 0.3036051317098194 -0.1902245779045812 0
3074 0.3185625985808906 -0.1771244006570497 0
3075 0.3224289514355126 -0.196628035567104 0
3076 0.3373864183060367 -0.1835278583200681 0
3077 0.3412527711604709 -0.2030314932293656 0
3078 0.3561991008355263 -0.1899278802170208 0
3079 -0.789192309035025 0.3634053794243192 0
3080 -0.8276586309600358 -0.1509723741438836 0
3081 -0.8160595712710351 -0.2094832787522342 0
3082 -0.789503044915883 -0.2548940057836598 0
3083 0.2244434999464782 -0.1451071123410948 0
3084 0.2283098528016307 -0.1646107472529619 0
3085 -0.7817703384172963 -0.2939012755249183 0
3086 -0.7513208843357082 -0.3587974926890855 0
3087 0.3845959388151602 0.1096111467481 0
3088 0.3696438672109961 0.09651300985905684 0
3089 -0.8735469234342851 -0.008043472820755709 0
3090 0.5996835641028021 0.6184431172268335 0
3091 -0.7209245791243657 -0.4237299993419255 0
3092 0.3600765908845651 -0.2094349508914562 0
3093 0.3750340577538863 -0.1963347736459098 0
3094 -0.73557130930685 0.181469211096322 0
3095 0.03284689433682395 -0.1526836277202079 0
3096 0.02898028187626769 -0.1331764707593245 0
3097 0.01015660363644921 -0.1267749245197433 0
3098 0.02511418824766543 -0.1136763579702611 0
3099 0.006290322711398177 -0.1072716332050493 0
3100 0.0212472469639009 -0.09417086142683495 0
3101 0.00242401541283771 -0.08776926561409634 0
3102 0.0173814821586574 -0.07466908821984575 0
3103 -0.001442337631842788 -0.06826563073873124 0
3104 -0.01639980437783348 -0.0813658081331318 0
3105 -0.02026590988515167 -0.06186141778143997 0
3106 -0.0352236241687631 -0.07496235065210302 0
3107 0.610797902445974 0.6510710856088006 0
3108 0.6718408775691772 -0.1881717442834001 0
3109 0.6568834108216839 -0.2012719216483191 0
3110 -0.6283293153717648 -0.1824031324607396 0
3111 0.6478091304853261 -0.5983246302937054 0
3112 0.6516904321209844 -0.6178382358987082 0
3113 -0.5901737298451765 -0.2863247642319305 0
3114 -0.5857994311391432 -0.3969431166395007 0
3115 -0.3108576700259258 0.1643079096469202 0
3116 -0.2920363364961145 0.1579063331042792 0
3117 -0.277082821525614 0.1710083960840175 0
3118 -0.5404190850647848 -0.4487573010787728 0
3119 0.6832427205350102 0.4627314568586871 0
3120 0.6644189006605763 0.4691349142032897 0
3121 -0.5453013297614799 -0.247024231796049 0
3122 0.677231066961826 -0.4810195295141744 0
3123 -0.5834569152838173 -0.1431026000521127 0
3124 0.6066208222885539 0.05227533235302698 0
3125 0.1532180015244376 -0.8483779561728217 0
3126 -0.5530340360441666 -0.2080169620551935 0
3127 -0.4019254350027192 -0.3503519028614132 0
3128 0.1955444582036686 -0.3535369060306029 0
3129 0.1767206383855778 -0.3471334486295941 0
3130 0.7221034671038052 -0.4417189974073263 0
3131 -0.001753070352353947 -0.6865650118120687 0
3132 -0.139717607632208 -0.8760376019418575 0
3133 -0.1546861443863234 -0.8891778684616851 0
3134 -0.4227911337204433 0.02050298703143233 0
3135 -0.4189247806545123 0.0009993521595089705 0
3136 -0.4054911531355755 0.2874436797285333 0
3137 0.2491654555561071 -0.535473076451232 0
3138 -0.2647786017308644 -0.6880313252856582 0
3139 0.1837396134453158 0.4143542997424672 0
3140 0.1987056502741978 0.4274882766613967 0
3141 0.1311288975700965 0.4140362026188515 0
3142 0.3508200473640846 0.1029164671932694 0
3143 0.3546864005641752 0.08341283234281438 0
3144 0.3735046711163497 0.07700765716821964 0
3145 0.3585477716133503 0.06390826579329778 0
3146 0.3397289339186926 0.07031265482674362 0
3147 0.3435952871185552 0.05080901997768886 0
3148 0.3247714672736443 0.05721247731121618 0
3149 0.3286378204733079 0.03770884246278247 0
3150 0.3098140006289412 0.0441122997961528 0
3151 0.3136803538284639 0.02460866494823583 0
3152 0.294856533984555 0.03101212228145619 0
3153 0.2987228871839539 0.01150848743394528 0
3154 0.2798990673404167 0.01791194476706254 0
3155 0.2837654205397175 -0.001591690080075314 0
3156 0.2649416006965548 0.004811767252937305 0
3157 0.2688079538957494 -0.01469186759385094 0
3158 0.2499841340528961 -0.008288410260928303 0
3159 0.2538504872520191 -0.02779204510740399 0
3160 0.2350266674094527 -0.02138858777457808 0
3161 0.3025892403828989 -0.007995147412989845 0
3162 0.05319455172410353 -0.4324312334379636 0
3163 0.06815201841501184 -0.4193310559795982 0
3164 -0.2541954341588496 -0.5643127961268706 0
3165 -0.2209220935870394 -0.4665013591667265 0
3166 -0.202095776252484 -0.4728978898115334 0
3167 0.09349080450605582 0.4268705723945052 0
3168 0.3167221801613552 -0.522059685023151 0
3169 0.3781952496622892 0.5846904066484021 0
3170 0.3593714298310307 0.5910938639643754 0
3171 0.03702312245361325 0.4460972266995779 0
3172 -0.01944899146274581 0.4653161210567938 0
3173 0.3162200829426656 -0.4309649195696008 0
3174 0.3123537298516534 -0.4114612847070631 0
3175 0.2935299100494166 -0.4050578272720581 0
3176 0.03823708503308521 -0.4455314108962918 0
3177 -0.2600935707909943 -0.1803502946917706 0
3178 0.05014687595251774 0.1142570680222172 0
3179 0.06896948288652396 0.107850419838822 0
3180 0.06479361110630516 -0.4909421380196916 0
3181 0.04596979128701698 -0.4845386806174861 0
3182 -0.238927234261899 0.06708676368068348 0
3183 -0.1896805355447228 -0.004231055913972159 0
3184 -0.152030156856878 -0.01704137030574127 0
3185 -0.1332074194894783 -0.02344130392834001 0
3186 -0.1197741194951022 0.2629994742819161 0
3187 -0.297732766693366 -0.1675351093968713 0
3188 0.17753696966 0.1800485534727172 0
3189 -0.1098137443761659 -0.8498773361032496 0
3190 -0.4513794450440817 0.4303725810453315 0
3191 -0.6901909637022188 0.1296550264078939 0
3192 -0.7051484304417115 0.1165548490275721 0
3193 -0.03940071000284487 -0.6737580970543769 0
3194 -0.4923854919193087 0.3715684137626946 0
3195 -0.5622905783527243 0.1043344589572019 0
3196 -0.5434667585626219 0.09793100148856393 0
3197 0.3084873767612541 -0.3919576498448 0
3198 0.2896571075236653 -0.3855459362371825 0
3199 0.07018762133696474 -0.7837658831808285 0
3200 0.08900762152971478 -0.790193381123443 0
3201 -0.4431387927892962 0.300250594470244 0
3202 -0.4493476596496223 0.0659137142344135 0
3203 -0.4681714794460812 0.07231717169488927 0
3204 -0.483121747073918 0.05921726231564189 0
3205 -0.005619423504026361 -0.667061376957923 0
3206 0.005992593689819803 -0.7255305236928321 0
3207 0.1847593630124597 0.2321506471023685 0
3208 0.1659402561231887 0.2385621227606814 0
3209 -0.163631955094196 0.04147293375327268 0
3210 0.1760138206765136 0.4533922082141971 0
3211 0.8373889023244219 -0.2262992270124608 0
3212 0.1383678375648577 0.466202283516426 0
3213 0.8634374831700908 -0.1805952376081598 0
3214 -0.01456523585365047 0.2635894267314208 0
3215 0.004258583977527375 0.2571859693640032 0
3216 0.1007125974592848 0.4789855049892711 0
3217 0.04424873835648507 0.4982195702066615 0
3218 -0.4996102522683368 0.3194609665812901 0
3219 -0.0710366953479929 0.2827997988341971 0
3220 0.006601098667859934 0.5110264848838344 0
3221 -0.03104654102380938 0.5238333995614938 0
3222 -0.4101761833707976 -0.2202373512786823 0
3223 -0.06870070499937217 0.5366116182131117 0
3224 0.4418914682390183 0.6175874820007807 0
3225 0.222100984277263 -0.3989476331493874 0
3226 0.4274323260014903 0.5133675601151619 0
3227 0.4312961469711462 0.4938530350721987 0
3228 -0.1063414859267738 0.5494377610842285 0
3229 -0.1251656402642284 0.5558506862564264 0
3230 -0.2128786538115597 0.1127907533475835 0
3231 0.1970682948293656 -0.6268810560450144 0
3232 0.22698322826222 -0.600680701155389 0
3233 0.3624140709213813 0.04441192160712909 0
3234 -0.3278533592579446 0.5156703651678624 0
3235 -0.3466771791053204 0.5220738225014536 0
3236 0.3930321383062432 -0.7298991229415495 0
3237 0.3742153781593609 -0.723519442231519 0
3238 0.370349000713934 -0.7040005001930402 0
3239 0.3553915583501044 -0.717115984733669 0
3240 -0.1316852398495173 -0.2967855790963662 0
3241 -0.5349153774556744 0.5861083969011396 0
3242 0.3325041736723774 0.01820520761506811 0
3243 -0.3335542810130433 0.1902187681948245 0
3244 -0.5898629982209893 0.3319746185747897 0
3245 -0.5859966450615726 0.3124709837309263 0
3246 0.8585552396521284 0.02113782634805306 0
3247 -0.601444354693625 0.3904650267476198 0
3248 0.7981907461662953 0.05984839907520867 0
3249 0.7793936084816407 0.06625529326146207 0
3250 0.534683946934723 0.149500245858532 0
3251 -0.6097027102480068 0.5206075088734839 0
3252 0.8174827676627153 -0.03763564426602695 0
3253 -0.6091825804096458 0.4294876022443357 0
3254 0.2388930206085195 -0.0408922226207408 0
3255 0.2200692007662738 -0.03448876528802028 0
3256 0.8967108247290311 -0.08278380133978741 0
3257 -0.6550491396068567 0.5723879055637293 0
3258 -0.6589494044289795 0.5919253302654245 0
3259 -0.6777732241998403 0.5983287877315551 0
3260 -0.6627852599162235 0.6113903496717876 0
3261 -0.8990875572480139 -0.1448621797379447 0
3262 0.6257553691363782 0.6641712630502892 0
3263 0.8567206674302439 -0.323817400837896 0
3264 -0.7807300048154836 -0.4761216494976667 0
3265 -0.6816395772465715 0.6178324225828502 0
3266 -0.7768880924207469 -0.4956343445298538 0
3267 -0.2434987530493488 0.887119214340409 0
3268 0.8899940085776528 -0.2260059649686192 0
3269 0.8750365418285255 -0.2391061422456965 0
3270 -0.6666821105238628 0.6309325999651332 0
3271 -0.723972250214611 0.1229583065094111 0
3272 -0.7201058971796428 0.1034546716459075 0
3273 -0.7012820773994695 0.09705121416340856 0
3274 -0.231702473603352 0.1191942108295818 0
3275 -0.5620802374251004 -0.6050714562462102 0
3276 -0.6061470882451621 -0.1171955077845823 0
3277 -0.6249709080706417 -0.110792050384627 0
3278 -0.6399283747652343 -0.1238922278499253 0
3279 -0.6437947278958036 -0.1043885929825935 0
3280 -0.5978722857422911 -0.2473327289963163 0
3281 -0.5636172037154862 -0.3317354913759734 0
3282 0.2048009817647547 -0.6658738989181171 0
3283 0.2236248208576419 -0.6722917832270134 0
3284 0.1859771812152686 -0.6594848683654272 0
3285 -0.4700060501828721 -0.272638061128842 0
3286 0.720890360354267 0.4499245421799355 0
3287 -0.40345936849657 -0.07701518766529566 0
3288 -0.388501901747237 -0.06391501026915147 0
3289 -0.08681283961017472 -0.2574850469118687 0
3290 0.2679866186743305 -0.5418554503650367 0
3291 -0.5565896577165833 0.4297860555475204 0
3292 -0.2466532670350521 0.1060926883366582 0
3293 0.2035878957814893 0.2257552080277986 0
3294 0.2074542489448625 0.2062515731762456 0
3295 0.8152066748253346 -0.2915068511872073 0
3296 -0.4671555884193735 -0.1099122621085142 0
3297 -0.4367327094050509 -0.174826624127445 0
3298 0.2303416357477045 -0.5290696190150077 0
3299 0.2264752826558115 -0.5095659841465427 0
3300 0.6780412792080776 0.04616382258469515 0
3301 -0.3371099067032932 0.8280217847364009 0
3302 -0.340985261561407 0.8474927676245012 0
3303 -0.3260187929555822 0.8606255970619091 0
3304 -0.118250178084001 -0.01034112411218505 0
3305 -0.1143838101503634 -0.02984453379140523 0
3306 -0.1293427231241748 -0.04294506323694611 0
3307 -0.1105189033324447 -0.04934852071884049 0
3308 -0.2520501332814215 0.3989418196961617 0
3309 -0.2708726650386941 0.4053411138862434 0
3310 -0.2332263134514072 0.3925383623246851 0
3311 -0.07908013352075693 -0.2964923166636013 0
3312 -0.06412266677466255 -0.2833921392689884 0
3313 -0.09403760026686225 -0.3095924940582327 0
3314 -0.1901884809752165 0.08688366098864839 0
3315 -0.004292799810812153 -0.230991429654595 0
3316 0.4671213781805825 0.1361068056866931 0
3317 -0.3412869873330244 0.2292260379017341 0
3318 0.4195996229728829 -0.7753110038004781 0
3319 0.8590631852314264 -0.06997688595733055 0
3320 0.6705142518940101 -0.6242416933435235 0
3321 0.65555678518882 -0.6373418707417675 0
3322 0.6367209698807914 -0.6309290960649652 0
3323 0.6405811644347903 -0.6504079162768088 0
3324 -0.1759351392489156 0.9004181427929328 0
3325 0.6445670999911757 0.6577648849779436 0
3326 0.9155346444329757 -0.08918725903571798 0
3327 0.5200372078487255 0.7546994518165712 0
3328 0.5012133880184824 0.7611029090795628 0
3329 0.4862559214424021 0.7480027315349914 0
3330 0.48238956818949 0.7675063663481383 0
3331 0.4674321016109505 0.7544061888067659 0
3332 0.4635657483566209 0.7739098236092206 0
3333 0.4486082817795045 0.7608096460703491 0
3334 0.4447419285251701 0.7803132808719868 0
3335 0.4297844619482833 0.7672131033337055 0
3336 0.4259181087031139 0.7867167381584935 0
3337 0.4109606421194045 0.7736165606198881 0
3338 0.4070942888714897 0.7931201954237991 0
3339 0.392136822290505 0.7800200178902371 0
3340 0.3882704690425947 0.7995236526926934 0
3341 0.3733130024616788 0.7864234751595537 0
3342 0.3694466492139369 0.8059271099619237 0
3343 0.3544891826330198 0.7928269324294669 0
3344 0.3506228293855936 0.8123305672318121 0
3345 0.3356588228526292 0.7992088649845122 0
3346 0.3317990095572713 0.818734024501974 0
3347 0.3168415429758937 0.8056338469706485 0
3348 0.3129751897293152 0.8251374817732395 0
3349 0.2980108122057948 0.8120136764317714 0
3350 0.294151369901915 0.8315409390462288 0
3351 0.2791939033190418 0.8184407615161805 0
3352 0.2753275500741007 0.8379443963196729 0
3353 0.2603700834904863 0.82484421879131 0
3354 0.2565037302467068 0.8443478535953648 0
3355 0.2415462636616995 0.8312476760696116 0
3356 0.2376799104198063 0.8507513108747881 0
3357 0.2714611968331581 0.8574480311241751 0
3358 0.2227224438322858 0.8376511333499158 0
3359 0.2188560905923834 0.8571547681568609 0
3360 0.2038901107833192 0.8440242227014143 0
3361 0.2000322707655819 0.8635582254444893 0
3362 0.1850748041715755 0.8504580479250745 0
3363 0.1812084509381852 0.8699616827365714 0
3364 0.1662415105402286 0.8568276256249631 0
3365 0.1623846311119916 0.8763651400371327 0
3366 0.1474271645078014 0.8632649625244786 0
3367 0.143560811284291 0.882768597342642 0
3368 0.1286033446744272 0.8696684198378115 0
3369 0.124736991458296 0.8891720546595274 0
3370 0.1097795248405743 0.8760718771672784 0
3371 0.105913171636119 0.89557551199312 0
3372 0.09095570500722561 0.8824753345058609 0
3373 0.08708935181354037 0.901978969337902 0
3374 0.07213188517361113 0.8888787918685744 0
3375 0.3090920445505076 0.8446076733734122 0
3376 0.3467564761394457 0.8318342020346772 0
3377 0.3843890326784412 0.8189998277571311 0
3378 0.06826553199693179 0.9083824267058452 0
3379 0.05330806534303821 0.8952822492148084 0
3380 0.1773420977200289 0.8894653175543689 0
3381 0.2149691598291343 0.8766140518810078 0
3382 0.4408584427529943 0.7997916061103547 0
3383 0.1209799130711582 0.9085804258342998 0
3384 0.04944171216633157 0.914785884061574 0
3385 0.03448424550607264 0.9016857066139153 0
3386 0.03063984691785601 0.9210933833843744 0
3387 0.0156604256761452 0.9080891639870303 0
3388 -0.7525605578184335 0.5328279007835486 0
3389 0.07842445368679082 -0.9139119103537874 0
3390 -0.9222856765602636 -0.02784037057140186 0
3391 -0.4384537664501293 0.8079316283785904 0
3392 -0.5320649184925702 0.7488341962574311 0
3393 -0.8307063014447965 0.3957159293668405 0
3394 -0.8157488346675446 0.4088161066760677 0
3395 -0.7968970893924879 0.4024130999308481 0
3396 -0.8007913678785535 0.4219162839774473 0
3397 -0.8196151876054913 0.4283197415382894 0
3398 -0.8046577208168574 0.4414199188354114 0
3399 0.4973470347713365 0.7806065438834835 0
3400 0.9106524028594385 0.1125458044949672 0
3401 0.9067860502942268 0.1320494394989988 0
3402 -0.727641392711901 -0.5669521637705821 0
3403 -0.9266599760034329 0.08277798115418372 0
3404 -0.9117025093840496 0.09587815867219633 0
3405 -0.6822610462120651 -0.6187663479698671 0
3406 0.7003893762843758 -0.5980079201182142 0
3407 0.7153690343286343 -0.5849326168479071 0
3408 0.8382075918158474 0.3008854353754599 0
3409 0.8570314113992931 0.2944819771526327 0
3410 0.8531650591046475 0.3139856122249217 0
3411 0.8193837722812206 0.3072888935780409 0
3412 0.448297558443702 0.1425102633500913 0
3413 -0.8286745197958094 0.03125706220315297 0
3414 -0.8315249841940519 -0.1314687392784271 0
3415 -0.4678607514322852 0.6906165556609289 0
3416 -0.4750855115137033 0.6385091050078491 0
3417 -0.7446306423477499 -0.2155934709790401 0
3418 -0.7162395441400107 0.08395103678015953 0
3419 -0.6974157243583052 0.07754757929723943 0
3420 -0.7350436458679162 0.09035834156542821 0
3421 -0.7123558507440575 0.06445042460078892 0
3422 -0.6935493713148835 0.0580439444294808 0
3423 -0.7085068380583054 0.04494376704384098 0
3424 -0.6896830182720145 0.03854030955995882 0
3425 -0.70464048501651 0.02544013217313501 0
3426 -0.6858166652284742 0.01903667468887768 0
3427 -0.7007741319745725 0.005936497300681826 0
3428 -0.6819503121850691 -0.0004669601840388837 0
3429 -0.6708591984846188 0.03213685207998784 0
3430 -0.7325236388913179 -0.365219094728682 0
3431 -0.4413042250298937 0.6452058252465742 0
3432 -0.6969077789323377 -0.01356713757364134 0
3433 -0.678083959144115 -0.01997059505878088 0
3434 -0.6631264923953093 -0.006870417667870637 0
3435 -0.6592601393533706 -0.0263740525435944 0
3436 -0.6742176061022034 -0.03947422993525163 0
3437 -0.6755442328090594 -0.4755441836181575 0
3438 0.6069169806643033 0.670545900463434 0
3439 -0.6567204129142497 -0.4819476408993888 0
3440 -0.5814251318677766 -0.5075614684925491 0
3441 -0.03186521773079656 -0.003351266608111636 0
3442 -0.04682268439851708 -0.01645144409344573 0
3443 -0.6074588141629329 -0.5532503444966834 0
3444 0.04007165499336809 -0.1005761805761714 0
3445 -0.8890123363289734 0.06997106653612103 0
3446 -0.5432695470097636 -0.6114831012564238 0
3447 0.6027544695490832 0.07177896730224217 0
3448 -0.6288372612006518 -0.09128841551820341 0
3449 0.6940231052935221 -0.1229641196965919 0
3450 0.6901567522992131 -0.1034604848211208 0
3451 -0.6732017161132076 -0.2217036655817284 0
3452 -0.6770680692864443 -0.2022000307107095 0
3453 0.01952677883280839 0.8885855291281595 0
3454 0.0006851824134200546 0.8949418276628479 0
3455 -0.003157734593153799 0.9143779276191299 0
3456 -0.01812086083726133 0.9013924439321863 0
3457 -0.02200642274870947 0.9208225439428224 0
3458 -0.03694468067907608 0.9077959013804385 0
3459 0.6217612648696668 -0.6440213044394826 0
3460 0.6256313609200213 -0.6635280600948199 0
3461 0.6439454670337469 -0.5788223901750889 0
3462 0.6068085527810071 -0.6571255621944473 0
3463 0.6106843850485825 -0.6766424029872936 0
3464 0.5918605652450798 -0.6702389455379489 0
3465 0.5957269183229629 -0.6897425804157635 0
3466 0.07595802754224752 0.8692981430899106 0
3467 -0.540606617825691 0.2606544722632422 0
3468 0.1324696978871645 0.8501647850492741 0
3469 0.5877970025876647 0.0586787901353848 0
3470 -0.5215952652101924 -0.4551607584292716 0
3471 -0.3355860656602709 0.5546776348711544 0
3472 -0.3206285990128247 0.5677778123898765 0
3473 -0.33945241886227 0.5741812697239442 0
3474 0.3262854999468965 -0.2161285199579145 0
3475 0.1916781050759969 -0.3340332711712404 0
3476 0.2105009472142564 -0.3404230929397958 0
3477 -0.4661276620573629 -0.2921371619322249 0
3478 0.8010678948173716 0.2225776344577006 0
3479 0.2642364367340742 0.8053405839968979 0
3480 0.2311603142102383 -0.001884952928222938 0
3481 0.5454355261368009 -0.4361868658339826 0
3482 0.6200544474456927 0.3387196635264335 0
3483 0.6050806913267041 0.3256133907821741 0
3484 0.6239208007885861 0.3192160286850489 0
3485 0.6089633342204018 0.3061158510497121 0
3486 0.627787154140741 0.2997123938476564 0
3487 0.6128114420285325 0.2866053456702335 0
3488 0.6316409305852152 0.2802044365340327 0
3489 0.5939883431239444 0.2930077748530296 0
3490 0.6166719053347518 0.2670993543074938 0
3491 0.6354991329258792 0.2606985292522287 0
3492 0.6504773274160713 0.2738053018228223 0
3493 0.6543436807778933 0.2543016669845387 0
3494 0.6393711314608532 0.2411970031571987 0
3495 0.6581960388973989 0.2347940281312449 0
3496 0.6731554684485928 0.2478929444578687 0
3497 0.6432525675885642 0.2216978544973436 0
3498 0.6620763875114233 0.2152943973122648 0
3499 0.6471189209579631 0.2021942196603404 0
3500 0.6659280622587127 0.1957851354779935 0
3501 0.680900207430703 0.2088909401278782 0
3502 0.6509852743239916 0.1826905848244502 0
3503 0.6022465199216118 0.1628936863931628 0
3504 -0.4207530723490032 -0.3439510654818612 0
3505 0.1728542852575986 -0.3276298137700634 0
3506 0.1578968185669041 -0.3407299912287045 0
3507 0.7229221494169605 0.08546566730871519 0
3508 0.7355370978027965 -0.1552746696104661 0
3509 0.01320439632372786 -0.673464834335229 0
3510 0.6301296680683496 0.5535529112400234 0
3511 0.6113058482377318 0.5599563686431623 0
3512 0.6151722013702294 0.5404527337724983 0
3513 0.3960031755380748 0.7605163830906841 0
3514 -0.1585416749458484 -0.8696362153067034 0
3515 -0.1735099641866489 -0.8827744110812811 0
3516 -0.1696436110492611 -0.9022780459127463 0
3517 -0.1884674308458103 -0.8958745885335275 0
3518 0.3904994709328732 -0.2743493155974162 0
3519 0.5862731609671566 0.3320229430977811 0
3520 0.1540304654389676 -0.3212263563689657 0
3521 0.1390650953704576 -0.3343170104932875 0
3522 -0.1923232043113142 -0.8763315179797655 0
3523 -0.2072912506398082 -0.8894711311558954 0
3524 -0.2111576037764019 -0.8699674963304387 0
3525 -0.2261078184359208 -0.8830234857668516 0
3526 -0.2299814235799126 -0.863564038973226 0
3527 -0.2449293565647897 -0.8766210721710315 0
3528 0.8518384240900591 -0.1220843330407827 0
3529 -0.4529032850079455 0.7037167334552032 0
3530 0.05135998185636823 -0.777386466302201 0
3531 0.2025596118078014 0.4079397907273807 0
3532 0.2175173357019076 0.4210567363851689 0
3533 0.2136631169173582 0.4405884541680146 0
3534 0.2324806737071676 0.4341712764054361 0
3535 0.2363429563897919 0.4146619949985786 0
3536 0.2513046576805958 0.4277861276832278 0
3537 0.2551771097823056 0.4082779046558782 0
3538 -0.2487974273154862 -0.8571275836450079 0
3539 -0.2637627100438186 -0.8702607591067943 0
3540 -0.03112942108733263 -0.803838101672718 0
3541 -0.8634716975664219 0.2067897759317843 0
3542 -0.8784291642888037 0.1936895985562707 0
3543 -0.8822955173279101 0.2131932334007555 0
3544 -0.8972529840480867 0.2000930560269893 0
3545 -0.8933866310050422 0.1805894211832792 0
3546 -0.9122104507659133 0.1869928786501429 0
3547 -0.9083440977204067 0.1674892438069183 0
3548 0.1687713428161324 0.4012117727317048 0
3549 0.03436963048943134 -0.4260230332000237 0
3550 -0.7370951456138651 0.4548133613827861 0
3551 -0.1659722787624157 -0.2123644513765303 0
3552 -0.690698909068024 0.2207697432360709 0
3553 -0.472348565957748 -0.5264785776305689 0
3554 -0.476207305600996 -0.5069610007214638 0
3555 -0.4573910993177061 -0.5133784000999142 0
3556 0.3726866115368112 -0.4501606376269637 0
3557 0.4190798831049433 -0.6841807482446739 0
3558 0.400263958667234 -0.6778154525261331 0
3559 0.4152214254371404 -0.6647152751274616 0
3560 0.5772138328143702 -0.06503973924075968 0
3561 0.4550038010231817 0.2857314391653674 0
3562 0.01942006824240261 -0.4391110770209395 0
3563 0.4209223499649291 -0.3392636776232054 0
3564 -0.857065617981435 -0.2682874463142527 0
3565 -0.8758443190256826 -0.2618652118109701 0
3566 -0.8720230846265232 -0.2813876238838708 0
3567 -0.5396004055068606 0.07842736662010569 0
3568 0.3444090809491428 0.5779766421139346 0
3569 0.3405434084164278 0.5974870452660253 0
3570 0.3255854702765172 0.5843870806874691 0
3571 0.3217237901685252 0.6039007785982448 0
3572 0.3067663235443066 0.5908006010856622 0
3573 0.3028953334249318 0.6103013780579125 0
3574 0.2879425037115704 0.5972040584032752 0
3575 0.2840761505036968 0.6167076932347054 0
3576 0.2691186838780091 0.6036075157211148 0
3577 0.2652523306699427 0.6231111505533143 0
3578 0.2502948640435109 0.6100109730391452 0
3579 0.2464285108352822 0.6295146078727623 0
3580 0.2314710442080019 0.6164144303578005 0
3581 0.2276046909994827 0.6359180651923602 0
3582 0.2126472243713725 0.6228178876766629 0
3583 0.2087808711625998 0.6423215225132647 0
3584 0.1938234045335347 0.6292213449964441 0
3585 0.1899570513243029 0.6487249798341481 0
3586 0.1749995846944337 0.6356248023163814 0
3587 0.1711332314847111 0.655128437155108 0
3588 0.156175764854021 0.6420282596364081 0
3589 0.1523069653161957 0.6615181369670152 0
3590 0.1373519450121742 0.6484317169570433 0
3591 0.1334832454102448 0.6679206545191565 0
3592 0.3711677049001929 -0.1768311387383202 0
3593 0.3899915246230762 -0.1832345964009427 0
3594 -0.4170829671535798 0.3459507336764865 0
3595 0.7553768079983251 -0.3439075606967741 0
3596 -0.4498556050018429 0.1570284308565862 0
3597 -0.4459892519591548 0.1375247959826729 0
3598 -0.4648130717473168 0.1439282534646862 0
3599 0.3861251717694112 -0.1637309614936754 0
3600 0.4049355419844145 -0.1701328543447377 0
3601 0.4010762821670357 -0.150629704120196 0
3602 0.4199064583611956 -0.1570342419114224 0
3603 0.4088103594096794 -0.1896389563868201 0
3604 0.4160401055074997 -0.1375306070041544 0
3605 0.4348639252304162 -0.1439340646665423 0
3606 0.7267885020029997 0.06596203231833592 0
3607 0.05838752826134555 -0.01586491859495268 0
3608 -0.4903537067815686 0.007109547131997018 0
3609 -0.3093363364439681 -0.109030804057109 0
3610 0.1185248815633563 0.6548224819537348 0
3611 0.1146617719570333 0.6743388091218653 0
3612 0.0997006530251261 0.6612242404124642 0
3613 0.09583795211097654 0.680742266444353 0
3614 0.08087727366159192 0.667626738346295 0
3615 0.07701140481100413 0.6871307007221132 0
3616 -0.3358967954089076 -0.063621747839852 0
3617 0.4309975723766301 -0.1244304297590639 0
3618 0.4498213921000834 -0.1308338874214936 0
3619 0.4459550392460818 -0.111330252513561 0
3620 0.4647788589700427 -0.1177337101759789 0
3621 0.4609125061158331 -0.09823007526738867 0
3622 0.4797363258408288 -0.1046335329299796 0
3623 -0.2486894038429867 0.470545424973565 0
3624 -0.0947427608230817 0.4909363243546259 0
3625 -0.08650210830750743 0.3608143377259284 0
3626 -0.1254744360597397 -0.06244793700420465 0
3627 -0.1066512490908166 -0.06885134102413587 0
3628 -0.09169398261714165 -0.05575131076890227 0
3629 -0.8951675887876962 -0.1643503309824261 0
3630 0.1808977227890614 0.2516623002456268 0
3631 0.1625818489466669 0.1669510407196865 0
3632 0.1814011337569658 0.1605430745853855 0
3633 0.1664429683871801 0.147443888986685 0
3634 -0.2848155278452534 0.2100156657909973 0
3635 0.1009143899915966 -0.2303991836252725 0
3636 0.1873044845295792 -0.2234098230322064 0
3637 -0.0666623961990056 0.1721814470775752 0
3638 -0.115909095352023 0.2434992663744684 0
3639 0.523786684708947 -0.5924910699256595 0
3640 0.07639267048923012 -0.549453042606977 0
3641 0.03132305612160974 0.1206605253891767 0
3642 0.1447762919507494 -0.008876971373607712 0
3643 -0.01925026655677156 -0.2440916070492127 0
3644 -0.01772642861312468 -0.5174357556000532 0
3645 -0.08782873049650616 -0.07525561307739467 0
3646 0.4551822728292865 -0.4236777800118129 0
3647 -0.2397435973536422 -0.4600910358014707 0
3648 0.0624510954223356 -0.7447826539546545 0
3649 0.4758699729861923 -0.08512989802054702 0
3650 0.4946937927118562 -0.0915333556831002 0
3651 0.490827439857214 -0.07202972077270947 0
3652 0.5096512595838966 -0.07843317843565861 0
3653 0.873004763537973 0.1253527204124911 0
3654 -0.5568850295111317 -0.188512027231586 0
3655 -0.2224459312011884 -0.1931572096586979 0
3656 0.6684824698972516 -0.2597828262347665 0
3657 0.6496586501397413 -0.2533793687487382 0
3658 0.06205003459178068 0.6740261617309489 0
3659 0.05819031241253561 0.6935491810922997 0
3660 0.04323284577692202 0.6804490035634364 0
3661 0.03936649255999899 0.6999526384150034 0
3662 0.4142055350441046 -0.4824858416111885 0
3663 -0.09973878364785058 -0.6349897430678684 0
3664 0.4163461228698609 0.4807592482734239 0
3665 0.4351680571134816 0.4743566815556323 0
3666 0.5869783206717735 -0.4685058768867523 0
3667 0.4202121646199878 0.4612583154249195 0
3668 0.439034928657034 0.454855062764746 0
3669 0.319381275610234 0.3500602628647277 0
3670 -0.3244859006690867 0.58725920196953 0
3671 -0.2059646269132457 -0.4534011816938466 0
3672 -0.1871408070906322 -0.4598046390732383 0
3673 -0.1832744539423553 -0.4793082739253652 0
3674 -0.1683169872687547 -0.4662080964529612 0
3675 -0.1644494336429711 -0.4857048891703284 0
3676 -0.14949316744717 -0.4726115538324712 0
3677 -0.1456262803248751 -0.4921011779667682 0
3678 -0.1605842809722645 -0.5052153661558046 0
3679 -0.1417604611512272 -0.5116188235350583 0
3680 -0.1567179278241516 -0.5247190010064458 0
3681 0.4240835419751851 0.4417615055016971 0
3682 0.4429014122032346 0.4353521474979498 0
3683 -0.2014819748856383 0.7636727586241544 0
3684 -0.2203006346053107 0.7700974050080266 0
3685 -0.05049182352610837 -0.7063619093842709 0
3686 0.6535250031608955 -0.2728830036056937 0
3687 0.6347011834013243 -0.2664795461159275 0
3688 0.6308348303747808 -0.2469759112584398 0
3689 0.6158773636365118 -0.2600760886295305 0
3690 0.6197437166628108 -0.2795797234876907 0
3691 0.6009198968988059 -0.2731762660008289 0
3692 0.6047862499241654 -0.2926799008590383 0
3693 0.5859624301591442 -0.2862764433708757 0
3694 0.5898287831842076 -0.3057800782295518 0
3695 0.5710049634194163 -0.2993766207410592 0
3696 0.5748713164441369 -0.3188802556000186 0
3697 0.5560474966783824 -0.3124767981107095 0
3698 0.5599138497030156 -0.3319804329701707 0
3699 0.5410900299371659 -0.3255769754806728 0
3700 0.5449563829615875 -0.3450806103404702 0
3701 0.5261325631954625 -0.338677152850751 0
3702 0.5299989162198171 -0.3581807877110785 0
3703 0.5111750964525574 -0.3517773302206757 0
3704 0.5970535438704644 -0.2536726311433541 0
3705 0.5671386103919747 -0.279872985882217 0
3706 0.5372236769107478 -0.3060733406208266 0
3707 0.5073087434270679 -0.332273695359484 0
3708 0.4923512766836307 -0.3453738727306129 0
3709 0.4961992766600645 -0.3648733842141695 0
3710 0.02440294049821809 0.6868336823737666 0
3711 0.02054267270513974 0.7063560957388534 0
3712 0.005585206068579707 0.6932559182052473 0
3713 0.001718852847803515 0.7127595530610593 0
3714 -0.6656662195650438 0.4487031664073182 0
3715 -0.1595683892024702 -0.6874447998481344 0
3716 -0.4869952992419527 0.07872062915524436 0
3717 -0.7152236549697578 -0.09827839900964694 0
3718 0.7226114125778536 -0.5328337141104134 0
3719 -0.01324467572368573 0.6996393679328686 0
3720 -0.01710786506422091 0.7191454555338042 0
3721 -0.03206243364889957 0.7060628328449101 0
3722 -0.03592878687496223 0.725566467705129 0
3723 -0.5854886965435179 0.2213562681011177 0
3724 -0.1908936467942842 0.8874124768804995 0
3725 -0.194759999900868 0.9069161118089214 0
3726 -0.6259867983347109 0.07143738423093546 0
3727 -0.3024217876823279 -0.6752116504466905 0
3728 -0.2985598882033875 -0.6947280453837595 0
3729 -0.3173837080149222 -0.6883245880135695 0
3730 -0.5171074520652524 0.7619343740671565 0
3731 0.5044582808809145 -0.4949994939633725 0
3732 -0.0494759317996907 -0.8885913431062211 0
3733 -0.05089236602823169 0.7124449660789465 0
3734 -0.05475561152249053 0.7319512490741867 0
3735 -0.06971007337648993 0.7188697474801404 0
3736 -0.07357642660963798 0.7383733823442424 0
3737 0.5637802027291924 -0.3514840678298025 0
3738 -0.5473331116179421 0.1174346363568934 0
3739 -0.5285092918281507 0.1110311788886152 0
3740 -0.4405990624994988 -0.1553229892533776 0
3741 -0.1382885403661158 0.8877057394711891 0
3742 -0.1421415981677873 0.9071296728422406 0
3743 -0.7886843638823419 0.2722906627439513 0
3744 -0.7737012146113612 0.2853925942298816 0
3745 -0.7698605441226257 0.2658872052241284 0
3746 -0.5604372495990908 0.4492734433269845 0
3747 -0.08853931701621545 0.7252566958481538 0
3748 -0.09240024648093495 0.7447768396589411 0
3749 -0.1073577131147772 0.7316766621057165 0
3750 0.6259525862834037 -0.04524284236886772 0
3751 -0.5323683663325189 0.130534864682964 0
3752 0.05522633498116999 -0.7968901011819594 0
3753 0.03640251515293239 -0.7904866437669791 0
3754 0.009335831946937545 -0.6539438043726629 0
3755 -0.009485776657760847 -0.6475577421024155 0
3756 -0.123331073641627 0.9008059169430365 0
3757 -0.4305238398526793 0.05951025677380548 0
3758 0.8188758134365721 0.3984036213168051 0
3759 0.8376996334247302 0.3920001641880601 0
3760 -0.08263575511342441 0.3413107028768496 0
3761 -0.1014595749558632 0.3477141602153181 0
3762 0.3963976056319339 -0.6583118176294906 0
3763 0.4539899007043017 0.4679479231999664 0
3764 0.3515252476485649 -0.6975969587643821 0
3765 0.3365677385421917 -0.7107125272360298 0
3766 0.4230676483864274 0.6239909392415637 0
3767 -0.6058363569294214 0.5011038740597524 0
3768 0.3747233264233364 -0.8146341603202933 0
3769 0.3785896795295914 -0.83413779522181 0
3770 0.3636322127899132 -0.8472379726827679 0
3771 -0.3028206720790708 0.7436037883855111 0
3772 -0.2878632054167658 0.7567039659200161 0
3773 -0.613043051111238 0.4489883813369098 0
3774 0.3366667747548431 0.6170034430417022 0
3775 0.4113550723997134 -0.6452116402318745 0
3776 0.2801811098380381 0.6361865119381382 0
3777 -0.2167450068559936 0.1322943882245295 0
3778 0.1860865044729437 0.6682150644939235 0
3779 0.489802138579878 0.1101994785349685 0
3780 -0.111224066354677 0.7511802969706641 0
3781 -0.1261815329876714 0.7380801194145518 0
3782 -0.1826529949735904 0.757290490038011 0
3783 -0.1300478862286472 0.7575837542733497 0
3784 0.3404340915811849 -0.7302161621371338 0
3785 0.3216050782595121 -0.7237899455471866 0
3786 0.317744504184806 -0.7042927922437776 0
3787 0.302786451963924 -0.7174092471420139 0
3788 0.3141830151666808 -0.06650560330343402 0
3789 0.05432395919915642 0.7130528159416976 0
3790 -0.4900377374154439 0.6253969210569508 0
3791 -0.486174027565349 0.6058908946155508 0
3792 -0.4939093313723139 0.6449125623119408 0
3793 -0.6048204648813915 0.3188744410967905 0
3794 0.2504920808356534 -0.09940312293264486 0
3795 0.2239355539652912 -0.05399240013379045 0
3796 0.2051117341234733 -0.04758894280120893 0
3797 0.2089780873224019 -0.06709257764652382 0
3798 0.911607003387084 -0.06970110881903013 0
3799 -0.6009541117219582 0.2993708062538797 0
3800 -0.6246601768020188 0.5075073312727445 0
3801 -0.6086868180402194 0.3383780759391396 0
3802 -0.381982306431041 0.7887212574140882 0
3803 -0.3781159528539689 0.7692176226192577 0
3804 -0.5986115970111134 0.5532113212937658 0
3805 0.8345384403385179 -0.3890250255242089 0
3806 0.6218737688100284 0.6836599598715163 0
3807 0.6030651962338088 0.6900783553009545 0
3808 -0.8905983628332231 -0.2749239626032532 0
3809 -0.8944887886019592 -0.2552540103416672 0
3810 -0.8678058153163122 0.3174179020911683 0
3811 -0.767518024524006 0.5197277233922069 0
3812 -0.7636289845145106 0.5002213226423374 0
3813 -0.7824754912310976 0.506627546003648 0
3814 -0.2623225728831533 0.8935226718210078 0
3815 0.09724827350730894 -0.9203153678268068 0
3816 -0.9011193370867016 0.2195966908685969 0
3817 -0.2230940016731626 -0.9021831722731587 0
3818 0.8938603615421272 -0.2455095998144989 0
3819 -0.04081103378666553 0.9272995362550477 0
3820 -0.05576850050871657 0.9141993588049203 0
3821 0.849495906982111 -0.3759248480573862 0
3822 0.0832229986597138 0.9214826041845612 0
3823 0.8716781341110775 -0.3107172234290783 0
3824 0.8719888786926825 0.3075821539963092 0
3825 0.8681225264294488 0.327085789082753 0
3826 -0.0943483318887911 -0.9278918755057173 0
3827 -0.2598963568730731 -0.8897643939222122 0
3828 -0.2787201766822476 -0.8833609366069686 0
3829 -0.282577503276044 -0.8638232646955546 0
3830 -0.2975439964883608 -0.8769574792799527 0
3831 -0.3014103496664455 -0.8574538444651028 0
3832 -0.3163678162964358 -0.8705540219598118 0
3833 -0.3202341694768633 -0.851050387144993 0
3834 -0.3351916361021466 -0.8641505646332153 0
3835 -0.3390579893004178 -0.844646929856962 0
3836 -0.3540154559136757 -0.857747107348838 0
3837 -0.3578818091268718 -0.8382434725784945 0
3838 -0.3728392757270282 -0.85134365007355 0
3839 -0.3767056289486423 -0.8318400152951869 0
3840 -0.3916630955443899 -0.8449401928010014 0
3841 -0.3955223189239495 -0.8254122576435974 0
3842 0.8338332799919782 0.4115037990531605 0
3843 -0.1846010777092376 -0.9153782233609934 0
3844 -0.6783715452485332 -0.6382446882933293 0
3845 -0.5726687546840568 -0.7287694477477075 0
3846 -0.8456637682063831 0.3826157520588258 0
3847 0.6180138199258782 0.7031656405180911 0
3848 0.5991988431324472 0.7095819901384516 0
3849 0.6444656715645003 -0.6699456830116589 0
3850 0.614550738137005 -0.696146037866908 0
3851 0.5995932714049201 -0.7092462153016379 0
3852 0.5807694515821941 -0.7028427578494512 0
3853 0.5846358046665847 -0.7223463927446979 0
3854 0.565811984835322 -0.7159429352892639 0
3855 0.5696659005036409 -0.7354237230152838 0
3856 0.5508545180863313 -0.7290431127356523 0
3857 0.5547167092711253 -0.7485275678522431 0
3858 0.5358970513353991 -0.7421432901838414 0
3859 0.539763404425273 -0.7616469250943383 0
3860 -0.9300183829886147 0.01116689912427271 0
3861 0.4760671833631827 -0.7945439995576322 0
3862 -0.4104787966963092 -0.8384943974812307 0
3863 -0.4143460115117727 -0.8190052630301639 0
3864 -0.4293028213485069 -0.8321004095140289 0
3865 -0.433177088444153 -0.8126296435084066 0
3866 0.149853379780514 -0.9200221054426914 0
3867 -0.8868920434711114 -0.2944465404620484 0
3868 -0.2748538234984066 -0.9028645714553151 0
3869 -0.1271974267639018 0.9203095518379021 0
3870 -0.9140450239004007 -0.1579623572870031 0
3871 -0.9101112447655327 -0.1774449522742547 0
3872 -0.9178387121359893 -0.1384363656984918 0
3873 0.9049514753991732 -0.2129057877095948 0
3874 0.9010851225329568 -0.1934021528405308 0
3875 -0.3448426127804503 0.8670290545714965 0
3876 -0.3598000795722116 0.8539288771687361 0
3877 -0.7713843775815961 0.5392313582276744 0
3878 -0.7564269108785535 0.5523315356177498 0
3879 -0.795688900614452 -0.4892227949599776 0
3880 -0.7995405909049627 -0.4697146972625966 0
3881 -0.5915003533471899 -0.7223947161174366 0
3882 -0.8234815405411381 0.4478233763993761 0
3883 0.8755444873009737 -0.3302208582893018 0
3884 0.6099792264194999 0.123886416690302 0
3885 0.6249366930448059 0.1369865942493271 0
3886 -0.8474983395915872 0.03766051959350322 0
3887 0.3995588005060607 0.1227133648927854 0
3888 -0.7548801083332648 0.2789883719203972 0
3889 -0.7510152552618764 0.2594864916491813 0
3890 -0.7587694303656962 0.298491017431883 0
3891 -0.81270116431627 -0.1378721965904082 0
3892 -0.8088049194897912 -0.1573659482662073 0
3893 0.2886476648385178 -0.2033247551521487 0
3894 0.2698238451121197 -0.1969212974894447 0
3895 -0.7786091381721154 0.4871239111640538 0
3896 -0.7819675481455026 0.4155128264196079 0
3897 -0.7363899921525595 -0.3457154598622685 0
3898 0.5839306498483772 0.07818242508372128 0
3899 0.5689731828871782 0.06508224791743056 0
3900 -0.7505287760451506 0.1683690337235628 0
3901 0.4034251537060959 0.1032097300412451 0
3902 0.20948603307411 -0.1582072895896158 0
3903 0.205619680218962 -0.1387036546775781 0
3904 0.2133474842782511 -0.1777049180346657 0
3905 0.3789004106074968 -0.2158384085532317 0
3906 0.01351512911414166 -0.05516545334435038 0
3907 -0.2355688266477775 0.1386978457065258 0
3908 0.5919740826500965 0.6574745430241244 0
3909 -0.5821302919023147 0.2929673488880792 0
3910 -0.597060080837152 0.2798663562760367 0
3911 0.5963483815412023 0.5468561911758604 0
3912 0.6001916136374825 0.5273382173424941 0
3913 0.5924820284116488 0.5663598260456185 0
3914 0.438721595233041 -0.1634337337126363 0
3915 0.3639429437391003 -0.2289385857981232 0
3916 0.4686452118236623 -0.1372373450841984 0
3917 -0.5471359003294964 -0.5919794664260917 0
3918 0.6530170578033673 -0.1817682867844427 0
3919 0.638059591054254 -0.1948684641512005 0
3920 0.628295101041904 0.2085976768418265 0
3921 -0.7543951290728744 0.1878726685816478 0
3922 -0.7394376623334881 0.2009728459541172 0
3923 -0.5800985071808342 -0.07149151733554063 0
3924 0.04780436108219024 -0.1395834503260903 0
3925 0.05167071412675775 -0.15908708520074 0
3926 0.5392494755773416 -0.6705185465868378 0
3927 -0.6963998351308381 -0.104681856382052 0
3928 -0.7002661882941531 -0.08517822152084401 0
3929 0.6290002592865467 -0.5919311436139194 0
3930 0.4985601455663331 -0.1110369905931129 0
3931 0.4884771708731788 -0.3258674738217967 0
3932 0.1898435343179443 -0.6789885032434364 0
3933 0.1710197144965278 -0.6725850458112852 0
3934 0.1671533613940387 -0.6530814109340574 0
3935 -0.5896572330543273 -0.3774333164521926 0
3936 0.1701173375649722 0.837357870420368 0
3937 0.4910246501295734 -0.7814438221251301 0
3938 0.4735274569134157 -0.3389704152404313 0
3939 0.2077649772367873 0.8245509558347793 0
3940 0.6682852538658743 0.4496312793246819 0
3941 0.649461433995411 0.4560347366698208 0
3942 -0.5708419644682263 -0.3838429391271359 0
3943 -0.5380765693506872 -0.1949167845815778 0
3944 -0.6476610810257182 -0.08488495811663579 0
3945 -0.6327036143313596 -0.07178478065331542 0
3946 -0.5254616184000971 -0.4356571235642122 0
3947 0.1901542674810293 -0.06068912031409038 0
3948 0.1940206206798693 -0.08019275515894267 0
3949 0.301884076392176 0.7925336694434434 0
3950 0.1862879142820467 -0.04118548546907294 0
3951 0.3395317160514071 0.7797267548992324 0
3952 -0.4849635168801885 -0.2857382386018582 0
3953 -0.4888298700173701 -0.2662346037290816 0
3954 0.127473939193296 -0.2758156290331237 0
3955 -0.1715618812601941 0.7898943023385291 0
3956 -0.3069977548642657 0.1448080411177338 0
3957 -0.2881739350351429 0.1384045837474377 0
3958 0.6679745245545832 -0.1686681094172841 0
3959 -0.416885688900791 -0.3634543808237579 0
3960 -0.3980596613161369 -0.3698554928782127 0
3961 0.2610752474971174 0.02431540209991945 0
3962 0.7481520475071827 -0.3960150078123624 0
3963 0.4336508152021796 0.7477094685327956 0
3964 0.7474305021319071 0.4045021646652435 0
3965 0.2909911209606537 0.05051687093536761 0
3966 -0.1306693476257335 -0.4790150112118897 0
3967 0.7051142190700939 -0.09036030746550219 0
3968 0.686290399304518 -0.08395684994191771 0
3969 -0.407318333299034 -0.05750959534899375 0
3970 -0.3923626060448067 -0.04441076158685039 0
3971 0.2402149459328118 0.3951697336944732 0
3972 0.2590399544409306 0.3887681155169443 0
3973 0.2530318086483654 -0.5549767113208224 0
3974 0.4712984548583294 0.734902554003227 0
3975 0.8170412477627137 0.05344837726602608 0
3976 0.3209091711475021 0.076721931689849 0
3977 -0.4039673139221075 0.01409952957059141 0
3978 0.4980522010475807 -0.01992227365736543 0
3979 0.3273111965629169 -0.3983611072797728 0
3980 0.3234448434726085 -0.3788574724184725 0
3981 -0.5416227770706676 0.4428801517604014 0
3982 -0.1283268322372295 -0.2251744970719505 0
3983 0.3093060544383848 0.1352270167103585 0
3984 -0.1378919959382643 -0.5311137673167161 0
3985 -0.1528515746761936 -0.5442226358563836 0
3986 -0.1229361637027003 -0.5180111600414499 0
3987 -0.05709512112751602 0.4781294096797469 0
3988 0.05401322911606823 0.09475343316891807 0
3989 0.07283532781011534 0.08834773665639281 0
3990 0.0877945156142004 0.1014501532882703 0
3991 0.09165975164897514 0.08194549055784475 0
3992 0.1066183354448807 0.09504669592135609 0
3993 -0.3451440668993055 0.2487213290818084 0
3994 0.0869755718724273 -0.425728931571497 0
3995 0.08310948510563093 -0.4062308785211204 0
3996 0.06428566528732579 -0.3998274211201793 0
3997 0.07924313197764957 -0.3867272436620167 0
3998 0.04983754321147527 -0.5040344006101001 0
3999 0.03101232459522085 -0.4976388580761152 0
4000 0.3335099458478656 -0.1640214930383456 0
4001 -0.2953986936390971 0.08629713612397547 0
4002 -0.2915323405948372 0.06679350124780259 0
4003 0.2718517018886022 -0.5613600236852571 0
4004 -0.5135518250934016 0.1241313562886992 0
4005 0.6235985229934541 -0.2990750574307118 0
4006 -0.1442983078439659 -0.05604500409643165 0
4007 -0.008667098288333758 -0.120373077883439 0
4008 -0.2076856799161982 0.5293570683824816 0
4009 -0.2115520331162514 0.5488607032377958 0
4010 -0.2303758529671086 0.5552641605735565 0
4011 -0.2154183863170062 0.5683643380937259 0
4012 -0.2342422061692207 0.5747677954297806 0
4013 -0.1965945664652259 0.5619608807576232 0
4014 -0.2004609196661279 0.5814645156142505 0
4015 -0.1816370998136647 0.575061058277922 0
4016 0.1429359656931898 -0.3538203198278909 0
4017 0.1241155320579007 -0.3474267112861771 0
4018 -0.03807408634756607 -0.2376881495682756 0
4019 -0.1347329151833478 0.2499027237418954 0
4020 0.1589127102124306 -0.5229594250270969 0
4021 -0.244317426963766 0.359934549987682 0
4022 0.7094885171046443 -0.2009786592796691 0
4023 -0.1385992683467502 0.2694063585957138 0
4024 -0.5612746873799375 -0.077894974798007 0
4025 -0.6375858574332527 0.1299482888409056 0
4026 -0.5659597202192088 -0.5855760092042979 0
4027 -0.5174181781487469 0.1436349911573964 0
4028 0.593695136211556 -0.3252837130883243 0
4029 0.1620739029601806 0.2580657576119509 0
4030 -0.6824582576179851 0.09064775668381739 0
4031 -0.4222762608107329 -0.07060832253231414 0
4032 -0.644302672605453 -0.01327387515143133 0
4033 -0.3881941494333597 0.5543543471326599 0
4034 -0.4031486390156338 0.5412841937138758 0
4035 -0.4219724588715797 0.5476876510197066 0
4036 -0.4145436161131637 -0.1096166479224953 0
4037 0.4279498951891572 0.4222578706604104 0
4038 0.4467737150362711 0.4158544133432794 0
4039 0.2224089423624409 0.2193507319938914 0
4040 0.2262780687741686 0.1998481158099268 0
4041 0.218539660261619 0.2388561769264582 0
4042 0.2740009296175129 0.4018744473211393 0
4043 0.2778621227113736 0.3823624605937654 0
4044 0.8257898434652653 -0.167788322371488 0
4045 0.7736926823897456 -0.2591963014551542 0
4046 -0.4609467187046523 0.1244246185910156 0
4047 -0.4217673583688164 -0.1617246089719838 0
4048 -0.1083736069192129 0.9139060944227623 0
4049 0.461731181669034 0.4289545908697314 0
4050 0.3743288964542443 0.6041940414761975 0
4051 -0.4343901929182057 0.07901389164452455 0
4052 0.1816028831658205 -0.5488665172903633 0
4053 -0.06564650422879764 -0.01004798672569202 0
4054 0.2286176618360377 0.4536818790703392 0
4055 0.83016414149777 -0.2784066737704523 0
4056 0.2370549800010489 -0.3858424974513118 0
4057 -0.07521378047608526 -0.3159959515391833 0
4058 0.8894860635707569 -0.1348912483793395 0
4059 0.9083098832765066 -0.1412947060201456 0
4060 0.9232673500968358 -0.1281945287458581 0
4061 0.0003922308141282582 0.2766896042176445 0
4062 -0.01843158901695091 0.283093061585128 0
4063 0.01921605064509996 0.2702861468503065 0
4064 0.02308240380838567 0.2507825119969508 0
4065 0.03803987047570745 0.2638826894830012 0
4066 0.04190622363892146 0.2443790546299648 0
4067 0.05686369030601282 0.2574792321157956 0
4068 0.06073004346915536 0.2379755972630653 0
4069 0.07568751013603464 0.2510757747486846 0
4070 -0.5870125370556523 0.4947004168460484 0
4071 0.4632550253208677 0.1556104406072624 0
4072 0.444431205583576 0.1620138982708752 0
4073 0.4269340016700255 0.6044873044321255 0
4074 -0.220611359900425 0.1517980231014683 0
4075 0.8678117810638886 -0.2912135886158853 0
4076 -0.09759322176175958 0.3282105253664227 0
4077 -0.1164170416039381 0.3346139827048038 0
4078 -0.1102081736119004 0.5689508637736249 0
4079 -0.1290407041814018 0.575322572791208 0
4080 0.4462560315407926 0.5069564012090139 0
4081 0.4423994155905731 0.5264727650514186 0
4082 0.378081528009371 -0.743003406673675 0
4083 0.2953605169403248 -0.06010203652037205 0
4084 -0.1855034530146239 0.5945646931351866 0
4085 -0.204327272868111 0.600968150471903 0
4086 0.2409248040944605 -0.4053510905495494 0
4087 -0.2370926666105309 0.4120419971799264 0
4088 -0.2182688467797314 0.4056385398082041 0
4089 -0.2144024936206621 0.3861349049524059 0
4090 -0.199445026948753 0.3992350824360982 0
4091 0.2237383377928056 0.6554217000277229 0
4092 -0.0004264467659648441 -0.2504950645301722 0
4093 -0.01538197544061379 -0.2635879684366746 0
4094 0.0145312816941606 -0.2373914065836503 0
4095 0.03233777953226799 -0.06156748615193744 0
4096 0.1854692362965586 -0.5683701521538268 0
4097 0.1705117696037135 -0.5814703296173903 0
4098 -0.1414473445679637 0.1066795031999531 0
4099 -0.1375833763746476 0.0871769247905762 0
4100 -0.3428108259043355 0.5025701876513882 0
4101 -0.3616346457503809 0.5089736449845437 0
4102 0.2989202410486633 -0.6978892166766762 0
4103 0.2839626321574078 -0.7110057896448063 0
4104 0.1296192385924527 0.6874389866418575 0
4105 -0.1979211870641484 0.1258909307425468 0
4106 0.09195167112704627 0.7002197383249227 0
4107 -0.00214750036967476 0.7322631879177099 0
4108 -0.03979514009744192 0.74507010256569 0
4109 -0.07744277984113015 0.7578770172075991 0
4110 -0.3258215746933136 0.1512114984880332 0
4111 -0.09017124722198516 -0.3290961289336408 0
4112 -0.4181061056423603 0.5281840161760014 0
4113 -0.4369299254971271 0.5345874734814704 0
4114 0.3935471462690507 -0.8210376177622953 0
4115 0.3974134993780684 -0.8405412526771251 0
4116 -0.3900257380193959 0.2094291404255423 0
4117 -0.3938808119764823 0.228925375577096 0
4118 -0.2164342815530371 0.7505937701101147 0
4119 -0.2690393855471461 0.7503005085819042 0
4120 -0.2729057387578518 0.7698041434598417 0
4121 0.7832599609626291 0.04675165826189379 0
4122 -0.651216698335609 0.5529180605580492 0
4123 -0.3631584864365668 0.7823178004367894 0
4124 -0.3592967975176626 0.7627924934419718 0
4125 -0.3742495992772141 0.7497139878208146 0
4126 0.4820788450586808 0.1492069829436294 0
4127 0.885111764504616 -0.02427290155989097 0
4128 0.8662879449439831 -0.01786944367042997 0
4129 -0.6439927445590543 0.6050047004649026 0
4130 -0.1657772579157302 -0.9217816807397927 0
4131 -0.4481244354978053 -0.8256908357765703 0
4132 -0.4519936759384274 -0.8062036654497224 0
4133 -0.3298784858501911 0.8800710758688617 0
4134 -0.7973993082181837 0.4935188202520793 0
4135 -0.7464652126298383 -0.560548706505216 0
4136 -0.7503315659248516 -0.5410450716218898 0
4137 0.852621012280893 0.4050859388565848 0
4138 0.856523453414867 0.3855967070618307 0
4139 0.8866356008188926 -0.2976170460602284 0
4140 -0.9300371655979512 0.1024241962848504 0
4141 -0.9152573616060268 0.1154425037496234 0
4142 -0.934392682420072 0.1217852508056815 0
4143 -0.8965702456063039 0.1090189964836039 0
4144 0.04561691144777466 0.9341474942038487 0
4145 -0.871712348815546 0.336911762544146 0
4146 -0.1798025331271078 0.920016289235705 0
4147 -0.05963485361609193 0.9337029936904533 0
4148 0.6743581299610298 -0.6437148275508361 0
4149 0.9304899692447416 -0.07594881589416692 0
4150 0.9265530336443334 -0.05659660705798938 0
4151 -0.007029747274669026 0.9339962562746087 0
4152 -0.937751089412893 0.05017416880308702 0
4153 -0.685505930291795 0.6373360574314284 0
4154 -0.6705484635706849 0.6504362348115634 0
4155 -0.6517072618886667 0.6440013076055219 0
4156 -0.7004633970086709 0.6242358800502763 0
4157 -0.04467738688961378 0.9468031711431832 0
4158 0.9199089422357452 -0.1998056104715263 0
4159 -0.8495301211679355 0.4021193869077082 0
4160 0.9256098699583007 0.1256459815388242 0
4161 0.9216674736231745 0.1451264519656135 0
4162 0.9028603818762414 0.1515400467822183 0
4163 0.9178771648253693 0.1646532515566229 0
4164 0.8990533451553462 0.171056709518325 0
4165 0.9139493254733376 0.1841420878849516 0
4166 0.9294762225234182 0.1061423465320924 0
4167 0.08229080675281759 -0.9334155452527222 0
4168 0.1686771995938771 -0.9264255629668143 0
4169 0.1836346663890753 -0.9133253855724265 0
4170 -0.1122121829987033 0.9332944091381328 0
4171 -0.7918455590733741 -0.5087345221039474 0
4172 0.9270271500343468 -0.1477386137317536 0
4173 -0.2473651061154307 0.9066228492547024 0
4174 0.7192530050509579 -0.6044447960116653 0
4175 0.7341921508852567 -0.5913374711402087 0
4176 0.9420911698202279 -0.1345979863515315 0
4177 -0.5359312720605424 0.7683378310700882 0
4178 -0.5508887384913981 0.7552376532536095 0
4179 -0.5209642095834952 0.7814088308672583 0
4180 -0.7425988593362483 -0.5800523413873584 0
4181 -0.7237750394124193 -0.5864557986500107 0
4182 -0.406620562112662 -0.8580403703451014 0
4183 0.8533622601787038 -0.3954284828910596 0
4184 -0.8866698155881939 0.3238115852389944 0
4185 -0.8828034626340123 0.3043079503855691 0
4186 -0.4669583748547083 -0.8193263637997162 0
4187 -0.4708205887143805 -0.7998013799618187 0
4188 -0.4857821946921427 -0.8129229065627783 0
4189 -0.4896485479658903 -0.7934192717727743 0
4190 -0.6972008177406324 -0.6318492394368863 0
4191 -0.6933377564144786 -0.6513579198547527 0
4192 -0.674528339583833 -0.6577736176722098 0
4193 0.1875010194102587 -0.9328290204918361 0
4194 0.2024584862097485 -0.9197288431124939 0
4195 -0.5876148311913683 -0.7418732532566051 0
4196 -0.5688101801797985 -0.748301808170195 0
4197 0.1011146265760454 -0.9398190027266077 0
4198 0.8683197268558114 -0.3823283054205348 0
4199 -0.7652890325528411 -0.5541452492362545 0
4200 0.4948910031996619 -0.8009474570425242 0
4201 0.479925791438833 -0.8140123415028839 0
4202 -0.9274508528405871 0.1738322197628684 0
4203 0.8116510537803917 0.3462961738928978 0
4204 0.6847432205700259 0.189382489534104 0
4205 0.6997051860719461 0.2024809106584499 0
4206 -0.3554356580468924 0.7432663427079028 0
4207 -0.3327356053884811 0.7174034332364667 0
4208 -0.8436319864657806 0.01815688474452568 0
4209 0.1906596991106319 -0.1518021547304855 0
4210 -0.3703833891447973 0.730172211387373 0
4211 0.273690197967332 -0.2164249324002056 0
4212 0.6177119365116372 0.08487914446946718 0
4213 -0.8165675175510452 -0.1183685617302737 0
4214 -0.3404823274347221 0.7563955300939156 0
4215 -0.4490369314572336 0.6842130986596928 0
4216 -0.4340794650334927 0.6973132764523593 0
4217 -0.4302131114836791 0.6778096416579216 0
4218 -0.4152625629028172 0.6908626588238203 0
4219 -0.7520526123281459 0.4417131839911123 0
4220 0.4294737387061887 0.1489137210136459 0
4221 0.4256073858461465 0.1684173559343972 0
4222 -0.7938773444410551 -0.1442756538927334 0
4223 -0.8513646927219781 0.05716415443517422 0
4224 -0.7649782999473809 0.06415413717211058 0
4225 0.2925140176937469 -0.2228283900628044 0
4226 -0.7234643048008567 0.03184358965434217 0
4227 0.2548633020147244 -0.2100180731285753 0
4228 -0.7175661722627339 -0.3521189171513926 0
4229 -0.7136998189991808 -0.3716225520141945 0
4230 0.02847220836841363 -0.0420647814537734 0
4231 0.04729581236544741 -0.04846810074704636 0
4232 -0.7582614820989113 0.2073763034392968 0
4233 -0.7900109911953842 -0.1637792887497981 0
4234 -0.6605738262309915 -0.4624399557672972 0
4235 -0.6417629462922807 -0.4688474633154292 0
4236 -0.6378814129758699 -0.4883366289171073 0
4237 0.3827667634611657 -0.2353420434596442 0
4238 -0.2394351796922056 0.1582014805834668 0
4239 0.5775245617172132 0.5532596485815107 0
4240 0.2878237230351093 -0.7304852456005356 0
4241 -0.02799886456833189 -0.02285490146121572 0
4242 -0.04295633123593329 -0.03595507894644195 0
4243 -0.6113400665877078 -0.5337618250373669 0
4244 0.0666265343486902 -0.1459841707078193 0
4245 -0.5925038342282678 -0.5401569208381716 0
4246 -0.5283023220023589 -0.5983762175673435 0
4247 -0.5244279801502663 -0.6178716876687145 0
4248 -0.1450053528617408 0.7444835767173218 0
4249 0.009648776069575427 -0.03566181846879782 0
4250 -0.03307832757484812 0.8882922664933792 0
4251 -0.9004031198530765 0.1285404057333214 0
4252 -0.8817875761310704 0.1220785136873017 0
4253 -0.8778481159651521 0.1025912662609018 0
4254 -0.8856539293324737 0.1415821485071282 0
4255 -0.7360792576103562 0.2725839250629946 0
4256 -0.7322129046053721 0.2530802902020488 0
4257 0.6491507047859346 -0.1622646519174505 0
4258 0.6264605309959282 -0.1363575591223827 0
4259 0.5736392048172138 0.5727338818622493 0
4260 0.05116276869516853 -0.06797236830652462 0
4261 0.6751992855259438 -0.1165606621728858 0
4262 0.5650964788771273 0.08458294727753693 0
4263 0.5501493631878867 0.07148570569928225 0
4264 -0.3219552215334764 0.1317078636347961 0
4265 -0.5762321541150244 -0.09099515221100404 0
4266 -0.07287126374950745 -0.06215543568266282 0
4267 -0.6582442494365065 -0.2086034880783981 0
4268 -0.6621106026091808 -0.1890998532093052 0
4269 -0.6404363195637479 -0.03277751002739851 0
4270 0.2577168404507258 -0.04729567995338552 0
4271 -0.715731598720056 -0.007163680091039321 0
4272 -0.7118652456780923 -0.02666731496565189 0
4273 0.6029516789009524 -0.6376351332528869 0
4274 0.00456931212570319 0.8754853516839801 0
4275 0.02339313194373893 0.869081894257185 0
4276 0.6251226367019151 -0.5724190022222788 0
4277 -0.5088667979983912 0.6318123847697629 0
4278 -0.5419429224897849 -0.1754131497126501 0
4279 0.8384047935437863 -0.408528660351046 0
4280 -0.07134742743150335 -0.3354995864144495 0
4281 -0.3135173548636833 -0.7078282228512148 0
4282 -0.3323411746739788 -0.7014247654813923 0
4283 -0.5354274669956358 0.6771948489144428 0
4284 0.1751968008389313 -0.07378929782666502 0
4285 -0.5066377985463518 -0.4420605809143663 0
4286 -0.5027556396253127 -0.4615517652728975 0
4287 0.6625843379506059 0.1241796762099403 0
4288 0.658717985437566 0.1436833112129349 0
4289 -0.6587282067250125 -0.1174796546135334 0
4290 -0.6548858414614417 -0.1369924053154125 0
4291 -0.4558672615579722 -0.7867225514620881 0
4292 0.5955297080165711 0.01967152004189943 0
4293 -0.4612574525332745 -0.4938747652481073 0
4294 -0.3993958020375973 -0.8059329232330485 0
4295 0.7972015423820659 0.2420812694899417 0
4296 0.7822440751961928 0.2289810925451822 0
4297 0.7783777227843305 0.2484847275863326 0
4298 0.7633926233745112 0.2353735591239876 0
4299 0.7595539031813031 0.2548881856969305 0
4300 0.74459643598723 0.2417880087688731 0
4301 0.7407070539013715 0.2612808750806825 0
4302 0.725753902944193 0.2481863575998423 0
4303 0.7219062639562772 0.2676951019065074 0
4304 0.7556875507691092 0.2743918207332949 0
4305 0.7296048804480532 0.228667782329101 0
4306 0.6958366963545903 0.2219789980287654 0
4307 0.1878117519483381 -0.3145296363114619 0
4308 0.1790631540376845 -0.09329293267107075 0
4309 -0.4000953291785635 -0.005403710887610047 0
4310 -0.4111920745849034 -0.03800791790789451 0
4311 0.5728395356265761 0.04557861297010529 0
4312 -0.4810971637430265 -0.3052418734747888 0
4313 -0.4622733439080718 -0.3116453308742217 0
4314 0.5098484699668163 -0.7878472796066174 0
4315 0.5059816794710823 -0.768315524969263 0
4316 0.5320306982480972 -0.7226396552791386 0
4317 0.5170732314985934 -0.7357398327252531 0
4318 0.2115132978432607 -0.5226551796487831 0
4319 0.2076514628475352 -0.5031625267098283 0
4320 -0.2946935350544775 -0.7142316802222211 0
4321 0.6978894582940059 -0.1424677545722162 0
4322 0.5635829876835591 0.3579300351414814 0
4323 -0.4357168178294857 -0.3570560580607781 0
4324 -0.399280885198832 0.5217714468895063 0
4325 -0.4424336326777557 -0.5002782225693401 0
4326 0.2004251798842355 -0.5552619494959653 0
4327 0.7861104276356753 0.209477457512498 0
4328 0.7417459690793027 0.07906220937285235 0
4329 -0.4130068723867856 -0.3829481733647486 0
4330 -0.2338477767495943 -0.8440604041601194 0
4331 -0.191007160239303 -0.4403010042207982 0
4332 -0.1039993079355108 0.8032877425698253 0
4333 0.003439906278871585 -0.2699986994057479 0
4334 0.1352066456204488 -0.3148228989680311 0
4335 0.1501715039890771 -0.3017141747419027 0
4336 -0.07939086518459945 -0.9147916980852981 0
4337 -0.07552451209508716 -0.9342953329393048 0
4338 -0.06056704538775122 -0.9211951555163054 0
4339 -0.05670069229720581 -0.940698790374826 0
4340 -0.0417432255856193 -0.9275986129485018 0
4341 -0.0382244671818999 -0.9477491109945519 0
4342 -0.0229194057783545 -0.934002070382692 0
4343 -0.3942028250165707 -0.389366607725033 0
4344 0.6427104595391533 0.3128026125965635 0
4345 -0.2531795424681806 -0.7465422299539921 0
4346 -0.2382220758330523 -0.7334420524696463 0
4347 -0.2193943078328622 -0.739827417406293 0
4348 -0.2232646091969207 -0.7203418749846435 0
4349 -0.2570408861570143 -0.7270230964236089 0
4350 0.6190385545034841 0.5209490989031754 0
4351 0.6040346029836327 0.5078298920902824 0
4352 -0.2044371186680493 -0.7267281877031292 0
4353 -0.2083003723491413 -0.7072217423123561 0
4354 -0.1894833227401416 -0.7136451548325696 0
4355 0.06041931215979435 -0.3803237862612094 0
4356 0.07537723815674996 -0.3672128006868697 0
4357 0.04546184546980792 -0.3934239637190883 0
4358 0.6870920915891583 0.4432166440665012 0
4359 0.6721516070730084 0.4301276444446441 0
4360 0.6909754269495302 0.4237241871005767 0
4361 -0.1962001371274196 -0.8568673189033964 0
4362 0.6455950807899887 0.4755383715448281 0
4363 0.6306376141294888 0.4624381940137305 0
4364 0.6345039673304385 0.4429345591412477 0
4365 0.6156801474665387 0.4493380164866767 0
4366 0.623394357771005 0.410324377984153 0
4367 0.6118137942662402 0.4688416513564901 0
4368 0.4939886279748166 0.708995461897023 0
4369 -0.2526715965559901 -0.8376569468256951 0
4370 -0.2864528830485595 -0.8443536669779678 0
4371 0.2440859963344012 0.3756740923084672 0
4372 0.2252621764987645 0.3820775496432213 0
4373 -0.2098309800623233 -0.433897546841121 0
4374 0.1006066810833145 -0.8487042857065685 0
4375 0.1155641478536824 -0.8356041083192453 0
4376 -0.09485627772331026 -0.8367771586272511 0
4377 -0.1136800975477975 -0.830373701293459 0
4378 -0.4191195698767946 0.7103781256459228 0
4379 -0.4002981786358928 0.7040099972418518 0
4380 -0.4041630221096592 0.7234961007620552 0
4381 0.06592301883948942 0.6545419113959245 0
4382 0.7643976234022952 0.05314072853607615 0
4383 -0.08375190680827901 -0.8041396909796135 0
4384 0.3677991512917375 -0.2484339688627039 0
4385 -0.8861618703550724 0.2326968682369197 0
4386 -0.9049856901106054 0.2391003257125252 0
4387 0.1600421180628139 0.6225246247977553 0
4388 -0.6861273995297328 -0.599262713116282 0
4389 -0.7481659646463354 0.4222129984671177 0
4390 0.4828975146653921 0.676391649512908 0
4391 -0.03319184112190279 -0.4394212161698903 0
4392 -0.1750338017473378 -0.6094302604802007 0
4393 0.4789175851985587 -0.6317932127930954 0
4394 0.4750512925754377 -0.6123145655234954 0
4395 0.4600938258062895 -0.6254147429070193 0
4396 0.4562274727828357 -0.605911108017163 0
4397 0.4711813263788221 -0.5928001726562069 0
4398 0.4523611197622606 -0.5864074731299004 0
4399 0.4673185865286205 -0.5733072957512805 0
4400 0.4484947667428539 -0.5669038382462732 0
4401 0.4634522335068404 -0.5538036608696778 0
4402 0.4446284137236675 -0.5474002033653003 0
4403 0.4822760532901307 -0.5602071183741555 0
4404 0.4784097002688352 -0.5407034834959705 0
4405 0.4374036529943571 -0.5995076505094979 0
4406 -0.4385575808771661 -0.5197630464359737 0
4407 -0.4236026814768605 -0.5066735574784893 0
4408 -0.4197434596095887 -0.5261853147402822 0
4409 -0.4047859929723497 -0.5130851372120607 0
4410 -0.4009196397582849 -0.5325887720595258 0
4411 -0.679410586076499 -0.4560405487538229 0
4412 -0.6644531194528076 -0.4429403711719916 0
4413 -0.2120599797176996 0.6399754195276842 0
4414 -0.2270174463761919 0.626875242008031 0
4415 0.3422686632731329 -0.3852609298530687 0
4416 0.3384023101830874 -0.3657572949929677 0
4417 0.3461350163632343 -0.4047645647132738 0
4418 0.4570461532607937 -0.07872644035752482 0
4419 0.7935323930735437 -0.4478291924433356 0
4420 0.7973987461062341 -0.4673328272847643 0
4421 0.8123562128427296 -0.4542326499290253 0
4422 0.8162225658868558 -0.4737362847886875 0
4423 0.8012650991379948 -0.4868364621287768 0
4424 0.5057849067289519 -0.05892954352397473 0
4425 0.5246087264568295 -0.06533300118729574 0
4426 0.5284750793118335 -0.08483663609983993 0
4427 0.2918088569186331 0.5777004235724711 0
4428 0.1985449201047058 -0.9000882963860476 0
4429 0.2174331809337815 -0.9065659617599432 0
4430 0.213551121676227 -0.8870537018131388 0
4431 0.232389711430204 -0.8934736774400285 0
4432 0.2285070668092902 -0.8740248534381718 0
4433 0.2473421824136232 -0.8803826491649634 0
4434 0.243476129260414 -0.8608868532949827 0
4435 0.2622883534411679 -0.8673281336375837 0
4436 0.2246425424175533 -0.8544539497739663 0
4437 0.2661547064243814 -0.8868317685621839 0
4438 0.2811249182194477 -0.8736914383665116 0
4439 0.2849785262245105 -0.8932352261375113 0
4440 0.2999359930585163 -0.8801350487934693 0
4441 0.236234663575872 -0.9129420432153339 0
4442 0.2772458202744997 -0.8542279562919828 0
4443 -0.1435950308613174 -0.8565740561706358 0
4444 -0.1624188506722132 -0.850170598822217 0
4445 0.7303114827666677 -0.5718327576693621 0
4446 0.7491382512658166 -0.57823524487231 0
4447 0.7453015854077198 -0.558740806417979 0
4448 0.4121737526534126 -0.1180269720962994 0
4449 0.4301892145975704 -0.6516171744322441 0
4450 -0.6036073599559939 -0.5727690947352855 0
4451 0.185269161382118 0.1410417726746921 0
4452 0.1703099350817999 0.1279414267223222 0
4453 0.01554691208827355 -0.4196243186358193 0
4454 0.7331945807891627 -0.4091151851819479 0
4455 0.3664826720808464 -0.6845121724332637 0
4456 -0.1190702881835621 -0.5375259157649894 0
4457 -0.08142264849585037 -0.5503328305673861 0
4458 0.1104814069030464 0.07553994602338537 0
4459 0.1254421552753547 0.08864323855450179 0
4460 -0.2498211350700384 -0.6749311478166522 0
4461 -0.3110613261737265 0.8737257744965231 0
4462 0.3672890208449755 -0.1573264275731096 0
4463 0.0955272219415165 0.06244288358216535 0
4464 0.06346698693129742 -0.9270120877783931 0
4465 -0.740764289178466 -0.2350971058532976 0
4466 -0.7595881090310102 -0.2286936484808305 0
4467 -0.7557217558610019 -0.2481972833570414 0
4468 0.1867958604915217 -0.132300197014222 0
4469 -0.6481690256478317 0.006229759723750339 0
4470 0.6723488229274939 -0.2792864610913539 0
4471 -0.3770913454931173 0.5869778955683815 0
4472 -0.3433187720647505 0.5936849045778781 0
4473 -0.3283613054156824 0.6067850820984255 0
4474 -0.3095374855636389 0.600381624763771 0
4475 -0.3134038387657888 0.619885259620448 0
4476 -0.2945800189122539 0.6134818022854226 0
4477 -0.1716728887178869 -0.5378115340813505 0
4478 -0.1678090413481423 -0.5573228133267294 0
4479 -0.148985221529164 -0.5637262707052921 0
4480 -0.758019157561348 -0.5019978572174149 0
4481 0.7056221640859753 -0.1814750244142028 0
4482 0.7244459838545361 -0.1878784819129123 0
4483 0.09419984507391552 -0.3736216384381278 0
4484 0.09033348343185474 -0.35411915703483 0
4485 0.2795883346149423 -0.600387438568458 0
4486 -0.3792453583223448 -0.3762664302501729 0
4487 -0.3753790051826869 -0.3957700651204614 0
4488 -0.36042153848957 -0.382669887646542 0
4489 -0.3565551853502489 -0.4021735225153017 0
4490 -0.3415977186583723 -0.3890733450424541 0
4491 -0.337731365519408 -0.4085769799095655 0
4492 -0.322769371896714 -0.3954725440895929 0
4493 -0.3189075456902064 -0.4149804373032758 0
4494 -0.3039500790009036 -0.4018802598327157 0
4495 -0.3000837258626508 -0.4213838946964426 0
4496 -0.2851262591746426 -0.408283717227046 0
4497 -0.2812599060367338 -0.4277873520890821 0
4498 -0.2662964554794126 -0.4146826707056357 0
4499 -0.7466624230175261 0.1488653988638555 0
4500 -0.7654862427853033 0.1552688563513535 0
4501 -0.7616198897570781 0.1357652214909077 0
4502 0.5669413941766803 0.4295411172862006 0
4503 0.5968563276055516 0.4557414738307742 0
4504 0.5929425357565903 0.4752367767467416 0
4505 -0.323985000715774 0.4961589916351969 0
4506 -0.5863073767023013 -0.3058283991062697 0
4507 -0.6051311965413743 -0.299424941710814 0
4508 -0.6012648433985625 -0.3189285765861497 0
4509 -0.6123437389390026 -0.3515249538496877 0
4510 -0.02684345737172661 -0.9144147908285366 0
4511 -0.007961939060622245 -0.9209018929496289 0
4512 -0.003791180382131693 -0.9402437220592463 0
4513 0.01086188075483968 -0.9273053503859016 0
4514 0.3977179023710909 -0.2222414383707748 0
4515 -0.373544434998768 -0.05081483287320673 0
4516 -0.3774057076119258 -0.0313110022442909 0
4517 -0.3585784101976208 -0.03771175881373279 0
4518 0.7755272559630073 0.08575892825474579 0
4519 -0.3152384071548082 0.274930027722679 0
4520 -0.1285233745352022 0.4842318619720436 0
4521 0.03538662353044728 -0.6082572098484085 0
4522 0.005471690016950359 -0.634457564623223 0
4523 -0.0133521298114167 -0.6280541072466989 0
4524 -0.7634544622008862 -0.2091900136049141 0
4525 -0.778411928885221 -0.2222901911081053 0
4526 0.02328054153810194 -0.4586173312325627 0
4527 0.004455798525036692 -0.4522281309521913 0
4528 0.008322151652029847 -0.4717317658109293 0
4529 0.1222809622225283 -0.6923819440741317 0
4530 0.1521958946759501 -0.6661815883794621 0
4531 0.2226089295638495 -0.4900623492782169 0
4532 -0.2458409905822378 0.633261979144643 0
4533 -0.6089975496845288 -0.2799213068356821 0
4534 -0.6239550163812632 -0.2930214843152614 0
4535 -0.6278213695241182 -0.2735178494393174 0
4536 0.1215726536006455 0.1081442830956534 0
4537 0.1514907354438662 0.1343472283821294 0
4538 0.1403996219420753 0.1017434160404748 0
4539 0.04577257680224942 0.2248754197772609 0
4540 0.06459639663248801 0.2184719624103709 0
4541 -0.2765748738478661 0.07989367864225683 0
4542 -0.272708520803585 0.06039004376579329 0
4543 -0.2804289607823852 0.0993968079147543 0
4544 -0.5669756112844098 -0.4033465739960208 0
4545 -0.5520181446143707 -0.3902463964845028 0
4546 0.2331920978391978 -0.3663438208332843 0
4547 0.1810949373354412 -0.457751800387575 0
4548 0.3394200550630513 -0.5479784638907003 0
4549 -0.4407959580831916 0.5540832200858745 0
4550 -0.4557490417855456 0.5409782951634898 0
4551 -0.3833089261151038 0.3526513043978263 0
4552 0.2259673374053009 -0.4184512680073712 0
4553 0.08748378405385918 -0.5168492302858472 0
4554 -0.1216100170351964 -0.08195233299046259 0
4555 -0.1666796331614699 0.5881612357986151 0
4556 -0.1628132799607636 0.5686576009415046 0
4557 0.2097967637243958 0.4600920890098019 0
4558 -0.06381193527107781 0.3349072455383759 0
4559 -0.1089950670125293 -0.3226926714527734 0
4560 0.06276182782738166 -0.1264832729324866 0
4561 -0.1095016962124521 -0.2315750748656265 0
4562 -0.113367935706072 -0.2120714621292001 0
4563 -0.1321931852817772 -0.2056708621954764 0
4564 -0.09454554569899404 -0.218477777158755 0
4565 -0.2234546594143134 -0.01093060753121872 0
4566 0.1471164362943161 0.2449655801271421 0
4567 0.008632883127241198 0.1465676176090156 0
4568 -0.4078336669881446 0.03360316444258954 0
4569 -0.3890098471899135 0.02719970698176233 0
4570 -0.1202833947980371 0.3541176175534888 0
4571 0.1963631354425553 0.1736477608388093 0
4572 -0.1505026882151955 -0.2903729979389446 0
4573 -0.1466405867258207 -0.3098778646573717 0
4574 -0.1654665263874481 -0.303482299010181 0
4575 0.3489827894019336 -0.2420354900666594 0
4576 -0.3204313832265169 -0.1416362873584449 0
4577 -0.1535567350145303 0.2563061811093081 0
4578 -0.130865783246404 0.2303961698972908 0
4579 -0.1120427421886194 0.2239956315205852 0
4580 0.1068155496968092 -0.6143674046057407 0
4581 0.2674813297134297 -0.4507618169915011 0
4582 -0.3861444975475148 0.1899167934522681 0
4583 -0.0743946550094447 0.2111843088706997 0
4584 -0.03135727112394895 -0.09446598552789939 0
4585 -0.05018109091499523 -0.08806252804682219 0
4586 -0.09138853848877052 0.5625254627787802 0
4587 -0.2737244143349091 0.2426194781279093 0
4588 -0.1187595565434981 0.08077346742326091 0
4589 -0.2649758147124511 0.02138277401348912 0
4590 -0.3007888864491869 0.3791449221013069 0
4591 0.254161217251053 0.5905073382065389 0
4592 0.1279818851858501 -0.3669303461455821 0
4593 -0.1963949515550776 -0.1474512029036479 0
4594 -0.4127070940754702 0.2353323145497162 0
4595 -0.397758444106144 0.2484364101745996 0
4596 -0.5342102162113882 -0.2144204194509696 0
4597 -0.5192527495181083 -0.2013202419776502 0
4598 -0.5153863963787106 -0.2208238768468858 0
4599 -0.4596200985811206 0.5604945656289546 0
4600 -0.868156731356223 -0.3008912587558331 0
4601 -0.8830646212552371 -0.3139708651686838 0
4602 -0.02830959648520312 -0.6411542847256162 0
4603 -0.2365847206479828 0.3209272802854908 0
4604 -0.6543778962633735 -0.2281071229477754 0
4605 -0.8900282233700965 0.2522005030716317 0
4606 -0.9088520431205301 0.2586039605577573 0
4607 0.5034423904019116 -0.3127700604969744 0
4608 0.4846185706318831 -0.306366603005819 0
4609 0.4995760373764397 -0.2932664256338383 0
4610 0.4457578215237529 0.5980838471910351 0
4611 -0.2907136657102724 0.5939781674284831 0
4612 -0.6832769393432201 -0.4365369138904209 0
4613 0.6400913729312989 -0.5593273313755756 0
4614 0.6212675531588062 -0.5529238739263522 0
4615 0.6362140589571468 -0.5398148089401106 0
4616 0.617401200096613 -0.53342023908161 0
4617 0.6323586668077863 -0.5203200616869273 0
4618 0.6135058776303087 -0.5138892231581936 0
4619 0.6284794735834539 -0.5008092482374745 0
4620 0.2868130951756146 -0.5482799913231814 0
4621 -0.1925286588340729 -0.1669548434948486 0
4622 -0.2113548175193034 -0.1605533973633216 0
4623 -0.1737071779336661 -0.1733603123270701 0
4624 0.2165135775792551 0.6033142528418269 0
4625 -0.5377658378915777 0.4233825981807305 0
4626 0.6573913561908618 -0.2923866384628025 0
4627 -0.2066697873107683 0.3471276352540132 0
4628 0.4052597221315873 0.4481649628186489 0
4629 -0.7739996815800581 -0.3328854538384488 0
4630 -0.1402366235465724 -0.7849629740762757 0
4631 0.2677853019417034 0.167535606362783 0
4632 -0.1955786737896823 0.3797314475800468 0
4633 0.734013263986565 0.1180694793073687 0
4634 0.6893022788278662 -0.6306007710425147 0
4635 -0.6925127000551835 -0.1241774129041797 0
4636 -0.3859422270875347 -0.519471720175113 0
4637 -0.3820883222348561 -0.5389803079382411 0
4638 -0.3671383532744322 -0.5258920518526329 0
4639 -0.3632720000611992 -0.545395686696328 0
4640 -0.3483145334280613 -0.532295509172019 0
4641 -0.3444481802152711 -0.5517991440141538 0
4642 0.03254123196238257 -0.7709637520972562 0
4643 0.0175786953271426 -0.7840831863575408 0
4644 -0.0636147203382266 -0.3745068541986802 0
4645 0.1770313696258634 0.2711659350967297 0
4646 0.1958513522368905 0.264756229071672 0
4647 -0.5619798513073666 0.7226338406434862 0
4648 -0.8913548507920537 -0.1838694494818885 0
4649 -0.906312317445492 -0.1969696270362127 0
4650 -0.8567548820342716 0.3500119398455581 0
4651 -0.8755787017481473 0.3564153973964646 0
4652 0.1223944783785581 0.6353315394364545 0
4653 0.6672693618814304 0.6318607134042186 0
4654 0.6860931817131622 0.6254572560065969 0
4655 0.6822038561480612 0.6449601796723936 0
4656 0.4869610870013457 -0.05252608586059165 0
4657 -0.4140425364760775 -0.200733716404158 0
4658 -0.3952187166562791 -0.2071371738323044 0
4659 -0.5574083343131631 -0.09739860967378944 0
4660 -0.4246257042753101 -0.3244522457104894 0
4661 -0.4950387390294305 -0.5005714854565092 0
4662 0.6899365707703329 0.6059404175006575 0
4663 0.7048979656791403 0.6190401233591167 0
4664 0.7087833546923102 0.5995501637267623 0
4665 -0.1533595205952536 -0.4531079189809377 0
4666 0.02675153922290407 0.9406929763327556 0
4667 -0.5953579492365308 -0.7028745346588023 0
4668 -0.6103034264377459 -0.7159698349224127 0
4669 0.01707074947544238 -0.6929684691932316 0
4670 0.03202736159183595 -0.6798486477565571 0
4671 -0.6448106181184996 0.07784084170652253 0
4672 -0.6486769711643111 0.09734447657322437 0
4673 -0.7781011952012296 0.3960091915557828 0
4674 0.7427396213344408 -0.1031746340280381 0
4675 -0.1933496759239487 -0.6941415200023919 0
4676 -0.2121734957461514 -0.6877380626645846 0
4677 0.02827537913855266 0.6673488260355845 0
4678 -0.5661569314071285 0.1238380938253023 0
4679 -0.3913523635509347 -0.2266408087064774 0
4680 0.2412355354401177 0.2129482932952403 0
4681 -0.1474613840319489 -0.8370704213481157 0
4682 -0.8642903780794607 -0.3203948936261934 0
4683 -0.8792025677848164 -0.3334825504128248 0
4684 -0.009372260571130331 0.680155740673656 0
4685 0.7814253883985768 -0.2982035711010774 0
4686 -0.6409442650725747 0.05833720683906835 0
4687 -0.501952765972545 0.06562045174623216 0
4688 -0.4980864129079082 0.04611681687677852 0
4689 -0.08040675683340942 -0.7325622642650922 0
4690 -0.6141825415587435 -0.6964738690840694 0
4691 -0.6301638864909872 -0.5273583678035459 0
4692 -0.6152064199026975 -0.5142581901877501 0
4693 -0.3362075278262195 -0.6819211306454556 0
4694 -0.3511649944852836 -0.6950213081134897 0
4695 -0.8603854289404553 -0.3398854793198681 0
4696 -0.8753814914235448 -0.3529987060819289 0
4697 -0.6293452058591154 -0.0001736977592799449 0
4698 -0.79204277154915 0.2006795809064084 0
4699 0.3195784903834029 -0.3593538375583289 0
4700 -0.04701990028925673 0.6929626553087582 0
4701 -0.2560300036713848 -0.9092680287366623 0
4702 -0.1460212466120551 0.9267130092674283 0
4703 -0.5169102327032878 0.05252027433753312 0
4704 -0.5130438796386567 0.03301663946809708 0
4705 -0.3550313476380095 -0.6755176732764923 0
4706 -0.3699888142978263 -0.6886178507455523 0
4707 -0.3738501332626513 -0.6691024557609232 0
4708 -0.3888126341118545 -0.6822143933781161 0
4709 0.8686304684124135 0.2359710720939033 0
4710 0.883587935634548 0.2490712490136698 0
4711 0.8874542880306062 0.229567613962511 0
4712 0.9023525216370093 0.2426484959473629 0
4713 0.8985454028576421 0.2621714259362606 0
4714 0.09675175403770801 -0.8291622606287247 0
4715 0.1117068795871508 -0.8160566424029529 0
4716 0.1305303246435368 -0.8224744847979291 0
4717 -0.08467678996618802 0.7057592121068232 0
4718 -0.3928762002559266 0.04670334185361807 0
4719 -0.3241005227115162 -0.8315467523527826 0
4720 0.03589467117909381 -0.6993568683542964 0
4721 -0.5454985442153183 0.4623898678766114 0
4722 -0.6331967567030532 0.0193350290341692 0
4723 -0.122315179752417 0.7185764845569125 0
4724 0.2395981806761832 -0.8414210411707501 0
4725 0.2207813041357697 -0.8349838712588461 0
4726 0.2058168940515223 -0.848117760942664 0
4727 -0.03217594963842235 -0.6216506498712773 0
4728 -0.0471381013527595 -0.6347296801111706 0
4729 -0.3926789872660449 -0.6627107585387134 0
4730 -0.4076364539273699 -0.6758109360101837 0
4731 0.1432500831312896 0.264469214978482 0
4732 0.1282851278508462 0.2513655312073133 0
4733 -0.361748162362602 -0.8187398377837612 0
4734 -0.856557671506969 -0.3594021633643132 0
4735 0.9347216493037133 -0.09535568263525397 0
4736 0.6669586341281216 0.01356132413747063 0
4737 0.6708249869149951 -0.005942310800863271 0
4738 0.6857824538450158 0.007157866401511337 0
4739 0.6558675199847779 -0.01904248800000863 0
4740 0.6746913397004735 -0.0254459457372273 0
4741 0.201950541099053 -0.8286141260278326 0
4742 0.04025175750814819 -0.8099241469750734 0
4743 0.05909268810144827 -0.8163937360571094 0
4744 -0.415566373121204 0.07261043418392141 0
4745 0.7118310349264029 0.05286185527016332 0
4746 0.7306548545868267 0.04645839733210097 0
4747 0.6597338727725629 -0.03854612293494353 0
4748 0.811340321746898 -0.2720032163675868 0
4749 0.8840958781549813 0.1579565324838006 0
4750 -0.4115028070821131 -0.6563073011690659 0
4751 -0.4264602737446603 -0.6694074786419302 0
4752 -0.4303266269000888 -0.6499038437991986 0
4753 -0.4452775445719989 -0.6629975515917793 0
4754 -0.3294907135832303 -0.538698966491012 0
4755 -0.3256243603707778 -0.5582026013317021 0
4756 -0.3106668937397413 -0.5451024238095526 0
4757 -0.3068005405276035 -0.5646060586488579 0
4758 -0.4421228989165665 0.1180211611088907 0
4759 0.4612232354299762 0.5200693077371205 0
4760 0.4650917391172445 0.5005603962587117 0
4761 0.0718211569729276 0.2705794096011093 0
4762 0.09064273832098074 0.264173302814803 0
4763 0.09451132996570352 0.244672317381979 0
4764 0.2690051653883653 -0.724105967046054 0
4765 0.2651388123500144 -0.7046023321484701 0
4766 0.2501813455820279 -0.7177025095488223 0
4767 0.03417351731248197 0.2833863243360482 0
4768 0.1266685718587632 -0.802967086176932 0
4769 0.1454998398413623 -0.8093599809290695 0
4770 -0.4491504467198745 -0.6435003864287372 0
4771 -0.4641079133849834 -0.6566005639044729 0
4772 -0.4679742665417777 -0.6370969290577241 0
4773 -0.4829317332084125 -0.6501971065352024 0
4774 -0.003474239399280626 0.2961893754638463 0
4775 0.5852572679738737 0.5142523788385708 0
4776 -0.2419753374755349 0.6137652422276636 0
4777 -0.0222979421802291 0.3025966964388789 0
4778 -0.2918430738975497 -0.5515058811276727 0
4779 -0.2879767206856253 -0.5710095159655687 0
4780 0.3925312525963087 -0.6388081827347137 0
4781 -0.1125506884098803 0.3151103478561953 0
4782 0.8933524165347386 -0.1543948832838054 0
4783 0.8745285968074682 -0.1479914257156505 0
4784 -0.3990850697615284 -0.1876335389585459 0
4785 -0.2221351999390166 0.4251421746642784 0
4786 0.07049453391641139 -0.1654905426812273 0
4787 0.05553706717143103 -0.1785907200750784 0
4788 0.07436088696114077 -0.1849941775556378 0
4789 0.05940342021601383 -0.1980943549496663 0
4790 0.1748860675988592 -0.6920886806895679 0
4791 0.1937098874213153 -0.6984921381228405 0
4792 0.715697387514332 0.03335822028545288 0
4793 -0.4867924998816567 -0.6306805521974735 0
4794 -0.2448253734650554 0.4510492661271945 0
4795 -0.2636491933108223 0.4574527234628377 0
4796 0.1483295415736072 -0.6466779535031234 0
4797 0.1632870082908096 -0.6335777760586346 0
4798 0.6785576924832248 -0.04494958067089255 0
4799 0.6636002255580591 -0.05804975786704675 0
4800 0.3476588522734667 -0.6781087149376703 0
4801 0.313877565693245 -0.6848054348440618 0
4802 0.2520159176559674 -0.3727472782338637 0
4803 0.2481495645284233 -0.3532436433763775 0
4804 0.8951869926252581 0.190560344539164 0
4805 -0.09525070695896318 0.5820510412907534 0
4806 -0.1337170232112257 0.06767328993686056 0
4807 -0.1148932033800406 0.061269832569534 0
4808 -0.1525408430423766 0.07407674730419544 0
4809 -0.1352408614461725 0.3410174400430368 0
4810 -0.1391072146402985 0.3605210748918696 0
4811 -0.1705459863624445 0.6076648706563756 0
4812 -0.1517221665086856 0.6012614133196053 0
4813 -0.376394896836417 -0.2135406312601573 0
4814 -0.3725242114750945 -0.2330409999253908 0
4815 -0.1806212071176293 0.3928316250638545 0
4816 -0.1767548539585291 0.3733279902076181 0
4817 -0.2984463721146154 0.6329854371432362 0
4818 0.4308003549537699 0.5849836696211361 0
4819 0.4496193432561166 0.5785769648550756 0
4820 0.4573467238163962 0.5395659585690483 0
4821 0.4385330623784657 0.5459763998847292 0
4822 0.9062781076920273 0.2231641558400218 0
4823 -0.01151756046708796 -0.2830988768003629 0
4824 -0.6207938234839769 0.4880036964610848 0
4825 -0.07643646459095699 0.5755846355349493 0
4826 0.1893355894280913 -0.5878737870183707 0
4827 0.1444637045819821 -0.6271580650093624 0
4828 -0.3389444727037301 0.4830665528024217 0
4829 -0.3201206528587428 0.4766630954695206 0
4830 -0.3350781195033776 0.4635629179544933 0
4831 -0.3162542996593213 0.4571594606219048 0
4832 -0.3012968330147991 0.4702596381364232 0
4833 -0.2974304798152687 0.4507560032885975 0
4834 -0.3123879464598988 0.4376558257743441 0
4835 0.2669669272870785 -0.359639735191814 0
4836 0.3775737858294383 -0.6519083601309572 0
4837 0.412370966117885 -0.8274410752111542 0
4838 -0.2087155768628882 0.7115472985946059 0
4839 0.407499116337147 -0.625688558733724 0
4840 -0.4330612371487521 0.5150693086372985 0
4841 -0.7659762410156862 0.2463915171637175 0
4842 -0.1615982338586728 -0.3229816044452201 0
4843 -0.1427763535510253 -0.3293893913676683 0
4844 -0.5017555530340981 -0.6437936491652656 0
4845 -0.2244777129448506 0.1713016579784115 0
4846 -0.2433015327366346 0.1777051154604115 0
4847 0.3254766248109974 -0.7433163395405231 0
4848 0.3443004446221891 -0.7497197970389342 0
4849 -0.105128713967716 -0.3421963063280006 0
4850 0.3896807931633418 -0.8015339828616237 0
4851 -0.1804239931341492 -0.3165824764052856 0
4852 -0.1842903461792769 -0.2970788415285639 0
4853 -0.1992478129264943 -0.3101790189240848 0
4854 -0.2031141659718355 -0.2906753840465817 0
4855 -0.2180716327197033 -0.303775561442694 0
4856 -0.2219379857652634 -0.2842719265642953 0
4857 -0.2368954525138648 -0.2973721039610576 0
4858 -0.2407514014362178 -0.2778596445267583 0
4859 -0.2557192723091144 -0.2909686464791425 0
4860 -0.2595856253551517 -0.2714650115986312 0
4861 -0.2745430766440957 -0.2845575221956132 0
4862 -0.2783958181477005 -0.2650508602012049 0
4863 -0.2933669119026719 -0.2781617315142682 0
4864 -0.2972293625039187 -0.2586553636721479 0
4865 -0.3121907317009168 -0.2717582740313311 0
4866 -0.3160570847475705 -0.2522546391478228 0
4867 -0.3310145515000049 -0.2653548165480759 0
4868 -0.3348809045469354 -0.2458511816635728 0
4869 -0.3498344308038411 -0.258947819078006 0
4870 -0.6236328808998617 0.3252739369525024 0
4871 -0.3712019182299755 0.2030256829437498 0
4872 -0.4745775652058284 0.5473943880910775 0
4873 -0.4784439184352238 0.566898022933111 0
4874 0.3103219483238516 -0.04700241393817048 0
4875 -0.7822782820548555 -0.202786556231164 0
4876 -0.05638996068579746 -0.322399409020233 0
4877 -0.6279949772798816 0.4358892287293802 0
4878 -0.6241161338430485 0.4163711097297401 0
4879 -0.6429760504980022 0.4227960726786435 0
4880 -0.3670189679819764 0.801787433371615 0
4881 -0.3066949282503475 0.7630944750454414 0
4882 -0.3673355651866357 0.1835220480687249 0
4883 -0.416582263895295 0.2548398676562001 0
4884 0.5462830104482727 0.09098934064596628 0
4885 -0.6362592316066825 0.5660182379440228 0
4886 -0.6506857132896973 0.4617973240024391 0
4887 0.2017507703887865 -0.1191992702116862 0
4888 -0.6396176433550154 0.4944071536735892 0
4889 -0.6434707725273977 0.5139072297656878 0
4890 0.2804070145784112 -0.07320276843606408 0
4891 0.8928444719433312 -0.06328016643048708 0
4892 0.4405648527236432 0.1815175331917332 0
4893 0.4217410329860609 0.1879209908554496 0
4894 -0.6391096973358146 0.4032924378389676 0
4895 -0.6275106378581361 0.3447815333035137 0
4896 0.436698499863851 0.2010211681129232 0
4897 0.4178693939325977 0.2074215817985477 0
4898 0.4328321470038466 0.2205248030339093 0
4899 0.4140083272667352 0.2269282606977852 0
4900 0.3990508603894871 0.2138280834413712 0
4901 0.3951845075304543 0.233331718361394 0
4902 0.4101419744071653 0.2464318956168785 0
4903 0.391318154671924 0.2528353532803899 0
4904 0.3763606877960767 0.2397351760256125 0
4905 0.3724943349378267 0.2592388109432504 0
4906 0.4062756215480977 0.2659355305353078 0
4907 0.4250994412834207 0.2595320728721132 0
4908 0.4212268462007319 0.2790337419742112 0
4909 0.4024092686887438 0.2854391654540966 0
4910 -0.9442591546147429 0.08981905273651604 0
4911 -0.5995541282577215 0.7352825449047128 0
4912 -0.1807347245743092 -0.9348818581870427 0
4913 -0.1993441876706402 -0.9282034827193706 0
4914 -0.5045812748599681 -0.8064744629020248 0
4915 -0.5084723678125074 -0.7870158145347269 0
4916 -0.9290024905560537 -0.17106253483856 0
4917 0.9404662320540192 0.138707413752467 0
4918 0.6367687787629838 0.6967390247832548 0
4919 0.6328529265156515 0.7162202473282486 0
4920 -0.8384390073238037 0.4347231991039346 0
4921 -0.8423053602646624 0.4542268339620881 0
4922 -0.8273478934783506 0.4673270112556225 0
4923 -0.3125014631028188 -0.8900576567673764 0
4924 -0.9053147411031366 -0.2878607703503415 0
4925 0.9328346319301318 0.1777534286069083 0
4926 0.9289682793721346 0.1972570636245613 0
4927 0.4165609685748639 -0.8473771121858567 0
4928 0.4311947859697999 -0.8338445326577169 0
4929 -0.3501097519139854 -0.8771917284705218 0
4930 -0.7043390997092167 0.6435250902993555 0
4931 -0.2661439997383754 0.9126571123094843 0
4932 -0.2811485873602906 0.8998658224521285 0
4933 0.6034596244990047 -0.7287498501988313 0
4934 0.88689688135934 0.3206650860708937 0
4935 0.8830799937669954 0.3401859659472327 0
4936 0.8642561742556092 0.3465894242127074 0
4937 0.8908126983225417 0.3011786957352353 0
4938 0.303793455941737 -0.8995683993871679 0
4939 0.3187598128706388 -0.8865385064106452 0
4940 -0.6291381313119383 -0.7095738308618073 0
4941 -0.6330143464059514 -0.6900841668348252 0
4942 -0.9310342705277526 0.1933963361128835 0
4943 0.2700210593910614 -0.9063354034962332 0
4944 0.01472823384969375 -0.9468089852633 0
4945 0.0296857005749927 -0.9337088078238991 0
4946 0.03355205367076615 -0.953212442706085 0
4947 0.04183226915866854 0.9532808448478047 0
4948 0.06053282573852764 0.9473896963784492 0
4949 0.5735446910156548 -0.7549502050996808 0
4950 -0.3636664326161639 0.873432512118881 0
4951 -0.378623899408824 0.8603323347047502 0
4952 -0.3747648665731365 0.8407984862789435 0
4953 -0.3935907330053922 0.847198544834192 0
4954 0.8788295989769462 0.3596679006026965 0
4955 -0.8711748970113807 -0.3724760345517003 0
4956 -0.8525215625580793 -0.3788676368445902 0
4957 -0.8672398723286047 -0.3918770976340075 0
4958 -0.8491828760111413 -0.3997914375034428 0
4959 0.7237262849753943 0.6126407248105259 0
4960 0.7276071745554797 0.5931467063249691 0
4961 -0.8644875879265383 0.389019209593608 0
4962 -0.31499235022706 0.8929754921245024 0
4963 0.9206683627480995 0.2356856613386722 0
4964 -0.9199431568360831 0.2260001483525638 0
4965 -0.4629600322710383 -0.837745440504952 0
4966 -0.1986263529588707 0.9264197467237295 0
4967 -0.814508796499757 -0.4828186654233986 0
4968 -0.8184020854509222 -0.4633237950151461 0
4969 -0.1093057985901009 -0.9409920529267339 0
4970 -0.1281296183799165 -0.9345885955012315 0
4971 0.8196711652080586 -0.4929134680217023 0
4972 0.80473006663772 -0.5060168323040486 0
4973 0.7861604902633285 -0.4998914733585204 0
4974 0.7900024580907745 -0.5193592107761666 0
4975 0.7713501656718393 -0.5130368168076167 0
4976 0.775216518676888 -0.5325404516505572 0
4977 0.7939762410841432 -0.5387019790472606 0
4978 0.9233212298474748 -0.2194608838433477 0
4979 -0.8678633081090859 0.4082071022070645 0
4980 0.8483245466913076 0.4245545936588668 0
4981 0.829802396916976 0.4309666222352609 0
4982 0.8443865532971097 0.4439378392628495 0
4983 0.8259011620030792 0.4504355838405038 0
4984 0.401279852486296 -0.8600448875971585 0
4985 0.9454731792840694 -0.06218420103287221 0
4986 0.9437714759233851 -0.04248333639018669 0
4987 0.9039355841402932 -0.03067635947821042 0
4988 0.9188930512929703 -0.01757618240802361 0
4989 -0.8010377217044956 0.5128551126967885 0
4990 -0.7748074831154264 0.5583123458514038 0
4991 -0.7598372438930339 0.5713974221834062 0
4992 0.7636010307463993 -0.5652418817511963 0
4993 0.7671884133189044 -0.5850985341270049 0
4994 -0.8973764032978905 -0.3269895892160665 0
4995 0.8307038536932948 -0.4602940632227516 0
4996 -0.2858827632396598 0.9207844515693623 0
4997 0.6929210567377695 -0.6498337661444233 0
4998 0.6779391326740677 -0.6629080695039152 0
4999 -0.5553093122534271 0.7737819599401209 0
5000 -0.5701070604497797 0.7608410384574732 0
5001 0.8973678770647849 0.3549633737053158 0
5002 -0.1840307979113919 0.9386027090567066 0
5003 0.0673333399974092 -0.9465157226767256 0
5004 -0.6555909968490927 0.6635364121973044 0
5005 -0.63674850828164 0.6571178029111864 0
5006 -0.6329008240272955 0.6376293198775271 0
5007 -0.6740217239010284 0.6699312285399819 0
5008 0.8304748737660892 0.3398927167744388 0
5009 0.7069333035133427 0.2545887383295619 0
5010 0.7030824443489647 0.2740985600076416 0
5011 0.3575368680629744 0.2461386336893692 0
5012 0.3613969567772071 0.2266285461561796 0
5013 0.3536705152049939 0.2656422686056292 0
5014 0.3686229194315696 0.2787389298140671 0
5015 0.6288030462926995 0.1174829593966958 0
5016 -0.9235948629103018 0.1538792858968954 0
5017 0.4183826203537359 0.1163099075582692 0
5018 -0.8663221593924806 0.04406397698172657 0
5019 0.258732731095949 -0.2295251096486239 0
5020 -0.4639943978797034 0.6711129208669004 0
5021 -0.7935666048751663 0.4740237337746472 0
5022 -0.780443709525235 0.1421686789783971 0
5023 -0.7750535245653047 -0.150679111190396 0
5024 0.5842413764510208 0.696481812714876 0
5025 0.5803750233503612 0.7159854475500026 0
5026 0.5953324900316724 0.729085624970936 0
5027 0.5765086702526236 0.7354890823817075 0
5028 0.5912484915020875 0.7478143447171921 0
5029 0.5725589434888536 0.7548232623248068 0
5030 -0.7461290960892136 0.05776115614282967 0
5031 0.6736754525577999 0.1567834882126062 0
5032 -0.721416512349138 -0.3326130145409895 0
5033 -0.7402363714708545 -0.3262050196133162 0
5034 -0.7306890654667615 -0.02026385748281645 0
5035 -0.6987423523735103 -0.358522374436414 0
5036 -0.6948759991095184 -0.3780260092980429 0
5037 -0.6683194727201216 -0.4234367363098327 0
5038 -0.6871432926102468 -0.4170332790284217 0
5039 0.7180399115425234 0.287198736938888 0
5040 0.6992160919311583 0.2936021950414388 0
5041 0.6842586247368923 0.2805020181114222 0
5042 0.6803922723216469 0.3000056531444449 0
5043 -0.2543926464394954 0.1451013031885351 0
5044 -0.6229113513137225 -0.4752262986922401 0
5045 0.4222489735538191 0.09680627270665118 0
5046 0.4072853507894511 0.08370427499371161 0
5047 -0.5127329100047554 0.6512863867526042 0
5048 -0.4977671606529915 0.6643681494817839 0
5049 0.5587007418986095 0.5596631059858568 0
5050 -0.550980715729422 -0.5724652499837738 0
5051 0.171838393619334 -0.1454003742626921 0
5052 -0.4790584569518097 -0.6696948225755976 0
5053 -0.07673667182780186 -0.04265128960037048 0
5054 -0.5094882605542296 -0.60478638086817 0
5055 0.6007226808043143 0.4362378389637058 0
5056 0.008421842519216516 0.8559599202337851 0
5057 0.3148934599308069 -0.8670348714788749 0
5058 0.3337172797274109 -0.873438329085057 0
5059 0.3375062947460035 -0.8922771220908962 0
5060 0.352541099526767 -0.8798417867125503 0
5061 -0.4225904205804316 -0.6889053557516283 0
5062 -0.5594401161060554 0.2670602577458331 0
5063 -0.544482649365653 0.2801604351362943 0
5064 -0.525658829580735 0.2737569776582018 0
5065 -0.5743718816999801 0.2539592859661739 0
5066 -0.5295251826249405 0.2932606125275735 0
5067 -0.5107013628392851 0.2868571550492781 0
5068 -0.6814423684573945 -0.09158167889219804 0
5069 -0.6853087216204639 -0.07207804403275261 0
5070 -0.7041325414552365 -0.06567458666199144 0
5071 0.6525091117373145 -0.09065356980817402 0
5072 -0.5989223269813697 -0.06508805987335442 0
5073 -0.6027773768940491 -0.04558415201878971 0
5074 -0.1298506700477724 0.04816965508317836 0
5075 -0.1110268502166739 0.04176619771588283 0
5076 -0.5723658010490686 -0.1104987870875192 0
5077 -0.5535419812461919 -0.1169022445506603 0
5078 -0.2955959140054927 0.7957112348528084 0
5079 0.5132050986956807 -0.7162228525643921 0
5080 -0.6394204295873473 -0.2150069454452117 0
5081 -0.6355420450048613 -0.2345180683063251 0
5082 -0.3661205696154228 -0.7081049153886376 0
5083 0.6101570229525314 -0.5855007048295257 0
5084 0.5431218110628564 -0.6900358427189264 0
5085 0.5580792778339368 -0.6769356653193828 0
5086 -0.6427666098271796 -0.2866163206808908 0
5087 -0.5747083176522352 -0.3643393042582864 0
5088 0.2728715184270471 -0.7436096019461704 0
5089 -0.3544240123056756 0.5610553697869434 0
5090 0.5313255434885326 0.07788916348019609 0
5091 0.5351918962279967 0.05838552853419893 0
5092 0.5274591907493147 0.09739279842646004 0
5093 -0.5104952767388444 -0.422551389878136 0
5094 0.6953497395167464 0.3131058300735755 0
5095 0.6096684939723037 -0.4944129693917839 0
5096 0.6246259606830434 -0.4813127919964996 0
5097 0.235737895271267 -0.8218870494978376 0
5098 0.5950217597961005 0.110786239131983 0
5099 0.6760179602794057 0.4106240095634605 0
5100 -0.3096337641725653 -0.7273157049110337 0
5101 0.1602393341971734 -0.08688947533894131 0
5102 0.2631022204829045 -0.3401392001238893 0
5103 0.2819308510325071 -0.346546923320102 0
5104 0.2442813275504248 -0.3337342352202247 0
5105 -0.0934161402043638 0.9270062719277035 0
5106 -0.09728249335224358 0.9465099068127377 0
5107 -0.08954978705869507 0.9075026370356331 0
5108 -0.4878139786940368 -0.4484640382643115 0
5109 0.3293429778508421 -0.7628199744451092 0
5110 -0.1488717061037525 0.7639872115781869 0
5111 -0.4772308106055663 -0.3247455083480023 0
5112 -0.893894576385437 0.2717041379097473 0
5113 -0.9126555069328324 0.2781154839997558 0
5114 0.08545200066136135 -0.1523903652875245 0
5115 -0.5037873367146017 -0.2793347812022345 0
5116 -0.5076536898517927 -0.2598311463296131 0
5117 0.6229049076383197 0.5014454640304817 0
5118 0.6641081715385559 -0.1491644745487014 0
5119 -0.2377141299309984 -0.8245567693494033 0
5120 0.1869930742640751 -0.8417143033651255 0
5121 0.1831357770406822 -0.8221799982925022 0
5122 -0.4091602917107311 -0.4024667851998208 0
5123 0.701247866077621 -0.0708566725840265 0
5124 0.7200558986174798 -0.07726379724776244 0
5125 -0.4086523461862062 -0.4935815023639037 0
5126 0.8605870205845092 -0.3433210356838086 0
5127 0.8794108404455112 -0.349724493161072 0
5128 0.8943683070869847 -0.3366243156921866 0
5129 -0.3405657693610329 -0.5712945683701761 0
5130 0.7292825184151523 -0.3896163185626352 0
5131 0.7143707610349637 -0.4027117277149217 0
5132 -0.3526888322100192 -0.4216771573813343 0
5133 -0.6515274341548857 -0.06538132325223847 0
5134 0.827119588744168 -0.4410505745989887 0
5135 0.845465974270707 -0.4469821224377962 0
5136 -0.194873513387772 -0.4207973693673969 0
5137 0.241940694976765 -0.5875805237115554 0
5138 0.5885975518273697 0.5858441866577295 0
5139 0.5697878515887198 0.5922571468747038 0
5140 -0.8601132899111334 0.2784008578949586 0
5141 -0.4935149012502753 -0.7739156369723835 0
5142 -0.5123387210993485 -0.7675121797355152 0
5143 -0.527270936110401 -0.780573582612305 0
5144 -0.5311625409516896 -0.7611087224995894 0
5145 -0.5461103714823983 -0.7741732323138955 0
5146 0.02429550984601364 -0.6408610219999404 0
5147 -0.1041135398341894 -0.524417666266862 0
5148 -0.1079791746581247 -0.5049221034437723 0
5149 -0.769155385847639 -0.5346416143497061 0
5150 0.4972335200482073 -0.5471069409991598 0
5151 -0.3970499427391972 -0.5520897969681298 0
5152 -0.7413268881116194 0.5653432384393744 0
5153 -0.745179796071372 0.5848133933137614 0
5154 -0.4926962231547192 -0.2467309688568533 0
5155 -0.4985943583583632 0.1372315336890221 0
5156 -0.4947280053028097 0.1177278988197532 0
5157 -0.6407470530683053 -0.6510768972633003 0
5158 0.5010921591198705 -0.566578069061898 0
5159 -0.8049684578270296 -0.1768794663086915 0
5160 0.3969055510107197 -0.7494265346365601 0
5161 0.3819480842371344 -0.7625267120428295 0
5162 0.5434325461848111 -0.07173645885119923 0
5163 0.547298899039631 -0.0912400937636233 0
5164 0.5323414321673495 -0.1043402710115182 0
5165 -0.7098334657339854 -0.3911261868762065 0
5166 -0.2889838222093557 -0.388776419460485 0
5167 0.6434497804567637 -0.4877162494474493 0
5168 0.6395699450490779 -0.4682099951154362 0
5169 -0.09841093184518673 -0.1989715653469389 0
5170 -0.2283440659892732 0.1908052928553694 0
5171 -0.2471678857811223 0.197208750337426 0
5172 -0.8353913374157269 -0.1119651044180417 0
5173 -0.8204338707754816 -0.09886492687345327 0
5174 0.290677246894454 -0.5677731057971858 0
5175 -0.2005744361993919 -0.7462489671542681 0
5176 -0.1886562112713669 -0.1864528484219622 0
5177 -0.522785629977364 0.4364592235621242 0
5178 -0.5189286438840427 0.4169715900131884 0
5179 0.08443610843503629 0.02983907123007051 0
5180 -0.612517867204454 0.3578680696721373 0
5181 -0.6313769910173495 0.3642851681441933 0
5182 -0.4584069907703994 -0.3311489657473983 0
5183 0.05787958227962922 0.07524979831551409 0
5184 0.03905576244848785 0.08165325568253476 0
5185 0.3294564965834227 0.5648935089397342 0
5186 0.1019333049240459 -0.4126343359221313 0
5187 -0.2675155465093486 0.4769563583130535 0
5188 0.3446111794705075 -0.1314204112487982 0
5189 0.03487867772246417 -0.5171424929367273 0
5190 0.01605355032438419 -0.5107283717324276 0
5191 -0.4686785861192544 0.1634368662783716 0
5192 0.04963676816824739 0.2053662750817145 0
5193 0.1057996580520924 -0.4321379707817673 0
5194 0.7442856944735275 -0.3765113729707715 0
5195 -0.01304104255897018 -0.0097545836286628 0
5196 -0.7597853184051507 0.4807204537134576 0
5197 -0.1270002088565495 0.2108954540341454 0
5198 -0.1081751273539294 0.2044895407041821 0
5199 0.053703848289129 -0.5235374748053261 0
5200 0.6419259440732079 -0.2143720990163517 0
5201 0.623102124305296 -0.2079686415184392 0
5202 0.6192357712864098 -0.1884650066537378 0
5203 0.6042650592902232 -0.2015673800527757 0
5204 0.6081446575557824 -0.2210688188861818 0
5205 0.5893208377876307 -0.2146653613887878 0
5206 0.09888562911694376 0.1340539656282813 0
5207 -0.03725540884822429 0.2894965189525724 0
5208 -0.09606938354901956 0.05486637520217461 0
5209 -0.09220303038566996 0.03536274034862327 0
5210 -0.107160497053246 0.02226256286241088 0
5211 -0.08833667722234986 0.01585910549517908 0
5212 0.3494934238790254 -0.3331534827365962 0
5213 0.2471336725291591 -0.1710142049162931 0
5214 0.1468040220161089 -0.373328858853854 0
5215 -0.163940405690185 -0.5768169321983078 0
5216 -0.2876659875507258 0.04728986637119509 0
5217 -0.275558982985189 -0.1023357551639395 0
5218 -0.2716926299404466 -0.1218393900420568 0
5219 -0.2528650518012531 -0.1282417112573589 0
5220 -0.2678228664777954 -0.141341336554188 0
5221 -0.24900245710175 -0.1477464824028719 0
5222 -0.5607667423210445 -0.1690096923164875 0
5223 -0.5458134165762105 -0.1558992827794347 0
5224 -0.04631473787014936 -0.1075661629226992 0
5225 -0.06513592948898647 -0.1011590945349621 0
5226 -0.2491996728194371 0.5616676179087137 0
5227 -0.2530688849055954 0.5811590757493781 0
5228 -0.5424508675779341 -0.08429843226006248 0
5229 -0.3521808866406896 -0.5127918743293107 0
5230 0.329145768052054 -0.05340587160210186 0
5231 0.3252693721822961 -0.03389565431138875 0
5232 -0.8248081666482123 0.01175342735489518 0
5233 -0.8397656333228768 -0.001346750108884992 0
5234 -0.286650096689304 -0.1349395674383625 0
5235 -0.206976639265629 -0.2711678742578206 0
5236 -0.680934422457092 -0.1826963958418873 0
5237 -0.6659769557810958 -0.1695962183416837 0
5238 -0.5442854382540513 -0.4292536662135661 0
5239 -0.03034138025783262 -0.2766954193194039 0
5240 -0.02647559040421049 -0.2961941351207715 0
5241 -0.1574230881779064 0.2758098159630148 0
5242 -0.142465621510192 0.2889099934494156 0
5243 -0.172380554845604 0.2627096384766875 0
5244 0.6140427925778316 -0.6050313210161447 0
5245 -0.3010959167805635 -0.2391517132820643 0
5246 0.5542129247963561 -0.6574320304232616 0
5247 -0.5698260735404342 -0.5660723743697493 0
5248 -0.6221009394437162 0.05193996761843156 0
5249 0.3056369149866741 -0.5546834487593241 0
5250 0.1244239321445627 0.2708701615249652 0
5251 -0.3740523804578101 0.04029988439284629 0
5252 0.4933671670276659 -0.5276033061248798 0
5253 0.4745433472517369 -0.5211998486220845 0
5254 -0.7884514644849077 -0.4371112870384072 0
5255 -0.8072851514010473 -0.4307119907187225 0
5256 -0.8111773253318444 -0.4112163477642851 0
5257 -0.826134791961614 -0.4243165253543585 0
5258 0.2450973060231138 0.1934417896606137 0
5259 0.2301444219375 0.1803444809580819 0
5260 -0.2624360862123234 -0.4341908094813094 0
5261 -0.2474697030919697 -0.4210845756181895 0
5262 0.7283123368751905 -0.2073821167779391 0
5263 -0.2459547819189537 -0.6944347826557529 0
5264 -0.5021499856302976 0.7750345518828463 0
5265 -0.5060160334182494 0.794513707647668 0
5266 -0.6597680848570882 0.06474066431492223 0
5267 -0.366319674330797 0.001292614276041631 0
5268 -0.5058191190372563 0.08512408661539234 0
5269 -0.5024621445170016 0.1567422165819441 0
5270 -0.5212845312042846 0.1631386260264089 0
5271 -0.1194647205287999 0.881302282088378 0
5272 0.7563926989402775 -0.5261369941528533 0
5273 -0.3777215206047696 -0.6496105810666299 0
5274 -0.4839476255045805 -0.467967673126764 0
5275 0.7126497078435333 0.5800465288328203 0
5276 0.7314735277059551 0.5736430714323545 0
5277 0.7464309944217412 0.5867432489306005 0
5278 0.7500967764198996 0.5671759563217619 0
5279 0.7352578566940323 0.5541008456123637 0
5280 0.7539048597522157 0.5476655984625324 0
5281 0.7390958844130422 0.5345836547579171 0
5282 0.7579825604251055 0.5282115086073867 0
5283 0.7725984494148442 0.5409717064688554 0
5284 0.7768538737912044 0.5218288868447351 0
5285 0.4655975348857551 0.4094509560253348 0
5286 0.4805550015203685 0.4225511335535784 0
5287 0.4766886483027583 0.4420547683998225 0
5288 0.4506309682142386 0.3963415023189026 0
5289 0.1310295599690462 -0.9136186479328222 0
5290 0.1348959129977813 -0.9331222828473537 0
5291 0.1919888362913183 0.2842661125812176 0
5292 0.2928152111380605 0.3954692901911703 0
5293 0.2889583962587069 0.4149746248268715 0
5294 0.2966911026460761 0.3759673551461099 0
5295 0.2817336360050495 0.3628671776399747 0
5296 -0.224688389666957 0.880669272425975 0
5297 0.8503145914527216 0.1512598132446632 0
5298 -0.4720378325113808 0.09182080656429925 0
5299 -0.04112176201153375 0.30900015380656 0
5300 -0.8338535150810111 -0.3854854592549545 0
5301 -0.3172805302283694 0.6393498738261144 0
5302 -0.2136015547889756 0.9132580056827084 0
5303 -0.2174501727832035 0.9328232042331276 0
5304 0.8262977884197221 -0.2589030389448271 0
5305 0.8451216082005674 -0.2653064963724387 0
5306 0.8074250011771336 -0.2525176883560627 0
5307 0.274706090247209 -0.3986543698370365 0
5308 0.04413522139431217 -0.8294939135242168 0
5309 0.9160425894476203 -0.1803019756098581 0
5310 0.9348664091241604 -0.1867054333009543 0
5311 -0.4194327261867639 0.0921140690547044 0
5312 -0.09372686856796206 0.3087068905178736 0
5313 0.224754230366971 0.4731922665159345 0
5314 0.2059304105312725 0.4795957238517128 0
5315 0.2435909112961503 0.4668113053675351 0
5316 -0.2935641266164207 0.431252368441267 0
5317 -0.308521593260533 0.4181521909274799 0
5318 -0.365507636237806 0.5284487006241565 0
5319 0.4296709469601446 -0.5605003807405059 0
5320 0.425804593940766 -0.5409967458592936 0
5321 0.4407620607043238 -0.5278965684849933 0
5322 0.4219382409232386 -0.5214931109797061 0
5323 0.436895707685038 -0.5083929336068224 0
5324 0.1926939961310578 -0.5162627041417243 0
5325 -0.4256415957798895 -0.1422228118172517 0
5326 -0.4068177759665989 -0.148626269254249 0
5327 -0.4444654155930656 -0.1358193543803048 0
5328 -0.1540646812885099 0.3474208973813271 0
5329 0.1743781227343605 -0.6009739644828958 0
5330 0.1555543029089923 -0.5945705070813679 0
5331 -0.564322364041481 0.4687933252417714 0
5332 -0.5493423191416652 0.4818674421486322 0
5333 -0.007340475512330386 0.3156968739252242 0
5334 -0.3575710770164729 -0.219944088688014 0
5335 -0.1617973872863638 0.3864281676915352 0
5336 -0.5981036505256399 0.4620966051182928 0
5337 -0.279622552259719 0.6265819798077417 0
5338 0.8789028947799741 -0.2586097771116874 0
5339 0.8977267145083426 -0.2650132346662473 0
5340 0.9123054394788808 -0.2520513818391361 0
5341 0.9160974730847612 -0.2715377163372793 0
5342 -0.3273454131031704 0.4245556482603682 0
5343 -0.1844875602766816 0.4123352599202854 0
5344 -0.09942778962958926 -0.01674470844700784 0
5345 0.2636146163751895 -0.431243956321424 0
5346 0.2486575099090622 -0.4443583595559029 0
5347 -0.3459720182531308 -0.2784549939503663 0
5348 -0.2597821700147418 0.4379425346540551 0
5349 0.2037840954047707 -0.4836515606010903 0
5350 0.218739558714445 -0.470550877165446 0
5351 0.3737074327940948 -0.6324047252370355 0
5352 0.4119765350989644 0.5913871268628675 0
5353 0.2231168751595855 -0.5811770662830815 0
5354 0.7345212071694455 0.02695476234896946 0
5355 -0.4933988319272607 0.5537792342414557 0
5356 -0.4972675149265484 0.5732752942457071 0
5357 -0.3727257585559662 0.4763698336259966 0
5358 -0.3915495783844568 0.4827732909965794 0
5359 0.2950537458874409 -0.678401977348586 0
5360 -0.2518529192630986 -0.3104722813596844 0
5361 0.2463149925438168 -0.6981988746523388 0
5362 0.2313575257767974 -0.711299052051627 0
5363 0.261262070811294 -0.6850847582054795 0
5364 -0.3482402280024466 0.7953463042996269 0
5365 0.2914981285955387 -0.04059895627429636 0
5366 -0.6323756340893198 0.5465078747587759 0
5367 0.47821249219867 0.1687106178649847 0
5368 0.4970363119372774 0.1623071602012016 0
5369 0.5009026647973128 0.1428035252790517 0
5370 -0.1577316314666643 -0.342484822049469 0
5371 -0.205653893153002 0.1648982004964252 0
5372 -0.3407790413622971 0.1381113210050201 0
5373 -0.3446453945220675 0.157614955857997 0
5374 0.07822724000595357 -0.2044978124302668 0
5375 0.06326977326066388 -0.217597989824509 0
5376 0.04444295704857304 -0.2111879849782792 0
5377 0.04831230651515384 -0.2306981672188471 0
5378 -0.1339142394689283 0.7770873891358826 0
5379 -0.1937441060101154 0.7246866791680955 0
5380 -0.1749229414440569 0.7182687753393504 0
5381 -0.4707095999460297 0.527881406493017 0
5382 -0.2540819188874369 0.7634006861205498 0
5383 -0.2502155656772805 0.7438970512519645 0
5384 -0.2579482720966221 0.7829043209970947 0
5385 -0.3600999492512599 0.2356214395061079 0
5386 -0.3639771603217771 0.2551331301245681 0
5387 -0.3490196936532683 0.2682333076076131 0
5388 0.7683024938285637 0.0336514812896721 0
5389 0.7871263134503936 0.02724802326055364 0
5390 0.2278019071637722 -0.07349603497894105 0
5391 -0.615911578382022 0.286270628776753 0
5392 -0.6120452252230386 0.2667669939346853 0
5393 -0.7432892981642568 0.2204805860200861 0
5394 -0.7244801955936625 0.2140730233247095 0
5395 -0.6584414632235677 0.5008106108856347 0
5396 0.8701542975125746 -0.0373730786265537 0
5397 0.8513304779059351 -0.03096962069686168 0
5398 0.8474641253110253 -0.0114659857344358 0
5399 -0.3972902095555484 0.8663026411935889 0
5400 -0.4122059387049996 0.8532300452455094 0
5401 -0.8168787591885973 0.5005743700692453 0
5402 0.5134540389700502 -0.8070132322145096 0
5403 0.5281237736353537 -0.7935306422254726 0
5404 0.8708893607296825 0.3984898666972829 0
5405 0.7075758095241612 -0.6364176615825062 0
5406 0.5895707656237292 0.7657149513642821 0
5407 -0.7383828330039482 -0.5987875745083211 0
5408 -0.7198148309013861 -0.6058001540109932 0
5409 0.7910298538904215 0.5339507248636298 0
5410 0.7956776936846727 0.5154254294535745 0
5411 0.7807202269681884 0.5023252519329704 0
5412 0.7995440468665909 0.495921794549622 0
5413 0.8411001854162982 0.4630569904813127 0
5414 0.8219756158819643 0.4695520460540942 0
5415 -0.1239394218093586 -0.9532171273164072 0
5416 -0.1428553210204621 -0.9467634826504729 0
5417 0.8565674203610786 -0.4144172322293149 0
5418 -0.1929281475850984 -0.9475833836220974 0
5419 -0.7184254619760356 0.6306682802924394 0
5420 -0.7152242117154595 0.6111187666218145 0
5421 -0.1373334008406218 -0.9666647603717737 0
5422 -0.90094818519189 0.3109345320324218 0
5423 0.9604070451416181 -0.04988672742642027 0
5424 0.9548021128594492 -0.02471828026431816 0
5425 -0.5253762814703492 0.7992914243972614 0
5426 -0.7375721431361236 -0.6193262306653894 0
5427 0.9081623645588915 0.3145256406840795 0
5428 0.9094436396264682 0.2935817061392482 0
5429 -0.2705345674987749 -0.9252123011635035 0
5430 -0.2898112900827617 -0.9159647489992154 0
5431 -0.7892165949193064 0.5444921708986112 0
5432 -0.06386770384896512 0.9523322977714237 0
5433 -0.8909328772955341 -0.367349398217299 0
5434 -0.7212289869588329 0.6488824473205481 0
5435 -0.9459917372427979 0.1802961587355525 0
5436 -0.05354490857499104 0.9660781035952725 0
5437 -0.0308043707582073 0.9596916671024016 0
5438 -0.6482778998865094 -0.7038173049795666 0
5439 -0.6518544280797138 -0.6837426274166516 0
5440 -0.6662567270067048 -0.6972316794164242 0
5441 -0.07165815900781093 -0.9537989677995957 0
5442 -0.7565231519203099 -0.5922399582579672 0
5443 -0.8659358423153367 -0.4132036872585172 0
5444 -0.7830971482233996 -0.5476143492680245 0
5445 -0.7362616177729653 0.6203369999132133 0
5446 -0.3368817270133532 0.9013109364207514 0
5447 -0.02893476337643667 0.9785550783056155 0
5448 -0.9035761494175493 0.3291381614260628 0
5449 0.945362828926734 -0.1536944325850561 0
5450 0.9591699691406377 -0.1407575519407177 0
5451 -0.7945380782891476 0.5643661595377045 0
5452 -0.8201231307616251 0.5194344608882584 0
5453 0.4353604365256075 -0.853594281688314 0
5454 0.4498375813148848 -0.8398079050245391 0
5455 0.7383945494157178 -0.6119222257803822 0
5456 0.7193415542947492 0.6309144327687166 0
5457 -0.5125424324964102 0.8156975836996151 0
5458 -0.4915625960681699 0.8078470061926394 0
5459 0.957277268310295 -0.1210498071900192 0
5460 -0.7797764357069976 -0.5689994499488731 0
5461 -0.5424496100913252 -0.7929873339625517 0
5462 -0.5610774740802121 -0.7873090776417567 0
5463 0.712242471024604 -0.6565942941670631 0
5464 -0.4993863258664651 -0.8263605969592203 0
5465 -0.002146235422975665 -0.9621425042929416 0
5466 -0.6901962919402254 -0.673875860000277 0
5467 -0.7058347058339436 -0.6636299177824625 0
5468 -0.5857641308270964 -0.7641948150642349 0
5469 -0.6048373610427131 -0.7530597635164977 0
5470 -0.8334575756786808 -0.4769284869696644 0
5471 -0.8372259053427602 -0.4569203376909506 0
5472 -0.5207998979694951 -0.8193558166332633 0
5473 -0.643462246744351 -0.7237215425598912 0
5474 0.2090084284538594 -0.9406442752428719 0
5475 0.1910959751709407 -0.9500468472338829 0
5476 -0.9494628344947073 0.1995987918501718 0
5477 0.8174247803160335 0.5093266664285376 0
5478 -0.1175718191193473 0.9516879004253825 0
5479 -0.1021976298837293 0.9645294304172524 0
5480 -0.1359889850822279 0.9572506906767148 0
5481 0.02396338797735847 0.961099227659365 0
5482 0.5703637798555019 0.7759955398169871 0
5483 0.5538184973843269 0.7613961746249794 0
5484 0.5492750965095125 0.7806926947416611 0
5485 -0.2517081387408339 0.9258664227970417 0
5486 0.8593992088271102 0.4545953796720348 0
5487 -0.9650869064811155 0.1878505330515562 0
5488 -0.9468309439002391 0.1593882091855571 0
5489 0.7653460594795695 0.5794836400417859 0
5490 0.7618782937260563 0.5991330109834164 0
5491 0.7836834747071343 0.5712327078132907 0
5492 -0.494534355263212 0.8275875105876206 0
5493 -0.4759800558167471 0.8205557941083206 0
5494 0.6102899567070028 0.7421858023897236 0
5495 -0.9613532160417065 0.1457672419636954 0
5496 0.7378766781438448 0.6246441475794342 0
5497 0.9098087439830771 0.3714464971868094 0
5498 -0.2871073890714324 -0.9350096792408619 0
5499 -0.2978367928037792 0.9367226357052544 0
5500 0.4551076970703367 -0.8587003695731401 0
5501 0.4213428302169198 -0.8684223086491125 0
5502 0.9738777734087629 -0.1279021694903554 0
5503 0.955539170645979 -0.1015284097414488 0
5504 -0.9539733239813195 0.1260283907749209 0
5505 -0.9625445332191618 0.1101076046326188 0
5506 -0.9391697193526765 0.13932589727267 0
5507 0.9724810683793041 -0.08754222029133851 0
5508 0.9517539674816364 -0.08246818228718381 0
5509 -0.2501188249350429 -0.9275164039107061 0
5510 -0.2407803319455192 -0.9448186741082844 0
5511 -0.233654806831419 -0.9274827111800018 0
5512 -0.8458532507779318 0.4734096149564132 0
5513 -0.8639427059351557 0.4610035700782073 0
5514 0.9511509691692233 -0.1733261944605677 0
5515 0.9310000563206443 -0.1672017984126272 0
5516 0.9537453693580046 -0.1933521614686159 0
5517 -0.8835663940838286 -0.4033778261116366 0
5518 -0.8653915055295704 -0.4324405143044278 0
5519 -0.8468485843541688 -0.4227770190009189 0
5520 -0.7648398675778751 0.5893117961854342 0
5521 -0.9292524446301452 0.2643564876863803 0
5522 -0.9315422158459181 0.2845110528963379 0
5523 -0.8575749329686991 0.4410746241990976 0
5524 -0.8290943075266359 -0.4962175217401174 0
5525 -0.8537749438300473 -0.4740990353730755 0
5526 0.8587387052953801 0.4761904923945158 0
5527 -0.6256745283987835 0.6897240793900477 0
5528 -0.6405899425626627 0.6765734415383797 0
5529 -0.6592367994681021 0.6828455254036854 0
5530 -0.6217891914235475 0.6701972163753266 0
5531 -0.6179433572982841 0.6507294972653931 0
5532 -0.6029864106008218 0.6638322907090168 0
5533 -0.5807923654591316 0.7289607163236551 0
5534 -0.5658940861304294 0.741951485056895 0
5535 -0.5769290537531507 0.7095094908131028 0
5536 -0.5847140241714586 0.7483576716139514 0
5537 -0.5470185451129912 0.7356348708384267 0
5538 0.8454323402861391 0.3529928945117181 0
5539 0.8743346189424119 0.3789849611342462 0
5540 0.8492986937421587 0.3334892596647637 0
5541 0.8155303246402446 0.3268305114670185 0
5542 0.7967034377556544 0.3331979179125616 0
5543 0.777835560804869 0.3395897041696807 0
5544 0.7817361202627423 0.3200958183908933 0
5545 0.7667786536542051 0.3069956407769183 0
5546 0.7856024735750534 0.300592183527196 0
5547 0.800556579827 0.3137040823996811 0
5548 0.8044212680508868 0.2942291819298303 0
5549 0.7927821201074278 0.3526906876529535 0
5550 -0.8530360367950187 0.4213012873463927 0
5551 -0.8343916434412562 0.4151859491157964 0
5552 0.7035903807180013 0.1829838481060397 0
5553 0.7185227999482714 0.1960790604410173 0
5554 0.7373620977326736 0.1896524118299689 0
5555 0.7522999684395932 0.2027749382664567 0
5556 0.7672925197247337 0.2158982939470437 0
5557 0.7146192942656338 0.2155585884236737 0
5558 0.7108151491800564 0.2350912899475576 0
5559 0.7335136445758662 0.2091745805425426 0
5560 0.7710927774231354 0.196369532263507 0
5561 0.789953345315169 0.1899764321104916 0
5562 0.8049025240720142 0.2030567174122672 0
5563 0.7938431324817012 0.1704701872852972 0
5564 0.6919808295611256 0.2414641592583605 0
5565 0.6770169422027369 0.228388208983581 0
5566 0.7485194175342701 0.2222196320465527 0
5567 0.7074636539432901 0.1635005550046125 0
5568 0.6925003068744897 0.1503874418964992 0
5569 0.688606839337325 0.1699056208159418 0
5570 0.3387278017452107 0.2525416108160008 0
5571 0.3348436309381818 0.2720373210267628 0
5572 0.319889221760517 0.2589455459827447 0
5573 0.3160154460316221 0.2784428074959519 0
5574 0.3309692914331192 0.2915471690400585 0
5575 0.66542387991958 0.2868940191867879 0
5576 0.6465884434002862 0.2933009366858812 0
5577 0.66153963859042 0.3064034046546158 0
5578 0.6764994889635618 0.3195105201982954 0
5579 -0.3366589442421615 0.7369489557024607 0
5580 -0.3515594252629215 0.7238068905481798 0
5581 -0.3178327985571744 0.7305338661835989 0
5582 -0.3139139891581998 0.7109848232422624 0
5583 -0.3216952993911861 0.750014508006899 0
5584 -0.3255587158435966 0.7694917628262895 0
5585 -0.3105557401828093 0.7826338357829243 0
5586 -0.2917308650708641 0.7762037603192596 0
5587 -0.276776783610502 0.7892848264733228 0
5588 -0.3665181234126397 0.7106887405638481 0
5589 0.3425900504303261 0.2330367559882414 0
5590 0.3464386116304322 0.2135321875026984 0
5591 0.3276219281525095 0.219938276291143 0
5592 0.3503070863167344 0.1940280817681666 0
5593 0.365264348143896 0.2071160175890522 0
5594 0.3802136971879466 0.2202182587170375 0
5595 0.384096069281 0.2007249050714695 0
5596 0.3879576358273116 0.1812280267605976 0
5597 0.4029115975101981 0.1943151714259963 0
5598 -0.8667117264700882 0.1351834729670663 0
5599 -0.8479480469443657 0.1287856597448075 0
5600 -0.8629553366132967 0.1156767273332143 0
5601 0.6548426856084515 0.163177187006546 0
5602 0.6697817727033537 0.1762553850832983 0
5603 0.6360316438069611 0.1695829825778249 0
5604 0.6321607640455069 0.189092137272331 0
5605 0.6133473945527724 0.1954863616688092 0
5606 0.6094665165687549 0.214987111906074 0
5607 0.5945581840481913 0.2018852663859306 0
5608 0.5795563468020102 0.1888007785295793 0
5609 0.6244142217914361 0.2280984265633922 0
5610 0.60558563765884 0.2344878616299784 0
5611 0.620533342802744 0.2475991762554114 0
5612 0.6017047586910318 0.2539886113222791 0
5613 0.5867570535506538 0.2408772967014795 0
5614 0.5828761745826756 0.2603780463911929 0
5615 0.5978238797223727 0.2734893610118698 0
5616 0.5789952956138695 0.2798787960809117 0
5617 0.5751602889007084 0.2994049778204867 0
5618 0.5601812637297254 0.2863233528310795 0
5619 0.5563216052128508 0.3058307341945545 0
5620 0.5413669954387581 0.2927555955652816 0
5621 0.5452009327337873 0.2732339746634161 0
5622 0.5375296369947907 0.3122650198158472 0
5623 0.5525064542894519 0.3253430941108661 0
5624 0.5640787754225391 0.2667821564395911 0
5625 0.5490797335922137 0.2537282500371427 0
5626 0.5302458070126911 0.2601038496699392 0
5627 0.5901119146805203 0.3125179101408992 0
5628 0.5225598488477761 0.2991614003225034 0
5629 0.5186807814909541 0.3186320801841797 0
5630 0.6398912123982533 0.1500925275976147 0
5631 0.6437605129176058 0.1305831369557605 0
5632 0.621080643126509 0.156490655219178 0
5633 0.6171951462433231 0.1759893608677994 0
5634 0.598346734148278 0.1823832042018776 0
5635 -0.8812815863450092 0.03100998743511155 0
5636 -0.8624558062614376 0.02456034213332361 0
5637 -0.8774032978730095 0.01146836315329339 0
5638 -0.8585798569529223 0.0050552264436175 0
5639 -0.8547208313573972 -0.01446221051444746 0
5640 -0.8358896880386431 -0.02085061396078461 0
5641 -0.8508371973126472 -0.03396294499920385 0
5642 -0.8320081295881427 -0.0403513617232566 0
5643 -0.8469551582344956 -0.05346349709680306 0
5644 -0.8281262202405988 -0.05985191464742873 0
5645 -0.8430505622659221 -0.07295261022877063 0
5646 -0.8618867326806572 -0.06655065354669459 0
5647 -0.8392994397085956 -0.09238312379449977 0
5648 -0.8541690444329272 -0.1055611915629316 0
5649 -0.8696906894625847 -0.02755091468754255 0
5650 0.6881158126961222 0.2610114593490631 0
5651 0.6692924241603515 0.2673899506728035 0
5652 -0.3964494532940712 0.6844732060532223 0
5653 -0.3776092635458589 0.6780845034129299 0
5654 0.4145162671537427 0.1358135424101271 0
5655 0.4106488387529483 0.1553156853383212 0
5656 0.3956924473070625 0.1422169997444238 0
5657 0.534848977296988 0.767708506695099 0
5658 0.5305527699479875 0.7870686348915916 0
5659 0.5160101925789204 0.7740738262963011 0
5660 0.5121335807833592 0.7935692446532573 0
5661 0.4934806815229946 0.8001101786830545 0
5662 0.508415391851316 0.8131273768717786 0
5663 0.4894336434222256 0.819095770148321 0
5664 0.4746279141542247 0.8064291618655831 0
5665 0.4707576287325179 0.8258541955151665 0
5666 0.527200642764184 0.806633219243289 0
5667 0.5247306191093848 0.8285653709325124 0
5668 0.5024004353107239 0.8318690145591177 0
5669 0.538843736517108 0.7482994598046752 0
5670 0.4333352058912173 0.1294074570272226 0
5671 0.6476268661660178 0.1110795021023161 0
5672 0.2775495401119542 -0.2359205692406402 0
5673 0.1568788445641485 -0.1584987840596029 0
5674 0.1756977275715864 -0.1649028490911352 0
5675 0.1795700214625562 -0.184404219834374 0
5676 0.5576551284288735 0.7418708059005396 0
5677 0.5614920464069368 0.7224395762371778 0
5678 0.5653862190114938 0.7028721369402168 0
5679 0.5465493760744018 0.7093047309490628 0
5680 -0.8016535141572656 -0.105267289334747 0
5681 -0.7827862280078478 -0.1116718392352171 0
5682 -0.797747317589006 -0.124771854237539 0
5683 -0.7789192289121187 -0.1311800514494514 0
5684 -0.7600925529056003 -0.1375803271307365 0
5685 -0.7562071616609111 -0.1570840673264247 0
5686 -0.7711674738462948 -0.1701840010340789 0
5687 -0.7861305661328647 -0.1832849870907623 0
5688 -0.7673141826483287 -0.1896804064122959 0
5689 0.4372064402014713 0.1099064502237471 0
5690 -0.7953874083996633 0.1290784454714606 0
5691 -0.776577356497072 0.1226650441178206 0
5692 -0.7726856778824953 0.1031668314619079 0
5693 -0.7632266775345998 0.4090948857289948 0
5694 -0.759298922060752 0.3896308360465958 0
5695 -0.7442891597504144 0.4027028138068684 0
5696 -0.7293624395034451 0.4158060916686489 0
5697 -0.7742317988247992 0.3765134140940558 0
5698 -0.7554012732101028 0.3701352450356353 0
5699 -0.7703406865823231 0.3570151571718945 0
5700 -0.751488212364394 0.3506341009451033 0
5701 -0.7664482182719663 0.3375167458623066 0
5702 -0.7475677461167003 0.3311199904815514 0
5703 -0.7365687651325423 0.3637574717025327 0
5704 -0.7852851289235344 0.3439299033711835 0
5705 -0.7814162996684269 0.3244228033345391 0
5706 -0.7625718737897875 0.3180102197551759 0
5707 -0.7437553154618386 0.311624824110781 0
5708 -0.7399456106116287 0.2920875599187956 0
5709 -0.7177283559288137 0.3572978561886802 0
5710 -0.7326742895535053 0.3442018047648148 0
5711 -0.7215563536537563 0.3768054359883942 0
5712 -0.7963574311168627 0.3113218820303666 0
5713 -0.7211064615926105 0.2856798223577274 0
5714 -0.7022979681488605 0.2792806477628249 0
5715 -0.7172554348900915 0.2661804703997712 0
5716 -0.7133890818546732 0.2466768355437652 0
5717 -0.7670100790420697 0.4286130066010257 0
5718 -0.7708764320975428 0.4481166414453184 0
5719 -0.7858179548849528 0.4350196247420385 0
5720 -0.7896975773677501 0.4545170376556163 0
5721 -0.7747431181801837 0.4676193137604758 0
5722 -0.7559104354075737 0.4612034962921597 0
5723 -0.7577403111487384 0.1162627830632439 0
5724 -0.7389297169581898 0.1098581291255313 0
5725 -0.7427960699917644 0.1293617639904839 0
5726 -0.7538785652650732 0.0967596602383006 0
5727 -0.7688367400472303 0.08365740321288678 0
5728 -0.7500161294270259 0.07726049640423327 0
5729 -0.7876299522816134 0.09009617044626472 0
5730 -0.783774269290099 0.0705640592293976 0
5731 -0.7933552796005812 -0.2354086057165342 0
5732 -0.7972357487396384 -0.2158867337345179 0
5733 -0.8010973204538387 -0.1963727459941603 0
5734 -0.7745626654926538 -0.2417744041152904 0
5735 -0.4601280448872317 0.6516092825500275 0
5736 -0.4789518647475072 0.658012739855358 0
5737 -0.8209424368617206 -0.00772646039748312 0
5738 -0.8059843468714054 0.005349969936419258 0
5739 0.6138455796671313 0.1043827818394749 0
5740 0.4261153267535297 0.07730263785549085 0
5741 0.4111578601065047 0.06420246033908342 0
5742 0.4299816799531335 0.05779900300496399 0
5743 0.4150242133065558 0.04469882548897935 0
5744 0.4338480331525694 0.03829536815509943 0
5745 0.3962003934607107 0.05110228282288065 0
5746 0.4000667466605609 0.03159864797358342 0
5747 -0.7252780983035331 -0.3131195083017887 0
5748 -0.7440961234288253 -0.3067048273115133 0
5749 -0.7064750566261648 -0.3195151027253294 0
5750 -0.7590536689805181 -0.3197973193556297 0
5751 -0.7629377803354194 -0.3003034477254766 0
5752 -0.7479750804332546 -0.2872094227067643 0
5753 -0.7667962543861579 -0.2807982819171226 0
5754 -0.7706713919613624 -0.2612817159309416 0
5755 -0.7518423777031225 -0.267730427150632 0
5756 -0.7551923093535137 -0.3392487311694324 0
5757 -0.736897151758268 -0.2545974145590744 0
5758 -0.7219404693250395 -0.2415005632273173 0
5759 -0.7456347008276929 -0.03336722074202503 0
5760 -0.7268040207870924 -0.03976356855435331 0
5761 -0.702619758700093 -0.3390512315316433 0
5762 -0.6837936549456983 -0.345412244468755 0
5763 -0.8701885125230698 0.06356761182616263 0
5764 -0.8552310458459298 0.07666778928052885 0
5765 0.4488142836423893 0.05139780246347037 0
5766 0.2963762523123288 -0.2423292753891946 0
5767 0.3002467265077911 -0.2618356596366797 0
5768 0.3152041913052165 -0.2487354798854197 0
5769 -0.6799476050159428 -0.3649336965230395 0
5770 -0.66108555930664 -0.3713384069917177 0
5771 -0.6760218488852874 -0.3844516165642567 0
5772 -0.6721264609804773 -0.4039846993906964 0
5773 -0.6533536517200091 -0.4103906417582703 0
5774 -0.6494778090043327 -0.4298497533381253 0
5775 -0.6345239455719125 -0.4167364948347405 0
5776 -0.6455942396254144 -0.4493639182188183 0
5777 -0.6909932283374193 -0.3975369150816034 0
5778 -0.70595725423083 -0.4106647798975557 0
5779 -0.4451705782602909 0.6647094600951544 0
5780 -0.4263454171765886 0.6582924965544392 0
5781 -0.4224804051693442 0.6388023679435538 0
5782 -0.6891813841009682 -0.05259295625979074 0
5783 -0.6930414258925228 -0.03307077245136442 0
5784 -0.6703912691748783 -0.0589867564700878 0
5785 0.3866273228069576 -0.254843818849771 0
5786 0.3716756494475077 -0.2679458556091719 0
5787 0.4054540876939589 -0.2612575160043943 0
5788 0.401581336645037 -0.2417562507023314 0
5789 0.02460548153380193 -0.02256161318589833 0
5790 0.03956321252441933 -0.009461354451955312 0
5791 0.04342947205232023 -0.02896471414018364 0
5792 -0.5633064691499857 0.2865638926144293 0
5793 -0.25825899948389 0.164604938065353 0
5794 -0.2621253525283881 0.1841085729421773 0
5795 -0.2659917055730346 0.2036122078190934 0
5796 -0.2510342388259015 0.2167123852143158 0
5797 0.2399055560637222 -0.2231149907295301 0
5798 0.2360400626379009 -0.2036162913174974 0
5799 0.2321718676674824 -0.1841109574052985 0
5800 0.2172187387846438 -0.1972145594140379 0
5801 0.2210794776673504 -0.2167097178844666 0
5802 0.1983876843760134 -0.1908002854497829 0
5803 0.1945253005322942 -0.1713044930100055 0
5804 0.1834518863538256 -0.2039111719229347 0
5805 0.164625841794429 -0.1975132890554188 0
5806 0.1684899592579094 -0.2170098667460694 0
5807 0.2509967009407001 -0.1905148804805769 0
5808 0.2022626656987232 -0.2103106217573218 0
5809 -0.5931931158242408 0.2603696141936092 0
5810 -0.6081622844323191 0.2472706387479397 0
5811 -0.02413251140590275 -0.04235853631416106 0
5812 -0.03908935231729718 -0.05545716862258984 0
5813 -0.4828121272337476 0.6774943084745119 0
5814 -0.5016360954377381 0.6838820127995375 0
5815 0.5625544473547206 0.540146640566189 0
5816 0.5437384196328071 0.5465402777555395 0
5817 0.566415573332602 0.5206545857166469 0
5818 0.5813657669685814 0.5337456031026472 0
5819 0.5702703303669444 0.5011697871397476 0
5820 0.5514417678577447 0.5075416051549247 0
5821 0.5890687689547401 0.4947622182158014 0
5822 -0.7856409447537043 -0.2743927873712039 0
5823 -0.8895808327604575 0.1611549263557843 0
5824 -0.8746550912504145 0.1741620726283773 0
5825 -0.8557389514775234 0.1677645763516532 0
5826 -0.8706015181023518 0.1546656228738164 0
5827 0.2352238788147175 -0.7308026869483862 0
5828 0.2164000590087602 -0.7243992294510275 0
5829 0.2202717097009583 -0.7438798851537867 0
5830 -0.5963557593824256 -0.5206392051807845 0
5831 -0.5775104608891575 -0.5270290918472549 0
5832 0.2437675660863823 -0.2426189995013502 0
5833 -0.8590967094098738 0.09617345558129907 0
5834 -0.8740048629907307 0.08308416665299809 0
5835 -0.8402539505377488 0.08979229274060495 0
5836 0.06225388142414898 -0.03536855344724391 0
5837 -0.7732189488387224 0.19427612606985 0
5838 -0.7770853018635008 0.2137797609268134 0
5839 -0.7881514551955866 0.1811806203314759 0
5840 -0.273212907590381 0.1515030125729499 0
5841 -0.2693414629482807 0.1319994395732935 0
5842 -0.7843100625531702 0.1616723138376438 0
5843 0.2916953382366526 -0.7500130594444896 0
5844 0.2767396984115106 -0.7631078662968207 0
5845 0.561240477408613 0.1040895178119914 0
5846 -0.1638291727374368 0.7508870340204258 0
5847 -0.1676955259800141 0.7703906688808411 0
5848 0.09318470675120338 -0.1913976350361268 0
5849 -0.554853681497598 -0.5529780232663761 0
5850 -0.5587204780527957 -0.5334580269948799 0
5851 -0.5360420825840827 -0.5593788343740262 0
5852 -0.5736536040487468 -0.5465326947044848 0
5853 -0.1032928976827911 0.002758906998492155 0
5854 -0.1221179643694825 0.009162383566574811 0
5855 0.2625936512668725 -0.2490170166741311 0
5856 -0.7273306578412456 0.05134722452445456 0
5857 0.3481667976651982 -0.7692234319439025 0
5858 0.3332104946815457 -0.7823201882350873 0
5859 -0.1259843178169335 0.02866601879194483 0
5860 -0.1448081374470059 0.03506947540420477 0
5861 -0.1486744910052039 0.05457311068800236 0
5862 -0.1674983103834684 0.06097656759844453 0
5863 -0.7422869808905496 0.03828664994941586 0
5864 -0.7384558846412312 0.01877432964051723 0
5865 -0.7195819943875701 0.01233763539482222 0
5866 -0.7345336144728867 -0.0007940859110401877 0
5867 -0.7494840387810189 -0.01390283929967726 0
5868 -0.7572850558752865 0.02513971179756611 0
5869 -0.5133571769690488 -0.5852989815522878 0
5870 -0.5171979488967455 -0.5657619776387679 0
5871 -0.4945691489923898 -0.5916855228113361 0
5872 -0.005308690676415539 -0.04876199586302304 0
5873 -0.009174472185281418 -0.02925854021276472 0
5874 -0.707998892641176 -0.04617094984257347 0
5875 0.3298245634348401 -0.854039430516783 0
5876 0.3448083929558873 -0.8408345152419751 0
5877 0.3486747460539315 -0.8603381501469287 0
5878 0.3674985659039763 -0.8667416075931108 0
5879 0.3744321690777794 -0.8877038821786311 0
5880 0.08158229257836758 -0.132889031253741 0
5881 0.1004038841760289 -0.1392894145725747 0
5882 -0.1527398459801361 0.7834904937670621 0
5883 -0.1566045629980733 0.802994051180978 0
5884 -0.1416394698159971 0.8160961397167773 0
5885 -0.1604657435615156 0.8224923801667932 0
5886 -0.1377812935338998 0.7965892819275923 0
5887 -0.6473221940036604 0.5334491214942945 0
5888 -0.6623078165404803 0.5203142456926527 0
5889 -0.6661556624922693 0.5398246570522943 0
5890 -0.628526530121036 0.5270109660816007 0
5891 -0.6772652830892648 0.5072140680970229 0
5892 -0.4940309210260391 -0.6828396206682323 0
5893 -0.4978607691824374 -0.6633797040923147 0
5894 -0.4752131563809684 -0.6891856863443151 0
5895 0.4461577861291045 -0.8206009031372622 0
5896 0.4611117371799204 -0.8075812632801221 0
5897 0.464717524395581 -0.8266688437006493 0
5898 0.4829952211354817 -0.8352218956095226 0
5899 0.005782480285443481 -0.01615815082652911 0
5900 0.001916068769259094 0.003345453508467322 0
5901 0.1042761916729249 -0.1587927328877417 0
5902 0.49316001435005 0.181808288961164 0
5903 0.5119937788164048 0.1754073374594028 0
5904 -0.07854443140603146 0.9396635054653113 0
5905 -0.0746378051016596 0.9203936514214204 0
5906 -0.07069456832024404 0.9011914774929274 0
5907 -0.08569183331323468 0.8880869477119541 0
5908 -0.100640900800936 0.874898824697266 0
5909 -0.06684509992692936 0.8816819582513147 0
5910 -0.06299326107678048 0.8620919099923867 0
5911 -0.1045133443600201 0.8944472912621624 0
5912 -0.05190026345452736 0.894760564899687 0
5913 -0.04804963790016048 0.8751210357047411 0
5914 -0.04416944121904134 0.8556884526558651 0
5915 -0.02931781515964184 0.8689008816117693 0
5916 -0.0104746820018127 0.8624504148397832 0
5917 -0.006541832691663696 0.8428205766302517 0
5918 -0.01433831119337088 0.8819724176737275 0
5919 -0.6665075393490439 -0.07848513471384644 0
5920 -0.6177461467815607 -0.05868460241063478 0
5921 -0.6138814819980061 -0.07818901353411578 0
5922 -0.5950566857859252 -0.08459488730149797 0
5923 -0.6100155489891902 -0.09769262152523417 0
5924 -0.5911864902449697 -0.1040977151530582 0
5925 -0.5873217844474543 -0.1236063315680893 0
5926 -0.5685314426096553 -0.1300111053703953 0
5927 -0.5497199398703878 -0.1364076162574091 0
5928 -0.5646149093285462 -0.1495058237176477 0
5929 -0.5795731227626809 -0.162630777338049 0
5930 -0.5308995688648876 -0.1427803874980374 0
5931 -0.5158943416861684 -0.1297091594691996 0
5932 -0.5756805164812908 -0.182127309711453 0
5933 0.01230201831934308 0.836478080773017 0
5934 -0.4114100203636585 0.6713740522063372 0
5935 -0.4075203434299425 0.6518795443473673 0
5936 0.6003886024640284 -0.1820737147845131 0
5937 0.6303268839639249 -0.1558611940053727 0
5938 0.6153531257126448 -0.1689702476416584 0
5939 0.6452816343967607 -0.142761555157757 0
5940 0.6602393247640492 -0.1296607226493366 0
5941 0.5818901326292204 0.4426328700947849 0
5942 0.5630529491576609 0.4490315287007011 0
5943 0.5779939453016867 0.4621372852860643 0
5944 0.5857530007264258 0.4231480407809812 0
5945 0.5708077475238619 0.4100374824534214 0
5946 0.6563754646062655 -0.1101572047169715 0
5947 -0.2698580586178513 0.2231158426960266 0
5948 0.6195355969746401 0.4298468311897392 0
5949 0.6045811569342279 0.4167430923372279 0
5950 0.6084466315476313 0.397236652320045 0
5951 -0.4375667989665327 -0.7020647936968127 0
5952 -0.4413887768148381 -0.6825779502861613 0
5953 -0.4187432638119074 -0.7083982965861092 0
5954 -0.4037789333678239 -0.6953131118967727 0
5955 -0.3849480457713672 -0.7017165599761449 0
5956 -0.3810691679099777 -0.7212352339480916 0
5957 0.02721844699587592 0.8494991967492039 0
5958 0.04600339691097954 0.8432461989155198 0
5959 0.04991599900883942 0.8236201601730964 0
5960 0.0648567013966844 0.8368947633717094 0
5961 0.06873941089478028 0.8173852109871992 0
5962 0.08367788629452746 0.8303593665735503 0
5963 0.1025353254369274 0.824069234957135 0
5964 0.09869447836640395 0.843523850962669 0
5965 0.1064008761573613 0.8044238747552912 0
5966 0.1213690844836085 0.8176122662475916 0
5967 0.1251920676945901 0.7981467977859589 0
5968 0.1401738600379715 0.8112305769073159 0
5969 0.1590096342696801 0.804802258622245 0
5970 0.1628797786461226 0.7852277622449731 0
5971 0.1777653562611825 0.7983656063196576 0
5972 0.1966179064073222 0.7920226012145037 0
5973 0.2004990298179649 0.7724968790036495 0
5974 0.2154438817188521 0.785619178896091 0
5975 0.2342944514496548 0.7792005727688407 0
5976 0.2304274471187741 0.798689510992958 0
5977 0.2381662087599285 0.7596086700755721 0
5978 0.25313118368293 0.7727885583747635 0
5979 0.192739107113145 0.8113995424744936 0
5980 0.2569769405527525 0.7533105932709065 0
5981 0.2719407404579074 0.7663736999228473 0
5982 0.2907800458502732 0.7599762000988226 0
5983 0.2946292143227133 0.7404606708175369 0
5984 0.3095683811765871 0.7535048952983532 0
5985 0.3284282383601895 0.7471654502303396 0
5986 0.3322780860472085 0.7276508645060776 0
5987 0.347243409370791 0.7407859506209123 0
5988 0.3660764444023653 0.7343557681070811 0
5989 0.3622237750508051 0.7538665317127597 0
5990 0.3699360754598527 0.7147886125530458 0
5991 0.3849055167036289 0.7279357001812297 0
5992 0.3433913884519063 0.760257916946868 0
5993 0.3887400882389087 0.708444192087277 0
5994 0.4036998660449792 0.7215401700381349 0
5995 0.4225367525051758 0.715146015123081 0
5996 0.4263992025881119 0.695632028100314 0
5997 0.4413594095730884 0.7087775940386103 0
5998 0.4601937756257037 0.7023440465224745 0
5999 0.4640736948017085 0.6827951067626483 0
6000 0.4790178548051316 0.6958706838750597 0
6001 0.4751628479796869 0.7154170584278587 0
6002 0.4563348443121977 0.7218226398114376 0
6003 0.4375111692064263 0.7282432449647182 0
6004 0.4186827324842795 0.7346479761170477 0
6005 0.3998485150029232 0.7410048916002103 0
6006 0.4148411815382636 0.7541407983346732 0
6007 0.4524637641685919 0.7413195001881324 0
6008 0.4901210241203428 0.7285095306212181 0
6009 0.4982967492749364 -0.7293269911739134 0
6010 0.4944123715295643 -0.7098497560471443 0
6011 0.4833236852385379 -0.7424088231521788 0
6012 0.4644681241722161 -0.7360330948333245 0
6013 0.4683585579114752 -0.7555202475876686 0
6014 0.5092916304517959 -0.6967207458991201 0
6015 0.5021196126803593 -0.7488285620388537 0
6016 0.52093597789949 -0.7552209958727749 0
6017 -0.6433408641307581 -0.1955130954988152 0
6018 -0.6244629622385505 -0.2019067673325941 0
6019 0.1787524207006069 -0.7115923155695699 0
6020 0.5619456308703428 -0.6964393002190243 0
6021 0.6383703205485503 0.4234309233743809 0
6022 0.6533118937505884 0.4365253364379481 0
6023 -0.6206180807402706 -0.2214203094994081 0
6024 -0.6017637132423372 -0.227823219884087 0
6025 -0.6167027401171941 -0.2409353610693397 0
6026 -0.6128129707055747 -0.2604740486555327 0
6027 -0.6317148871575162 -0.2540245866736925 0
6028 -0.2843047515521115 0.118909265484416 0
6029 -0.2992560787976049 0.1058004397888204 0
6030 -0.3031290772584342 0.1253112392843623 0
6031 -0.3180883121824116 0.1122107083347001 0
6032 -0.3330463596633836 0.09910882281499078 0
6033 -0.2654742743610812 0.1124981345049706 0
6034 -0.2616119389916406 0.09299328314151867 0
6035 -0.2505221597289681 0.1255961847099958 0
6036 0.4743525580768687 0.1882331368470578 0
6037 0.4594116832022116 0.1751265595506091 0
6038 0.4555241891295607 0.1946176089332833 0
6039 0.5730367445983415 -0.6638354879214662 0
6040 0.5769030976360673 -0.6833391228138332 0
6041 0.231865473931976 -0.8024137706474985 0
6042 0.2169115455851917 -0.8155035465960875 0
6043 0.1981123058933077 -0.8091064253575078 0
6044 0.1793013688631712 -0.802698935787532 0
6045 0.1942463654263075 -0.7895520945631224 0
6046 0.1643168393522028 -0.8157675662096248 0
6047 0.1493454344321206 -0.8289073884240934 0
6048 0.1754486748039527 -0.7831640666627541 0
6049 0.1604945707244405 -0.796257407994166 0
6050 0.1416764709566722 -0.7898532802770797 0
6051 0.1228445489344328 -0.7834681497748656 0
6052 0.1078513605829123 -0.796531121108778 0
6053 -0.6577295512382386 -0.2997357688692666 0
6054 -0.6615730974174417 -0.2802330016387022 0
6055 -0.6466451893646039 -0.2671143920424474 0
6056 -0.6505344203730623 -0.2476245366341041 0
6057 -0.6693528637569459 -0.2412209901366414 0
6058 -0.6389192220057227 -0.3061140138083533 0
6059 -0.6200986749593638 -0.3125271096703859 0
6060 -0.635046030267945 -0.3256215404852199 0
6061 -0.6162195240978905 -0.3320262733817334 0
6062 0.5952130204149966 -0.5985882801242626 0
6063 0.5802521567335966 -0.6117135378757187 0
6064 0.5990809508754604 -0.6181057663324312 0
6065 0.5841278582731526 -0.6312316756561875 0
6066 0.6823802559650067 -0.06445675437406218 0
6067 0.6674503841009406 -0.07755352733372567 0
6068 0.6486427588690752 -0.07114993489850174 0
6069 0.512534901257094 0.08429927256006198 0
6070 0.4936779036360081 0.09069607818454853 0
6071 0.5086240047531089 0.1037940023192966 0
6072 0.5235824063103151 0.1168969210115642 0
6073 0.5385435483282102 0.1300032554802504 0
6074 0.5424097326650944 0.1105018298550061 0
6075 0.5913417268077863 -0.5791114285168436 0
6076 -0.6553937863118191 -0.04587768742024984 0
6077 -0.636562375362366 -0.0522732040092227 0
6078 -0.6216124998468593 -0.03918096753627531 0
6079 0.5854477485203814 -0.1951732480503476 0
6080 0.5704911229671304 -0.2082600947229825 0
6081 0.5743638785987832 -0.2277640054595702 0
6082 0.5516731973281003 -0.2018584458985658 0
6083 0.5555395504846242 -0.2213620807249792 0
6084 0.5405820838077263 -0.2344622581704103 0
6085 0.5594059036097191 -0.2408657155679554 0
6086 0.5444484369303533 -0.2539658930140544 0
6087 0.5782305104776837 -0.2472679398764372 0
6088 0.5632722567324481 -0.2603693504114493 0
6089 0.5820967365336536 -0.2667719578793706 0
6090 0.5483183152020199 -0.2734688297645076 0
6091 0.5294933382716739 -0.2670687741076322 0
6092 0.5256246171283155 -0.2475624356164181 0
6093 0.5106626682075032 -0.2606605545168201 0
6094 0.491836634234882 -0.2542448104807007 0
6095 0.4956918194460124 -0.2737504073520897 0
6096 0.5145320213729749 -0.2801644709770704 0
6097 0.5183915785029961 -0.299671524263501 0
6098 0.533346393162378 -0.2865773058607446 0
6099 0.5222648207798426 -0.3191719295740922 0
6100 0.3528645977044909 -0.2615357714975091 0
6101 0.3340287196677619 -0.2551348146291008 0
6102 0.319070547313224 -0.2682391141924402 0
6103 0.598568605702835 -0.5269834543287268 0
6104 0.5836199129325196 -0.5401169588160477 0
6105 0.6024381815161014 -0.5464969803610444 0
6106 0.5946952142904753 -0.5074994382751834 0
6107 0.575897562687311 -0.5011215121321742 0
6108 0.5720144108401984 -0.4816252422226286 0
6109 0.5908638694633478 -0.4880108301013045 0
6110 0.6057906407781242 -0.4748949547662318 0
6111 0.620745575575294 -0.4618331277205271 0
6112 -0.6468275925907995 0.4423073683349709 0
6113 -0.6318692931761312 0.4553945009852871 0
6114 -0.527015879826882 -0.1623156122263474 0
6115 -0.5081753750898945 -0.1687233009918339 0
6116 -0.5231276744698871 -0.1818176648513113 0
6117 -0.5043060943492159 -0.1882255979690043 0
6118 -0.4854765990161598 -0.1946291323308427 0
6119 -0.5004189070841498 -0.2077317853912732 0
6120 -0.5597508505690879 -0.3512391262495786 0
6121 -0.5785746704095134 -0.3448356688576564 0
6122 -0.5935321373804749 -0.3579358461917126 0
6123 -0.5559157071742159 -0.3707489484863148 0
6124 -0.5370848038097762 -0.3771265817272448 0
6125 -0.5331792910442199 -0.396626729816264 0
6126 -0.5182254620541664 -0.3835392999247036 0
6127 -0.5143705045832784 -0.4030533107720808 0
6128 -0.5293592977196724 -0.4161222688781435 0
6129 -0.5481691395282542 -0.409760967595415 0
6130 -0.5631074026847342 -0.4228733175252001 0
6131 -0.6626185477203849 -0.09798513558003788 0
6132 0.6798680921676904 0.3911134678085276 0
6133 0.6948125143705683 0.4041719428790873 0
6134 0.7097949576310632 0.4172709635611764 0
6135 0.7059449509743743 0.4367783057038387 0
6136 0.724778595496453 0.4303396520146919 0
6137 0.702066540455202 0.4563279994812292 0
6138 0.7397073394574015 0.4434853544223918 0
6139 0.6341904307499691 -0.1753730816778885 0
6140 -0.6775442470874261 -0.1110634422920818 0
6141 0.6935151594100024 -0.03184940347440979 0
6142 0.5548700114512815 0.5791619378594618 0
6143 0.5398769208498368 0.5660665610169104 0
6144 -0.6736914553170276 -0.1305840440972057 0
6145 -0.6886671276167274 -0.1436891260168351 0
6146 0.6063100857136746 -0.5660240511816252 0
6147 -0.5056219061919787 -0.6242900143135101 0
6148 -0.4906650078322805 -0.6111664423391681 0
6149 -0.05791347875748565 -0.04905519320061177 0
6150 0.5879942118688359 -0.6507353106321073 0
6151 0.5691724183877691 -0.6443308845767204 0
6152 -0.1579250824085419 0.3669094549756685 0
6153 -0.172881604472354 0.3538171921333223 0
6154 -0.1690203440127546 0.3343163957744908 0
6155 -0.1429780237796267 0.3800177038804404 0
6156 -0.1241497479920011 0.373621252402571 0
6157 0.1414139392365147 -0.0804849268534247 0
6158 0.1563710354993615 -0.06738519747239338 0
6159 0.1525050971146708 -0.04788261751641315 0
6160 0.1713292341405329 -0.05428922965329133 0
6161 0.5553138979660172 0.4880527654161204 0
6162 0.5741341977002706 0.4816608742380877 0
6163 -0.3246241713404805 -0.7404969154157949 0
6164 -0.3284597690045281 -0.7209470320329524 0
6165 -0.6471874386461066 -0.1760061673405229 0
6166 -0.6321956685066352 -0.1628994975896676 0
6167 -0.6510081365444866 -0.1565082898401154 0
6168 0.278052249923694 -0.3270395837163814 0
6169 0.293015833455749 -0.3139364463963082 0
6170 0.2592391757075522 -0.3206378189497949 0
6171 0.2553743248321021 -0.3011361957641161 0
6172 0.240418132148367 -0.3142349452652642 0
6173 0.2215978882434899 -0.3078414334923155 0
6174 0.2177250401711472 -0.2883259349280736 0
6175 0.2968911113898539 -0.3334385326570674 0
6176 0.2027709029950568 -0.3014233266679029 0
6177 0.1989028653560876 -0.2819258236498918 0
6178 0.1839580807263128 -0.2950432489763707 0
6179 0.2066357724027062 -0.320928859003861 0
6180 0.1651350568751618 -0.2886230534685006 0
6181 0.161252976474233 -0.2691047094360066 0
6182 0.1689965853558638 -0.3081323770262517 0
6183 0.1462949776594167 -0.2822050680631941 0
6184 0.3007470734085576 -0.3529385335704702 0
6185 0.2857972041596287 -0.3660505581759699 0
6186 0.3046160408229224 -0.3724422009828119 0
6187 0.3157046019774375 -0.3398581427346783 0
6188 0.3306659118651115 -0.3267631042986088 0
6189 0.3345310568362583 -0.3462483666555708 0
6190 -0.4916581632463943 -0.4289443220318259 0
6191 -0.4955159667929008 -0.4094470363754508 0
6192 -0.4728838120737265 -0.4353613940437279 0
6193 0.3567099504666291 -0.2810490215006224 0
6194 0.5247214337230348 -0.7745463796098058 0
6195 0.2726743070939242 -0.03419550244035274 0
6196 0.1452811311249538 -0.099985250217 0
6197 -0.468975267640819 -0.4548467474807339 0
6198 -0.4501684258931857 -0.4612649080225695 0
6199 -0.446282676699349 -0.4807687777628284 0
6200 -0.731215185688701 0.07087534834922121 0
6201 0.6571877590721643 0.4170486394646955 0
6202 0.6610260959195297 0.3975394574298853 0
6203 0.8402609236716257 -0.06359804287127477 0
6204 0.821390061359782 -0.0571737314953949 0
6205 0.8363428395039159 -0.04405403143893716 0
6206 0.8324850923881699 -0.02454157013110378 0
6207 0.828650847486916 -0.005031585661885302 0
6208 -0.4016247971496018 0.2679400450490609 0
6209 0.8419220012240889 -0.4277978652775816 0
6210 -0.370184259544544 0.0208000232692635 0
6211 -0.3552285606270031 0.03389642654734057 0
6212 -0.5276855681825331 0.6381878943889194 0
6213 -0.5238181035465792 0.6186996640296457 0
6214 -0.5426404366710696 0.6251010550488574 0
6215 0.5511652518937787 -0.1107437286746612 0
6216 0.5362077850225221 -0.1238439059215278 0
6217 -0.522611156548986 -0.2729313238027258 0
6218 -0.5187512953760146 -0.2924331000066283 0
6219 -0.4999253948464142 -0.2988390035288122 0
6220 -0.5148748835721904 -0.3119312297553016 0
6221 -0.4960571838695658 -0.3183408481407428 0
6222 0.8195409965924506 -0.4021181868632987 0
6223 0.8233172055349338 -0.4215762902502987 0
6224 0.8084238004118883 -0.4347096725424431 0
6225 0.7896268109164168 -0.4283242636459574 0
6226 0.4534905290029081 0.5590765774027582 0
6227 0.4807703800688918 -0.2868837056051668 0
6228 0.4619467697357307 -0.2804614568943374 0
6229 0.4658009695175662 -0.2999681406201129 0
6230 0.4508454422592703 -0.3130677706944625 0
6231 0.4320267205509388 -0.3066517571797003 0
6232 0.417050781662034 -0.3197552730266301 0
6233 0.4358850060576901 -0.3261577549171086 0
6234 0.4397420032178898 -0.345665770186031 0
6235 0.4547054873764776 -0.3325788804586086 0
6236 0.4585613657150708 -0.3520756772646494 0
6237 0.4696489078912717 -0.3194769046655789 0
6238 0.4247887030424601 -0.3587673124793094 0
6239 -0.3962358797317019 -0.02491147941869379 0
6240 -0.381275243911917 -0.01181076770322359 0
6241 -0.3624476860962452 -0.0182105000097611 0
6242 -0.385141270705744 0.007692235692474292 0
6243 -0.4150536614408915 -0.01849027198369829 0
6244 -0.430014755435386 -0.03159117270952122 0
6245 -0.426158863604838 -0.05109572548206429 0
6246 -0.441110534190885 -0.06420780830033623 0
6247 -0.4372418475974735 -0.08371186943718822 0
6248 -0.4184174210619441 -0.09010248842899427 0
6249 -0.4333662543366228 -0.1032150893512044 0
6250 -0.433871691679503 -0.01208821426238466 0
6251 -0.4973988922759539 -0.7544773206374459 0
6252 -0.5012476073185634 -0.7349083674345619 0
6253 -0.5161602556309884 -0.7479744554747511 0
6254 -0.4921793109087333 -0.3378502641707756 0
6255 -0.4733650604355279 -0.3442484870177259 0
6256 -0.4695253452620907 -0.3637581784564661 0
6257 -0.4545437694976919 -0.3506549254524656 0
6258 -0.4395771770234574 -0.3375481779196607 0
6259 -0.450661149320003 -0.3701892897355649 0
6260 0.9123492111354541 -0.1609958388398071 0
6261 0.626756294176449 0.4819321516741645 0
6262 0.6416911166634095 0.4950177357460022 0
6263 0.7363681997555447 0.3718958149430459 0
6264 0.7175504587841612 0.3783171213467359 0
6265 0.7136464796903994 0.3977607508714092 0
6266 0.732488585153744 0.3913735786370954 0
6267 0.7513074558929771 0.3849790686899547 0
6268 0.9022400921596553 0.3352100640684096 0
6269 0.9290883097620862 0.3156741309344179 0
6270 0.8121692036879669 0.2551811704520369 0
6271 0.793343865982108 0.2615941979760587 0
6272 0.7745140673324212 0.2679962151698556 0
6273 0.7894764044706218 0.2811077559910226 0
6274 0.77067584516604 0.2875124484473313 0
6275 0.4346836403008159 0.5655306319935679 0
6276 0.468430574848435 0.5721671480285129 0
6277 0.419714942908275 0.5524040925915183 0
6278 0.4158574017429294 0.5719166942765326 0
6279 0.4235458331753545 0.5329053514455532 0
6280 0.3970184860684446 0.578303342160981 0
6281 0.3931381321675728 0.5977915544871593 0
6282 0.3892736431227729 0.6173025905735792 0
6283 0.3704466217462255 0.6236934815992111 0
6284 0.4081101818154935 0.6108907616743077 0
6285 0.4042406064091843 0.6303975147360943 0
6286 0.3854059444129777 0.6367887145412556 0
6287 0.3665861132398255 0.643203722169028 0
6288 0.4003402178216533 0.6498703013063505 0
6289 0.4191874608961656 0.6434710802228867 0
6290 0.4722968463634453 0.552663371606218 0
6291 0.4872382473234635 0.5657438282248307 0
6292 0.6790534722463786 -0.1360630796777707 0
6293 0.6664519498355683 0.1046761135138498 0
6294 -0.9172882334377425 0.3003473245911646 0
6295 -0.8976119323537964 0.2917162494942462 0
6296 0.8445003959719473 -0.1742147546262572 0
6297 0.8407681182882852 -0.1547320082716412 0
6298 0.8219409835244256 -0.1482975453523639 0
6299 0.8030996707438652 -0.1418812300424855 0
6300 0.1641056873958491 -0.106393110182877 0
6301 0.1313514020263583 -0.2953281529407161 0
6302 0.1125266165962079 -0.2889176507121543 0
6303 0.1163794567759112 -0.3084138627714049 0
6304 0.1014252835502041 -0.3215244777476841 0
6305 0.08260155700881747 -0.3151161090837046 0
6306 0.06764268832078341 -0.3282121740808551 0
6307 0.6829319913105752 -0.1555679320508601 0
6308 -0.3361207672628476 0.6457870472750619 0
6309 -0.3322414623578137 0.6262870267137215 0
6310 -0.3471339741330812 0.6131988525340829 0
6311 -0.3621093210534543 0.6000818469750206 0
6312 -0.3582873880153014 0.5805808206283204 0
6313 -0.3659686398583754 0.6195884752281122 0
6314 -0.3809363462159522 0.6064875745398065 0
6315 -0.7779022524779988 -0.3134040912688738 0
6316 0.641406193410812 -0.1232547114557037 0
6317 0.622594178003288 -0.1168539243188934 0
6318 0.417360675881446 0.2985348047003856 0
6319 -0.2409574686431322 0.431539109624857 0
6320 -0.2260201033898606 0.4446421324202559 0
6321 -0.2071902007327277 0.4382565770564907 0
6322 -0.2033110654053288 0.4187339842844675 0
6323 -0.1883705593237727 0.4318427092031352 0
6324 -0.1695300940782509 0.4254354367787327 0
6325 -0.1922300222911398 0.4513455640299907 0
6326 -0.2231601454419121 0.6073621934259613 0
6327 -0.219284739517996 0.5878679729502064 0
6328 -0.2381085593707769 0.5942714302866742 0
6329 0.610485470591442 0.03277200609884662 0
6330 0.5916633553265785 0.03917515518718667 0
6331 0.6350119140259546 0.351819841142451 0
6332 -0.2908271819067658 -0.7337353150582231 0
6333 -0.4279841115450672 -0.3960633278045348 0
6334 -0.4318220886774773 -0.3765570871156549 0
6335 0.7205796308374364 -0.1683748470478721 0
6336 -0.3898310829886944 -0.5000123643672547 0
6337 -0.3936761482198903 -0.4805038602887952 0
6338 -0.424101332959377 -0.4155467753290263 0
6339 -0.4052895646015922 -0.4219532251700647 0
6340 0.8904753325579021 -0.31719893808319 0
6341 0.9047305874503584 -0.3035608082744807 0
6342 0.9016489968158397 -0.2845741649110565 0
6343 0.9190426435359946 -0.2901945396587619 0
6344 0.9337890975140248 -0.2777473302338775 0
6345 0.8828493794659295 -0.2780965549803245 0
6346 0.8640530220808016 -0.2717432002262498 0
6347 -0.2189144221794418 -0.8309650065955256 0
6348 -0.2227704579208184 -0.8115145393332164 0
6349 -0.2415693199135536 -0.8050203192551579 0
6350 -0.2000865470151489 -0.83737307686163 0
6351 -0.1851467344510915 -0.8242294870689806 0
6352 -0.1662721140755664 -0.8306819095757941 0
6353 -0.1812586916078691 -0.843729727147167 0
6354 -0.2150233916067195 -0.8504498319592536 0
6355 -0.2936589471359081 -0.8964102508459502 0
6356 -0.1745426433986317 -0.7005483052130972 0
6357 -0.1706623187300185 -0.7200453887571685 0
6358 -0.1518356829412252 -0.7264520695421331 0
6359 -0.3029341873146646 -0.5841096934858249 0
6360 -0.2841093560718599 -0.5904842122126825 0
6361 -0.2991014772034761 -0.6036067243421122 0
6362 -0.2802690018294841 -0.6099761568154362 0
6363 -0.3217510962123556 -0.5776958100587007 0
6364 -0.3367006741094842 -0.5907725810828717 0
6365 -0.3853407829559691 0.7170823067108848 0
6366 -0.3814872751748542 0.6975769132388764 0
6367 -0.3626663424070173 0.6911844177709787 0
6368 -0.3676452334559542 -0.4347883130144873 0
6369 -0.3714965088461244 -0.4152909715152605 0
6370 -0.3488205742497558 -0.4411664078566687 0
6371 0.5810851759432256 -0.08454238488099441 0
6372 0.5622561176598531 -0.0781368348585032 0
6373 0.5661259614104985 -0.09762551278658543 0
6374 0.7254147224618623 -0.3701243520776021 0
6375 0.740392572238273 -0.3570207859689996 0
6376 0.7365315953177353 -0.3375044140493026 0
6377 0.1720226909851552 -0.854817041341318 0
6378 0.1681561924450927 -0.8352512649437952 0
6379 -0.289714819548802 0.4117681964558532 0
6380 -0.2747502262352297 0.4248385942263742 0
6381 -0.2559132221777373 0.4184357347966417 0
6382 -0.2858369410687452 0.3922721030433264 0
6383 -0.3046475000659047 0.3986357706448438 0
6384 0.9194009972439273 -0.1086908939444914 0
6385 -0.3150411925506759 -0.4344840721659408 0
6386 -0.3084180410096085 -0.9090078836528126 0
6387 -0.3272317909694484 -0.9029101797738224 0
6388 -0.331325282911281 -0.8836541994589797 0
6389 -0.3471271208632555 -0.8975371720155024 0
6390 -0.3659660743843534 -0.8905414013479943 0
6391 -0.368953657624662 -0.8711415512263829 0
6392 -0.3877967423072496 -0.8644438275995371 0
6393 -0.4027542088769497 -0.8775440051509849 0
6394 -0.4244560145182647 -0.8693843958783212 0
6395 -0.3851188158828357 -0.8840959204587117 0
6396 0.8268010640389978 -0.3500314842600603 0
6397 0.8417620848359322 -0.3369305981161064 0
6398 0.845611455813302 -0.3564744148732527 0
6399 -0.2730234468709147 -0.5578984863516274 0
6400 -0.2768888923329457 -0.5384081158775909 0
6401 -0.2619281404568429 -0.525305526436781 0
6402 -0.2580689845487603 -0.5448080118369716 0
6403 0.5931735211435449 -0.2341782514380518 0
6404 0.6120149464133922 -0.2405748247182944 0
6405 0.8624662895155216 0.001643052044016075 0
6406 0.8436579623135579 0.008028700910263392 0
6407 0.8248161640602877 0.01447817334951626 0
6408 0.8099819146376397 0.001463081243273906 0
6409 0.8060011541556742 0.02087363743711335 0
6410 0.8087867955966248 0.1835632303067868 0
6411 0.7750075972726813 0.1768534367919412 0
6412 -0.2773856537736058 -0.4472789346971753 0
6413 0.7605591389326405 0.07262089189068255 0
6414 0.7455897106686832 0.05955243706613442 0
6415 0.569991542020172 -0.1171466967268957 0
6416 0.8602963629926831 -0.433595654419878 0
6417 0.8650069937613737 -0.4573732122294231 0
6418 -0.3892067259349373 0.7365951900618621 0
6419 -0.1760640130831901 -0.4272036654141163 0
6420 -0.1799199647332425 -0.4077066165900257 0
6421 -0.1987356396109362 -0.4012813094039921 0
6422 -0.1572377864454685 -0.4336098647501426 0
6423 -0.142274303694018 -0.4205012936350171 0
6424 -0.1383945194807771 -0.4400126281538224 0
6425 -0.1195832113182608 -0.4463893504853506 0
6426 -0.1345369022190387 -0.4595142328373725 0
6427 -0.172184419976272 -0.4467051881289374 0
6428 0.7742006277521698 -0.350311018161799 0
6429 0.759222356153471 -0.3634143469966996 0
6430 0.7780451811737852 -0.3698147395502162 0
6431 0.7631079431263854 -0.3829193563653378 0
6432 0.6269537317770991 -0.2274810094519971 0
6433 0.6457959503673359 -0.2338777872191475 0
6434 -0.7516145936580061 0.6037741907404923 0
6435 -0.7309762097600474 0.5983745111258323 0
6436 0.006974845951485578 -0.9079996705950401 0
6437 0.02195299430619627 -0.8947015379490149 0
6438 0.0258193473610273 -0.9142051728405847 0
6439 0.5217487795521167 -0.2280564411063361 0
6440 -0.5264775096861311 -0.2534276889301501 0
6441 0.8644533736611213 -0.3628246706089733 0
6442 -0.37326766171926 0.5674778174445075 0
6443 -0.3693894086047723 0.5479742242004352 0
6444 -0.3505735892897515 0.5415543951074754 0
6445 -0.05252360764124861 -0.3419030438953006 0
6446 -0.3338650123774802 -0.4280806147734092 0
6447 0.1594207338746113 -0.6140618211507012 0
6448 0.7494466589524234 0.04005334720190956 0
6449 0.6607473735154717 -0.2207869168746262 0
6450 -0.5504141560209026 0.6641488075901308 0
6451 -0.5316153935972251 0.6576992366528338 0
6452 0.8149356277842138 0.4178803313956251 0
6453 0.796185640098961 0.4243107131907188 0
6454 0.811086359963225 0.4373996414707517 0
6455 0.8071083838550146 0.4567832073757622 0
6456 0.7883967949066307 0.4632850342139768 0
6457 0.8032615335441163 0.476281394367991 0
6458 0.7844841192805584 0.482763108742891 0
6459 0.7657316775172279 0.4892118546781435 0
6460 0.7618932918912595 0.5087397086518006 0
6461 0.7429825542949604 0.5150896695851233 0
6462 0.7242231867240212 0.5215248861618682 0
6463 0.7203798780467625 0.541001829450737 0
6464 0.7054089982870071 0.5279263520870612 0
6465 0.8777520204218343 -0.07643029889808593 0
6466 0.8740186821591256 -0.05694932066733367 0
6467 0.8889277267169149 -0.04379396601166582 0
6468 -0.5083588508699606 0.5406976699422222 0
6469 -0.4836634388280279 0.1503289117327788 0
6470 -0.3555459293815727 -0.5844361768454172 0
6471 -0.3593853853490138 -0.5649289337154499 0
6472 0.1908521698113875 -0.8611667337081366 0
6473 0.6079057970995244 0.4883352721519617 0
6474 0.05085050549367795 -0.686272052495117 0
6475 0.04697452738338909 -0.6667311219773364 0
6476 0.06580785106311543 -0.6731732765467375 0
6477 0.06193798020166263 -0.6536637006917416 0
6478 0.6365357562145844 0.07847568668689334 0
6479 -0.2609122485793259 -0.7075349601235981 0
6480 0.5447494090479246 0.3643293076588604 0
6481 0.6767082154177763 -0.3899077677051525 0
6482 0.680586973799609 -0.4094055859717481 0
6483 0.6656323185986168 -0.4225077251980863 0
6484 0.6844569008186947 -0.428908302439222 0
6485 0.6695014899208025 -0.4420107487596665 0
6486 0.6506615471792941 -0.4356072687654887 0
6487 0.688326276059432 -0.4484113248321814 0
6488 0.6916756891942299 -0.376819022722918 0
6489 0.6356875241763665 -0.4487186198344303 0
6490 0.6318343180774076 -0.4292136894121467 0
6491 0.6467862272126914 -0.4161117478649233 0
6492 0.6545292838581103 -0.4551086482247548 0
6493 0.673354760974786 -0.461509540419848 0
6494 0.692178059011879 -0.4679108416899608 0
6495 0.6583930916189635 -0.4746104129246019 0
6496 0.7071510455210985 -0.4548120098010376 0
6497 0.6622642764188025 -0.494084264168702 0
6498 0.6473034214412368 -0.5072100532769773 0
6499 0.7032741372451667 -0.4353315240769562 0
6500 0.6994016337389718 -0.4158211687147413 0
6501 0.7182062598138306 -0.4222270715906772 0
6502 0.7370322482327943 -0.4286152197575476 0
6503 0.6955374788441752 -0.3963380398724482 0
6504 0.7104792928846689 -0.383220335068168 0
6505 -0.4797880742688396 0.1308203144314062 0
6506 -0.04557223480050021 -0.9082618360223811 0
6507 -0.06442574871119136 -0.9016690330306146 0
6508 -0.08324286139913069 -0.8952458591387886 0
6509 -0.3489054096008361 0.8863347766619951 0
6510 -0.3682340454663137 0.8927326371990024 0
6511 -0.3830507244213084 0.8800370790647265 0
6512 0.637853788486065 0.5145386169244436 0
6513 0.6538238486438367 0.345412695602007 0
6514 0.6576927713814619 0.3259284133722896 0
6515 0.638862325924978 0.3323049584347506 0
6516 -0.09874676915208068 -0.8173754495857208 0
6517 -0.117519079548836 -0.8109005505709596 0
6518 -0.1025308464166063 -0.797936285860365 0
6519 -0.08763151725888813 -0.7846697114231115 0
6520 -0.132493751776736 -0.8239676803712357 0
6521 -0.1513433643240344 -0.8176127691062094 0
6522 -0.155166563871967 -0.7980707409612063 0
6523 -0.1363130296046135 -0.804460481411219 0
6524 0.8374542141099653 -0.4799791810171496 0
6525 0.8389093910067436 -0.4996395430566877 0
6526 0.05656733918473197 -0.3608316056618084 0
6527 -0.2962114512526567 -0.4408779287774914 0
6528 -0.726516527151395 0.5785419983896496 0
6529 -0.7225889069449942 0.5590101444297866 0
6530 -0.718706277766631 0.5394993609444148 0
6531 -0.7376215406298524 0.5459278615945153 0
6532 -0.3843440628933261 0.5348597739574839 0
6533 0.229125902588072 0.3625795358727565 0
6534 0.2329890790711715 0.3430635100338606 0
6535 0.2479413118183145 0.3561491350478322 0
6536 0.2628986913077574 0.3692483358858053 0
6537 0.2667801886752391 0.3497592560967145 0
6538 0.2856080215464801 0.3433662664213715 0
6539 0.2706429751892145 0.3302572675498344 0
6540 0.2894570061741215 0.3238490488104884 0
6541 0.3005519467472042 0.3564630758395014 0
6542 0.3155159805489804 0.3695811049641113 0
6543 0.3044064683901392 0.3369409317412135 0
6544 0.3343344912854925 0.363147944124498 0
6545 0.2380688517648416 -0.5680680447234354 0
6546 0.2342079888385312 -0.5485732538840378 0
6547 0.2192576051767069 -0.5616648449463529 0
6548 0.2153841690296059 -0.5421697964463503 0
6549 -0.2681165321643941 -0.759640897090879 0
6550 -0.2720033622858917 -0.7401387726172779 0
6551 -0.2758681795074336 -0.7206368915110161 0
6552 -0.2797360683900902 -0.7011315027538573 0
6553 0.07151042566303667 -0.3477199738190726 0
6554 0.08645399096292933 -0.3346190578342382 0
6555 0.03774265109438008 -0.3544240740928071 0
6556 0.04160837666458006 -0.3739276668909258 0
6557 0.2961047476886478 -0.8606714987965207 0
6558 0.2922426293022151 -0.8411552496010525 0
6559 0.2883369334329302 -0.8216241429321436 0
6560 0.2733794667041351 -0.8347243203955859 0
6561 0.3110343473066663 -0.8475925404086697 0
6562 0.3072199563287132 -0.8280057429823232 0
6563 -0.08916594327199506 -0.5113276598488499 0
6564 0.1777324418182572 -0.529351519281695 0
6565 0.1965304074811061 -0.5357621930465839 0
6566 0.761549644482966 -0.1095785309488653 0
6567 -0.4856686777116915 0.5147905777790782 0
6568 0.8415659868444481 0.3724965293272279 0
6569 -0.2675917420303643 -0.8507579872220585 0
6570 0.5121909868030448 -0.5340067636267051 0
6571 -0.8640298610167049 0.2979618306624087 0
6572 -0.8451285353866473 0.2915120256199054 0
6573 0.7435967159265262 0.4240082999881565 0
6574 0.2568961204458112 -0.5744692882720008 0
6575 -0.08907201402528941 0.8164223706313094 0
6576 -0.7877043387988593 -0.5280985181890923 0
6577 -0.7728997013903731 -0.5150822429503921 0
6578 -0.809346772775738 -0.5238402700574687 0
6579 -0.7541979192165023 -0.5215414367365597 0
6580 -0.8106636837529866 -0.5022335241983793 0
6581 0.6713271864765438 -0.09705816633129383 0
6582 -0.2735240526176766 -0.4667733277032307 0
6583 -0.2547217615626635 -0.4731727216232124 0
6584 0.5400662173159042 -0.1433426756329796 0
6585 0.7866183703745857 0.118362740259548 0
6586 0.8069825501918472 -0.161403734356614 0
6587 0.8802359645185625 0.1774574443196685 0
6588 0.8614057060554818 0.1838636251725742 0
6589 0.8763189759245736 0.1969550405658144 0
6590 0.8912801030519856 0.2100658593343783 0
6591 0.5148442344285358 0.3381331370957541 0
6592 0.5847493221502322 0.6053670957618472 0
6593 0.5659255023377678 0.6117705531602085 0
6594 0.550972056250182 0.5986480475118455 0
6595 0.5471102298111075 0.6181641737299066 0
6596 0.5620557824961215 0.6312636194418823 0
6597 0.5321365991752425 0.6050507529454916 0
6598 0.528275315989529 0.6245541372077521 0
6599 0.5808436555535892 0.6248341005540381 0
6600 0.5958016102731176 0.6379291973162367 0
6601 0.5769989742238684 0.6443597010024843 0
6602 0.5731671529303544 0.6638944730650335 0
6603 0.5582143419236288 0.6508044820945521 0
6604 0.5543172491508952 0.6702544727617744 0
6605 0.5432655715309834 0.6376776105516786 0
6606 0.5244500975674876 0.6440374259829651 0
6607 0.5094540410786603 0.6309809226557221 0
6608 0.6035614464477844 0.5989542244326446 0
6609 0.6074394951010352 0.5794600035074501 0
6610 -0.3804584655961889 0.5153771023170617 0
6611 0.8562178115602512 -0.232733112426764 0
6612 0.8412552551239373 -0.2458028615395302 0
6613 0.8600911964826765 -0.2522167181695224 0
6614 -0.181725932764801 -0.7526563615103083 0
6615 -0.1856180177742711 -0.7331489915885345 0
6616 -0.7161964408660809 -0.6249394956038445 0
6617 -0.7146572061021605 -0.6465094322337499 0
6618 -0.7010522785083535 -0.6122498952855453 0
6619 -0.8752767172259686 0.2652559819631998 0
6620 -0.2613099892081603 0.7112705131597703 0
6621 -0.2463565455247935 0.7243542529638415 0
6622 -0.2275381833876473 0.7179915055514469 0
6623 -0.2125736222250613 0.7310701392650522 0
6624 -0.2313962294219046 0.7374688792534951 0
6625 -0.2352629796617761 0.7570019838889989 0
6626 -0.2391292955556024 0.7765040584609785 0
6627 -0.2429944283994667 0.7960065045428684 0
6628 -0.223668609222476 0.6984109179227889 0
6629 -0.2241669876532082 0.7896010399104255 0
6630 -0.2280345494426597 0.809105473680311 0
6631 -0.1976487000779378 0.7441539375671175 0
6632 -0.1787945642101272 0.7377592905354542 0
6633 -0.2651774463514101 0.7307788848103556 0
6634 -0.261818974976685 0.802406735421865 0
6635 -0.2468579477921065 0.8155109605972567 0
6636 -0.1599822181223444 0.7314055479593261 0
6637 -0.1411787733674945 0.7249862659749745 0
6638 -0.1561082130549043 0.7119281189271132 0
6639 -0.1710539329490964 0.6987795869644189 0
6640 -0.1372806088265081 0.7055098158849118 0
6641 -0.1334062932251935 0.6859726722990886 0
6642 -0.1184892318673507 0.6990931281772775 0
6643 -0.09965721424278384 0.6927086073989051 0
6644 -0.1035358962804069 0.7121847307996597 0
6645 -0.09575865350844828 0.6731657576400712 0
6646 -0.08083201619511321 0.6862840342749965 0
6647 -0.06200717647698265 0.6799011525835994 0
6648 -0.06587753394600501 0.6994047874982767 0
6649 -0.05811101379346376 0.6603588429843572 0
6650 -0.04318680392114177 0.6734938372053123 0
6651 -0.02435697873188411 0.6670936345660845 0
6652 -0.02822609789219971 0.686575266985614 0
6653 -0.02046337408118595 0.6475519283317422 0
6654 -0.005538959528658738 0.6606843020710618 0
6655 0.0132932566260282 0.6542861824001862 0
6656 0.009421011277692154 0.6737684514195554 0
6657 0.01718426562837153 0.6347450136825572 0
6658 0.03210881508694402 0.6478747385705783 0
6659 0.05094249555175301 0.6414529073826496 0
6660 0.04707267113157304 0.660940340582623 0
6661 0.06976127416862868 0.6350109034403036 0
6662 0.05482099914895686 0.6219176701326701 0
6663 0.08473404934782264 0.6481024887046963 0
6664 0.07362182185731744 0.6155492306946904 0
6665 0.08859354907024497 0.6285996820245296 0
6666 0.1035573131923961 0.6417493550895654 0
6667 0.1074291776626983 0.6222482596443105 0
6668 0.1113033648868126 0.602727727073705 0
6669 0.1262303180550348 0.6158277848014351 0
6670 0.1450601965981576 0.6094586777903277 0
6671 0.14894311302342 0.5899200110761671 0
6672 0.1677748244286968 0.583517355116118 0
6673 0.1827322910608209 0.5966175326389708 0
6674 0.1639104791188749 0.6030075028755381 0
6675 0.1412241379888295 0.628948902874324 0
6676 0.5305049734663668 -0.449298010946292 0
6677 0.5266263360924088 -0.4297984873220954 0
6678 0.5415604769757513 -0.4166899809461666 0
6679 0.5227456764688843 -0.4102994786782992 0
6680 0.537703128858328 -0.3971937161518833 0
6681 0.5188746364916134 -0.3908040108465222 0
6682 0.5039267431830546 -0.4039151108842115 0
6683 0.5000509836132788 -0.3844110926831893 0
6684 0.4850799314404094 -0.3974849374928929 0
6685 0.515024971640705 -0.3712779564645504 0
6686 0.4812316340120402 -0.3779721409487994 0
6687 0.4662799850544016 -0.3910853435546112 0
6688 0.5338533665919993 -0.3776841872966289 0
6689 0.5526797163237395 -0.3841153906722692 0
6690 0.5565175802404778 -0.4036246535175804 0
6691 0.5603910126294243 -0.4231172729791675 0
6692 0.5488022668002291 -0.364587363274589 0
6693 0.5676546861967857 -0.3709801271030304 0
6694 0.5826144601235891 -0.357859863348859 0
6695 0.5865127983145529 -0.3773573839136228 0
6696 0.571499537233143 -0.3904905605781621 0
6697 0.590337560103954 -0.3968733664149201 0
6698 0.5116794950114085 -0.4428843620181834 0
6699 0.6053172847937959 -0.3837755635098178 0
6700 0.6014377844312943 -0.3642642955540351 0
6701 0.616428885637528 -0.3511897098961489 0
6702 0.597607091143585 -0.3447673513583818 0
6703 0.612536311965211 -0.331672079302738 0
6704 0.6086526029527517 -0.312183535716851 0
6705 0.6351786110509551 -0.3575873161291151 0
6706 0.6313712177454245 -0.3380972615127953 0
6707 0.6462990514250344 -0.3249797408293531 0
6708 0.6274860581848355 -0.3185293939683113 0
6709 0.6424194670007546 -0.3054347445148791 0
6710 -0.3559617683810264 0.8344572596975068 0
6711 -0.352087174720889 0.8148443268619793 0
6712 -0.3708911936057899 0.8213250700499806 0
6713 -0.3332685541161226 0.8085466917713477 0
6714 -0.2806645260965266 0.8088411884379554 0
6715 -0.2564890581764253 -0.8181236829840465 0
6716 -0.2753617693453713 -0.8117498545745392 0
6717 0.7162053328562643 -0.05775649522838106 0
6718 0.6973494822248256 -0.05136103238113288 0
6719 0.7084411377526412 -0.01875895906326763 0
6720 0.7046043686737813 0.0007208809392061366 0
6721 0.6896311170543914 -0.01234989343044646 0
6722 0.7007927566408673 0.02022113474892323 0
6723 0.6819584443796787 0.02666885157061605 0
6724 0.6969044274115916 0.03974071894629866 0
6725 0.6630942841255822 0.03307288908427936 0
6726 0.6930072152680653 0.05926531319897479 0
6727 0.7195997747358333 0.01386159146551824 0
6728 0.7383812028756713 0.007461764614378252 0
6729 0.7532902258201701 0.02055040121403573 0
6730 0.7350291526866143 -0.06415995275118985 0
6731 0.7499866195584455 -0.05105977547954427 0
6732 0.7538529724307661 -0.07056341039446851 0
6733 0.7577437361839729 -0.09009490420100541 0
6734 0.7389346007093431 -0.08369850669655024 0
6735 0.7688104392929489 -0.057463233130463 0
6736 -0.09302983211259042 -0.4918322684983211 0
6737 -0.07421143495964827 -0.4982177845331437 0
6738 -0.0969009986791016 -0.4723250072314632 0
6739 -0.08195397382668793 -0.4592146033390203 0
6740 -0.0858029837027319 -0.4396975419389012 0
6741 -0.1118422963766521 -0.4854173519345532 0
6742 -0.1157118108878553 -0.4659030948864765 0
6743 -0.1007627262749942 -0.4527805137702668 0
6744 0.2061382945584453 -0.2298126952581771 0
6745 -0.4229883521634846 0.7299170890444042 0
6746 0.8020942882055552 0.04037908859540626 0
6747 -0.4629785046122132 0.4888834855880998 0
6748 -0.4668368334170275 0.5083693704544658 0
6749 0.5160573398233209 -0.5535103984978116 0
6750 0.5348717296593812 -0.5598960024054483 0
6751 -0.443431818395382 -0.318045716987496 0
6752 0.5101592046448706 -0.1695478961852036 0
6753 0.5062851788151022 -0.1500438402926302 0
6754 0.5212503182873318 -0.1369440839103718 0
6755 0.5173764205876522 -0.1174403857845363 0
6756 0.5024153666694078 -0.1305454143109022 0
6757 0.4836026786931581 -0.124137167838943 0
6758 0.487469031546737 -0.1436408027465709 0
6759 0.4725115646779274 -0.1567409799910592 0
6760 0.4913353843996628 -0.1631444376529132 0
6761 0.4763780980381696 -0.1762445801274258 0
6762 0.4575721424672735 -0.1698323606094444 0
6763 -0.4777387564027346 -0.2336307913486166 0
6764 0.499870176965986 0.3250252250277769 0
6765 0.2584552866698521 -0.8478625040788814 0
6766 0.2545638544068946 -0.8282909811123884 0
6767 0.4234620769187718 -0.7948372620007915 0
6768 -0.9010217408707769 -0.3072927061767616 0
6769 0.8705299710831395 -0.1285146802545424 0
6770 0.8353571242905228 0.1381596362444631 0
6771 -0.8098506999551185 0.02485360479264717 0
6772 -0.1002464683634472 -0.5439293731443484 0
6773 -0.0852912799217527 -0.530805735373665 0
6774 -0.09637564752722483 -0.5634198746472356 0
6775 -0.1151992679430905 -0.557015831070795 0
6776 -0.130160286468176 -0.5701167167105102 0
6777 -0.1451188683822331 -0.5832299055533302 0
6778 -0.1340229048336527 -0.5506118359452663 0
6779 -0.01721227774248266 -0.6085403252719062 0
6780 -0.03603205942070903 -0.6021586011652404 0
6781 -0.02107294004877763 -0.5890169240724616 0
6782 -0.03988488397940559 -0.5826718762248346 0
6783 -0.05484879190671457 -0.595767372589425 0
6784 -0.05098108753423758 -0.6152518677346606 0
6785 -0.3333720492070177 -0.5192393744540151 0
6786 -0.337208748090412 -0.4997303705786076 0
6787 -0.8713058246180867 0.2457834617785081 0
6788 -0.8524439998511718 0.2393653881174123 0
6789 -0.8673571164627403 0.2262896311907676 0
6790 -0.8485230492440582 0.2198858386614137 0
6791 0.375541446808751 -0.2874517130245378 0
6792 -0.4120110609781918 -0.5652087728877613 0
6793 -0.4158565315621233 -0.5457155332213006 0
6794 -0.3931846972322753 -0.5715743809091287 0
6795 0.7394034506062198 -0.1747783045474294 0
6796 0.7543609175032626 -0.1616781273357666 0
6797 0.0817828612786675 -0.8423008282159558 0
6798 0.07796013719653655 -0.8228109422814657 0
6799 0.07405015482446059 -0.8032935585927995 0
6800 0.09287397465842001 -0.8096970160014453 0
6801 0.0480357423175683 -0.8489976853453687 0
6802 0.06295904122563339 -0.8358973709353297 0
6803 0.09477790100890054 0.8630221172431053 0
6804 -0.8791820549090777 0.2847871594932114 0
6805 -0.2772901462059735 0.8803774529072406 0
6806 0.5163888849158876 0.06479479492938645 0
6807 0.5202271804818741 0.0452937684831029 0
6808 0.5014106093541632 0.05168880834453377 0
6809 0.5241014782552309 0.02578092072536392 0
6810 0.5052823602841988 0.03218039866432998 0
6811 0.5390492323769116 0.03888020487524724 0
6812 0.554004033285812 0.05197461386503555 0
6813 0.5578792185083751 0.03247969560514019 0
6814 0.5617511929193906 0.01297506735574233 0
6815 0.5767134485039671 0.02607073839170798 0
6816 -0.8199096880762664 -0.1899411803629143 0
6817 0.4740111543167144 -0.4300743200773824 0
6818 0.4701120003630682 -0.4105581466262669 0
6819 0.4513063895410552 -0.4041887664056715 0
6820 0.4363724531068731 -0.4172747201322188 0
6821 0.6223649658222892 0.5925743562272827 0
6822 -0.6706619861748015 -0.6772772523663877 0
6823 0.8224475027355225 -0.2394177494496139 0
6824 0.81853690738497 -0.2199049310648795 0
6825 0.8036437906501428 -0.2330536062675043 0
6826 0.7886501491229314 -0.2460961241110588 0
6827 0.6528372902869835 0.5276447986500356 0
6828 0.6339971244075142 0.5340466487329649 0
6829 0.6489367265713812 0.54715455089132 0
6830 0.4220517554740257 0.8062203729649839 0
6831 0.4370092220638449 0.8193205504862411 0
6832 0.4181676835617499 0.8256864504027811 0
6833 0.4331428688342539 0.8388241852967641 0
6834 0.4143190490101401 0.8452276425704481 0
6835 0.42927651559314 0.85832782009704 0
6836 0.4104142962470509 0.8638046014217525 0
6837 0.3954786098222061 0.8513873091738642 0
6838 0.4478577268241285 0.8523932076909873 0
6839 0.3913167575866167 0.870375891563229 0
6840 0.376588534588596 0.8577913542085513 0
6841 0.3726146368294233 0.8767223973792896 0
6842 0.3577400764936349 0.8641949186798942 0
6843 0.3536788087673307 0.8833358388118502 0
6844 0.3388637724820318 0.8705900064664344 0
6845 0.33496772751157 0.8897145925420152 0
6846 0.3200606078230526 0.8769641239964875 0
6847 0.3160561877900189 0.8962045992417023 0
6848 0.3012432001006723 0.8834022676638001 0
6849 0.2973308614359123 0.9025760049426101 0
6850 0.2824786901477681 0.8898448231017805 0
6851 0.2785607634269834 0.9093271865243322 0
6852 0.2637096910799911 0.8964021391402791 0
6853 0.2596233176574814 0.9153966851186146 0
6854 0.2448226113610742 0.9025698838776455 0
6855 0.240889057416394 0.9216494427004476 0
6856 0.2259447394986168 0.9089087843465611 0
6857 0.2487710239173759 0.8833551235729068 0
6858 0.2217771490051386 0.9279297846921231 0
6859 0.2070776214281908 0.915314954678023 0
6860 0.2031945765424693 0.9342123576251289 0
6861 0.188342223804389 0.921759481766842 0
6862 0.1846020394407148 0.9414216748701018 0
6863 0.1695871477332112 0.9283986251928945 0
6864 0.4063464410888433 0.8839165757987908 0
6865 0.2946649080629821 0.9235467691406499 0
6866 0.2011250700879036 0.9541400476984614 0
6867 0.333485515542625 0.9077036105601232 0
6868 0.368938702937092 0.8970418267938536 0
6869 0.2372326425810284 0.9417800509664481 0
6870 0.1657430383457643 0.9479762225397949 0
6871 0.1507855717127809 0.9348760450632267 0
6872 0.1547615457070419 0.9152458451005067 0
6873 0.1470966590269165 0.9543333738155044 0
6874 0.1319617519040686 0.9412795024046534 0
6875 0.1285113079758889 0.9597119636251197 0
6876 0.1136877448952249 0.9469220033384693 0
6877 0.1436185813441333 0.973302820873425 0
6878 0.4621548844346392 0.8677697190789948 0
6879 0.4702841354408754 0.8469224224132578 0
6880 0.1168081570110125 0.927963053519026 0
6881 0.102020769399787 0.9149319853816738 0
6882 0.09830367474464166 0.9343031356516123 0
6883 0.09656302013704987 0.9557731706805289 0
6884 0.1358662202713663 0.9217834234815959 0
6885 0.1397065926737529 0.9024128956831589 0
6886 0.1585069673600606 0.8958355260206838 0
6887 0.1735434809465908 0.9092099769056629 0
6888 0.1923163896703644 0.9026998825202149 0
6889 0.1961460577758104 0.8830175262908336 0
6890 0.2109354820310459 0.8961290330892949 0
6891 0.2298647977711841 0.8895511254766885 0
6892 0.2526373770080519 0.863851488409472 0
6893 0.2337797581020265 0.8701304159683568 0
6894 0.2676460852006931 0.8771233614043247 0
6895 0.2864495007585708 0.8706752546216907 0
6896 0.2902850166596964 0.8510445738514214 0
6897 0.3050914509001504 0.8641170641589901 0
6898 0.3239397783592036 0.8576829526702803 0
6899 0.3428618316025752 0.8512077117164881 0
6900 0.3616495802162769 0.8448612437688368 0
6901 0.3655582298467215 0.8253873108798284 0
6902 0.3804821515204075 0.8383361313313465 0
6903 0.3993195242132848 0.8319499791767622 0
6904 0.07947107403455908 0.9409193683124198 0
6905 0.06436640790868278 0.9279498578231141 0
6906 0.1512597961373386 0.843766771865707 0
6907 -0.1966859110109296 -0.765752165714741 0
6908 0.4525421347694674 0.8326754117674449 0
6909 0.7716672490041638 0.1052812174654401 0
6910 0.7528993640128588 0.1116807504826984 0
6911 0.7378796164929108 0.09856584436155272 0
6912 0.756698574829243 0.09218247552812242 0
6913 -0.7049340843649833 -0.5928423031483898 0
6914 -0.411903254022675 0.762478835366484 0
6915 -0.4080252200302628 0.7430182443908491 0
6916 -0.3930817608962797 0.7561326914101235 0
6917 -0.934945161394716 0.2130071796161328 0
6918 -0.9394362664727093 0.2325042231886356 0
6919 -0.9234332227381078 0.2446921068550778 0
6920 -0.9555370982186628 0.2416740262186336 0
6921 -0.916030571263083 0.2065360945330766 0
6922 -0.3211509758839123 0.6589090046969323 0
6923 0.527138400057553 -0.5209361400439404 0
6924 0.5232821006359863 -0.5014029514357586 0
6925 0.5083255177411402 -0.5145056454594641 0
6926 0.4895062798820723 -0.5080907067730674 0
6927 0.4856283621736067 -0.4885888158721766 0
6928 0.4706901057329239 -0.5017074750735121 0
6929 0.451886693185625 -0.4952907004148733 0
6930 0.4557374011408115 -0.5148010880769905 0
6931 0.4330505960253168 -0.4888761525025336 0
6932 0.4479868215464576 -0.4757891216105624 0
6933 0.4595944922648497 -0.5342998056988377 0
6934 0.3572261299824664 -0.3721607524271697 0
6935 0.3533636300423104 -0.3526476329406569 0
6936 0.3683150510170698 -0.339560751532939 0
6937 0.3095032680804464 -0.574187083630275 0
6938 -0.1286387224289549 -0.8434344415822694 0
6939 0.1977067463262968 0.6097210779368889 0
6940 0.1788692903799381 0.616125045970787 0
6941 0.2015561109047987 0.5902140753209141 0
6942 -0.4441835290235913 0.4824630107067941 0
6943 -0.4480248495755728 0.5019723243410333 0
6944 -0.4418235372797787 0.7363173571628082 0
6945 -0.437944672036346 0.7167986240268254 0
6946 -0.4567683438116907 0.7232023783945662 0
6947 -0.008412288291988756 -0.8296965691725163 0
6948 0.006483395378854645 -0.8166991506094907 0
6949 -0.02721317148027408 -0.8233282359444626 0
6950 -0.01229628352058998 -0.810149468765616 0
6951 -0.01623192762202785 -0.7907324623091689 0
6952 -0.03499434523493503 -0.7844370112183564 0
6953 -0.02011087137282763 -0.7712955745500798 0
6954 -0.001266061766609206 -0.7776171127108606 0
6955 0.02530098399811087 -0.8230924695694323 0
6956 -0.4473259990268206 -0.2985749079521255 0
6957 -0.4323593811216337 -0.2854540741614456 0
6958 -0.4284737399126827 -0.3049726381087834 0
6959 -0.06177931189568114 -0.02955134834893952 0
6960 0.7099964623955179 -0.2920933760246626 0
6961 -0.3805443346316611 -0.8123679477979189 0
6962 -0.3844209078375085 -0.7928400187201342 0
6963 -0.403211981721212 -0.7864202632093983 0
6964 -0.3656465262741165 -0.7992791593002896 0
6965 -0.3506902138212953 -0.7861680938874697 0
6966 -0.3467647363720247 -0.8056683797216571 0
6967 -0.4181977553117563 -0.799487638468977 0
6968 -0.4071285080968191 -0.7669256536544123 0
6969 -0.4220757023469721 -0.7800053644694808 0
6970 -0.4370179506010542 -0.7931440390086714 0
6971 -0.4409028397755883 -0.773603775240161 0
6972 -0.4597354326668892 -0.7672101630166286 0
6973 -0.3429155832079507 -0.8251373154229364 0
6974 -0.3279478648860514 -0.812111848979339 0
6975 -0.3130394878749828 -0.7989805041577019 0
6976 -0.3091103489103128 -0.8184806958843478 0
6977 -0.3052661464715223 -0.8379451062127068 0
6978 -0.2902871645136 -0.8248717914262657 0
6979 -0.3883105307470599 -0.7732796026733361 0
6980 -0.4447761477861811 -0.754118739141498 0
6981 -0.2136824298376346 -0.4143971112535847 0
6982 -0.232509120988695 -0.4080137317990673 0
6983 -0.2363844742913223 -0.3885114129879541 0
6984 -0.2513349209958341 -0.4016171012357842 0
6985 -0.2286536239457142 -0.4274985916575094 0
6986 0.1271614303371429 -0.8940257697759697 0
6987 -0.1022769116650157 -0.1794680467233088 0
6988 -0.1172337603121066 -0.1925649282453861 0
6989 0.3610924830722816 -0.3916643872861706 0
6990 0.3649588361630473 -0.4111680221452578 0
6991 0.3499975961098575 -0.4242544321714319 0
6992 0.3758475910171482 0.330845456158678 0
6993 0.6699931218381199 -0.5331187617988347 0
6994 0.3824568964940733 -0.8536388906774215 0
6995 -0.4125186990830265 -0.4740778674149234 0
6996 -0.0514375479533577 0.8036304974174577 0
6997 -0.04757640706494706 0.7841112872226448 0
6998 -0.02874489771666852 0.7776341628720794 0
6999 -0.04370074495402296 0.7646859789936835 0
7000 -0.05861895996044789 0.7514735598844479 0
7001 -0.01376681329265536 0.790712120763381 0
7002 -0.009836853904728993 0.7712213758597781 0
7003 0.008982320051062448 0.764855498113158 0
7004 -0.02482437302034207 0.758218124411516 0
7005 -0.02097132023560977 0.7386666452455183 0
7006 0.02390411396735351 0.7779563022015678 0
7007 0.6605491613917482 0.4886273169996405 0
7008 0.250689293716317 -0.8088172282988974 0
7009 -0.01183729672704428 -0.9015070690587064 0
7010 -0.01569464533047618 -0.8818946230750173 0
7011 -0.03057528540212474 -0.8950334810446496 0
7012 -0.03451846514439999 -0.8754911656484995 0
7013 0.01186491382311453 0.9274671371140304 0
7014 0.1947257802015281 -0.880721573247091 0
7015 0.6914833739210842 0.3326094695892768 0
7016 -0.8605656028667461 0.3695162505106528 0
7017 -0.8786663301289407 0.3753405756439651 0
7018 -0.8952172131317696 0.3604262855292708 0
7019 -0.4347009262468214 -0.5392854922684852 0
7020 -0.8846304902479997 0.3941221422760465 0
7021 -0.8866436675978713 0.4145852661457875 0
7022 -0.0760514572462157 -0.8431843823662569 0
7023 -0.07989881100110841 -0.8236769811393625 0
7024 0.5019185538740356 -0.03942590861096668 0
7025 0.5168760207800088 -0.02632573132043337 0
7026 0.4830984969099341 -0.03302674718165838 0
7027 0.4642709144503562 -0.02661899325180711 0
7028 0.4792283813238573 -0.01351881599915428 0
7029 0.394671001812771 0.3244414386001593 0
7030 0.379703886936632 0.3113325458403891 0
7031 0.1344227862843857 -0.8420473208353798 0
7032 0.539566193329977 -0.05223282393816164 0
7033 0.558388090233814 -0.05865609961719803 0
7034 0.554525425589257 -0.03914512357030286 0
7035 0.5733530797857289 -0.04553480250197389 0
7036 0.5207466364341482 -0.04583423347390153 0
7037 -0.7248036651244897 -0.4042637940637778 0
7038 -0.7286572856307632 -0.3847227295954727 0
7039 -0.7021159153379741 -0.4301449761330239 0
7040 -0.7435710474683771 -0.397814328297194 0
7041 0.860084492952142 0.3660559941979196 0
7042 0.03835059865227639 0.882182071713938 0
7043 0.04216707431198687 0.8626331815249688 0
7044 0.05715807170379567 0.8757301108886765 0
7045 -0.1698340627498696 -0.1928553493530101 0
7046 -0.1548810552911569 -0.1797615008797166 0
7047 -0.1360580469113002 -0.1861669323406399 0
7048 -0.1399199309922217 -0.166666009133609 0
7049 -0.1847955005093817 -0.2059559197096869 0
7050 -0.1510185243748653 -0.1992656700105244 0
7051 -0.7115852414537066 0.5916638252430484 0
7052 -0.6927721435585376 0.5852324588367055 0
7053 -0.696523557263355 0.6047036431861176 0
7054 -0.307194973167608 0.8542221395510168 0
7055 0.01374614362014784 -0.7646181451324677 0
7056 0.02867889434492049 -0.7514622938753438 0
7057 0.009880833232520064 -0.7451433773970841 0
7058 -0.4065070450609571 0.4696731135149288 0
7059 -0.4103777464649263 0.4891639661642383 0
7060 -0.3954193759493955 0.5022624930330654 0
7061 -0.4142400285046665 0.5086513532127214 0
7062 -0.4292059094128553 0.4955546423529906 0
7063 -0.3765921117150181 0.495873468479665 0
7064 -0.1561991571994749 -0.6158324373093892 0
7065 -0.1600750944152209 -0.596325023307114 0
7066 -0.7170574073929041 -0.4432277881702005 0
7067 -0.6982389014568573 -0.4496395545252443 0
7068 -0.6943449199167968 -0.4691477399546429 0
7069 -0.292858965454624 -0.3692764474730443 0
7070 0.3433127333292543 -0.5675145897636394 0
7071 0.3244874689866089 -0.5610976374207582 0
7072 0.3283446396527224 -0.5805903199368806 0
7073 0.3205927366384264 -0.5415794665901801 0
7074 0.3355482969016594 -0.5284729653075652 0
7075 0.3017735189439305 -0.5351588902962515 0
7076 0.2979042087896087 -0.5156761790210749 0
7077 0.2829458894712001 -0.528757184458617 0
7078 0.7133548701129003 -0.2204822941465261 0
7079 0.3242635210998333 0.1483271942261001 0
7080 0.3281298742863392 0.1288235593694573 0
7081 0.3131724076338753 0.1157233818575873 0
7082 0.3430873409429847 0.1419237368768809 0
7083 0.3319962274788775 0.1093199245169359 0
7084 -0.8188177645047456 -0.372213607310324 0
7085 -0.8151052919540034 -0.3916421126703129 0
7086 -0.7961940083913889 -0.3980899905866478 0
7087 0.3837764894613326 -0.4175599453775147 0
7088 0.46794004809125 0.6632914719448313 0
7089 -0.3078004836125945 -0.382384527784941 0
7090 0.5037302972375861 0.3055238419344918 0
7091 0.4980261929126331 -0.8197773918957849 0
7092 -0.246451378651994 -0.6033174310606586 0
7093 -0.2503290810106649 -0.583816430972018 0
7094 -0.2652723422575998 -0.5969023079218835 0
7095 -0.2691529008286289 -0.5774129735961567 0
7096 0.458372779904284 0.3573435031264719 0
7097 0.4395427009367983 0.3637419593082855 0
7098 0.4545064342645205 0.3768471394788769 0
7099 0.4356826168995013 0.3832506041135033 0
7100 0.4168548033589364 0.3896462052083924 0
7101 0.4018999421895548 0.3765413959226194 0
7102 0.3980408660187156 0.3960507734666566 0
7103 0.3830712759704858 0.3829453427906181 0
7104 0.3792011087442546 0.4024609024270501 0
7105 0.3941577388463658 0.4155649259136975 0
7106 0.4129888399361454 0.4091471551023772 0
7107 0.4091195333003871 0.4286661835666635 0
7108 0.3902936973954042 0.4350698069880344 0
7109 0.3864393512149393 0.4545693442345882 0
7110 0.3714732212450821 0.4414621956670344 0
7111 0.3825617032488565 0.4740620904601103 0
7112 0.4014088320121119 0.4676696992934353 0
7113 0.05961094807845869 -0.9074781328441872 0
7114 0.04464316718634104 -0.9206086302861863 0
7115 -0.7847834832840889 0.2528233832355513 0
7116 -0.7809813348388808 0.23331733566453 0
7117 -0.7997802278679664 0.239690034754537 0
7118 -0.762173473650365 0.2269169521084285 0
7119 -0.8036003791740258 0.259228636476788 0
7120 -0.5310490241126758 0.5666047620661177 0
7121 -0.5161313341265259 0.5796824060756185 0
7122 -0.5199626086109679 0.5991945603588475 0
7123 -0.512254041583505 0.5601767028652733 0
7124 0.7264651284652265 -0.552345837617785 0
7125 0.711499754927253 -0.5654302677069299 0
7126 0.4978422482004763 0.6894790162426865 0
7127 0.7336785737431952 -0.5002277671012425 0
7128 0.6511798741492444 -0.5266827732699708 0
7129 0.3626029603682877 -0.6650318227228649 0
7130 0.358746868393423 -0.6454929535501773 0
7131 0.3437994458573407 -0.6585674965062431 0
7132 0.324981216364546 -0.6521876792453852 0
7133 0.3100075734199021 -0.6652788981366681 0
7134 0.291187865248729 -0.6588969576734671 0
7135 0.2762136885625673 -0.6719654303128513 0
7136 0.2800963977673205 -0.691501808809607 0
7137 -0.1218116930064422 0.6274404250164931 0
7138 -0.1179557474237093 0.6079685052853417 0
7139 -0.1140745268093894 0.5884544986304002 0
7140 -0.09911706015574198 0.6015546761480348 0
7141 -0.1367596988635686 0.6143731440081412 0
7142 -0.1329205906022025 0.5948622567543865 0
7143 -0.5538993437083638 -0.7352051972031615 0
7144 -0.534984396496095 -0.7416344052352805 0
7145 -0.5388712958496564 -0.7221028333821453 0
7146 -0.1869895371419616 0.8680901145528456 0
7147 -0.2020297954138363 0.8548471141545561 0
7148 -0.2058066360691174 0.8742884176629344 0
7149 0.3314884725407666 0.2004344231717072 0
7150 -0.02585356710928137 0.9403997136779546 0
7151 -0.01050166816516485 -0.4653283084095193 0
7152 0.6019114822319652 -0.4554105177498351 0
7153 0.1889056365309151 0.8309539225910294 0
7154 0.3608952685028447 0.317749713373354 0
7155 -0.03707869549922838 -0.4199155380895658 0
7156 0.5066405652469964 0.4682624553658336 0
7157 0.4916422672216419 0.455146608122728 0
7158 0.4878017114356161 0.474644595689974 0
7159 0.4728461817549283 0.461582683062629 0
7160 0.4689813522581721 0.4810674743647742 0
7161 0.4578425509085401 0.4484354805838553 0
7162 0.5027824644116383 0.4877525426717544 0
7163 0.4839380536192667 0.494133377046545 0
7164 -0.6185637316103716 -0.5858950443261067 0
7165 0.4827839986227083 -0.6513218353053976 0
7166 0.4503293378205276 -0.2219486059288718 0
7167 0.4464629847469651 -0.2024449710708533 0
7168 0.4314828871984929 -0.2155454512893259 0
7169 0.4165316872976234 -0.228650525896674 0
7170 0.4126781505160566 -0.2091580801612262 0
7171 0.4276481178906026 -0.1960576880928347 0
7172 0.4237708843048398 -0.1765474469232015 0
7173 0.4426093311471487 -0.182936555977798 0
7174 0.4614410999500227 -0.1893409843802446 0
7175 0.4802602339989163 -0.1957366985828277 0
7176 -0.4496583928908852 -0.5523856697979217 0
7177 -0.823738459592958 -0.1704103680513005 0
7178 0.6950252339507748 -0.3051866360691987 0
7179 0.676215175957773 -0.2987900959475412 0
7180 0.6612509839454854 -0.311861592973276 0
7181 0.6911726426931301 -0.2856899185754208 0
7182 -0.2497071229131762 0.6527660887184918 0
7183 -0.2646650860912815 0.6396821566779773 0
7184 0.4950256487909477 0.5268281356769569 0
7185 0.4800745196460957 0.5136942892023116 0
7186 0.4761424360770929 0.5332321354993369 0
7187 -0.532687050648163 -0.4877562398545663 0
7188 -0.5177498525222566 -0.4746852805007129 0
7189 -0.4988996318890058 -0.4810508466014661 0
7190 -0.5138596425329371 -0.4941645410361012 0
7191 -0.509974484828488 -0.513683554218717 0
7192 -0.4800779027069093 -0.4874493390181052 0
7193 -0.4651116821718296 -0.474370555654254 0
7194 -0.4234963000150906 0.8210318062026848 0
7195 -0.442320120017666 0.8274352631943905 0
7196 0.8758552310161594 0.2880785189298669 0
7197 0.8608977637036459 0.2749783420849002 0
7198 -0.1971138749879394 0.653073344687616 0
7199 0.4379193681945251 -0.6906267565916362 0
7200 0.4340303780334648 -0.6711814316752134 0
7201 0.4490006073332383 -0.6581064741756245 0
7202 0.4528599496392126 -0.6775702680751018 0
7203 0.4451664773214718 -0.6385297283167547 0
7204 0.4412756673115892 -0.6189806198820389 0
7205 0.4263896113725225 -0.6320920761342714 0
7206 0.4224481441439393 -0.6125937685544249 0
7207 0.4185754671043955 -0.5930933630771781 0
7208 0.4640053859668115 -0.6448944604158998 0
7209 0.5143362878130766 0.4292478540621102 0
7210 -0.1827655924716652 -0.5704163611679223 0
7211 -0.1788942515273154 -0.5899092719752959 0
7212 -0.1938562102858442 -0.6030103463747463 0
7213 -0.1977228364800316 -0.5835051223136665 0
7214 0.6651240622061743 -0.3313939081733237 0
7215 0.189135546065481 0.1215435437762806 0
7216 0.2040947887656774 0.1346402820352995 0
7217 0.2079610407149485 0.1151334632897472 0
7218 0.2002268213943935 0.1541362848860192 0
7219 0.2151863184052056 0.1672368663367045 0
7220 0.4323241947519926 0.3116395190110134 0
7221 0.4361814919168348 0.2921327866055774 0
7222 0.1442630020593773 0.08224000137917381 0
7223 0.1592190284278483 0.09533913123429744 0
7224 0.1630865513981867 0.07583357346969205 0
7225 0.174178760048296 0.1084440431507489 0
7226 0.1780403732124077 0.08893957740027197 0
7227 0.1553564054190602 0.1148443750431388 0
7228 0.1293085084388878 0.06913960370173841 0
7229 0.1365315534515468 0.1212437057629075 0
7230 0.1177094489471765 0.1276505082615016 0
7231 0.1326615742311117 0.1407453818303477 0
7232 0.128800424676686 0.1602490745200069 0
7233 0.1437520890021917 0.1733475555394465 0
7234 0.1476151044177617 0.1538405749863426 0
7235 -0.5318676994340403 0.03942009692884496 0
7236 0.7471409835582209 -0.2137846173392302 0
7237 0.5353829671890491 -0.6510158144414983 0
7238 -0.7204043458624455 -0.5148587452204623 0
7239 -0.7353695255413641 -0.5279439806477936 0
7240 0.1331700086758331 0.04963395845394247 0
7241 0.1143495046473749 0.05603770432555638 0
7242 0.6589151926953279 -0.5657307888185833 0
7243 -0.2786229024751117 0.444341813420616 0
7244 -0.5738974963413908 0.1628543366065468 0
7245 -0.5550520409630657 0.1564399694506479 0
7246 -0.57002451167628 0.1433448618547727 0
7247 -0.551212654945669 0.13694859416768 0
7248 -0.5362419979388049 0.1500384486255998 0
7249 -0.5401272893401171 0.1695184550533278 0
7250 -0.5251836880461858 0.1826383659815666 0
7251 -0.5439736705235988 0.1890296837176239 0
7252 -0.5063618447537164 0.1762505137788543 0
7253 -0.510233634704824 0.1957468100569519 0
7254 -0.4874885831762197 0.1698362698586983 0
7255 -0.743155861640338 -0.4888816135719073 0
7256 -0.1972237651515618 -0.6746409869555519 0
7257 -0.1822585621287833 -0.6615377076234095 0
7258 -0.178420586269454 -0.6810467115454457 0
7259 -0.007155346618670066 -0.3937147009884975 0
7260 0.007806709986321436 -0.3806308185366469 0
7261 0.02663903295838732 -0.3870217756991732 0
7262 0.01164810994271273 -0.4001490810864696 0
7263 0.03048906880601743 -0.4065350559305577 0
7264 0.04932109566992524 -0.4129358791753773 0
7265 -0.003281967329368807 -0.4132121905470222 0
7266 -0.5055075912923002 0.7033990546898348 0
7267 -0.1754324074717777 0.8093856696789767 0
7268 0.2943392370864705 0.1221248831929303 0
7269 0.2982154987532444 0.1026307124136303 0
7270 0.2832742744445363 0.08952636290014124 0
7271 0.2644400531843553 0.09591985364424727 0
7272 0.2683230808151297 0.07641800829583073 0
7273 0.2533618391467976 0.06331894388961087 0
7274 0.2345310617285576 0.0697148514421197 0
7275 0.2384011185340235 0.05021274434069495 0
7276 0.2234413517966588 0.03711700823977201 0
7277 0.2046131666921555 0.04351777290729733 0
7278 0.2084900126074689 0.02401363671096915 0
7279 0.1896463210994756 0.03042559672905162 0
7280 0.193522775776966 0.0109226282106924 0
7281 0.1785634414491304 -0.002178964919009319 0
7282 0.1973799195805984 -0.008581656231309909 0
7283 0.2871430262468431 0.07002424580042615 0
7284 0.2721731384761796 0.0569155516832319 0
7285 0.3021032716233241 0.083139047073259 0
7286 0.3059626692392241 0.06362806206261371 0
7287 0.3170607746406174 0.09622244896651866 0
7288 0.3358703518636109 0.08982070648033855 0
7289 0.1597386093946811 0.004222389563595552 0
7290 0.163606261755254 -0.01528076169560236 0
7291 0.1486487666861585 -0.02837941867591331 0
7292 0.1298170450280944 -0.02197771900930695 0
7293 0.1336800773749528 -0.04148614571740994 0
7294 0.2096323628027891 -0.8675510741466456 0
7295 -0.3454669715518286 -0.3695891264004734 0
7296 -0.3305066051040491 -0.3564695326845891 0
7297 -0.3266402519697245 -0.3759731675507823 0
7298 0.04749724969677216 -0.7578618095750497 0
7299 0.0436091499949742 -0.7383979083354646 0
7300 0.05855637628285901 -0.72528182118914 0
7301 0.03976447157393351 -0.718869936418837 0
7302 0.02093998749454618 -0.712449024880757 0
7303 0.05469857318102256 -0.7057693340358049 0
7304 0.07351356065409514 -0.7121670496179026 0
7305 0.07740435787975231 -0.731691058162086 0
7306 0.002116382505725517 -0.7060467706346963 0
7307 0.8141907846154212 -0.1092774178448757 0
7308 0.4007719040525859 -0.7689301695427837 0
7309 0.3858211986249224 -0.7820078930249577 0
7310 0.4046837037671483 -0.7883995233739851 0
7311 0.4157250217616548 -0.7558014973289922 0
7312 -0.263951401852166 -0.1608431940618748 0
7313 0.5823999367181508 0.351534422945879 0
7314 -0.6079515239708853 -0.4621228425545639 0
7315 -0.253745722319902 -0.655439057156924 0
7316 -0.1247269328670008 -0.8630280693048221 0
7317 -0.2701671805922196 -0.3951984150795429 0
7318 -0.2740153902903734 -0.3756931271383275 0
7319 0.70415288638412 -0.6173769370163376 0
7320 -0.8897671752347975 0.3418019852752308 0
7321 -0.2734229532049912 0.8608803464820538 0
7322 -0.6893722833413294 0.6568396922690098 0
7323 0.163810563082419 -0.7246908180134547 0
7324 0.1599286008771464 -0.705188858135951 0
7325 -0.9194352157966682 0.1348854283156984 0
7326 -0.9044777491396476 0.1479856058278973 0
7327 -0.1866435834854321 -0.5509508357448277 0
7328 -0.1904966049454265 -0.5314366028256006 0
7329 -0.205462383298593 -0.5445383650326768 0
7330 -0.1943489001821952 -0.5119070479527625 0
7331 -0.1982319206158892 -0.492408451397738 0
7332 -0.2131857899923265 -0.5055007040477795 0
7333 -0.1794147609355799 -0.4988021702779318 0
7334 0.1556483559467731 0.7331651957780695 0
7335 0.1595123481296957 0.7136545691312536 0
7336 0.1783285403673238 0.7072075684845296 0
7337 0.1633568414672359 0.6941462058510852 0
7338 0.1932998496069066 0.7202955252061365 0
7339 0.1971452103209207 0.700799036747319 0
7340 0.1672620687235669 0.6746168970143192 0
7341 0.1822243449089822 0.6877322495081408 0
7342 0.1484331516837246 0.680996475915556 0
7343 0.6298130570409992 -0.06475456422759096 0
7344 -0.0466256046461811 -0.7258181571539348 0
7345 -0.06158146508304468 -0.7389485592081113 0
7346 -0.06546391447423755 -0.719478513424516 0
7347 -0.06934688223732874 -0.6999900066877017 0
7348 -0.05440569684713528 -0.6868629198254862 0
7349 -0.05825957403367257 -0.6673746777806386 0
7350 -0.0732342436752626 -0.6804293128323937 0
7351 -0.07706957530658695 -0.6609255823304292 0
7352 -0.0920620408797152 -0.6739863275353254 0
7353 -0.04328797232832302 -0.6542603352884173 0
7354 -0.06210756871333881 -0.6478467897685827 0
7355 -0.06594939974719596 -0.628343007037225 0
7356 -0.08477824732943781 -0.621935656689951 0
7357 -0.08091095483246111 -0.6414166990357024 0
7358 0.3227550894748677 0.4217166355211899 0
7359 0.3077800999939462 0.4085893449359775 0
7360 0.3038965503606771 0.4281025115952444 0
7361 0.3000688968009009 0.4476297282660884 0
7362 0.2850792143632026 0.4345670952857197 0
7363 0.2812612332077601 0.4540801448706595 0
7364 0.2962513205570573 0.4671429411457168 0
7365 0.2662713336395386 0.4410171331119063 0
7366 0.3116324896897735 0.3890924263298896 0
7367 0.3150564735491062 0.4606740234113275 0
7368 0.2624468321228122 0.4605088893130178 0
7369 0.2774305006627449 0.4735796036598676 0
7370 0.2586101775585894 0.4800042676746649 0
7371 0.2397304727551641 0.4863092852032264 0
7372 0.2208814277677199 0.492704792394014 0
7373 0.2020537090014539 0.4990975616668398 0
7374 0.187103187118071 0.4859893633555032 0
7375 0.2170211445742145 0.5121965849441874 0
7376 0.1832264513384493 0.5054909531862041 0
7377 0.168275960415171 0.4923828092646471 0
7378 0.1643992224947667 0.5118843835972535 0
7379 0.1494487335057399 0.4987762430743814 0
7380 0.1455719954513635 0.5182778164393332 0
7381 0.1306215065825165 0.5051696761282499 0
7382 0.126744768519594 0.5246712494336169 0
7383 0.111794279657568 0.5115631091351766 0
7384 0.1079175415939294 0.5310646824377462 0
7385 0.092967052731626 0.5179565421394726 0
7386 0.08909480903678654 0.537436950801373 0
7387 0.07413982580477774 0.5243499751439039 0
7388 0.07026308774073436 0.5438515484481629 0
7389 0.05531604836191473 0.5307366422505375 0
7390 0.07801061543487631 0.5048554737032163 0
7391 0.0514358608127394 0.5502449814538899 0
7392 0.03648537194823584 0.5371368411537412 0
7393 0.0326086338838249 0.5566384144599041 0
7394 0.01765814501858362 0.543530274159138 0
7395 0.01378140695399183 0.5630318474662812 0
7396 -0.001169081911990971 0.5499237071648666 0
7397 -0.005045819976765592 0.5694252804729534 0
7398 -0.01999630884346523 0.5563171401709228 0
7399 -0.02387304690840464 0.575818713479943 0
7400 -0.03882353577578124 0.5627105731773054 0
7401 -0.04269174435769807 0.5821999913839359 0
7402 0.08524055188959109 0.5569825819864272 0
7403 -0.00892241564814869 0.588954961049416 0
7404 0.02873545457807097 0.576164075603843 0
7405 0.2547328418782497 0.4994716298586988 0
7406 -0.04652496076531504 0.6017321903267985 0
7407 -0.05762603970423097 0.5691334592669197 0
7408 0.0663952547311312 0.5633710189747783 0
7409 0.198209373004794 0.518597142446839 0
7410 0.2701807708816967 0.4214370386042764 0
7411 0.1228801990343235 0.5441868945353596 0
7412 0.160538124592275 0.5313960352519862 0
7413 0.1909922421047932 0.4665244910237909 0
7414 0.1948329304539703 0.4470296505162952 0
7415 -0.7775594486212232 0.3048992736020742 0
7416 0.7321786898817016 -0.226885751645876 0
7417 -0.7392669589108426 -0.5084287038501853 0
7418 0.853673001199705 0.222870895181459 0
7419 -0.7982516405960731 -0.03365729979108761 0
7420 0.1039370630404517 -0.7770579393026492 0
7421 0.1189171520689898 -0.7640028680519787 0
7422 0.0615254265014884 0.76518685519007 0
7423 0.04659412202288377 0.7520684499056541 0
7424 0.06542501773127357 0.7456917882407088 0
7425 0.08036050408717149 0.758773550211239 0
7426 0.05047438971515514 0.732573579156651 0
7427 0.03169007941795635 0.7389550827229164 0
7428 0.03550013934803656 0.7194562732636165 0
7429 0.06928828047112023 0.7261904859561653 0
7430 0.07314777904934844 0.7066493586195447 0
7431 0.0880457075706188 0.7197469753488128 0
7432 0.1068893082062553 0.7133947956006981 0
7433 0.110773222746244 0.6938961314814203 0
7434 0.1257193040922469 0.7070468142408071 0
7435 0.01668345007437577 0.725853023202477 0
7436 0.01279245931613848 0.7453420898981474 0
7437 -0.5952142314484634 0.6247876567775823 0
7438 -0.6101906893393374 0.6117418613943788 0
7439 -0.6063795077944141 0.5922588886576152 0
7440 -0.6140770102419176 0.6312258625786459 0
7441 -0.587554297810132 0.5858041859840325 0
7442 -0.6025278302681932 0.5727652254707848 0
7443 -0.6213267184046114 0.5791554874052448 0
7444 -0.6174354118274681 0.5596147804743814 0
7445 -0.6401521337629292 0.5855026019409482 0
7446 -0.6251756392051379 0.5986841268606727 0
7447 -0.6290371248725843 0.6181214898206944 0
7448 -0.6478522680293151 0.6244831291500985 0
7449 0.2265554210747965 0.8181560733505443 0
7450 0.5880902525333516 0.6769402027388101 0
7451 0.5693000378114734 0.683377921569954 0
7452 -0.734047474807221 -0.09187494163705964 0
7453 -0.8381817541516574 -0.2746214304274336 0
7454 -0.8344400505477394 -0.2941201550980774 0
7455 -0.849397917220337 -0.3072803307868412 0
7456 -0.2034546556059915 -0.9088923744681664 0
7457 -0.8647556183295761 -0.2292655937508341 0
7458 -0.88362214435214 -0.2228767192388804 0
7459 -0.8795714369107519 -0.2422901416143861 0
7460 -0.606534892786857 -0.7343752704497395 0
7461 -0.6252816397923887 -0.7290914364861298 0
7462 -0.6520353786884199 0.02573339459734686 0
7463 -0.4982836320714604 0.7555309170608577 0
7464 -0.6254811150756368 -0.01968398288268819 0
7465 -0.6105218256541891 -0.006582775006494318 0
7466 -0.5955639194362978 0.006523022155429381 0
7467 -0.6144015905000872 0.01293281187198811 0
7468 -0.6066452209418736 -0.02609967220605938 0
7469 -0.5836431510270591 0.5663443611628318 0
7470 -0.6595547383392621 -0.6446516128896245 0
7471 -0.3436316977916677 -0.0246119704051122 0
7472 -0.3397624679111492 -0.04411450848969467 0
7473 0.37087645893541 -0.7951243696220512 0
7474 0.3669938497827009 -0.7756036984088238 0
7475 -0.3057653264138684 -0.7468575547104102 0
7476 0.7587352156340684 -0.272296478805734 0
7477 -0.4787569819425724 -0.05140821967144529 0
7478 -0.4638177526782561 -0.03831303003129655 0
7479 -0.4449805846827255 -0.04471291773695296 0
7480 -0.4599227129038961 -0.05781536583434999 0
7481 -0.09626659971060647 0.7642804745178564 0
7482 -0.08130913307376919 0.7773806520680214 0
7483 -0.06635719780578808 0.790510960379035 0
7484 -0.06249974606252282 0.7709484842682737 0
7485 -0.1150904195805974 0.7706839318321601 0
7486 0.7190681682305503 0.1049551769372174 0
7487 0.435364150786003 -0.2350501405465611 0
7488 0.3634240848616562 -0.1378219138675651 0
7489 0.3783924660677842 -0.1247236916648644 0
7490 0.3853139085457147 -0.6909044553996386 0
7491 0.3814401388629227 -0.671411995026481 0
7492 0.1091580653574148 -0.3605268887458969 0
7493 0.1130223757872871 -0.3800254096442842 0
7494 0.09806695179544941 -0.3931307010627649 0
7495 0.4511533963594636 0.3052334950678772 0
7496 0.455879647382873 0.8130540962884701 0
7497 0.4596955177968732 0.7933877743856557 0
7498 0.2984102524528602 -0.6067783828555774 0
7499 0.2945418483987206 -0.5872630494563453 0
7500 0.8580758582329228 0.1122199322331455 0
7501 0.8392237623560974 0.1186539839235112 0
7502 0.8541948749885729 0.1317972128638502 0
7503 0.8691417147118792 0.1448952921571869 0
7504 0.8652736688136504 0.1644014375347061 0
7505 0.5387475126828323 -0.579417490935228 0
7506 0.5199513809128262 -0.5729856184821864 0
7507 0.6873035254242067 -0.2661868316950912 0
7508 0.3812549436442528 0.03800981807713916 0
7509 0.3851049948973388 0.01850898886414598 0
7510 0.4039313077341997 0.01209700411512571 0
7511 0.3889687745564947 -0.0009965126689632231 0
7512 0.3701483437874232 0.005416452742649347 0
7513 0.3662741715851329 0.02490876505257106 0
7514 0.3740008025576376 -0.01408921312107331 0
7515 0.355175181078806 -0.007680988736999628 0
7516 0.3590405869418055 -0.0271816684774791 0
7517 0.3402159135630147 -0.02079125943973859 0
7518 0.4077994552607935 -0.007408620266736499 0
7519 0.4188899012672367 0.02519502153740616 0
7520 0.3778714414823806 -0.03358994558208539 0
7521 0.3474681235143411 0.03130819697804149 0
7522 0.3440956399021874 -0.04029770412161804 0
7523 -0.6071565215781912 0.06504149883615656 0
7524 -0.3678435134819128 0.2746367649772652 0
7525 -0.006636783602924079 -0.4848223208079587 0
7526 -0.0215921242781788 -0.4979242731085713 0
7527 0.5182043442931055 0.4097668539706812 0
7528 0.5032429421963781 0.3966705904480368 0
7529 0.4993775891867349 0.4161420558811021 0
7530 0.4844213547376446 0.4030474987065783 0
7531 -0.6164195243588547 0.377385345620306 0
7532 -0.6352103420795615 0.3837762768937634 0
7533 -0.6502008108338966 0.3706886255087329 0
7534 0.3327049174962825 -0.6911660828961323 0
7535 0.3288470317454978 -0.671670206342119 0
7536 -0.4684546604209778 -0.5460136710677199 0
7537 -0.4535481889024439 -0.5328811772919874 0
7538 0.04292236771085026 0.06215073050769748 0
7539 0.02796464894158532 0.0490494433343415 0
7540 0.02409829577972142 0.06855307818877457 0
7541 0.02023194261344358 0.0880567130436167 0
7542 0.0856905493611964 -0.8618516585201077 0
7543 -0.5976224257072953 0.3709649897226656 0
7544 -0.578761278259457 0.3645587103422605 0
7545 -0.5937293513810723 0.351478253415568 0
7546 0.6141563098147831 0.7226821675599631 0
7547 0.6286901589324529 0.7358973241271176 0
7548 0.6458123024723224 0.7291019456873076 0
7549 0.3876490090691426 -0.4370751144563193 0
7550 0.3688472607623288 -0.4306581066246072 0
7551 -0.2824912915861157 0.4638525573346324 0
7552 0.3371896552131191 0.5258857229481241 0
7553 0.333323357248667 0.5453895202281674 0
7554 0.3521466696226906 0.5389864167901216 0
7555 0.7582359195630497 -0.1811800474106786 0
7556 0.743269803624932 -0.194281939413518 0
7557 -0.4823077881304683 0.5863871770021449 0
7558 0.3773765736090094 0.05750574015921212 0
7559 -0.01435980672119674 -0.4458340527499394 0
7560 -0.5886977833029021 -0.5596784107040498 0
7561 0.1168907716135927 -0.3995341584681692 0
7562 0.1207571247402762 -0.4190377933271195 0
7563 0.131830397810632 -0.3864318228303921 0
7564 0.1246234778781666 -0.4385414281870523 0
7565 -0.1262926920238816 -0.5896219377607366 0
7566 0.47848461082599 0.7869350819353157 0
7567 -0.3642758372015854 -0.3631635499357255 0
7568 -0.3681474525643802 -0.3436575860896407 0
7569 -0.3830882506900232 -0.3567581841821763 0
7570 -0.5316636527817071 -0.6700018089831346 0
7571 -0.53552917303925 -0.6504957189895686 0
7572 -0.5394031936901335 -0.6309867360842125 0
7573 -0.5543482480500108 -0.6440504263493935 0
7574 -0.5167033605086635 -0.656919312510693 0
7575 -0.5205493140148819 -0.6373553064876004 0
7576 0.546994044112347 -0.709536468063933 0
7577 -0.7221376789016172 0.4679135387873308 0
7578 -0.3622397592049765 -0.7276437880749372 0
7579 -0.3473180911066353 -0.7145042459496189 0
7580 0.03518960168657773 0.1011576949247827 0
7581 0.655048839634071 -0.5462271539784109 0
7582 -0.6135577349570991 0.540103627457433 0
7583 -0.1557030389346507 -0.7069497307811492 0
7584 -0.06900232177813626 -0.08165829583206285 0
7585 -0.05404765045371626 -0.06855750433042637 0
7586 0.799741262889904 -0.2134923119141542 0
7587 -0.6528581486960916 -0.5014466069829834 0
7588 -0.6340605971987319 -0.5078282119253589 0
7589 -0.648951481391123 -0.5209531015044359 0
7590 -0.6190814555795063 -0.4947488957673208 0
7591 -0.604127990256293 -0.4816646560831842 0
7592 -0.5853223683867261 -0.4880839264864819 0
7593 -0.6002630539063245 -0.5011632700025743 0
7594 -0.6451009185794541 -0.5404453990007516 0
7595 -0.6678110258220828 -0.5145499844810379 0
7596 -0.554557872241219 0.06532718921922948 0
7597 0.6406582697104751 0.677275372114381 0
7598 0.6594986782570649 0.6709075324994651 0
7599 0.6633931862427537 0.6514171480988545 0
7600 0.6779229482218466 0.6644148341969301 0
7601 0.6752697075189857 0.6870459429190128 0
7602 0.6961730422794975 0.6571161099336128 0
7603 0.6484342675936926 0.6382561423826104 0
7604 0.7008301776460599 0.6382682162303666 0
7605 0.7167487938274817 0.650499869692436 0
7606 0.1261473153554087 -0.7118855789463665 0
7607 0.5088577388631719 -0.6055964002591436 0
7608 0.5049777526376402 -0.5860568968772812 0
7609 0.4900288788354059 -0.5991882507903766 0
7610 -0.4725441314978051 0.1829435307555051 0
7611 -0.4537251469957857 0.1765281570970816 0
7612 0.5135176124370968 -0.09793681334619334 0
7613 0.8508225344998374 0.06014509632681081 0
7614 0.348477532325482 -0.1509240461589231 0
7615 0.3296455828122402 -0.1445187276134974 0
7616 0.3923263344652258 0.07060439009669098 0
7617 0.3884557221712729 0.09009853580977173 0
7618 0.03874503084940056 -0.536646127797932 0
7619 0.4526797888254623 0.0318934841088741 0
7620 -0.5050004447643754 0.6123087499246441 0
7621 -0.5011567421868444 0.5927484006457487 0
7622 0.2049145179568156 0.6618251573477825 0
7623 0.2198673151722005 0.6749116733512589 0
7624 0.2386920786470948 0.6685084449870675 0
7625 0.2010250873794276 0.6813051593764141 0
7626 0.2425587393653693 0.649005847711143 0
7627 0.2575196242538529 0.6621184202215502 0
7628 0.2613781064179495 0.6426009461827827 0
7629 0.2762885779092822 0.6557040863634466 0
7630 0.295130344676898 0.6493535693800703 0
7631 0.2912485202024424 0.6688121245737946 0
7632 0.3062755557523234 0.6819658196581806 0
7633 0.2990084003304819 0.6298279584506474 0
7634 0.3139551270130083 0.6429802469479033 0
7635 0.3178414938986528 0.6234695903829512 0
7636 0.3327877501187961 0.6366016291650686 0
7637 0.3100790525037737 0.6624098609135095 0
7638 0.3288980429993524 0.6561113045532181 0
7639 0.3477498763768239 0.6496154445432192 0
7640 0.3516288697598803 0.6301584500109674 0
7641 0.3554964790971716 0.6105859551447451 0
7642 -0.5204589689674751 0.6902820674488609 0
7643 -0.5166278040359621 0.6707488736203669 0
7644 0.8546965885364662 0.04066410080987648 0
7645 0.8359701858439441 0.04706688451522079 0
7646 0.8209022072761716 0.03395086939450259 0
7647 -0.5217924765343889 0.2542533427913081 0
7648 -0.07958853935769444 -0.205372955158681 0
7649 -0.07572146229242652 -0.2248772482341813 0
7650 -0.08345326625765309 -0.1858711893686819 0
7651 -0.09067919265442931 -0.2379814120350116 0
7652 -0.07185485351902957 -0.2443833432907613 0
7653 -0.06798823512599353 -0.2638872814328392 0
7654 -0.05690092078575334 -0.2312811544340685 0
7655 -0.0169075185565736 0.009748794446270997 0
7656 0.2607645148340725 -0.5939839810876131 0
7657 0.2757219815547003 -0.5808838036448322 0
7658 -0.6958857693773634 -0.1957899757874509 0
7659 -0.7074909486436994 -0.1372856687354786 0
7660 -0.5819191202925167 -0.4164538082780967 0
7661 -0.5592432979377714 -0.4423546507176226 0
7662 -0.837884156688699 0.3436027833075779 0
7663 -0.8417906488053361 0.363022565971142 0
7664 0.7534330202278238 -0.5990877007753465 0
7665 0.7388969226979528 -0.6319634975123408 0
7666 0.7727673902954558 -0.6056773496595295 0
7667 0.7220526114329074 -0.6236624066961901 0
7668 -0.08416147734564003 0.614654480383924 0
7669 -0.08029867735105123 0.5950869674717079 0
7670 -0.3090462417052305 0.509253934856593 0
7671 -0.3051631862134687 0.4897632729846064 0
7672 -0.2863639954923888 0.4833549332330627 0
7673 0.06845720468202471 0.1989693202613188 0
7674 0.05350433295538159 0.1858657870188372 0
7675 0.08728172266287926 0.1925742518840669 0
7676 0.08342447369692974 0.2120790440061823 0
7677 0.09837601943708965 0.2251682909482699 0
7678 0.07956417535134372 0.2315791939904493 0
7679 0.4588896959217904 0.266255174682078 0
7680 0.4439431151410561 0.2531462838019279 0
7681 0.4289657941429073 0.2400284379528895 0
7682 0.4477914417250088 0.2336250945764081 0
7683 0.4400429338807222 0.2726655981210551 0
7684 0.4516559667418322 0.2141213453702266 0
7685 0.4666178396691515 0.2272076451251236 0
7686 -0.7190900081280963 -0.07877476414882104 0
7687 -0.7229496242054944 -0.05925455877605373 0
7688 -0.3547194240085076 -0.05720889792148778 0
7689 -0.3209381349665774 -0.05052031807412127 0
7690 -0.3059780324450022 -0.03742059577026849 0
7691 -0.3508680971464349 -0.07671227318602844 0
7692 -0.3696867507969795 -0.07032000624174195 0
7693 -0.4747438902521109 -0.7803295629061674 0
7694 -0.4785594835807953 -0.7608403532079738 0
7695 -0.4635853730426129 -0.7477196521589433 0
7696 -0.4673754485720001 0.5994778592037217 0
7697 -0.4634864518108271 0.5799982004708008 0
7698 0.4536877449522553 -0.1503375223292751 0
7699 0.3637305762244269 0.4804477380406763 0
7700 0.4343559807042197 -0.05281934775559466 0
7701 0.453179800433782 -0.05922280541754871 0
7702 0.4681322522926733 -0.0461215517634796 0
7703 0.2054174576639733 0.5707005214130457 0
7704 -0.6458265088470183 0.2600702753525361 0
7705 -0.6269996571134904 0.2536673689744886 0
7706 -0.6231240066987072 0.2341662541409377 0
7707 -0.638082001457638 0.2210626248105583 0
7708 -0.6192564528204532 0.2146621764068871 0
7709 -0.630856507204828 0.2731672122173981 0
7710 -0.6347512071007005 0.2926295385803308 0
7711 -0.6197666175061113 0.3057684677451162 0
7712 -0.6386056009897567 0.3121472242962657 0
7713 -0.6424681045168128 0.3316813558279698 0
7714 0.2830333701223262 0.7989678249951435 0
7715 0.4871732265571641 -0.7619321677942218 0
7716 -0.2427963080067758 0.0865935049851525 0
7717 -0.5274698648910072 -0.07119237141732679 0
7718 -0.5236420567311846 -0.09068436509297007 0
7719 -0.6360620216362436 -0.1433958627177065 0
7720 -0.3683414064021671 0.3657603492374925 0
7721 -0.06646842779661954 -0.5372260194200235 0
7722 0.2120358330624987 -0.6137805667774586 0
7723 0.2081594084457233 -0.5942772437260748 0
7724 0.1932191403120058 -0.6073694964575445 0
7725 0.1782444758659968 -0.6204775993495215 0
7726 0.2042977502417271 -0.5747619059822092 0
7727 0.1821108288856403 -0.6399812339733535 0
7728 -0.4519088553447301 0.5214662708190085 0
7729 -0.1773319339077199 -0.8633214521673972 0
7730 -0.002768961912644474 -0.5043355781325265 0
7731 0.01216788402929203 -0.4912282596093098 0
7732 0.001098343320577788 -0.5238310762735774 0
7733 -0.01386007548695792 -0.5369393904589725 0
7734 0.3113275244191249 -0.229231005196646 0
7735 0.3074667308866481 -0.2097256821987562 0
7736 -0.6767573332270951 0.4160993541814665 0
7737 -0.6617961205410965 0.4292104191436717 0
7738 -0.6579176775004918 0.4097034462052535 0
7739 -0.654027687163776 0.3901872626065623 0
7740 -0.3782294666956791 -0.558495864221715 0
7741 -0.7088730869495921 -0.5733666260252082 0
7742 -0.6938684079354311 -0.5602610975732252 0
7743 -0.6899587941358207 -0.5797760666839891 0
7744 0.3874518018115538 0.2723389881968865 0
7745 -0.8122000149027375 -0.2289864991513655 0
7746 -0.4942276281662533 0.02662182333605098 0
7747 -0.4753962400483767 0.02020972454304032 0
7748 0.2673014973690526 0.2586557288971714 0
7749 0.252332362359132 0.2455688830302094 0
7750 0.2484670030509051 0.2650494892634004 0
7751 0.2335077622922486 0.2519754858669467 0
7752 0.2373620074477025 0.2324737084870354 0
7753 0.2146826345347247 0.2583564958154965 0
7754 0.2108050997289092 0.2778499381748076 0
7755 0.1997181754057679 0.2452501486612431 0
7756 0.2634329700614469 0.2781491233275833 0
7757 0.2446110193538007 0.2845367007566413 0
7758 0.2296430652005615 0.2714580750000927 0
7759 0.2561805820815483 0.2260581482189097 0
7760 0.2600526900622457 0.2065415145179326 0
7761 0.1424224102261991 -0.2627033775369633 0
7762 0.2750121104006829 0.219642429037536 0
7763 -0.5068390170941549 0.2673527257860043 0
7764 -0.4880138819823336 0.2609531358588417 0
7765 -0.4841448369624921 0.2414464278330768 0
7766 -0.4691890602809613 0.254549876997021 0
7767 -0.4730563329856741 0.2740535549878099 0
7768 -0.4542138182750008 0.2676484573491743 0
7769 -0.4503483103833601 0.2481432014425985 0
7770 -0.4315323290041966 0.2417373035537877 0
7771 -0.4354021228448962 0.261249520631857 0
7772 -0.4653177860420259 0.2350412888103204 0
7773 -0.4276665300459505 0.2222335139163483 0
7774 0.1400890153815622 -0.5165455880872942 0
7775 0.1550452074509356 -0.5034591577973417 0
7776 0.1511774004636424 -0.4839454002520961 0
7777 0.1700031087109047 -0.4903479278680585 0
7778 0.1738693017918537 -0.5098594169068423 0
7779 -0.02932433507267324 -0.4589183799798802 0
7780 -0.8851346775040282 0.0504768659530225 0
7781 0.7726562085326245 -0.07697209635736718 0
7782 0.2375663962791085 -0.4769621718468315 0
7783 -0.3858320970460112 0.8081547380176711 0
7784 -0.7905189343113844 -0.07266456950954212 0
7785 -0.8054764009917668 -0.08576474699076678 0
7786 -0.8093125629741728 -0.06625498314035308 0
7787 -0.8243002208216246 -0.07936128957449018 0
7788 0.3631242644227022 -0.7561232545422508 0
7789 0.3592579113859073 -0.7366196196351952 0
7790 -0.4594228823121482 -0.1489195318157999 0
7791 0.4193985138299934 -0.06591952500634093 0
7792 0.4232648666858433 -0.08542315991745825 0
7793 0.4271292851207916 -0.1049324812850994 0
7794 0.4083073998149792 -0.09852333716580042 0
7795 0.3933449715496713 -0.1116189576571602 0
7796 0.3745261132139081 -0.1052200567547081 0
7797 0.3894833562926677 -0.09211992387021939 0
7798 0.4382230655918226 -0.07232083076832785 0
7799 -0.6463141457244883 0.351201691969619 0
7800 -0.3903364718769157 -0.4088702425952344 0
7801 -0.6669928454341683 0.01263321720751043 0
7802 0.3938578774771516 -0.2027382313070389 0
7803 -0.6202288360448619 0.396865288689903 0
7804 -0.6053055832695106 0.4099787673633038 0
7805 0.3835793654833378 0.2918374980132693 0
7806 0.3985315046707405 0.3049236591777891 0
7807 0.3647527224947138 0.2982391712255015 0
7808 0.3497949670928988 0.2851415964229995 0
7809 0.5308227949702138 0.1690049300342653 0
7810 0.5158601316769136 0.1559037025364284 0
7811 0.5197264818784502 0.1364000682480753 0
7812 0.5047855261835643 0.1233097650397328 0
7813 0.4859465723025669 0.129708682459799 0
7814 -0.4446998975528078 0.5736372921333606 0
7815 -0.4258871519809109 0.5672121249287113 0
7816 -0.4297338036473604 0.5867133080168835 0
7817 -0.1434824159759943 0.4711367751065576 0
7818 -0.3165739517829995 -0.1611297357694856 0
7819 -0.3016049914558669 -0.1480355591369652 0
7820 -0.2827775286716581 -0.1544396229869478 0
7821 -0.3054634384093844 -0.1285332531773431 0
7822 -0.2905164497343459 -0.1154359325592254 0
7823 -0.3242860990443429 -0.1221235040360031 0
7824 -0.6997532078530191 -0.1762900959850132 0
7825 -0.6848007756275952 -0.1631927609747539 0
7826 -0.669838670614876 -0.1500975319017402 0
7827 0.03081788674080971 0.2117757927189745 0
7828 0.03468146329840449 0.1922716074351309 0
7829 0.01199360057691981 0.2181797823002062 0
7830 -0.00296162129327121 0.2050758900008509 0
7831 -0.006833193637308416 0.224582439731863 0
7832 0.5503465717316193 -0.6379283955395154 0
7833 -0.5782446814038685 0.2734628029840503 0
7834 0.07721050025969173 -0.02226803200239025 0
7835 0.08107728375677734 -0.04176992811334987 0
7836 0.06611944123666877 -0.05487144906108712 0
7837 -0.257740285868389 0.0734889170919252 0
7838 -0.3312117663024196 0.4440592831063402 0
7839 -0.5793041134754094 0.4556780601763524 0
7840 -0.2713874622915693 0.496459706258891 0
7841 -0.5824358074042421 -0.3253379896594645 0
7842 -0.5674835568630021 -0.3122318565026875 0
7843 -0.3417947330362887 0.3203402963374136 0
7844 -0.3229809257429719 0.3139353541950419 0
7845 -0.3379383311234189 0.3008364660986697 0
7846 -0.3191171757618401 0.2944259816428472 0
7847 -0.3002767320651972 0.2880171214968437 0
7848 0.08361836965875682 -0.4973370737764857 0
7849 0.06867506593603601 -0.5104308890089961 0
7850 0.2497711607213517 0.7011236990059794 0
7851 0.253653271047739 0.681622055052306 0
7852 0.2348294512163436 0.6880255123721448 0
7853 0.2159928281179675 0.6944039247053826 0
7854 0.2121001394539237 0.7138894329914556 0
7855 -0.3650181996682653 0.4373912766516271 0
7856 -0.3462044067395229 0.4309726926874126 0
7857 -0.3423028792595288 0.4114554716925769 0
7858 -0.3500552944589773 0.4504756635472473 0
7859 -0.3539172703329315 0.4699716060453936 0
7860 -0.3577777634915876 0.4894698366558611 0
7861 -0.8762287326194493 -0.1707379101108676 0
7862 -0.8726100906104973 -0.1901822236851093 0
7863 -0.8874419784961758 -0.2033537154252677 0
7864 -0.9023210590559919 -0.2164300037298084 0
7865 -0.9211829500040061 -0.2100582823276061 0
7866 -0.9171857395292223 -0.2293033178066325 0
7867 -0.9362109388086794 -0.2231988921632194 0
7868 -0.9319846963873938 -0.2425899516366715 0
7869 -0.9400839168267113 -0.2036964698482037 0
7870 -0.9511692949052132 -0.2394713741467408 0
7871 -0.9270055157968469 -0.2627633006414833 0
7872 -0.9406531507397177 -0.2781390574151238 0
7873 -0.913066094843122 -0.2489795582635755 0
7874 0.376051145818776 -0.3785667254512208 0
7875 -0.4044665590140128 0.1052216454132228 0
7876 -0.4006089063897023 0.08571061159409468 0
7877 -0.3817833832994593 0.07931007275085161 0
7878 -0.3779174413547356 0.05980546768843195 0
7879 -0.3967413862274353 0.0662053332731283 0
7880 -0.4117019545498241 0.05310084460209755 0
7881 -0.3590944517566468 0.05339861579660526 0
7882 -0.4266559567665622 0.0400053456556389 0
7883 -0.5112093117455567 0.3779718711320151 0
7884 -0.4962518450784899 0.3910720486133226 0
7885 -0.4774207984490774 0.3846648446504052 0
7886 -0.4812861843504771 0.404167304149894 0
7887 -0.4624705585835235 0.3977687687258901 0
7888 -0.4663303854316576 0.4172661037399601 0
7889 -0.4738709522984058 -0.2531286651455777 0
7890 -0.4589149366214297 -0.2400342487853755 0
7891 -0.7141904780936208 -0.2804570217439823 0
7892 -0.7291318682914438 -0.2935689377549105 0
7893 0.342779507442967 -0.4763729735572703 0
7894 0.3239664450384616 -0.469969485910296 0
7895 0.3389229757587373 -0.4568658696417826 0
7896 0.3201042691595156 -0.4504570181782852 0
7897 -0.1207871958644215 0.4452160377840437 0
7898 -0.1246558025668411 0.464733414962886 0
7899 -0.1058329316990163 0.4583273701981403 0
7900 -0.1096965515104118 0.4778315301616632 0
7901 -0.0908736298056467 0.4714254458190646 0
7902 -0.07592307637957413 0.4845293113140194 0
7903 -0.113570567359305 0.4973307463455445 0
7904 0.3451100263784799 -0.2225327975112055 0
7905 0.3301549038101698 -0.2356319160110311 0
7906 0.3311775496530233 -0.4178647421412027 0
7907 0.3350467033946005 -0.4373601441225901 0
7908 0.3538723625790924 -0.443752606847638 0
7909 0.1027503065793681 0.1145494887578796 0
7910 0.08392737123850064 0.1209500263536178 0
7911 -0.6337195044261517 0.1104446539641227 0
7912 -0.6525299418402808 0.11684952117481 0
7913 -0.656409677223154 0.1363517463194101 0
7914 -0.6414394475511891 0.1494528701573672 0
7915 0.2336894803529954 -0.4574895878444881 0
7916 0.2148683490873039 -0.4510434316219138 0
7917 0.2298330059533992 -0.4379722516177827 0
7918 0.2447911572224488 -0.4248547254075435 0
7919 -0.4792703105689111 0.03972217102158945 0
7920 -0.7260040319535385 0.4874171736375173 0
7921 -0.7409382859918293 0.474321597874921 0
7922 -0.7448018829414629 0.4938257790961635 0
7923 0.317540193327143 0.005105061481735229 0
7924 0.3213990581142584 -0.01439948204322167 0
7925 0.3064456366303921 -0.02750132475309364 0
7926 0.287627942414863 -0.02109615636969026 0
7927 0.238561026294134 -0.6591752675476149 0
7928 0.2535194144403926 -0.6461509879693701 0
7929 0.2573240878783619 -0.6656667551076073 0
7930 0.2424269051031602 -0.6787742128654577 0
7931 0.2274890520167833 -0.691860333161213 0
7932 0.2086673541400549 -0.6853919606744666 0
7933 0.2125372262743685 -0.7049360974221575 0
7934 0.1975829511878248 -0.7180056163211024 0
7935 0.2014645098776398 -0.7374770770683108 0
7936 -0.3982478301368717 0.3395491928080325 0
7937 0.255860085217389 -0.3922553111047434 0
7938 0.2708273313331727 -0.3791506055406688 0
7939 0.2293456725131834 -0.3468362355372365 0
7940 0.2254621531174267 -0.3273345341110231 0
7941 -0.9028914605550231 -0.1253338417955319 0
7942 -0.9217777303412549 -0.1189550875404443 0
7943 -0.9367351970009092 -0.1320552650812342 0
7944 -0.9406015502162559 -0.1125516302064117 0
7945 -0.9328009646409939 -0.1513593601246105 0
7946 -0.9516941353102778 -0.1455719861383895 0
7947 -0.9555470371436954 -0.126953129984707 0
7948 -0.9603478576605448 -0.1063273384907566 0
7949 -0.9444679034308893 -0.09304799532965925 0
7950 -0.9624835650195013 -0.08328100616144232 0
7951 -0.9475752857402655 -0.07295370179386762 0
7952 -0.9294000259169608 -0.07974323195322547 0
7953 -0.9329979533103485 -0.06030131653682534 0
7954 -0.9514307650521143 -0.05372817050767693 0
7955 -0.9145529701303842 -0.06684764028064565 0
7956 -0.9182794724190112 -0.04728750205385042 0
7957 -0.9368052299425973 -0.04064668257705606 0
7958 -0.9412250166868686 -0.02154910842661412 0
7959 -0.9261520297795262 -0.00833673572082208 0
7960 -0.9450389658552169 -0.001994068972253654 0
7961 -0.9509332616691816 0.01718568455042935 0
7962 -0.9629201432142001 0.0005307665842597953 0
7963 -0.9338847362060629 0.03067053396632477 0
7964 -0.9527270272000761 0.03705643546096395 0
7965 -0.9565559478013425 0.05691201655771648 0
7966 -0.9411379971718653 0.07013384168426151 0
7967 -0.9560500239696532 -0.03445533106041948 0
7968 -0.9699847904386135 -0.04946118316427672 0
7969 -0.9747040119320116 -0.03289216242193412 0
7970 -0.9596418433868824 -0.01685929391298731 0
7971 -0.9590945835660728 0.07821288204512278 0
7972 -0.9769563696347946 0.08802690552793041 0
7973 -0.9741100602059722 0.0450415826538877 0
7974 -0.9683656577496899 0.02778066172392475 0
7975 0.1032599109440737 0.02343559222529085 0
7976 -0.40111685172099 0.1768253281581279 0
7977 -0.02443853170848892 -0.6606440691335222 0
7978 -0.2412607398981478 -0.1867512311164528 0
7979 -0.2451414239570602 -0.1672657559027047 0
7980 -0.2301878734689903 -0.1541598504240285 0
7981 -0.2152211705641852 -0.14104976248533 0
7982 -0.2340487820787433 -0.1346502712453982 0
7983 -0.2263032090665156 -0.1736658126518021 0
7984 -0.2379058959891639 -0.1151468458525905 0
7985 0.1571874114322888 0.4597863445759908 0
7986 0.1721528822631506 0.4729083142401098 0
7987 0.3108298928717611 -0.1381171308339293 0
7988 -0.2110523057260709 0.4577553702828376 0
7989 -0.1927282132656012 0.5424572459013653 0
7990 -0.1888618600656235 0.5229536110464431 0
7991 -0.1777756117557379 0.5555362282735234 0
7992 -0.1589635729142791 0.5491521132393903 0
7993 -0.1440047203238305 0.5622439335907443 0
7994 -0.1739043934151898 0.536053788565091 0
7995 -0.1700535197764577 0.516561202135187 0
7996 -0.1849696375547579 0.5034475389578068 0
7997 -0.5958355727123843 -0.6117632824913759 0
7998 -0.599765700321948 -0.5923474653634694 0
7999 -0.5847931146617206 -0.5791936004381819 0
8000 -0.580872463714349 -0.5987532396604172 0
8001 0.2143695974313506 -0.3599316812457944 0
8002 -0.1239513370308895 -0.3357849030169351 0
8003 -0.138908022089198 -0.3488874197957851 0
8004 -0.1538640327156748 -0.3619831073584429 0
8005 -0.1726881563733172 -0.3555933124758187 0
8006 -0.1765576400887749 -0.3360861112816441 0
8007 -0.1200861807144803 -0.355296483723604 0
8008 0.3523205305060844 -0.1704193314839461 0
8009 -0.5878194786844189 -0.03248365034373227 0
8010 -0.5115200429883975 -0.2403275114576892 0
8011 -0.4965625762571717 -0.227227333962367 0
8012 -0.2038193267172147 0.5098534335270614 0
8013 -0.5053111735139165 -0.00599063027841007 0
8014 -0.509169562417492 0.01351388706275125 0
8015 -0.5241349933107594 0.0004128271830169949 0
8016 -0.5391042771054341 -0.01269092940235195 0
8017 -0.5202686402459763 -0.01909080768803006 0
8018 -0.5280013463757578 0.01991646205373157 0
8019 0.06144570218644535 -0.5625652068741173 0
8020 0.05757577634697605 -0.5430457793029367 0
8021 0.0426241413006524 -0.5561592937569316 0
8022 0.07252220870238091 -0.5299293801144417 0
8023 -0.1587497111866965 -0.1602601349308015 0
8024 0.8994655547942635 0.079837209838361 0
8025 0.9183510696852879 0.07353215535593748 0
8026 0.922174754432881 0.05403857921191242 0
8027 0.9371839805018882 0.06716129053924377 0
8028 0.9410778453504069 0.04766360416875791 0
8029 0.9551694058406157 0.06184177558430391 0
8030 0.9512044330095085 0.0810860986684967 0
8031 0.9613544278923324 0.04245269337938952 0
8032 0.9449715405772159 0.02816541685371954 0
8033 0.9636369487719012 0.02155079299142272 0
8034 0.9488652579767014 0.008667227019920121 0
8035 0.9300863025277826 0.01492125289282681 0
8036 0.9150266985930802 0.001927452507448663 0
8037 0.9337724025091929 -0.004467437662744184 0
8038 0.9374801586718915 -0.02258829248527489 0
8039 0.9518300543235103 -0.009413336291073993 0
8040 0.926089675260343 0.03461999984290111 0
8041 0.9671524057628568 0.001116752071152111 0
8042 0.9709561016947812 -0.01782158613432615 0
8043 0.985619065547539 -0.0141024677192864 0
8044 0.9330243558936695 0.08664598482638751 0
8045 0.9142980962246969 0.09298145372768983 0
8046 0.9072613116775539 0.04089269230636541 0
8047 -0.6169274703469212 0.4685000624802123 0
8048 -0.3802612499419197 -0.1940369963863988 0
8049 0.2203385480414957 0.5838024143943122 0
8050 0.2391759166991497 0.57743888973805 0
8051 0.2430595190589474 0.5579450288747019 0
8052 0.258005116949992 0.5710209423500453 0
8053 0.2768395237429278 0.5646415038018159 0
8054 0.2807116101177922 0.5451010556292979 0
8055 0.2995415462972157 0.5386931038625727 0
8056 0.2956794428074685 0.5581902403102083 0
8057 0.272982482432341 0.5841335887453194 0
8058 0.2353510032589474 0.5969507137395246 0
8059 0.1120046458509273 -0.1977960759112445 0
8060 0.09705105979594519 -0.2109012699107975 0
8061 -0.150819791250124 -0.9086815033046058 0
8062 -0.1319959714480304 -0.9150849606920297 0
8063 -0.1468873165292958 -0.9278191857869059 0
8064 -0.06432132692231016 0.4260177131372943 0
8065 -0.04549716242936327 0.4196182872618938 0
8066 -0.04936484942926272 0.4391126635358912 0
8067 -0.03054198305762185 0.4327209837185323 0
8068 -0.02667628556274568 0.413199221512656 0
8069 -0.01171706089945096 0.4263207794871656 0
8070 -0.007863383618077924 0.4068259162977836 0
8071 0.007101054135928792 0.4199191981787108 0
8072 0.003237603520623633 0.43942187794467 0
8073 -0.02280588851862522 0.3937114129182822 0
8074 -0.03441185077994779 0.4522239060506473 0
8075 -0.04162975033541916 0.4001029410325582 0
8076 0.02206048050509427 0.43300936359088 0
8077 0.02592217702208557 0.4135051539246156 0
8078 0.01095441303469685 0.4004044269494624 0
8079 0.02978343296751074 0.3939885992688076 0
8080 0.04474219855920747 0.4070911754021076 0
8081 0.04089129393767743 0.4265916217639698 0
8082 0.05971067037841576 0.4201716704229324 0
8083 0.06356016885402799 0.400670511862608 0
8084 0.05585394126683879 0.4396743466050129 0
8085 0.07852962853254247 0.413756987819886 0
8086 0.08237811764465272 0.394249819393203 0
8087 0.09734757587806681 0.4073362928207259 0
8088 0.101200409589476 0.387829488027563 0
8089 0.1161655232333232 0.4009155983848696 0
8090 0.1200140124521074 0.3814084307257799 0
8091 0.1349834705885973 0.3944949039844355 0
8092 0.1388299020897606 0.3749889208179413 0
8093 0.1238951862680943 0.3619338831913518 0
8094 0.1538014179433192 0.3880742095863953 0
8095 0.1576667691328738 0.3686074357259276 0
8096 0.1726242703382683 0.3816792804296658 0
8097 0.1875893133475129 0.3947989218887736 0
8098 0.1914573025036256 0.3753116365061583 0
8099 0.01483610978004626 0.3808940502386408 0
8100 0.07467306213416375 0.4332579580691353 0
8101 0.01819596088522454 0.4525124409044774 0
8102 0.03365100621643427 0.3744999186872784 0
8103 0.04859854578000727 0.3875813261520545 0
8104 0.06742388972393221 0.381164468516631 0
8105 0.1499532904021362 0.4076042849272866 0
8106 -0.05323683642194726 0.4586239235560353 0
8107 -0.03828176479847303 0.4717268337076097 0
8108 -0.06816868813019356 0.4455197512913606 0
8109 -0.08699845339919907 0.4519146438031701 0
8110 -0.1019597543799695 0.4388131827275036 0
8111 -0.01558884212491984 0.4458176845136819 0
8112 -0.0006269710868120337 0.4589258413832268 0
8113 0.1123137464902843 0.4204448444982585 0
8114 -0.2873675470922566 0.6655754605512383 0
8115 -0.2834889054623431 0.6460856146668976 0
8116 -0.3023132069096697 0.6524737669810532 0
8117 -0.5705086631110453 0.234453248975154 0
8118 -0.1268222390175314 -0.4985113157290256 0
8119 0.3257766324921501 -0.1250171378135646 0
8120 0.1328332093039496 -0.5686592765266186 0
8121 0.1516888400995519 -0.5750476743045807 0
8122 0.136754478316948 -0.5881504814629309 0
8123 0.1217898385836666 -0.6012456478888673 0
8124 0.1029509355178386 -0.594847659669598 0
8125 0.140599517109552 -0.6076627505665384 0
8126 0.1256424101495545 -0.6207511250736051 0
8127 -0.5811072923825675 0.1107293414154711 0
8128 -0.3301994160248355 0.261818298428414 0
8129 0.2427593738076216 -0.06039585746633602 0
8130 0.1195440177251809 0.4726057408534046 0
8131 -0.4271612838248431 0.1311150871214975 0
8132 0.4117991172284954 -0.7363182993840768 0
8133 0.029489523847059 -0.224294504141404 0
8134 0.01066404165363891 -0.21789309035861 0
8135 0.02562062914450819 -0.2047815096570471 0
8136 0.006798966949489837 -0.1983934547599228 0
8137 0.0362034426655049 -0.0810708360251402 0
8138 -0.2641560064790347 0.5485558118885269 0
8139 -0.2453317778085932 0.5421540481468856 0
8140 -0.2789112582694252 -0.1739430743539447 0
8141 0.212844440520797 -0.08659621249121829 0
8142 0.2213826875827397 0.4015562422672863 0
8143 -0.3784266788882911 0.1509182358016271 0
8144 -0.1453155235464233 0.1261858382217734 0
8145 -0.1602734159556713 0.1130855762752916 0
8146 -0.1564033336292832 0.09358276655856951 0
8147 -0.1713626283498601 0.08048373326178826 0
8148 -0.7693525958130673 0.1747724912106504 0
8149 0.197886973878189 -0.09969639000319483 0
8150 -0.1680055985685951 0.1520932184523527 0
8151 -0.1641360505150223 0.1325954308221722 0
8152 -0.1829617480059412 0.1389951010025032 0
8153 -0.4602415602278863 -0.6761041987517291 0
8154 0.3469542630730886 0.1224193553761046 0
8155 0.004971522467952572 -0.543341659146921 0
8156 -0.1091964833964976 0.3867217165971069 0
8157 -0.1053259281492993 0.367217795064062 0
8158 -0.09037621751797376 0.3803144600513471 0
8159 -0.480794129790031 0.3130662978569304 0
8160 -0.4619740744380121 0.3066517823026936 0
8161 -0.4769152423736957 0.2935641897152609 0
8162 -0.4918802770651342 0.28045681875992 0
8163 -0.5414385290632814 -0.2665259253930411 0
8164 0.2229187144581862 0.1282348925011013 0
8165 0.2190491077945759 0.1477389362297416 0
8166 0.887907437700748 0.1384405298839154 0
8167 0.04393831004360949 -0.1200772378716769 0
8168 0.06306600488101627 0.4917739126373663 0
8169 0.05920733198180789 0.5112955156278335 0
8170 0.08188151683342609 0.4853710602686658 0
8171 0.05299733714317484 0.2769828669681788 0
8172 0.08881040758182523 -0.08077928051764732 0
8173 -0.07337854137799349 0.02895771123607693 0
8174 -0.05842096312403491 0.04205874726265366 0
8175 -0.07724499163259277 0.04846118096649757 0
8176 0.1158690277061162 -0.2172992201234881 0
8177 -0.1231291641479764 0.1913884692279966 0
8178 -0.1043117745953466 0.1849903438729818 0
8179 -0.1192675025288475 0.1718881843238227 0
8180 -0.1004420506590583 0.1654839445640464 0
8181 -0.09657732953449275 0.1459810921030535 0
8182 -0.08548992905623704 0.1785856831651081 0
8183 -0.08161986286724046 0.1590812695907227 0
8184 -0.07053074045385693 0.1916864431695759 0
8185 -0.05170954287489535 0.1852830782163921 0
8186 -0.0555739641712541 0.2047864556876041 0
8187 -0.520776585767329 0.07202390920684676 0
8188 0.08932029593130142 -0.1718943997886949 0
8189 0.3577340756443314 -0.4632754693063272 0
8190 0.02542189164676056 0.5046141296678707 0
8191 0.04038684758809999 0.5177081314804383 0
8192 0.02156251174077967 0.5241235248198262 0
8193 -0.337412585435188 0.2097324570488162 0
8194 -0.3523712379443599 0.196618907615877 0
8195 -0.3562317986703287 0.2161246216543055 0
8196 -0.3485144591478995 0.1771227569838945 0
8197 -0.3296873287713714 0.1707099979574668 0
8198 0.1772285842064739 -0.4382481655267441 0
8199 0.1960483313787419 -0.4446382768499547 0
8200 0.2110098707159068 -0.431551445468028 0
8201 0.1999160414073823 -0.4641478131289429 0
8202 0.2071435175878621 -0.4120478106073156 0
8203 -0.08751800056624803 0.5430437715779717 0
8204 -0.07877340942287192 0.3218062735903221 0
8205 -0.05994988907304763 0.3153986842353911 0
8206 0.04210355113985992 -0.4650276685549222 0
8207 -0.01019086477662648 0.1529692143495397 0
8208 -0.3157463531200572 0.3660447446202947 0
8209 -0.3196156039148114 0.3855398614846914 0
8210 -0.4532120694340075 0.08541371962071773 0
8211 -0.4382565459836758 0.09851752651518289 0
8212 -0.4570846276128558 0.1049257512295121 0
8213 -0.4759104816269545 0.1113231759342067 0
8214 -0.423293879661454 0.1116184633973289 0
8215 -0.4908665121002675 0.09822727424396638 0
8216 -0.5096914631372391 0.1046261067815082 0
8217 -0.5246481761455548 0.0915294469628567 0
8218 -0.08630489417735893 -0.3485997638087635 0
8219 -0.1012610835624524 -0.3616950857795884 0
8220 -0.08243854113306043 -0.3681033986837847 0
8221 -0.07857105819642579 -0.3876014647845893 0
8222 -0.06748336171400382 -0.3550064582025655 0
8223 -0.4872780674436572 0.7880784140562155 0
8224 -0.4833261656369899 0.768631094872969 0
8225 0.1096655547376738 -0.4516348664237729 0
8226 0.00812565421010486 0.237674272113517 0
8227 -0.01222542046036779 0.5174220073195065 0
8228 0.002739950525013496 0.5305313807733733 0
8229 0.3206564531088097 0.7860668416469855 0
8230 0.3245470872150328 0.7666455356869324 0
8231 0.1509769089853273 0.2254545212192411 0
8232 -0.2533780362761688 -0.03713189540007736 0
8233 -0.2345539111154049 -0.04353178114344361 0
8234 -0.2384177891576009 -0.02403001785288919 0
8235 -0.2306884922108959 -0.06303552109295169 0
8236 -0.2157315683241906 -0.04993957946719482 0
8237 -0.2118688943353554 -0.06943910786344271 0
8238 -0.2195936946378967 -0.03043584947133268 0
8239 -0.2007712872394569 -0.03684289247454062 0
8240 -0.2046300440498702 -0.01733544063131615 0
8241 -0.1858118069244379 -0.02374580722745059 0
8242 -0.1819488406397657 -0.04324998009540912 0
8243 -0.1669967863884795 -0.03015396638191392 0
8244 -0.1481627208466753 -0.03654290287913375 0
8245 -0.1708613755372377 -0.01064150682581341 0
8246 -0.1969077915485611 -0.05634617506110021 0
8247 -0.06025703595902407 -0.3028941167651444 0
8248 -0.04529884700367653 -0.2897955967139503 0
8249 -0.04143249395887966 -0.3092992315893413 0
8250 -0.0226086741683422 -0.3157026890702252 0
8251 -0.03756855765063483 -0.3287991525018405 0
8252 -0.01874437942479959 -0.3352001085684144 0
8253 0.01534969748205833 0.289789781703384 0
8254 0.01148183269079617 0.3092889729234616 0
8255 0.03030549046367176 0.3028850391658567 0
8256 0.04912914911200897 0.2964811079804215 0
8257 0.06795280627140271 0.2900771724215042 0
8258 0.08677646133178016 0.2836732306930626 0
8259 0.08291179345832819 0.3031776521916413 0
8260 0.04526423114216532 0.3159854698479674 0
8261 -0.8929291041699172 -0.3467670269705669 0
8262 -0.3557365060547883 0.1250111434446814 0
8263 0.09084454916049237 -0.4452283655298556 0
8264 -0.1278256554943875 -0.3162837115277088 0
8265 -0.1128625565437131 -0.3031906015699803 0
8266 -0.04885638622306299 0.3480070429083123 0
8267 -0.01120958808981048 0.3351972730167102 0
8268 0.2205757817363851 -0.1256074910725683 0
8269 0.2167116821515551 -0.1061086288111898 0
8270 0.2316688453035537 -0.0930047705260918 0
8271 0.2466260898576612 -0.07990239772354271 0
8272 0.2615834102714246 -0.06680094505953663 0
8273 0.2765371360826903 -0.05369932865045374 0
8274 0.2654473160012805 -0.08630320007122322 0
8275 0.2842691214925636 -0.09270484546994862 0
8276 0.2693117300898626 -0.1058065519819955 0
8277 -0.424314972962605 0.2938471370992625 0
8278 -0.6019802632929567 0.4816119535038036 0
8279 -0.5831515463177599 0.4751990587169107 0
8280 -0.5681690810656793 0.4882826775974162 0
8281 -0.09505349115428283 -0.1273630602265189 0
8282 -0.09891697952718045 -0.1078570296767008 0
8283 -0.1027841417631506 -0.08835437680035296 0
8284 -0.08396237745208587 -0.09475924795393573 0
8285 -0.1177409688859252 -0.1014590450737883 0
8286 -0.1365656952656576 -0.09505436686979549 0
8287 -0.1404290548167902 -0.0755461602452491 0
8288 -0.1592586824271507 -0.06914557265750446 0
8289 0.5718136277102859 0.2277786148720334 0
8290 0.2713476828039698 -0.4702654518562115 0
8291 0.2525158102187368 -0.4638635700705571 0
8292 -0.3212364481733021 -0.6688181446075868 0
8293 -0.3251164143206979 -0.6493173183713634 0
8294 -0.3400698083096174 -0.662405523786558 0
8295 -0.3062925944968876 -0.6557207757195611 0
8296 -0.3588868208241748 -0.6560264467952046 0
8297 -0.3627640539741828 -0.6365104036756903 0
8298 -0.090462019401192 -0.9473368370353543 0
8299 -0.09000752301654563 -0.9668815486313391 0
8300 -0.05221103253815639 -0.9638674540565869 0
8301 -0.04845090613761203 -0.9848247915948636 0
8302 -0.03387874505788129 -0.9711133025329473 0
8303 -0.01889233978097681 -0.9562794916842579 0
8304 -0.087848881595985 -0.9849882600813616 0
8305 -0.02897532462028596 -0.9858965031833701 0
8306 -0.1070212172884361 -0.9588373698837608 0
8307 -0.2742438712928969 0.333746192929855 0
8308 -0.2554182757499053 0.3273367742188812 0
8309 -0.2515344732015629 0.3078267988141422 0
8310 -0.2404578689816968 0.3404377433748456 0
8311 -0.2216413267325497 0.3340270204800443 0
8312 -0.2254982795373568 0.3535305191458131 0
8313 -0.2105301415554685 0.3666249609917005 0
8314 -0.1917126838524601 0.3602248923079518 0
8315 -0.2293648775265833 0.3730368375396684 0
8316 -0.01975688679420015 -0.152976261859345 0
8317 -0.03858015969883691 -0.1465730616242035 0
8318 -0.0424475530634443 -0.127068811143431 0
8319 -0.02749002159245886 -0.1139672225937717 0
8320 -0.06127122687456499 -0.1206634661146488 0
8321 -0.02362267405140855 -0.1334731394342012 0
8322 -0.07622943803869459 -0.1337637912568012 0
8323 -0.08009588567084183 -0.1142618557635115 0
8324 -0.01253282713831189 -0.1008686388029407 0
8325 -0.2100368653308854 0.2755266818207741 0
8326 -0.1912101046173923 0.2691188757558086 0
8327 -0.1873335190549468 0.2496094890005809 0
8328 -0.1685211978807366 0.2432045349551147 0
8329 -0.1497024763874831 0.2367982984934129 0
8330 -0.1762469080088781 0.2822132733301979 0
8331 -0.1646478485155565 0.2237023687659568 0
8332 -0.1458269648089188 0.217299513009747 0
8333 -0.141957675522535 0.1977952765448075 0
8334 -0.1950648608356587 0.2886150330861497 0
8335 0.4410727934008878 0.09040281537201839 0
8336 -0.007655625634128832 -0.3025952551992049 0
8337 0.007302389009847893 -0.2895044721091036 0
8338 0.02225945483071373 -0.2764186136502961 0
8339 0.01840222801350341 -0.2569184493733861 0
8340 0.03335394515868018 -0.2438077216886658 0
8341 0.02612573573382437 -0.2959066386862025 0
8342 -0.4096617494574859 -0.3113490197843768 0
8343 0.3482775614536356 0.5584652553863567 0
8344 -0.279933281459944 0.008282596618574251 0
8345 -0.1038019705896416 0.09387406653422639 0
8346 -0.0999357367123373 0.07437001005594798 0
8347 -0.08111191688100675 0.06796655268751681 0
8348 0.2414327493715517 -0.4964658067148256 0
8349 -0.07256620921493037 0.5560751894807719 0
8350 -0.2350511725592461 0.04758332487753275 0
8351 -0.2538889384868259 0.05399202789145721 0
8352 -0.2500148134624154 0.03448699616546708 0
8353 -0.2688407111438281 0.04088849748398629 0
8354 -0.2838005462983805 0.02778605447746235 0
8355 -0.3026242148211333 0.03418933366064794 0
8356 -0.3064897109793983 0.0536929840505381 0
8357 -0.06951161511071666 0.00945532740048638 0
8358 0.1506750391925869 -0.3928365820643673 0
8359 -0.09322595156352306 0.2175907807003662 0
8360 -0.1313745082519592 0.3215138051944481 0
8361 -0.1056366594010934 -0.2510815894299805 0
8362 -0.04987274596106889 0.5302139526509971 0
8363 -0.342105664524269 -0.297958628078799 0
8364 0.3146914354578457 -0.1576188703532745 0
8365 -0.2525580798621938 0.490056535829284 0
8366 -0.09709255664823921 0.237094365614017 0
8367 0.6385260367035734 -0.2859709910840696 0
8368 -0.09556018793787363 -0.03624786387615159 0
8369 -0.08060280734069644 -0.02314782412035601 0
8370 -0.0844703104664222 -0.003644494244573804 0
8371 -0.1920198557059851 -0.2580621750444496 0
8372 -0.2108434806907448 -0.2516581448967782 0
8373 -0.1478578415683081 0.581745962059 0
8374 -0.4735616720926368 0.3651649563942193 0
8375 -0.04010649645626405 0.1267697602139176 0
8376 -0.02128417006832961 0.1203668424881238 0
8377 -0.006325279637990955 0.1334653941903232 0
8378 -0.002461046330524436 0.1139613392189788 0
8379 -0.0174190304004595 0.1008608363059968 0
8380 0.001403186982037952 0.09445728425030075 0
8381 0.01249784409609572 0.1270598909147421 0
8382 -0.1543725782532279 -0.2708701545437507 0
8383 0.08006129463347408 0.1404580106132679 0
8384 0.07670340211065207 0.06884634094846431 0
8385 0.08056700818911131 0.04934076757438607 0
8386 0.06174500619765469 0.05574458679299724 0
8387 0.06561102267053387 0.03624174068844027 0
8388 -0.3866669131179327 0.2810424477738421 0
8389 -0.3827905693064185 0.2615280482631977 0
8390 -0.1327011307376921 -0.1145561452633958 0
8391 -0.147148038632976 -0.2187688366322455 0
8392 0.378699772373662 0.4935795986863284 0
8393 -0.2484907352057007 -0.2388500979569055 0
8394 -0.2634396720876366 -0.2519565067735088 0
8395 -0.2446252577927381 -0.2583638604948298 0
8396 0.1582075497972177 0.2775693924629699 0
8397 0.1731622020034146 0.2906620815979157 0
8398 0.188119035811223 0.3037596135818595 0
8399 0.1543401333487145 0.2970624304338638 0
8400 0.1393813927627587 0.283965212388385 0
8401 0.1205573102528528 0.2903662859786943 0
8402 -0.2794221206357447 -0.08282266820561157 0
8403 -0.2943820348467128 -0.09592333269599224 0
8404 -0.04194043939244824 -0.2181845146926604 0
8405 -0.04580580763790287 -0.1986783686737274 0
8406 -0.03420566279350798 -0.2571825046789314 0
8407 -0.3286650290551794 -0.01150619173966119 0
8408 -0.3248028008680476 -0.0310127603437878 0
8409 -0.3056594485009763 0.5808931799307375 0
8410 -0.3018047791632692 0.5613743550559673 0
8411 -0.286875371619166 0.5744690719429737 0
8412 -0.268049188277539 0.5680912592764676 0
8413 -0.2719040921120049 0.5875543144063189 0
8414 -0.2569323792244467 0.600674887621473 0
8415 -0.2757536331081427 0.6070831955891284 0
8416 -0.2608033713613537 0.6201752201061845 0
8417 0.1089546997708659 0.3488637553036958 0
8418 0.1656373686438354 -0.3797293971664868 0
8419 0.1617616346999003 -0.3602277261806789 0
8420 -0.04834901662889024 0.2568922121534216 0
8421 -0.03338905568491946 0.269992884098933 0
8422 -0.05221287551624249 0.2763963414662723 0
8423 -0.0560792286795469 0.2958999763204896 0
8424 -0.07490047777511347 0.3022923713057225 0
8425 0.1924939772661059 0.1931431499797784 0
8426 0.2620880604081742 -0.1579118552733143 0
8427 0.2659561929706202 -0.1774083408871392 0
8428 -0.5184298751257442 0.3258767614977239 0
8429 -0.514559550130624 0.3063751426733567 0
8430 -0.5333808323228169 0.3127626792786743 0
8431 -0.548343153238292 0.2996519300666824 0
8432 -0.5671716719231022 0.3060646190070641 0
8433 -0.1236418016788995 0.282506536082349 0
8434 0.2113176925967035 0.1867488811145097 0
8435 0.2340086973735674 0.1608459336933641 0
8436 0.2528302556757017 0.1544384480262576 0
8437 0.2489637267575681 0.1739419784068907 0
8438 0.2639176785332406 0.1870417766829185 0
8439 -0.3426000021057183 -0.2068329187562458 0
8440 -0.1863221279306656 0.06738002611162222 0
8441 -0.1752308236649502 0.09998571214677643 0
8442 -0.1940569117060441 0.1063854105239075 0
8443 -0.1790962180754053 0.1194932388907969 0
8444 -0.2017876639596082 0.1453955897927809 0
8445 -0.1868283155236946 0.1584980949208526 0
8446 -0.1906993365304044 0.1779989694435554 0
8447 -0.2095232403584704 0.1844007830013187 0
8448 -0.2809491746854407 0.190512030937441 0
8449 -0.5491676829047069 -0.2275205969249442 0
8450 -0.5303438628974407 -0.2339240544429584 0
8451 -0.2861379573090779 -0.2260419557306968 0
8452 -0.259281297945147 0.3468416847938267 0
8453 0.0367126053440093 -0.1721842626231133 0
8454 0.04057819193259987 -0.1916846025618377 0
8455 -0.1162198266460161 -0.3748001168641695 0
8456 0.2162037517844957 -0.01498495119199678 0
8457 -0.0550633367109418 0.1136705425192935 0
8458 -0.2002611858041129 -0.1279421830589954 0
8459 -0.2085015007535643 0.002170456075665211 0
8460 -0.2995757801040474 -0.5124986116829013 0
8461 -0.3145266796904078 -0.5256063523276143 0
8462 -0.295710737642828 -0.5319939189070023 0
8463 -0.2886780646076924 0.2295164653487466 0
8464 -0.2155319028404356 -0.7593491446389474 0
8465 0.3330059164526665 -0.0729115816379711 0
8466 0.02714597146846409 -0.4781352232141375 0
8467 -0.3528854353797953 0.2877300731295577 0
8468 -0.3340638626333375 0.2813150179499517 0
8469 -0.7861798258438335 0.525987114685639 0
8470 0.1560622477781525 -0.6856852232566178 0
8471 -0.3768878858194585 -0.122415549958613 0
8472 -0.3730294729485918 -0.1419181419367458 0
8473 -0.3879976206276639 -0.1550302136274211 0
8474 -0.06075660974804459 -0.2117764402321685 0
8475 0.1321605104047004 0.2318769017087931 0
8476 0.1172004238260655 0.2187763097223569 0
8477 0.1133275768182223 0.2382690889591899 0
8478 0.109456493535614 0.2577777037972613 0
8479 0.1055915635810445 0.2772775700157719 0
8480 0.05421355927906124 -0.6146515075687069 0
8481 0.02745684135102708 0.1401627243875646 0
8482 0.08209124444960464 -0.2239938893166663 0
8483 0.06713612630556137 -0.2371016246996344 0
8484 -0.1609174612162772 0.9135116296758811 0
8485 -0.3567523999694324 0.3072405773205082 0
8486 0.01992213405479715 -0.530233440629776 0
8487 0.09267828811514509 -0.1002852975128959 0
8488 0.07385272310938437 -0.09388066668583336 0
8489 0.06998658775363772 -0.07437582315061289 0
8490 0.05502804522385421 -0.08747621621741661 0
8491 -0.02616429534362472 0.3221003312928079 0
8492 -0.04498811517501475 0.3285037886606494 0
8493 -0.3044898255241107 -0.310771846960552 0
8494 -0.2895118676734283 -0.2976662442651694 0
8495 -0.2706884034638283 -0.3040521818553714 0
8496 -0.3083279422166187 -0.2912756189816139 0
8497 -0.4359140324388288 0.3523580416543668 0
8498 -0.420949941060734 0.3654539013009794 0
8499 -0.4397803855981379 0.3718616765062168 0
8500 -0.424816074780507 0.3849570369514018 0
8501 -0.4059990991022346 0.378558396618 0
8502 -0.3871704345383301 0.3721558921642183 0
8503 -0.4021184113191628 0.3590619556540982 0
8504 -0.4098576152472538 0.3980564950402863 0
8505 -0.4286892720892627 0.4044654888402575 0
8506 -0.4137191037007602 0.4175720190181338 0
8507 -0.3910389404625561 0.3916570141298341 0
8508 -0.4436267622408916 0.3913692714542429 0
8509 -0.458588799185415 0.3782707594932002 0
8510 -0.009682884784608187 0.06185442052383047 0
8511 0.2461193448434434 0.01121343885984111 0
8512 0.6749854092898585 0.5928424607200021 0
8513 0.3997197455617418 -0.5866964001707899 0
8514 -0.3750682712733322 0.2225293178187418 0
8515 -0.03237310376409885 0.08775969091932728 0
8516 0.02042148393598323 -0.6213813313385539 0
8517 0.01656280370893043 -0.6018537524423245 0
8518 0.001635171156886772 -0.6149376356394014 0
8519 -0.1400948241347096 0.5427460769185186 0
8520 -0.3823059933651738 0.1704136883146021 0
8521 -0.3634654514164695 0.1640098551199906 0
8522 -0.6445770967731583 -0.6315901350818449 0
8523 0.3920233078207873 -0.5476934661993843 0
8524 -0.2103364975057682 -0.342785602372783 0
8525 -0.2142052796742039 -0.3232791963210601 0
8526 0.1530127173045465 -0.1389952533082394 0
8527 -0.1693217311566212 -0.2839913929663308 0
8528 0.9086598789907582 -0.2325220271124668 0
8529 0.3822499001549249 -0.14423276111024 0
8530 -0.1147302246297549 -0.6481259157601648 0
8531 -0.09586837016479011 -0.6544817126451422 0
8532 0.3106252229777891 0.5713054767945458 0
8533 0.3145030447699327 0.5518031801657544 0
8534 0.2540495651272215 -0.7372006575999887 0
8535 0.09134992139161427 -0.53634257866504 0
8536 0.2785807886220375 -0.4181580937067569 0
8537 0.2597588175225297 -0.4117392414330945 0
8538 -0.2479848767715163 -0.3299778430930922 0
8539 0.5800433260815403 0.09766679183678342 0
8540 0.5761822855849755 0.117185301420321 0
8541 -0.6153907357303138 0.195155356496596 0
8542 -0.6342274498210523 0.2015593707771166 0
8543 -0.6004461632860911 0.2082560907167225 0
8544 -0.2587671102830771 0.255720768468133 0
8545 -0.2549005936300091 0.236216022503841 0
8546 -0.2415003318546542 -0.8955311459387656 0
8547 0.3066023743787188 -0.7368955924091228 0
8548 0.2923454048849051 0.4865874774465535 0
8549 0.3842682855371858 -0.508663746935451 0
8550 0.3992317337455865 -0.4955992006270281 0
8551 0.4030993467974548 -0.5150925697689335 0
8552 0.4180591735511117 -0.502003761235826 0
8553 -0.1253113045487563 -0.7718285731278205 0
8554 -0.1824557748867472 0.04787639123510717 0
8555 0.1361965978304672 -0.4970488016338895 0
8556 0.68679834432386 -0.175071566919351 0
8557 -0.0992453956247854 -0.7261617445493112 0
8558 -0.1031180733844572 -0.7067301350509815 0
8559 -0.08815067835682625 -0.6935987455949905 0
8560 -0.08426366211697667 -0.7131273075541588 0
8561 -0.7278386032537669 0.1424619413713619 0
8562 0.3438870446536129 0.6690986166762014 0
8563 -0.2036188557190275 -0.1995616618958246 0
8564 -0.2074850441370909 -0.1800551027347792 0
8565 -0.8266113207738969 -0.3331896380506477 0
8566 0.4420891208452052 -0.09182653147962166 0
8567 0.08615715981911969 -0.9529191801520006 0
8568 0.1049809796440918 -0.9593226376293511 0
8569 0.08914725026300158 -0.9722082328061418 0
8570 0.3972162857837346 -0.1311271493419335 0
8571 0.2827372861061823 0.1806345431996288 0
8572 0.6179048387831649 -0.624532730034683 0
8573 0.6328192230236322 -0.611419394839857 0
8574 0.08596138706874312 -0.2435045308522231 0
8575 -0.1893698062163623 0.6140683279932848 0
8576 -0.2081953184533619 0.6204593133027073 0
8577 -0.1932595303192247 0.6335493265455204 0
8578 -0.1744132586330447 0.627155613961427 0
8579 -0.1555795797755315 0.6207505569209006 0
8580 -0.1594606766558406 0.6402539051292746 0
8581 0.3479646849007264 -0.05980850161163118 0
8582 -0.72061823791442 0.1945685171433024 0
8583 -0.705612353737425 0.2076788400181201 0
8584 -0.6868325560462847 0.2012661083740667 0
8585 -0.7018075819787458 0.1882016227330444 0
8586 0.02815229211765968 -0.6603234114360599 0
8587 -0.5405251918732447 0.7861464819498144 0
8588 -0.3652877999536436 -0.1809273143666437 0
8589 -0.3614291731195199 -0.2004358506199193 0
8590 0.05604564144915444 -0.2696981137248892 0
8591 0.271149467256421 0.9280485641686688 0
8592 -0.4819158414134926 -0.8324265413606974 0
8593 -0.22478383290777 -0.4470029922720193 0
8594 0.9382566917809734 -0.1151307454245301 0
8595 0.7625883539433871 -0.2918115766325017 0
8596 0.7775603064524832 -0.2786996931651526 0
8597 0.7963837085625177 -0.2851043715196636 0
8598 0.792468748636334 -0.2656291338258236 0
8599 0.7239380388392209 -0.09676376499464329 0
8600 0.3583338516555148 0.7733480561500434 0
8601 -0.546307552425527 -0.06479281646844104 0
8602 -0.3111712931618212 -0.4539917563056187 0
8603 0.4720000976336416 -0.06563042672297692 0
8604 -0.906610862763915 -0.1058406124762985 0
8605 -0.7379124639711226 -0.07237009284710544 0
8606 0.4335372999790097 -0.5800040156227833 0
8607 0.4147051528513348 -0.5735863932475741 0
8608 -0.8928112275510658 0.0894961819663917 0
8609 -0.4534161467767969 0.7948070657234418 0
8610 -0.5940203405852835 -0.2668199415218953 0
8611 -0.5266747243890917 0.4559864105124149 0
8612 -0.5078450337842172 0.4495596746556894 0
8613 -0.5039738285319049 0.4300709134872645 0
8614 -0.3836151573660544 -0.2656443885529594 0
8615 -0.5300331315720627 0.3843753284984024 0
8616 -0.5150666005824659 0.3974711497624486 0
8617 0.944433689753883 0.1192425235916379 0
8618 0.947841136289995 0.09979267159694805 0
8619 0.2874202775384129 0.6883350777102907 0
8620 -0.1881541088219549 -0.277578151122475 0
8621 -0.6785842899347159 0.07114407128326178 0
8622 -0.6636344379027493 0.08424429918244339 0
8623 -0.1634278306595091 -0.6679208472196054 0
8624 -0.6945580117242218 0.2402816997126996 0
8625 -0.6084982261854792 -0.3710075163421936 0
8626 0.005273813622819784 0.0749539429536267 0
8627 -0.01355055601998348 0.08135403255777238 0
8628 0.469447681751703 0.3899330085147825 0
8629 -0.6535458208360752 0.2990726358457912 0
8630 0.1121466430645418 -0.9071196652808091 0
8631 -0.2420715053174157 -0.7139577407092744 0
8632 0.1184105288481921 -0.6728770425167068 0
8633 0.1333720748561892 -0.6597781309478962 0
8634 0.1372384279582183 -0.6792817658240959 0
8635 0.1295062606980166 -0.6402606754222396 0
8636 0.7215713054630102 -0.3506047623994356 0
8637 -0.5527233045558309 0.4102824207037821 0
8638 -0.533892023565554 0.4038782429475239 0
8639 0.5521790234220988 -0.2929793959532015 0
8640 0.1179933036079276 0.7459805738289703 0
8641 -0.6863088925023998 0.110153631762978 0
8642 -0.8364072260534938 0.07026433189883752 0
8643 0.7167132780396065 -0.1488712120875618 0
8644 0.7017558111548143 -0.1619713895366529 0
8645 0.8330146043839497 -0.1156808754177858 0
8646 0.8369082900523614 -0.1352200981173171 0
8647 0.8180685306349792 -0.1288017403822629 0
8648 0.8556705642297802 -0.1416090335064039 0
8649 0.8594858345697175 -0.1610864119906038 0
8650 -0.7701924593814353 -0.3523488066050914 0
8651 -0.2199062017492734 -0.6487307928716577 0
8652 -0.2348959321840904 -0.6618321491845592 0
8653 -0.2160632491626184 -0.6682381915258213 0
8654 -0.2309934305655783 -0.6813156605883033 0
8655 -0.2271041843654578 -0.7008475135908101 0
8656 0.8087028294698063 -0.5246899764178137 0
8657 0.8150598082787257 -0.545601791092941 0
8658 0.7824412793817583 -0.4804330046431907 0
8659 -0.6559017318111602 0.04523702944679855 0
8660 -0.6370868230156317 0.03884374632421497 0
8661 -0.6182733532539788 0.03245476684299559 0
8662 -0.6032966255077288 0.04553029191081023 0
8663 0.5153435905814118 0.2469931683080469 0
8664 0.5341561007750792 0.2406091121024587 0
8665 -0.485147813376012 0.4236650155287975 0
8666 -0.4701962399297205 0.4367527062181609 0
8667 -0.5000927524948418 0.4105722278336598 0
8668 0.7636190599511312 -0.4740242602510811 0
8669 -0.9249485891942941 -0.1904689500777748 0
8670 -0.9440279600507426 -0.1846482903820277 0
8671 -0.9479065445379711 -0.1660126068991122 0
8672 0.01859458694389211 -0.9663126201436877 0
8673 0.4501225410353767 0.4874373308030229 0
8674 0.9366292170274766 0.1580388235422094 0
8675 -0.04865725366281218 -0.3614066767369399 0
8676 -0.5893341793462168 0.2408583249977784 0
8677 -0.6042982281265501 0.2277589427109254 0
8678 0.7368668010133589 0.2807563591385556 0
8679 0.7329874421466066 0.3002815120726621 0
8680 0.7141802197185678 0.3067008405712411 0
8681 0.7103101512383575 0.3262272831419231 0
8682 0.6593168634209188 -0.6567433003076715 0
8683 0.4291630017528729 -0.4693856641854161 0
8684 -0.7484969955194745 -0.1960898361059508 0
8685 -0.2257928269044785 -0.2647654198050163 0
8686 -0.5888480648143214 0.1497449956827882 0
8687 0.6853797211879977 -0.61105921275683 0
8688 -0.8084871195255288 0.4609149026594201 0
8689 -0.8124271164893075 0.4803193340006654 0
8690 -0.6752173771846439 0.1427583387094327 0
8691 0.5884130975373392 -0.74186768273038 0
8692 0.6069242604745788 -0.748696215808919 0
8693 -0.4257351320719852 -0.8507786317884439 0
8694 -0.4439542692701173 -0.8443679467414529 0
8695 -0.4589321986290692 -0.857945797453574 0
8696 -0.1001329529443851 0.7837841093765333 0
8697 -0.08518100587943928 0.7968680614069661 0
8698 -0.1189614455921364 0.7901626166290324 0
8699 0.3548608078057576 -0.6259750661720573 0
8700 0.3698264666692815 -0.6129197296096632 0
8701 -0.4568866864775188 -0.6044890827191782 0
8702 -0.4530145454369307 -0.6239850092091218 0
8703 -0.4710336536509132 -0.09041094903520566 0
8704 -0.4522259136881697 -0.09681162619725714 0
8705 -0.4560659651272682 -0.07730896543344903 0
8706 -0.6806209601968787 0.4356110027188457 0
8707 0.4607152880935296 0.6111840247606662 0
8708 0.3105242394614028 -0.7563574007108212 0
8709 -0.6651429602409813 0.3575867769899974 0
8710 0.4069849072117294 -0.534574140395898 0
8711 0.6294959177908623 -0.6830328971864874 0
8712 0.6333322917688171 -0.7024999944337491 0
8713 0.6184042478565127 -0.7156257380225769 0
8714 0.636895962016519 -0.7225857404180965 0
8715 0.6217693013780484 -0.7358988005493569 0
8716 -0.6031007265070882 -0.6638589380165179 0
8717 -0.5992291655735505 -0.683356476295075 0
8718 -0.6180623808164527 -0.6769736612674355 0
8719 -0.6368727686840395 -0.6705678138496832 0
8720 -0.6557149381719829 -0.664183289586938 0
8721 -0.2285680307189512 0.9001515660926029 0
8722 -0.2098159228756897 0.8937179431014972 0
8723 -0.6574047227368032 0.3185764880119546 0
8724 -0.7602411826153213 -0.5735917216432548 0
8725 -0.5506915192126148 0.0458235543647616 0
8726 -0.5357340524984378 0.05892373179803462 0
8727 0.7187171516987187 -0.5133304661723357 0
8728 -0.4192356749683861 -0.6172998472535198 0
8729 -0.4341980193348131 -0.6304015034336466 0
8730 -0.4153731293855421 -0.636805420093235 0
8731 -0.3965453404194883 -0.6432071236956616 0
8732 -0.2822618485567063 -0.2455494811096543 0
8733 0.5583805287918451 -0.7677299054814375 0
8734 0.5756506616296642 -0.7751141027032458 0
8735 0.5914386381312853 -0.7621539944243607 0
8736 0.5429528153357044 -0.7802932290122711 0
8737 -0.1612939894221585 0.2953143708771382 0
8738 -0.1463342646888316 0.3084057083185642 0
8739 -0.1275081550577994 0.3020101703461061 0
8740 -0.9257767577293086 -0.09932341869341681 0
8741 -0.6711506426123851 -0.5861505650552097 0
8742 0.8489879612681136 -0.2848101312022793 0
8743 -0.1155418334767733 0.8619787832727744 0
8744 -0.5803910792826331 -0.6897375176093082 0
8745 0.007987721682176957 0.947108328448776 0
8746 0.00440546118451135 0.9673975057371875 0
8747 -0.4063098302655435 -0.2397409861532948 0
8748 -0.3874864153598932 -0.2461439812591746 0
8749 -0.3686646312978101 -0.2525363011967073 0
8750 -0.3537047243473017 -0.2394477241790661 0
8751 -0.338741570399851 -0.2263433231237623 0
8752 -0.3199191411318055 -0.2327479138999446 0
8753 -0.3049624841481795 -0.2196465880163561 0
8754 0.4108471271767596 -0.554096923234774 0
8755 0.8320002003686484 0.06653186114724574 0
8756 -0.7099851274306191 0.3182868365727595 0
8757 -0.7249480650818173 0.305190017562696 0
8758 -0.7287847268764828 0.3246951016224818 0
8759 0.2512014372674741 -0.8999196063112668 0
8760 -0.1344054990276833 0.8683164622543926 0
8761 -0.8070345076313654 0.1876185314898786 0
8762 -0.003783673157192746 -0.3220941066359309 0
8763 -0.5233820517027755 -0.7988368300546039 0
8764 0.473317709381979 0.3704300432406274 0
8765 0.7760172698321485 -0.005408494581631063 0
8766 0.7722055073069234 0.01410590268840184 0
8767 0.7910472439411473 0.007755252904739801 0
8768 -0.4325558338670785 0.4239712391160575 0
8769 -0.4328638492772103 -0.1943331214302658 0
8770 -0.4179088895804239 -0.1812300815307031 0
8771 -0.4633029315300061 -0.1294186120697403 0
8772 -0.4483491157609905 -0.1163268142980978 0
8773 -0.4295142629063631 -0.1227282899912557 0
8774 -0.6690070121492107 0.3770889581922972 0
8775 -0.6602947826702666 0.1558767922445014 0
8776 0.8715768658028452 -0.40080717260382 0
8777 0.8863630854140633 -0.3872179631047901 0
8778 0.8920258356369739 -0.4071578370831814 0
8779 0.8823033566838488 -0.3691514502780242 0
8780 0.8983718998059255 -0.3575399979945955 0
8781 0.9132733040685338 -0.3425334071908067 0
8782 0.910963729379304 -0.3221644930212609 0
8783 -0.6747255515800092 0.05164048692275597 0
8784 -0.7696377434589068 -0.4435177547773506 0
8785 -0.7845651927608921 -0.456616051556163 0
8786 0.2217030655133597 -0.9258052018806694 0
8787 0.2402416975262161 -0.9318124062186102 0
8788 0.255108369719608 -0.9191152400596095 0
8789 0.2601728092294678 -0.9374241326176445 0
8790 0.2436543308167824 -0.9514266013910267 0
8791 0.7904713107568579 0.09885583261694036 0
8792 0.6220862334333822 -0.02573920747859537 0
8793 -0.5570960962875923 0.5209035068894383 0
8794 -0.5532312505407359 0.5013971375739996 0
8795 -0.5720449212484914 0.5077933343582539 0
8796 0.1797844083795075 -0.8939518579241204 0
8797 -0.7930586619945228 0.382909014286209 0
8798 0.6370437003186312 -0.01263903023191532 0
8799 0.6409100530431421 -0.0321426651704525 0
8800 -0.5386084891698414 -0.1037746934485957 0
8801 0.7427485368689059 0.60615706178854 0
8802 0.7490055932491004 0.1311725616504954 0
8803 0.15364650631055 -0.939153086497052 0
8804 0.1367818274539689 -0.9538344081135535 0
8805 -0.8034144968892918 -0.4502132442549107 0
8806 -0.542967170425785 0.006814627906097076 0
8807 0.697662631517463 0.5668955009981238 0
8808 -0.7992513249587371 0.1485748876655308 0
8809 -0.4029352303782678 -0.1681225354395927 0
8810 0.6938003260520254 0.5864487023826981 0
8811 -0.4475067215659656 0.4108647407336516 0
8812 0.6482626127726574 -0.6894630779020969 0
8813 0.6631551100227299 -0.6762463289442627 0
8814 0.6828649236622216 -0.683242261341357 0
8815 0.6670635537317814 -0.69593342495268 0
8816 0.7061250180909785 -0.2726047077303009 0
8817 -0.8532611981747678 -0.2878033587042115 0
8818 -0.5343993064157094 0.4949643517536672 0
8819 -0.5305316086955869 0.4754810680654324 0
8820 -0.5117157275403883 0.4690863006899582 0
8821 -0.2922375064054993 0.8673223169659312 0
8822 -0.2023987802270061 0.9444072363551883 0
8823 0.566619489591505 -0.1887576303121155 0
8824 -0.6675007909461382 0.1037479340496734 0
8825 -0.6713853777233031 0.1232723831365233 0
8826 0.8688644489154145 0.421602613138862 0
8827 0.886406319730194 0.4117910329046603 0
8828 0.9101926330941749 0.2036055183609647 0
8829 0.1730170761554732 -0.9474123992155318 0
8830 0.7673850903744522 -0.4935198378979001 0
8831 0.7092294877372516 0.5084049080097276 0
8832 0.7280775025405565 0.5020090066825894 0
8833 0.59653202579422 -0.1625584873566233 0
8834 -0.1323337069729345 0.9391270036622292 0
8835 0.8822572318367488 -0.1871005560523392 0
8836 0.878537235198624 -0.1675947519384009 0
8837 0.8972725368635077 -0.1739287545457535 0
8838 -0.3709848938058324 -0.5063904589784953 0
8839 -0.356052698054267 -0.4932817793450668 0
8840 -0.1613718449431792 -0.9404254770926223 0
8841 -0.8215316516861728 -0.4436003660483259 0
8842 -0.1733479601504478 -0.9529120833732927 0
8843 0.2883376920545389 -0.9119481229796224 0
8844 0.303021615098007 -0.9189565695955901 0
8845 0.2736824643367058 -0.9245297603740993 0
8846 0.3225808298496941 -0.9081412083244288 0
8847 -0.4723315386304028 0.8011385684308147 0
8848 -0.457277586460437 0.8143350853341096 0
8849 0.9167897407170488 0.2547327860443507 0
8850 0.9128319254977793 0.273599875395877 0
8851 0.7524328568301677 -0.5066130808254267 0
8852 0.7375708602963179 -0.519735802776044 0
8853 0.741434505470399 -0.5391841974902017 0
8854 0.7600798010122444 -0.5456366456589229 0
8855 -0.2325384028781348 0.9195733866541789 0
8856 -0.8454665582374055 -0.3267983509426635 0
8857 -0.841530436117423 -0.3462317685034072 0
8858 -0.8376722263216032 -0.3658003552798499 0
8859 -0.4895679454495643 0.5342762412417521 0
8860 -0.8132091072609516 -0.04675747727987464 0
8861 -0.8170754604174365 -0.02725384238871703 0
8862 -0.2961307633559516 0.886743156822131 0
8863 0.7164883931149935 0.560540006520833 0
8864 -0.3004265276783771 0.9056419613654597 0
8865 -0.3815824799605428 -0.6301061510877527 0
8866 -0.165406951800028 0.9326319465516224 0
8867 0.8724493449134042 0.2164558887704096 0
8868 0.0993918066260977 0.04293858274071216 0
8869 0.04845487171666554 -0.9401230986853841 0
8870 0.8000146229401051 0.4047959705970204 0
8871 -0.1501995903410709 0.3279145706058003 0
8872 0.1160720931821968 -0.926718825340865 0
8873 -0.01124355428837712 0.9533408980374877 0
8874 -0.01418675394888222 0.9689258160110665 0
8875 0.7783031808572647 -0.5519399658807209 0
8876 0.1186399421464538 -0.9454744262852679 0
8877 -0.5973930783728796 -0.3384383903143347 0
8878 -0.8303475446975594 -0.4058832227069191 0
8879 0.2069438492792463 0.2973667327652256 0
8880 0.8797215832974186 0.2685748838496155 0
8881 0.894386701117698 0.2812030284172595 0
8882 0.4318076432488489 0.4027385835749278 0
8883 0.6447863780019969 -0.05164432327785212 0
8884 0.02916163197674687 -0.8425972868987776 0
8885 -0.4608158514436143 0.8333274924728349 0
8886 -0.4459692728495847 0.8466290842619889 0
8887 -0.4273012963656473 0.8403206648634485 0
8888 -0.4306932588930483 0.8619204133671342 0
8889 -0.4085418297692778 0.8339897737510059 0
8890 -0.2360767746752355 0.2298125633876013 0
8891 -0.2322104190338633 0.210308927732673 0
8892 0.4955124681550453 0.4356513110832807 0
8893 -0.08985567654774043 0.2891993232121446 0
8894 -0.1086865169591951 0.2956050251214667 0
8895 -0.3234751561014573 0.4050439272893526 0
8896 -0.3647958380548598 -0.2720515364664414 0
8897 0.4377143890027084 0.01879173423998731 0
8898 -0.4106841291577681 -0.1291226348218225 0
8899 -0.4274487289490341 -0.4871564602050648 0
8900 0.007617750194294726 0.3287921123557103 0
8901 -0.08351341517043978 0.9582774030157719 0
8902 0.5281643442912705 -0.7031360201219209 0
8903 -0.5649409790716245 -0.7678086949540184 0
8904 -0.549984579337603 -0.7546658969168731 0
8905 -0.1656637404454335 0.4059318025480793 0
8906 -0.1468405818376845 0.3995263518513017 0
8907 -0.3841187866225716 -0.1745260245521522 0
8908 0.464582734854503 0.591704668022314 0
8909 0.3886819797038011 -0.6193061196231947 0
8910 0.272476532080171 0.6752192352804756 0
8911 0.4833879300045387 0.5852671851526522 0
8912 0.188836265120465 -0.4967488173198673 0
8913 -0.3918560563148903 -0.1355210670059413 0
8914 0.4036324034259869 -0.6061752883161267 0
8915 -0.3609294850074439 -0.2915551713538897 0
8916 0.386316537798542 -0.8731462234405446 0
8917 0.9247194685875264 0.2164148585277778 0
8918 0.9397502173970408 0.2293045426236365 0
8919 0.9433509668357124 0.2100035726017784 0
8920 0.9584473214989424 0.2231058411648712 0
8921 -0.3271428214449527 -0.2848545220658441 0
8922 0.6326694034755149 0.0979793216382111 0
8923 -0.6357512901675206 0.474903519839502 0
8924 0.1679720399921719 -0.1258967452091034 0
8925 0.1829262933339558 -0.112797205215241 0
8926 0.1411094979818061 -0.6987844656281513 0
8927 -0.1953814598812283 -0.3296826538015072 0
8928 -0.2330274072785133 -0.3168795086178591 0
8929 -0.2668116771305062 -0.3235810298779459 0
8930 0.818415058360601 0.4882535123137668 0
8931 0.2064316307841466 0.3884670536919871 0
8932 0.2102915131009484 0.3689494742819331 0
8933 0.195336910694157 0.3558589699767865 0
8934 0.5988761945525147 0.09127977092603703 0
8935 0.4085095263412857 -0.8079104777823036 0
8936 0.4273373046414947 -0.8142921759614796 0
8937 0.9472117607676414 0.1905395428571792 0
8938 0.9509285382336112 0.1709766031177707 0
8939 0.9658457024549659 0.1838044406384493 0
8940 0.8343105331523407 0.3203827921786558 0
8941 -0.6545607768228652 0.4813016298350067 0
8942 -0.5387737839606859 0.605599205258342 0
8943 0.05218386640857459 -0.2502036863877058 0
8944 -0.6733989256853736 0.4877104361167374 0
8945 -0.3789259321740523 0.2420209697131074 0
8946 0.01636459779638222 0.1075592189353496 0
8947 0.2579271342468927 -0.7567071847727519 0
8948 -0.7471706359967504 0.2400070840196983 0
8949 -0.7283478984183008 0.2335736416918707 0
8950 -0.7095170012646993 0.227165430925244 0
8951 -0.2133866016827633 0.2039054711638705 0
8952 0.3144013723394454 -0.7758911466912708 0
8953 -0.3897293223722603 0.8276490115745633 0
8954 0.5269475148807574 0.1885180303458339 0
8955 0.5081213280351167 0.1949057152930045 0
8956 -0.336912688202503 0.1186076861520314 0
8957 0.8551941769252658 -0.0504809943708948 0
8958 0.9077915016839806 -0.05026812737185848 0
8959 0.9226959252149231 -0.03680433215881462 0
8960 0.0214547259908956 -0.8035957190445624 0
8961 0.002638294595259161 -0.7971143471730285 0
8962 -0.2378766075532075 0.9390116423671285 0
8963 -0.6267899382716962 -0.4557312926312854 0
8964 0.4067874095454864 0.1748319963038963 0
8965 0.05221545834641317 -0.9587555923934387 0
8966 0.06949208654285319 -0.9648278675468465 0
8967 0.03925642403380009 -0.6277649263135682 0
8968 0.04312331191400803 -0.6472672884817166 0
8969 -0.584972830285948 0.1302165159054759 0
8970 -0.04916254184707591 -0.2702949969088366 0
8971 -0.1214207214179266 -0.7913891632610336 0
8972 0.9262728928863592 -0.2396429299419978 0
8973 0.1551534260828609 0.824312830608809 0
8974 0.1739433860516463 0.8178639854027824 0
8975 -0.83213700007727 0.4876078054947638 0
8976 -0.1742090189909468 -0.08224486186926494 0
8977 -0.1553972295872307 -0.08864936163715459 0
8978 -0.1515235633081585 -0.1081496188399584 0
8979 0.8002450042229025 -0.3046193866040054 0
8980 0.184959991981563 -0.4772470070205393 0
8981 -0.05303075774034585 -0.2507909929021704 0
8982 0.05889737309673909 -0.1069792628924701 0
8983 0.2012448265155547 -0.02808693771532214 0
8984 0.3975226603233847 0.487152806418957 0
8985 0.1674644800251924 -0.0347866273649439 0
8986 -0.5290350338506767 0.2021346791238408 0
8987 0.02695001127958696 0.2312751087056533 0
8988 -0.00480074524368973 -0.1398767127584142 0
8989 -0.4957479081260723 0.2999560183411406 0
8990 -0.5321415157686968 -0.5788446790600825 0
8991 -0.03624097136812909 0.1072645949051246 0
8992 0.1175223224881135 0.8370877321350425 0
8993 0.1363412805749685 0.8306873401596939 0
8994 -0.5372478170925832 0.3322974976092568 0
8995 -0.4580829387263502 0.2871673221756091 0
8996 -0.4392703282148545 0.2807506900664251 0
8997 -0.4204465815822961 0.2743385958916021 0
8998 -0.0720476426046876 0.4650263289674055 0
8999 -0.08935307331549225 0.1980896142407972 0
9000 0.1052828658538836 -0.341013368873858 0
9001 -0.1780756105619665 -0.0627494880832408 0
9002 -0.01608893479568299 0.5369292649910369 0
9003 -0.03491065075330335 0.5433367818192324 0
9004 0.5805722411195385 0.006571342761819587 0
9005 0.4436114968543857 -0.365173982562045 0
9006 0.14453933167991 0.7005983017473064 0
9007 0.4773938099398072 -0.358474050103376 0
9008 0.07552222800188657 0.9605758581005366 0
9009 0.0562023027326504 0.9662302042954609 0
9010 0.0488738926625066 0.9834773912396667 0
9011 -0.3595955592701033 0.1445121182572573 0
9012 0.1406845287200842 0.7200708884478038 0
9013 0.1106799916259063 -0.6338714183433589 0
9014 0.4624200807575969 -0.3715751916474791 0
9015 0.137746374754145 -0.7703964835739083 0
9016 -0.0537412909181742 0.5497131837669581 0
9017 0.4861375544373017 -0.5796958699914694 0
9018 0.07771613266503025 -0.113381285491195 0
9019 0.3513295622504278 0.0118108272969476 0
9020 -0.4718295885378361 -0.6175841561963501 0
9021 0.02480835977780227 -0.7319806359555086 0
9022 0.2760324198208639 0.03741471442040892 0
9023 0.3304866187205261 0.3826621442392398 0
9024 0.2868955639072545 0.7794433230998219 0
9025 0.212343385780708 0.004517876409339261 0
9026 0.5486126367884903 0.3448445683138865 0
9027 0.1824286459669878 -0.02168140779729771 0
9028 0.03722712709442891 -0.2633053067703784 0
9029 -0.1631186100817558 -0.04964787611447272 0
9030 0.4474772286191525 -0.3846770044652923 0
9031 0.432509917884781 -0.3977681540252931 0
9032 0.2422574281032208 0.03071235164147823 0
9033 -0.8503161815082876 -0.1250790579417088 0
9034 -0.2232986341552935 0.953477121879073 0
9035 0.7479694254464352 0.3134419922250088 0
9036 0.7518357007941685 0.2939077346318464 0
9037 0.120241316832719 -0.3279042268136869 0
9038 0.07131321068636429 0.3616941262191786 0
9039 0.0862477684801258 0.3747677706802818 0
9040 0.1533192616501848 0.4792683422665981 0
9041 0.1345248786397218 0.4857111254342013 0
9042 0.1156709735007049 0.4920769660090014 0
9043 -0.8985678584313929 -0.2357256515533714 0
9044 0.2273019717954791 0.017616015839824 0
9045 0.381037829761617 0.7474281414523796 0
9046 0.3771823702443677 0.7669308043380931 0
9047 0.5674486709119075 0.3384292285313587 0
9048 0.5712868411999135 0.3189257487962832 0
9049 0.5679654725322593 0.2472740958219198 0
9050 0.03944330348831469 -0.9706364895342564 0
9051 0.04650172448933794 -0.9886342155210726 0
9052 0.5787151316990063 -0.3383693838107823 0
9053 0.5077807696426604 -0.4233814520529646 0
9054 0.4889590092398837 -0.4169508010034426 0
9055 -0.1046297056438659 -0.4332825918377932 0
9056 0.5833998071839813 0.1692909027222681 0
9057 0.5906628316084181 0.2213822968848398 0
9058 -0.5409101838840726 -0.3576275426379076 0
9059 -0.01826480809371031 -0.4263223637221545 0
9060 0.403204301882242 0.8125370154391478 0
9061 0.8137613961675749 -0.01811290708090196 0
9062 -0.7404329836732354 0.3832232767554032 0
9063 -0.2585400552589736 -0.4536861081669249 0
9064 -0.3294496069394826 0.7890988544952996 0
9065 0.2572188349163636 0.04382008863508174 0
9066 0.2115363851769797 0.8050616590025269 0
9067 0.3279106255062377 0.8381678250350101 0
9068 0.02776760137694192 0.7584394926918248 0
9069 -0.4468000283773655 -0.3896810991675698 0
9070 0.3363612166075405 -0.001287796999138335 0
9071 0.0968214694701949 0.4984620968968175 0
9072 0.5336592430877986 0.3317475371503791 0
9073 0.2474436166633853 0.4472905231156936 0
9074 0.2492616932306362 0.792267262863569 0
9075 0.2454068458355652 0.8117427306270145 0
9076 -0.006051735069035169 0.7517344820447501 0
9077 0.0005984206628257271 -0.432719591253627 0
9078 0.7285862457491523 0.4108501321455018 0
9079 -0.1755327388707778 -0.5183137577498969 0
9080 -0.243616301210589 -0.4405842543745536 0
9081 0.08423794822088312 0.73922481451255 0
9082 -0.7330252039239931 -0.2741137297351705 0
9083 0.6556147691887366 0.6903928688961793 0
9084 0.5114655767364726 0.266514145153216 0
9085 0.5263906462137597 0.279611796324495 0
9086 -0.2714568741093484 -0.831219035083319 0
9087 0.3627237619067175 0.6626703225791446 0
9088 -0.5347239134691691 -0.1232862351002325 0
9089 0.4047517759153562 0.5392796796748976 0
9090 0.105080151400897 0.3683448232440933 0
9091 0.8397291458112064 0.02758768380694374 0
9092 -0.2208476297161866 0.8612043808587916 0
9093 0.2680409061561694 0.785840624418663 0
9094 0.1218330340622281 0.7264854546544295 0
9095 0.127780638207271 0.3424607253289945 0
9096 0.1427170923859155 0.3555420629991535 0
9097 -0.1108574999862118 -0.6676139472662361 0
9098 0.3056869612659122 0.773022452146906 0
9099 -0.3444034106071621 0.7759007157765394 0
9100 -0.4026402188693675 0.8851689903504425 0
9101 0.06095745535886898 0.856271944709263 0
9102 0.07979340614582826 0.8497821589164936 0
9103 0.311200090276375 0.48018792363817 0
9104 0.1030427392310132 0.7328783613166943 0
9105 0.161555831712511 0.3491437046483314 0
9106 0.176496696885999 0.3622335075009487 0
9107 -0.603496106554579 0.7545795745065913 0
9108 0.9403479366053782 -0.2082058898462027 0
9109 -0.06147984349578867 0.5886274646405686 0
9110 0.1137008044411179 0.8565516568654101 0
9111 0.01009487612544533 0.9857677947325671 0
9112 0.6517575653934828 -0.7094688661924471 0
9113 -0.3702717367189606 0.9111760905897656 0
9114 0.08767715038537119 0.9761872353886791 0
9115 0.9552492676412603 0.1517995368176387 0
9116 0.9586024829481141 0.1323366456859868 0
9117 0.9632582185671388 0.1128209850401771 0
9118 0.9802244094499842 0.1060093000474923 0
9119 0.9726349282281789 0.1441087063643216 0
9120 0.1223335139302952 0.9757120300456419 0
9121 -0.1464784208593689 0.9729522792950503 0
9122 -0.8006873268815884 -0.5442597055575391 0
9123 -0.6774221702567833 0.6892594703245727 0
9124 -0.9636108746589878 -0.1836129096570951 0
9125 0.009647347317751194 -0.9822303867350349 0
9126 0.6504824315408038 0.7096379275720003 0
9127 -0.3711883496556659 -0.9091898435530144 0
9128 0.695246285485728 0.6948499697855293 0
9129 0.6813372903042458 0.7083688082299526 0
9130 0.652467001865106 -0.7354464732047428 0
9131 0.6818823549413408 -0.7079831328355678 0
9132 -0.9780726308160026 0.01172163264796533 0
9133 -0.6371865899204642 0.7479457558751662 0
9134 -0.407542755076211 -0.8947154534304901 0
9135 0.5606522817434977 0.8081906394160928 0
9136 0.9800603872763572 0.03008746510453682 0
9137 -0.7472877026285966 -0.6379371062599773 0
9138 0.6227938982446555 -0.7607264739568873 0
9139 -0.607169297370538 0.7730700415368421 0
9140 -0.5765057837774044 0.7968829624505148 0
9141 0.1468649859303908 -0.9710127904424276 0
9142 -0.7710914396531015 -0.6048636687668634 0
9143 0.3896363888164935 -0.9026890440754192 0
9144 -0.9716396293543363 -0.144953238025516 0
9145 -0.9102638550486567 -0.3716067499736406 0
9146 0.2828963774316068 0.9425352727977373 0
9147 -0.3342376216815554 0.9233429785723293 0
9148 -0.9247016096159749 -0.3349617927319601 0
9149 0.3535743321032379 -0.9173590616921947 0
9150 -0.1832644190359512 0.965461256768876 0
9151 0.5292611488450168 -0.8299290161988898 0
9152 0.9808975125109231 0.06870159040195525 0
9153 0.9425529602454159 0.279582708992927 0
9154 -0.5111241036597821 0.8398670852375429 0
9155 -0.5565499618218361 -0.8069675616035795 0
9156 -0.4427689994214496 0.87783824868543 0
9157 -0.5441913221766066 0.8188382769741288 0
9158 -0.9782559873662248 -0.1073950194429158 0
9159 0.1846600217195251 -0.9659346531543601 0
9160 -0.2795883949129128 0.942727261755402 0
9161 0.425346392849514 -0.8864593103548185 0
9162 0.2993814897044607 -0.9376627343142125 0
9163 0.7857163816264766 -0.590555565550004 0
9164 -0.08662123819150741 0.9784811032837651 0
9165 -0.9779752592766603 -0.08971420623228922 0
9166 0.9174849273634836 0.3535855730837426 0
9167 -0.4781381172492264 0.8594076961737376 0
9168 0.8393822343548453 0.5116532022868946 0
9169 -0.7607252678388243 0.6227306160394699 0
9170 0.5616938067836033 -0.8070379788786011 0
9171 -0.9572755169161119 -0.2218627260255851 0
9172 0.4952202036657358 -0.8498814954105809 0
9173 0.8187896776287885 0.5447528179448512 0
9174 -0.3352717232175688 -0.9247878043608564 0
9175 -0.9217681250665967 0.3347156772489258 0
9176 0.3316551169359867 0.9239792122761212 0
9177 0.9530164247945414 -0.2413232151709852 0
9178 0.8777899367540951 -0.4428020369629878 0
9179 0.185579416173503 0.9640752022716403 0
9180 0.9658518527885385 -0.1858288393849994 0
9181 -0.185867922158718 -0.9658615549449392 0
9182 0.6075855984702906 0.7731394826792503 0
9183 -0.6071365348033793 -0.772690408027886 0
9184 -0.6226790895067875 -0.7604172723888527 0
9185 -0.8389386109232734 0.5106770138890601 0
9186 0.902649275276679 -0.3896672183529297 0
9187 -0.9100876123010251 0.3733280963689004 0
9188 0.9785178018901438 -0.0496852813449955 0
9189 0.9669716446027616 -0.03385709917684857 0
9190 -0.126518186455411 -0.9750594946261404 0
9191 -0.9361157885897534 -0.2962678011459404 0
9192 -0.6183808646749662 0.7415085362872782 0
9193 0.9533942674493719 0.2419631433761724 0
9194 0.9348438672006705 0.247667587767495 0
9195 -0.6629244695359425 0.7021953789545653 0
9196 0.4234275025192904 0.8884896997187132 0
9197 -0.6819764194187264 -0.7077542002079563 0
9198 -0.977869721017973 0.1071214646709884 0
9199 -0.7978400765458264 -0.5751908975260092 0
9200 0.3556681313045242 -0.8988394847259248 0
9201 -0.7723165044971746 0.6072765838390795 0
9202 -0.9087178782144042 -0.2684020133540352 0
9203 -0.8404317870900769 -0.5115756411475297 0
9204 -0.476530783929244 -0.8618360390233637 0
9205 0.7685428471127767 0.5601065063292644 0
9206 -0.8497165526850247 -0.4427134237700809 0
9207 0.1097515107054269 -0.9760282962141809 0
9208 -0.3183448075350569 0.9120919264940969 0
9209 0.8093017298909101 0.5296527959341106 0
9210 0.7963647577463951 -0.5580811384853761 0
9211 -0.7076713063239685 0.6624420201227699 0
9212 0.6974635283158916 -0.6972424294254933 0
9213 -0.6957649357384932 0.6954009242323436 0
9214 0.5927707005856064 -0.7837085353661384 0
9215 -0.8034430478523459 0.5316616108833752 0
9216 0.9367695311190465 -0.2961937101426822 0
9217 -0.5763895240707489 -0.7968314538985529 0
9218 0.7873336572895857 0.5523379135386322 0
9219 -0.2118980893468438 -0.9427696850682327 0
9220 -0.218851744479161 -0.922240789644805 0
9221 0.9724748366175128 -0.146924280875793 0
9222 0.5919598674431762 0.7852502452215054 0
9223 -0.9227656203484885 -0.2821113479954944 0
9224 -0.4775384442916183 0.8399088684336707 0
9225 -0.5139824432184328 -0.8392877961272476 0
9226 -0.5890416655121062 0.7665195423653913 0
9227 -0.2680387677110599 0.9297084161593299 0
9228 -0.1690129088689016 0.9517338330283026 0
9229 -0.7088954073742832 -0.6819879844697954 0
9230 0.8369510815498827 0.4816262476373844 0
9231 -0.8831736428549285 -0.3851843578446356 0
9232 -0.1501939442024943 0.9446184964416742 0
9233 -0.9184469546794295 -0.3015134780367977 0
9234 0.6949100486872817 -0.6666811524752383 0
9235 0.9293155613694113 -0.2584793015569231 0
9236 0.7235418616366874 0.6681685312532609 0
9237 0.5601881148244586 -0.7872312238792877 0
9238 0.545464365507295 0.7988562099145387 0
9239 -0.6920218644905247 0.6761267369538224 0
9240 -0.8204529948050054 -0.5452644466946388 0
9241 0.6938982849532944 0.6753431211234064 0
9242 -0.4127301954823119 0.8701638478226097 0
9243 0.1538041619759433 -0.9558045187431889 0
9244 0.8916827942086557 0.3745603609794258 0
9245 0.8232809810848041 -0.5109640640198991 0
9246 -0.2036045773630313 -0.9619592034160285 0
9247 -0.05108078343759111 0.9842926671977557 0
9248 -0.5741326621725553 0.7788128786795703 0
9249 -0.8711705494276176 0.4262737877787632 0
9250 -0.4251928252845458 -0.8879145984458312 0
9251 0.2046175327343416 -0.9620257215557194 0
9252 0.4654037464440134 -0.8436669022039219 0
9253 -0.8787025361144303 -0.4441266047896168 0
9254 0.7485944326231334 0.639259041999591 0
9255 0.9400171874470423 -0.2298075982399111 0
9256 -0.9641657700613989 0.2041107111628099 0
9257 -0.6545211956718621 -0.7371591559504257 0
9258 0.6406672065147352 0.7488266175793268 0
9259 0.312828810997858 0.9140069592532923 0
9260 0.4059121118059141 -0.8773516383816459 0
9261 0.9305313330862058 0.266757243206256 0
9262 0.5448599018669578 -0.7991709493610837 0
9263 0.8596931400662952 0.4378331558223739 0
9264 0.2994348836232734 0.9403532062258323 0
9265 -0.7789122801695475 0.5760388345875125 0
9266 -0.2420493103822937 0.9557879923985924 0
9267 -0.7300433372865861 -0.6357393412385456 0
9268 -0.93731737713993 0.3008397549456684 0
9269 -0.9472536163223028 0.1081047591115103 0
9270 0.7250817317365769 -0.6693767894752726 0
9271 0.3174778223112837 -0.9329295300486606 0
9272 -0.8110940529882544 0.5587961751086705 0
9273 -0.7245606208529423 0.666754115636276 0
9274 0.3493189451378354 0.8986896051735016 0
9275 -0.9136236686678153 -0.3207926923153553 0
9276 0.9635969700255745 -0.06644414718643218 0
9277 0.04094590593537489 0.9694975518427768 0
9278 0.8475011269233287 -0.4641552751460069 0
9279 0.7810107534544787 -0.5714744948654679 0
9280 -0.4618270739425776 0.8514969140773925 0
9281 0.7753709756518856 0.6096320327662264 0
9282 -0.7237654969660914 -0.6663527775682212 0
9283 0.4796160762447851 0.862787730281712 0
9284 0.7989818708820696 0.57870641165821 0
9285 -0.8620106200062894 0.4793459071717544 0
9286 -0.5590750622506919 0.7909034427832479 0
9287 -0.9637293212548238 -0.06674252981395531 0
9288 0.4854605594812909 0.8347458558665355 0
9289 0.8865523234045667 0.4286163737636083 0
9290 0.9273806202768307 -0.3324649274651996 0
9291 0.3731241542147405 0.9135747984490188 0
9292 0.2542573153799614 0.9306938982519912 0
9293 -0.4397920014545343 -0.859715244979168 0
9294 0.9646439527347805 0.09460315727379662 0
9295 0.9625416170894336 -0.2059551137352031 0
9296 -0.5759499052353227 -0.7801227527303969 0
9297 -0.2373391150187095 -0.9135367623142542 0
9298 -0.5301127294846548 -0.8330787490613415 0
9299 -0.8238412877544092 -0.5123782660853475 0
9300 0.9261084739640473 0.2853019938331237 0
9301 -0.9617356144893497 0.09416249778985161 0
9302 -0.1078608622146975 0.9818145345948434 0
9303 -0.1188906243095789 0.9664776814411484 0
9304 -0.8327868328702115 0.5298973053875122 0
9305 0.5293723308473237 -0.811161274632265 0
9306 0.7233211106318148 -0.6401368498886019 0
9307 -0.3021039659256497 -0.9375677557477022 0
9308 0.6657180094974047 0.7035837527866222 0
9309 0.8871135375580463 0.3928161259619593 0
9310 -0.8985769464735978 -0.4089582281705892 0
9311 -0.752541021835182 -0.6077312796936801 0
9312 0.2257724709863092 -0.9413447904385108 0
9313 0.3867105481403984 0.885802225411417 0
9314 0.8534060448823469 -0.4922002561898736 0
9315 -0.7377727038121306 0.6524137629111678 0
9316 -0.9083308496071699 -0.3404968187120716 0
9317 0.2430239862906169 0.9575742556180656 0
9318 0.9603192523068965 -0.1551258568467105 0
9319 -0.9457382486531303 0.273943577328828 0
9320 -0.1526090979879446 0.9587757561559094 0
9321 0.83264074885527 0.4968902014991824 0
9322 0.3401543598436472 -0.9087587925120071 0
9323 0.6049289181849078 0.7572956094408881 0
9324 0.8395856359344558 -0.5155891014324029 0
9325 -0.5437019769166005 0.8029311087320521 0
9326 -0.3030999561579285 0.9217861901633569 0
9327 0.3919156505293456 -0.8872308778056689 0
9328 -0.7959445028759066 0.5808545681085925 0
9329 0.9179774087914623 -0.3580972844594736 0
9330 -0.6194921569730225 -0.7442978033980028 0
9331 0.9670537015989774 0.07580795360702616 0
9332 -0.3540528387423875 0.9013254789375632 0
9333 -0.4466287186730525 0.862695291167162 0
9334 0.5607254228918068 0.7921532923648604 0
9335 0.4624694955496328 -0.873033070928762 0
9336 -0.8542613863932854 -0.4562854036731291 0
9337 -0.9852219196916814 -0.05098755738772532 0
9338 -0.1569078449216395 -0.9572294712504436 0
9339 0.8731081514114138 -0.4183863621632458 0
9340 -0.6804676504802101 -0.6893561491700142 0
9341 0.8024279149244292 0.5446427380918816 0
9342 0.05401896611609613 -0.9747606743679965 0
9343 -0.8993484763000101 0.4060212548689139 0
9344 -0.8866507292201226 0.4303612484329193 0
9345 0.5134719792963046 -0.8239296511504366 0
9346 -0.4097634030869418 0.8994069942892642 0
9347 -0.8358503002964986 -0.4363775498468092 0
9348 0.2185980898075501 0.9429875652926756 0
9349 0.4097975632901336 0.8994819804384597 0
9350 -0.9389955083346417 0.2477969184393372 0
9351 -0.4626751670143301 -0.8734213363772136 0
9352 -0.9153408434079601 0.317802983954213 0
9353 0.940405916041433 -0.2472793452934431 0
9354 0.8119332423402164 -0.5635695492790876 0
9355 0.1137912794067037 0.9623203049174417 0
9356 -0.7708038233370879 -0.5856436250766976 0
9357 -0.7323368003399865 0.637932666414027 0
9358 -0.2755073967928159 -0.9466220320575099 0
9359 0.5129863857929955 0.8442547401556864 0
9360 0.4985993657660371 -0.8355085969062931 0
9361 0.1191314969297975 -0.9611891368082877 0
9362 0.8735057747579718 0.4623738908017963 0
9363 0.2616352210053896 -0.9531163275883487 0
9364 0.8996279972549444 0.4046477148253054 0
9365 0.9201201761118964 -0.3049939298276592 0
9366 0.7522670942162601 -0.6413412855977705 0
9367 -0.01934126883773735 -0.9717236801465048 0
9368 -0.9035511048291248 -0.3577121423179302 0
9369 -0.3402490423443061 -0.9106031383460064 0
9370 0.4230660079030193 0.8728017356026042 0
9371 -0.7939806840698106 -0.5593301607633414 0
9372 -0.5303903272918974 0.8140105190357654 0
9373 0.8960794829576106 -0.3757665528776112 0
9374 -0.9050824657196168 0.3441459567602517 0
9375 -0.8943542704774164 0.3780260113993636 0
9376 0.9704441171797614 0.05958977980144287 0
9377 -0.9775123111365405 0.146169841611386 0
9378 -0.3034220894964952 -0.9233920972304843 0
9379 -0.1521399384638083 -0.9737847103719263 0
9380 -0.1180989820150077 -0.9673733124943449 0
9381 0.7091507713776362 0.6663925143055267 0
9382 -0.3216140967316358 -0.916779026623893 0
9383 0.2049461458811085 0.9679854918916534 0
9384 0.01692957850005148 0.9739405927242875 0
9385 -0.1887750807961188 0.9524363313986332 0
9386 0.2877992963565941 -0.927011660128501 0
9387 0.9226170494624059 0.3012314771018283 0
9388 -0.2427363072449535 -0.9588361002597906 0
9389 -0.06979593245049802 0.9662487219613325 0
9390 -0.4753794276477743 -0.846628011773826 0
9391 -0.5365521922677104 -0.8069946074250998 0
9392 -0.8044512300928313 0.5460961402863338 0
9393 0.6565863569587812 0.7399765645725694 0
9394 -0.227312510002461 -0.9407070082145691 0
9395 0.9486422459633467 -0.2807032309624424 0
9396 -0.8634760979331303 -0.4468576437975601 0
9397 0.7319960028921397 0.6395241279628414 0
$EndNodes
$Elements
18792
1 1 2 20 11 1 5
2 1 2 20 11 5 6
3 1 2 20 11 6 7
4 1 2 20 11 7 8
5 1 2 20 11 8 9
6 1 2 20 11 9 10
7 1 2 20 11 10 11
8 1 2 20 11 11 12
9 1 2 20 11 12 13
10 1 2 20 11 13 14
11 1 2 20 11 14 15
12 1 2 20 11 15 16
13 1 2 20 11 16 17
14 1 2 20 11 17 18
15 1 2 20 11 18 19
16 1 2 20 11 19 20
17 1 2 20 11 20 21
18 1 2 20 11 21 22
19 1 2 20 11 22 23
20 1 2 20 11 23 24
21 1 2 20 11 24 25
22 1 2 20 11 25 26
23 1 2 20 11 26 27
24 1 2 20 11 27 28
25 1 2 20 11 28 29
26 1 2 20 11 29 30
27 1 2 20 11 30 31
28 1 2 20 11 31 32
29 1 2 20 11 32 33
30 1 2 20 11 33 34
31 1 2 20 11 34 35
32 1 2 20 11 35 36
33 1 2 20 11 36 37
34 1 2 20 11 37 38
35 1 2 20 11 38 39
36 1 2 20 11 39 40
37 1 2 20 11 40 41
38 1 2 20 11 41 42
39 1 2 20 11 42 43
40 1 2 20 11 43 44
41 1 2 20 11 44 45
42 1 2 20 11 45 46
43 1 2 20 11 46 47
44 1 2 20 11 47 48
45 1 2 20 11 48 49
46 1 2 20 11 49 50
47 1 2 20 11 50 51
48 1 2 20 11 51 52
49 1 2 20 11 52 53
50 1 2 20 11 53 54
51 1 2 20 11 54 55
52 1 2 20 11 55 56
53 1 2 20 11 56 57
54 1 2 20 11 57 58
55 1 2 20 11 58 59
56 1 2 20 11 59 60
57 1 2 20 11 60 61
58 1 2 20 11 61 62
59 1 2 20 11 62 63
60 1 2 20 11 63 64
61 1 2 20 11 64 65
62 1 2 20 11 65 66
63 1 2 20 11 66 67
64 1 2 20 11 67 68
65 1 2 20 11 68 69
66 1 2 20 11 69 70
67 1 2 20 11 70 71
68 1 2 20 11 71 72
69 1 2 20 11 72 73
70 1 2 20 11 73 74
71 1 2 20 11 74 75
72 1 2 20 11 75 76
73 1 2 20 11 76 77
74 1 2 20 11 77 78
75 1 2 20 11 78 79
76 1 2 20 11 79 80
77 1 2 20 11 80 81
78 1 2 20 11 81 82
79 1 2 20 11 82 2
80 1 2 20 12 2 83
81 1 2 20 12 83 84
82 1 2 20 12 84 85
83 1 2 20 12 85 86
84 1 2 20 12 86 87
85 1 2 20 12 87 88
86 1 2 20 12 88 89
87 1 2 20 12 89 90
88 1 2 20 12 90 91
89 1 2 20 12 91 92
90 1 2 20 12 92 93
91 1 2 20 12 93 94
92 1 2 20 12 94 95
93 1 2 20 12 95 96
94 1 2 20 12 96 97
95 1 2 20 12 97 98
96 1 2 20 12 98 99
97 1 2 20 12 99 100
98 1 2 20 12 100 101
99 1 2 20 12 101 102
100 1 2 20 12 102 103
101 1 2 20 12 103 104
102 1 2 20 12 104 105
103 1 2 20 12 105 106
104 1 2 20 12 106 107
105 1 2 20 12 107 108
106 1 2 20 12 108 109
107 1 2 20 12 109 110
108 1 2 20 12 110 111
109 1 2 20 12 111 112
110 1 2 20 12 112 113
111 1 2 20 12 113 114
112 1 2 20 12 114 115
113 1 2 20 12 115 116
114 1 2 20 12 116 117
115 1 2 20 12 117 118
116 1 2 20 12 118 119
117 1 2 20 12 119 120
118 1 2 20 12 120 121
119 1 2 20 12 121 122
120 1 2 20 12 122 123
121 1 2 20 12 123 124
122 1 2 20 12 124 125
123 1 2 20 12 125 126
124 1 2 20 12 126 127
125 1 2 20 12 127 128
126 1 2 20 12 128 129
127 1 2 20 12 129 130
128 1 2 20 12 130 131
129 1 2 20 12 131 132
130 1 2 20 12 132 133
131 1 2 20 12 133 134
132 1 2 20 12 134 135
133 1 2 20 12 135 136
134 1 2 20 12 136 137
135 1 2 20 12 137 138
136 1 2 20 12 138 139
137 1 2 20 12 139 140
138 1 2 20 12 140 141
139 1 2 20 12 141 142
140 1 2 20 12 142 143
141 1 2 20 12 143 144
142 1 2 20 12 144 145
143 1 2 20 12 145 146
144 1 2 20 12 146 147
145 1 2 20 12 147 148
146 1 2 20 12 148 149
147 1 2 20 12 149 150
148 1 2 20 12 150 151
149 1 2 20 12 151 152
150 1 2 20 12 152 153
151 1 2 20 12 153 154
152 1 2 20 12 154 155
153 1 2 20 12 155 156
154 1 2 20 12 156 157
155 1 2 20 12 157 158
156 1 2 20 12 158 159
157 1 2 20 12 159 160
158 1 2 20 12 160 3
159 1 2 20 13 3 161
160 1 2 20 13 161 162
161 1 2 20 13 162 163
162 1 2 20 13 163 164
163 1 2 20 13 164 165
164 1 2 20 13 165 166
165 1 2 20 13 166 167
166 1 2 20 13 167 168
167 1 2 20 13 168 169
168 1 2 20 13 169 170
169 1 2 20 13 170 171
170 1 2 20 13 171 172
171 1 2 20 13 172 173
172 1 2 20 13 173 174
173 1 2 20 13 174 175
174 1 2 20 13 175 176
175 1 2 20 13 176 177
176 1 2 20 13 177 178
177 1 2 20 13 178 179
178 1 2 20 13 179 180
179 1 2 20 13 180 181
180 1 2 20 13 181 182
181 1 2 20 13 182 183
182 1 2 20 13 183 184
183 1 2 20 13 184 185
184 1 2 20 13 185 186
185 1 2 20 13 186 187
186 1 2 20 13 187 188
187 1 2 20 13 188 189
188 1 2 20 13 189 190
189 1 2 20 13 190 191
190 1 2 20 13 191 192
191 1 2 20 13 192 193
192 1 2 20 13 193 194
193 1 2 20 13 194 195
194 1 2 20 13 195 196
195 1 2 20 13 196 197
196 1 2 20 13 197 198
197 1 2 20 13 198 199
198 1 2 20 13 199 200
199 1 2 20 13 200 201
200 1 2 20 13 201 202
201 1 2 20 13 202 203
202 1 2 20 13 203 204
203 1 2 20 13 204 205
204 1 2 20 13 205 206
205 1 2 20 13 206 207
206 1 2 20 13 207 208
207 1 2 20 13 208 209
208 1 2 20 13 209 210
209 1 2 20 13 210 211
210 1 2 20 13 211 212
211 1 2 20 13 212 213
212 1 2 20 13 213 214
213 1 2 20 13 214 215
214 1 2 20 13 215 216
215 1 2 20 13 216 217
216 1 2 20 13 217 218
217 1 2 20 13 218 219
218 1 2 20 13 219 220
219 1 2 20 13 220 221
220 1 2 20 13 221 222
221 1 2 20 13 222 223
222 1 2 20 13 223 224
223 1 2 20 13 224 225
224 1 2 20 13 225 226
225 1 2 20 13 226 227
226 1 2 20 13 227 228
227 1 2 20 13 228 229
228 1 2 20 13 229 230
229 1 2 20 13 230 231
230 1 2 20 13 231 232
231 1 2 20 13 232 233
232 1 2 20 13 233 234
233 1 2 20 13 234 235
234 1 2 20 13 235 236
235 1 2 20 13 236 237
236 1 2 20 13 237 238
237 1 2 20 13 238 4
238 1 2 20 14 4 239
239 1 2 20 14 239 240
240 1 2 20 14 240 241
241 1 2 20 14 241 242
242 1 2 20 14 242 243
243 1 2 20 14 243 244
244 1 2 20 14 244 245
245 1 2 20 14 245 246
246 1 2 20 14 246 247
247 1 2 20 14 247 248
248 1 2 20 14 248 249
249 1 2 20 14 249 250
250 1 2 20 14 250 251
251 1 2 20 14 251 252
252 1 2 20 14 252 253
253 1 2 20 14 253 254
254 1 2 20 14 254 255
255 1 2 20 14 255 256
256 1 2 20 14 256 257
257 1 2 20 14 257 258
258 1 2 20 14 258 259
259 1 2 20 14 259 260
260 1 2 20 14 260 261
261 1 2 20 14 261 262
262 1 2 20 14 262 263
263 1 2 20 14 263 264
264 1 2 20 14 264 265
265 1 2 20 14 265 266
266 1 2 20 14 266 267
267 1 2 20 14 267 268
268 1 2 20 14 268 269
269 1 2 20 14 269 270
270 1 2 20 14 270 271
271 1 2 20 14 271 272
272 1 2 20 14 272 273
273 1 2 20 14 273 274
274 1 2 20 14 274 275
275 1 2 20 14 275 276
276 1 2 20 14 276 277
277 1 2 20 14 277 278
278 1 2 20 14 278 279
279 1 2 20 14 279 280
280 1 2 20 14 280 281
281 1 2 20 14 281 282
282 1 2 20 14 282 283
283 1 2 20 14 283 284
284 1 2 20 14 284 285
285 1 2 20 14 285 286
286 1 2 20 14 286 287
287 1 2 20 14 287 288
288 1 2 20 14 288 289
289 1 2 20 14 289 290
290 1 2 20 14 290 291
291 1 2 20 14 291 292
292 1 2 20 14 292 293
293 1 2 20 14 293 294
294 1 2 20 14 294 295
295 1 2 20 14 295 296
296 1 2 20 14 296 297
297 1 2 20 14 297 298
298 1 2 20 14 298 299
299 1 2 20 14 299 300
300 1 2 20 14 300 301
301 1 2 20 14 301 302
302 1 2 20 14 302 303
303 1 2 20 14 303 304
304 1 2 20 14 304 305
305 1 2 20 14 305 306
306 1 2 20 14 306 307
307 1 2 20 14 307 308
308 1 2 20 14 308 309
309 1 2 20 14 309 310
310 1 2 20 14 310 311
311 1 2 20 14 311 312
312 1 2 20 14 312 313
313 1 2 20 14 313 314
314 1 2 20 14 314 315
315 1 2 20 14 315 316
316 1 2 20 14 316 1
317 2 2 2 2 5401 9185 8975
318 2 2 2 2 387 5513 293
319 2 2 2 2 8844 9271 8846
320 2 2 2 2 293 5513 292
321 2 2 2 2 5438 5440 447
322 2 2 2 2 8846 9271 346
323 2 2 2 2 368 5488 5435
324 2 2 2 2 5519 8878 4958
325 2 2 2 2 6389 9127 443
326 2 2 2 2 397 9169 5445
327 2 2 2 2 6390 9127 6389
328 2 2 2 2 136 6417 333
329 2 2 2 2 137 6417 136
330 2 2 2 2 392 6268 5427
331 2 2 2 2 157 5507 156
332 2 2 2 2 379 7664 5455
333 2 2 2 2 377 9240 6578
334 2 2 2 2 7973 7974 7964
335 2 2 2 2 5468 9183 361
336 2 2 2 2 5427 6269 392
337 2 2 2 2 325 8300 5441
338 2 2 2 2 4202 5488 5016
339 2 2 2 2 30 5525 29
340 2 2 2 2 5446 9147 435
341 2 2 2 2 315 7973 314
342 2 2 2 2 5435 5487 368
343 2 2 2 2 7950 9165 7948
344 2 2 2 2 329 9125 5465
345 2 2 2 2 7948 9165 9158
346 2 2 2 2 5429 9358 317
347 2 2 2 2 5441 8299 325
348 2 2 2 2 317 5509 5429
349 2 2 2 2 5445 9169 6434
350 2 2 2 2 6862 9179 6870
351 2 2 2 2 5482 9222 367
352 2 2 2 2 447 5473 5438
353 2 2 2 2 356 9127 6390
354 2 2 2 2 6390 6395 356
355 2 2 2 2 6835 6838 389
356 2 2 2 2 6578 9240 9122
357 2 2 2 2 430 5518 5443
358 2 2 2 2 400 8657 132
359 2 2 2 2 409 9114 6883
360 2 2 2 2 6 9337 7969
361 2 2 2 2 402 7870 17
362 2 2 2 2 5485 8962 401
363 2 2 2 2 426 9156 8888
364 2 2 2 2 5457 9154 378
365 2 2 2 2 7965 7971 322
366 2 2 2 2 9128 9129 7601
367 2 2 2 2 322 7973 7965
368 2 2 2 2 393 7461 5473
369 2 2 2 2 8714 9130 9112
370 2 2 2 2 7947 9144 7946
371 2 2 2 2 5477 9168 428
372 2 2 2 2 415 9137 5426
373 2 2 2 2 433 8671 7946
374 2 2 2 2 5257 8878 5519
375 2 2 2 2 7869 9171 7867
376 2 2 2 2 250 9034 249
377 2 2 2 2 8888 9242 426
378 2 2 2 2 9112 9130 390
379 2 2 2 2 7869 8670 352
380 2 2 2 2 7946 9144 433
381 2 2 2 2 5406 9222 5482
382 2 2 2 2 239 5447 328
383 2 2 2 2 5452 9185 5401
384 2 2 2 2 5435 5488 4202
385 2 2 2 2 8031 9136 405
386 2 2 2 2 5433 9145 375
387 2 2 2 2 352 9171 7869
388 2 2 2 2 5495 5506 5488
389 2 2 2 2 8814 9212 321
390 2 2 2 2 8826 9289 403
391 2 2 2 2 362 9144 7947
392 2 2 2 2 379 7666 7664
393 2 2 2 2 5476 6917 420
394 2 2 2 2 321 9234 8814
395 2 2 2 2 5491 9218 376
396 2 2 2 2 211 5667 210
397 2 2 2 2 342 9172 5898
398 2 2 2 2 403 9263 8826
399 2 2 2 2 8041 8043 327
400 2 2 2 2 5453 5501 416
401 2 2 2 2 5455 7665 379
402 2 2 2 2 7868 7870 402
403 2 2 2 2 5469 9183 5468
404 2 2 2 2 4735 5508 4149
405 2 2 2 2 5443 5517 430
406 2 2 2 2 4984 5501 4927
407 2 2 2 2 5494 7547 394
408 2 2 2 2 6879 9288 331
409 2 2 2 2 5898 9252 342
410 2 2 2 2 177 6269 176
411 2 2 2 2 5504 5506 5495
412 2 2 2 2 8670 9124 352
413 2 2 2 2 6838 6878 389
414 2 2 2 2 132 8657 131
415 2 2 2 2 4339 8300 4341
416 2 2 2 2 375 9231 5433
417 2 2 2 2 417 9143 5879
418 2 2 2 2 331 9283 6879
419 2 2 2 2 5492 9154 5457
420 2 2 2 2 8042 8043 8041
421 2 2 2 2 8300 8302 4341
422 2 2 2 2 8815 9131 8814
423 2 2 2 2 376 9284 5491
424 2 2 2 2 392 9166 6268
425 2 2 2 2 8033 9136 8031
426 2 2 2 2 8815 9112 390
427 2 2 2 2 9178 9339 6416
428 2 2 2 2 435 9332 5446
429 2 2 2 2 5503 5508 4735
430 2 2 2 2 323 5507 157
431 2 2 2 2 6870 9179 366
432 2 2 2 2 6883 9355 409
433 2 2 2 2 5465 9125 8672
434 2 2 2 2 9131 9212 8814
435 2 2 2 2 438 9130 8714
436 2 2 2 2 8714 8715 438
437 2 2 2 2 390 9131 8815
438 2 2 2 2 381 9339 9178
439 2 2 2 2 5423 9276 9188
440 2 2 2 2 374 6511 6510
441 2 2 2 2 5473 9257 393
442 2 2 2 2 8975 9185 332
443 2 2 2 2 5522 9268 302
444 2 2 2 2 6394 9250 6393
445 2 2 2 2 5443 5519 4958
446 2 2 2 2 382 9282 6617
447 2 2 2 2 302 9319 5522
448 2 2 2 2 424 5490 5489
449 2 2 2 2 210 5667 408
450 2 2 2 2 6393 9250 9134
451 2 2 2 2 444 5525 30
452 2 2 2 2 314 7973 322
453 2 2 2 2 8692 9138 8715
454 2 2 2 2 6395 9134 356
455 2 2 2 2 422 9159 8829
456 2 2 2 2 421 9295 9108
457 2 2 2 2 7965 7973 7964
458 2 2 2 2 5488 5506 5016
459 2 2 2 2 6393 9134 6395
460 2 2 2 2 416 5500 5453
461 2 2 2 2 156 5507 406
462 2 2 2 2 337 8801 5490
463 2 2 2 2 29 5525 343
464 2 2 2 2 8715 9138 438
465 2 2 2 2 326 7970 7962
466 2 2 2 2 4735 8594 5503
467 2 2 2 2 6879 6908 5665
468 2 2 2 2 433 9124 8671
469 2 2 2 2 9188 9276 323
470 2 2 2 2 406 5503 5459
471 2 2 2 2 8962 9266 401
472 2 2 2 2 8302 8303 4341
473 2 2 2 2 354 9141 8804
474 2 2 2 2 5441 8300 4339
475 2 2 2 2 5426 9311 415
476 2 2 2 2 445 7973 315
477 2 2 2 2 7969 9337 7968
478 2 2 2 2 8671 9124 8670
479 2 2 2 2 6268 9166 5001
480 2 2 2 2 7947 7948 362
481 2 2 2 2 9129 9308 7601
482 2 2 2 2 9169 9201 6434
483 2 2 2 2 9176 9259 6867
484 2 2 2 2 5496 8801 337
485 2 2 2 2 383 9259 9176
486 2 2 2 2 5474 9251 350
487 2 2 2 2 5466 9229 336
488 2 2 2 2 17 7870 16
489 2 2 2 2 4927 5501 5453
490 2 2 2 2 7547 9258 394
491 2 2 2 2 5477 9321 9168
492 2 2 2 2 7948 9158 362
493 2 2 2 2 445 7974 7973
494 2 2 2 2 5440 9197 447
495 2 2 2 2 240 5447 239
496 2 2 2 2 286 9272 5451
497 2 2 2 2 5451 9328 286
498 2 2 2 2 330 8592 5464
499 2 2 2 2 5459 5502 406
500 2 2 2 2 410 8304 8299
501 2 2 2 2 6868 9291 442
502 2 2 2 2 442 9274 6868
503 2 2 2 2 6917 6918 420
504 2 2 2 2 5460 9199 338
505 2 2 2 2 19 7872 18
506 2 2 2 2 5470 5525 444
507 2 2 2 2 5446 9208 9147
508 2 2 2 2 419 9246 9219
509 2 2 2 2 388 9293 8695
510 2 2 2 2 402 7871 7868
511 2 2 2 2 5517 9231 375
512 2 2 2 2 8695 9351 388
513 2 2 2 2 4996 9160 5499
514 2 2 2 2 5503 8594 5459
515 2 2 2 2 9219 9246 5418
516 2 2 2 2 366 6877 6873
517 2 2 2 2 6434 9201 5520
518 2 2 2 2 341 9138 8692
519 2 2 2 2 375 9310 5517
520 2 2 2 2 392 6269 177
521 2 2 2 2 8804 9361 354
522 2 2 2 2 8656 8657 400
523 2 2 2 2 387 5523 5513
524 2 2 2 2 249 9034 351
525 2 2 2 2 391 9165 7950
526 2 2 2 2 250 9266 9034
527 2 2 2 2 5471 5525 5470
528 2 2 2 2 7950 9287 391
529 2 2 2 2 5452 9215 395
530 2 2 2 2 5465 9367 329
531 2 2 2 2 9143 9327 5879
532 2 2 2 2 5463 9234 321
533 2 2 2 2 444 5524 5470
534 2 2 2 2 338 9356 5460
535 2 2 2 2 6510 9113 374
536 2 2 2 2 6617 9282 5467
537 2 2 2 2 8692 8735 341
538 2 2 2 2 9108 9255 421
539 2 2 2 2 176 6269 431
540 2 2 2 2 6865 9264 9146
541 2 2 2 2 87 9207 8569
542 2 2 2 2 8875 9279 9210
543 2 2 2 2 8734 9214 8735
544 2 2 2 2 355 9313 6864
545 2 2 2 2 9155 9391 5461
546 2 2 2 2 6524 9314 333
547 2 2 2 2 5526 9230 5413
548 2 2 2 2 321 9270 5463
549 2 2 2 2 6864 9349 355
550 2 2 2 2 4342 8303 4512
551 2 2 2 2 366 6873 6870
552 2 2 2 2 235 9114 234
553 2 2 2 2 8735 9214 341
554 2 2 2 2 6866 9179 6862
555 2 2 2 2 5464 9225 330
556 2 2 2 2 8776 9339 8778
557 2 2 2 2 9229 9282 42
558 2 2 2 2 7018 9187 441
559 2 2 2 2 424 9281 5490
560 2 2 2 2 8299 8304 325
561 2 2 2 2 143 9290 8781
562 2 2 2 2 336 9340 5466
563 2 2 2 2 361 9296 5468
564 2 2 2 2 395 9304 5452
565 2 2 2 2 5498 9358 5429
566 2 2 2 2 7962 9132 326
567 2 2 2 2 7969 7970 326
568 2 2 2 2 4149 5508 4985
569 2 2 2 2 383 9264 6865
570 2 2 2 2 3817 9297 9220
571 2 2 2 2 8781 9329 143
572 2 2 2 2 4341 8303 4342
573 2 2 2 2 396 9298 5472
574 2 2 2 2 441 9374 7018
575 2 2 2 2 6865 9259 383
576 2 2 2 2 333 9278 6524
577 2 2 2 2 6865 9146 8591
578 2 2 2 2 5489 5491 424
579 2 2 2 2 5462 9155 5461
580 2 2 2 2 5478 9303 5480
581 2 2 2 2 6838 6908 6879
582 2 2 2 2 374 9100 6511
583 2 2 2 2 5472 9391 396
584 2 2 2 2 5665 9288 6879
585 2 2 2 2 320 9317 6869
586 2 2 2 2 313 7972 312
587 2 2 2 2 6873 6877 6875
588 2 2 2 2 6617 9267 382
589 2 2 2 2 350 9312 5474
590 2 2 2 2 327 9136 8033
591 2 2 2 2 380 9389 5436
592 2 2 2 2 18 7872 402
593 2 2 2 2 8776 8778 8777
594 2 2 2 2 6883 9114 9008
595 2 2 2 2 9188 9189 5423
596 2 2 2 2 6869 9292 320
597 2 2 2 2 5436 9247 380
598 2 2 2 2 6417 9278 333
599 2 2 2 2 385 9268 6294
600 2 2 2 2 426 9242 9100
601 2 2 2 2 7968 9337 391
602 2 2 2 2 9108 9295 5516
603 2 2 2 2 9180 9295 151
604 2 2 2 2 5447 8874 328
605 2 2 2 2 5879 9200 417
606 2 2 2 2 396 9391 9155
607 2 2 2 2 5445 9357 397
608 2 2 2 2 94 8790 350
609 2 2 2 2 7322 9239 9211
610 2 2 2 2 368 5495 5488
611 2 2 2 2 5486 5526 5413
612 2 2 2 2 428 9209 5477
613 2 2 2 2 137 9178 6417
614 2 2 2 2 368 5487 308
615 2 2 2 2 6877 9120 6875
616 2 2 2 2 5513 9285 292
617 2 2 2 2 420 9256 5476
618 2 2 2 2 437 9154 5492
619 2 2 2 2 325 8301 8300
620 2 2 2 2 8829 9243 422
621 2 2 2 2 4996 9227 9160
622 2 2 2 2 5471 9336 5525
623 2 2 2 2 5480 9303 359
624 2 2 2 2 127 7666 379
625 2 2 2 2 9100 9346 426
626 2 2 2 2 408 5667 5666
627 2 2 2 2 322 7972 313
628 2 2 2 2 14 9124 13
629 2 2 2 2 342 9252 5500
630 2 2 2 2 5518 5519 5443
631 2 2 2 2 5463 9270 439
632 2 2 2 2 8834 9232 4702
633 2 2 2 2 19 9191 7872
634 2 2 2 2 324 9114 235
635 2 2 2 2 134 9314 6525
636 2 2 2 2 128 7666 127
637 2 2 2 2 5467 9282 9229
638 2 2 2 2 5475 9251 5474
639 2 2 2 2 280 9315 9273
640 2 2 2 2 439 9306 5463
641 2 2 2 2 6525 9324 134
642 2 2 2 2 9210 9279 363
643 2 2 2 2 8778 9339 381
644 2 2 2 2 427 9384 5481
645 2 2 2 2 7664 7666 4993
646 2 2 2 2 49 9184 48
647 2 2 2 2 7601 9241 9128
648 2 2 2 2 7971 7972 322
649 2 2 2 2 234 9114 409
650 2 2 2 2 5472 9225 5464
651 2 2 2 2 401 9227 5485
652 2 2 2 2 6294 9352 385
653 2 2 2 2 6867 9274 442
654 2 2 2 2 323 9276 5507
655 2 2 2 2 4984 9260 5501
656 2 2 2 2 320 9292 8591
657 2 2 2 2 339 9230 5526
658 2 2 2 2 369 9051 85
659 2 2 2 2 5500 9335 342
660 2 2 2 2 406 5507 5503
661 2 2 2 2 8746 9111 328
662 2 2 2 2 6866 9348 418
663 2 2 2 2 418 9383 6866
664 2 2 2 2 5507 9276 5508
665 2 2 2 2 369 9342 9051
666 2 2 2 2 432 5504 5495
667 2 2 2 2 5481 9277 427
668 2 2 2 2 211 9359 5667
669 2 2 2 2 5492 9224 437
670 2 2 2 2 5467 9229 5466
671 2 2 2 2 8829 9159 5475
672 2 2 2 2 5486 9263 403
673 2 2 2 2 9191 9233 9223
674 2 2 2 2 6578 9299 377
675 2 2 2 2 402 7872 7871
676 2 2 2 2 352 9124 14
677 2 2 2 2 447 9257 5473
678 2 2 2 2 5421 9379 76
679 2 2 2 2 5455 7667 7665
680 2 2 2 2 389 9370 6835
681 2 2 2 2 9220 9297 5511
682 2 2 2 2 378 9372 5457
683 2 2 2 2 9273 9315 5434
684 2 2 2 2 5001 9166 5497
685 2 2 2 2 182 9289 8827
686 2 2 2 2 8299 8306 410
687 2 2 2 2 4512 8303 5465
688 2 2 2 2 3057 8036 8035
689 2 2 2 2 5490 9281 337
690 2 2 2 2 64 9127 63
691 2 2 2 2 5514 5515 5310
692 2 2 2 2 92 9251 9159
693 2 2 2 2 3047 7955 7952
694 2 2 2 2 442 9176 6867
695 2 2 2 2 4142 5506 5504
696 2 2 2 2 4964 6919 6918
697 2 2 2 2 4964 6918 6917
698 2 2 2 2 6880 6881 3383
699 2 2 2 2 317 5510 5509
700 2 2 2 2 7952 8740 3047
701 2 2 2 2 7548 9258 7547
702 2 2 2 2 9008 9114 324
703 2 2 2 2 8591 9146 320
704 2 2 2 2 411 9214 8734
705 2 2 2 2 6506 7011 3732
706 2 2 2 2 359 9121 5480
707 2 2 2 2 48 9184 393
708 2 2 2 2 8035 8040 3057
709 2 2 2 2 9211 9239 335
710 2 2 2 2 450 9192 9133
711 2 2 2 2 76 9190 5421
712 2 2 2 2 3380 6887 6886
713 2 2 2 2 6436 6437 2265
714 2 2 2 2 5472 9298 9225
715 2 2 2 2 8827 9364 182
716 2 2 2 2 8569 8966 369
717 2 2 2 2 6343 9216 6344
718 2 2 2 2 3047 8740 8604
719 2 2 2 2 7459 9043 3809
720 2 2 2 2 5449 5515 5514
721 2 2 2 2 5907 5908 2096
722 2 2 2 2 13 9124 433
723 2 2 2 2 5310 5516 5514
724 2 2 2 2 3367 6885 3369
725 2 2 2 2 9137 9267 5426
726 2 2 2 2 388 9250 6394
727 2 2 2 2 8301 8302 8300
728 2 2 2 2 389 6878 215
729 2 2 2 2 2894 8796 7014
730 2 2 2 2 403 9362 5486
731 2 2 2 2 2265 7009 6436
732 2 2 2 2 6571 6804 5140
733 2 2 2 2 215 6878 214
734 2 2 2 2 3380 6888 6887
735 2 2 2 2 8734 9237 411
736 2 2 2 2 448 9195 449
737 2 2 2 2 405 9376 8031
738 2 2 2 2 5512 8975 332
739 2 2 2 2 8746 8873 8745
740 2 2 2 2 5907 5911 5908
741 2 2 2 2 7873 9202 3809
742 2 2 2 2 3378 6905 3384
743 2 2 2 2 3383 6884 6880
744 2 2 2 2 8033 8041 327
745 2 2 2 2 3376 6900 6899
746 2 2 2 2 8604 8740 7942
747 2 2 2 2 367 9334 5482
748 2 2 2 2 9183 9184 49
749 2 2 2 2 5506 7325 5016
750 2 2 2 2 3357 6894 6892
751 2 2 2 2 1770 8760 1774
752 2 2 2 2 9118 9294 370
753 2 2 2 2 2265 7010 7009
754 2 2 2 2 8743 8760 1770
755 2 2 2 2 5140 6804 6619
756 2 2 2 2 5305 8742 6346
757 2 2 2 2 3380 6889 6888
758 2 2 2 2 6880 6882 6881
759 2 2 2 2 1748 8743 1770
760 2 2 2 2 8036 8037 8035
761 2 2 2 2 3455 7013 4151
762 2 2 2 2 327 8043 3
763 2 2 2 2 5635 5636 5018
764 2 2 2 2 4921 5523 4920
765 2 2 2 2 3211 6612 6611
766 2 2 2 2 9034 9266 8962
767 2 2 2 2 4988 8038 8037
768 2 2 2 2 5875 5876 2272
769 2 2 2 2 2002 7147 2083
770 2 2 2 2 6918 6920 420
771 2 2 2 2 5140 6619 2334
772 2 2 2 2 3324 8484 4146
773 2 2 2 2 3357 6895 6894
774 2 2 2 2 3332 7566 7497
775 2 2 2 2 6619 6787 2334
776 2 2 2 2 6886 6887 6872
777 2 2 2 2 337 9254 5496
778 2 2 2 2 6904 9008 4948
779 2 2 2 2 7454 7455 2307
780 2 2 2 2 5598 5599 2449
781 2 2 2 2 6393 6395 6392
782 2 2 2 2 9116 9119 9115
783 2 2 2 2 3838 6391 3836
784 2 2 2 2 5507 5508 5503
785 2 2 2 2 63 9127 356
786 2 2 2 2 3975 7646 7645
787 2 2 2 2 6986 8630 5289
788 2 2 2 2 4782 6260 4059
789 2 2 2 2 7952 7955 7953
790 2 2 2 2 6299 8647 1715
791 2 2 2 2 1754 5825 1752
792 2 2 2 2 6436 6438 6437
793 2 2 2 2 3390 7958 7957
794 2 2 2 2 2096 5909 5907
795 2 2 2 2 7146 7147 2000
796 2 2 2 2 2146 9061 2916
797 2 2 2 2 2916 9061 6408
798 2 2 2 2 8745 8873 4151
799 2 2 2 2 1978 6788 1976
800 2 2 2 2 3732 6507 6506
801 2 2 2 2 7645 8755 3975
802 2 2 2 2 1507 5738 5737
803 2 2 2 2 2272 6561 5875
804 2 2 2 2 2168 8971 6518
805 2 2 2 2 3838 6392 6391
806 2 2 2 2 308 5487 307
807 2 2 2 2 8901 9389 9164
808 2 2 2 2 3369 6885 3383
809 2 2 2 2 6392 6395 6391
810 2 2 2 2 3357 6896 6895
811 2 2 2 2 5895 5896 3064
812 2 2 2 2 5418 9246 9181
813 2 2 2 2 4643 8960 3753
814 2 2 2 2 8788 8845 4943
815 2 2 2 2 5824 5825 2093
816 2 2 2 2 6346 6613 5305
817 2 2 2 2 1726 6348 1660
818 2 2 2 2 4951 6511 5399
819 2 2 2 2 7014 8796 4428
820 2 2 2 2 2893 8796 2894
821 2 2 2 2 7865 8669 7869
822 2 2 2 2 4282 7579 6164
823 2 2 2 2 4108 7004 6999
824 2 2 2 2 3367 6886 6885
825 2 2 2 2 3975 8755 2031
826 2 2 2 2 2000 7147 2002
827 2 2 2 2 6787 6788 2334
828 2 2 2 2 5504 9269 4142
829 2 2 2 2 6518 6519 2168
830 2 2 2 2 6559 6562 2005
831 2 2 2 2 3869 8834 4702
832 2 2 2 2 6298 8647 6299
833 2 2 2 2 5523 5550 4920
834 2 2 2 2 3809 9043 7873
835 2 2 2 2 2070 6979 6962
836 2 2 2 2 1905 6949 3540
837 2 2 2 2 1581 5961 1583
838 2 2 2 2 2096 5910 5909
839 2 2 2 2 5695 9062 1627
840 2 2 2 2 5585 9064 5584
841 2 2 2 2 3384 6905 4144
842 2 2 2 2 7013 8745 4151
843 2 2 2 2 5159 6816 5733
844 2 2 2 2 1605 5963 5962
845 2 2 2 2 4510 7011 6506
846 2 2 2 2 4436 7294 4432
847 2 2 2 2 3390 7957 7956
848 2 2 2 2 3822 6905 3378
849 2 2 2 2 3213 8836 8649
850 2 2 2 2 5018 7780 5635
851 2 2 2 2 2378 7956 2376
852 2 2 2 2 5428 8881 8850
853 2 2 2 2 5635 5637 5636
854 2 2 2 2 4943 8845 8843
855 2 2 2 2 3376 6901 6900
856 2 2 2 2 2093 5825 1754
857 2 2 2 2 8901 9164 5479
858 2 2 2 2 3332 7497 3334
859 2 2 2 2 3528 6769 2657
860 2 2 2 2 7163 7185 4760
861 2 2 2 2 5916 5917 5056
862 2 2 2 2 3252 9061 2146
863 2 2 2 2 95 8790 94
864 2 2 2 2 1356 6411 1357
865 2 2 2 2 5680 5681 1457
866 2 2 2 2 5824 5826 5825
867 2 2 2 2 2334 6788 1978
868 2 2 2 2 7871 7873 7868
869 2 2 2 2 3330 7566 3332
870 2 2 2 2 6612 6613 6611
871 2 2 2 2 3550 7921 5722
872 2 2 2 2 6892 6894 6857
873 2 2 2 2 1774 8760 2199
874 2 2 2 2 4881 5585 5584
875 2 2 2 2 1999 7146 2000
876 2 2 2 2 3011 8830 8668
877 2 2 2 2 4929 6390 6389
878 2 2 2 2 7458 9043 7459
879 2 2 2 2 6854 6891 6857
880 2 2 2 2 5690 5691 5022
881 2 2 2 2 1455 6522 4630
882 2 2 2 2 7426 7428 3789
883 2 2 2 2 4633 6911 6910
884 2 2 2 2 8674 8938 4925
885 2 2 2 2 6509 6510 4950
886 2 2 2 2 3011 8668 3000
887 2 2 2 2 1627 9062 5711
888 2 2 2 2 8938 8939 8937
889 2 2 2 2 8038 8039 8037
890 2 2 2 2 1605 5961 1581
891 2 2 2 2 1747 8743 1748
892 2 2 2 2 2044 6716 6715
893 2 2 2 2 3387 7013 3455
894 2 2 2 2 8649 8836 4783
895 2 2 2 2 6511 9100 5399
896 2 2 2 2 7967 7970 7969
897 2 2 2 2 1605 5962 5961
898 2 2 2 2 6408 8767 2916
899 2 2 2 2 7945 8671 4916
900 2 2 2 2 3211 6611 2864
901 2 2 2 2 2399 5758 5757
902 2 2 2 2 411 9237 9170
903 2 2 2 2 8669 8670 7869
904 2 2 2 2 8759 8788 4943
905 2 2 2 2 4988 8037 8036
906 2 2 2 2 1627 5696 5695
907 2 2 2 2 5510 5511 5509
908 2 2 2 2 7370 7371 5315
909 2 2 2 2 6299 6586 6298
910 2 2 2 2 5513 5523 4921
911 2 2 2 2 5497 9244 5001
912 2 2 2 2 1741 5958 5957
913 2 2 2 2 4185 6804 6571
914 2 2 2 2 7941 8604 7942
915 2 2 2 2 5959 5960 5958
916 2 2 2 2 6910 8802 4633
917 2 2 2 2 5875 5877 5876
918 2 2 2 2 3542 5824 2093
919 2 2 2 2 5910 5913 5909
920 2 2 2 2 1595 5967 1575
921 2 2 2 2 4844 7574 5893
922 2 2 2 2 8835 8836 3213
923 2 2 2 2 8024 8045 3022
924 2 2 2 2 3042 8484 3324
925 2 2 2 2 8484 8866 4146
926 2 2 2 2 2242 7742 2241
927 2 2 2 2 6413 6912 4328
928 2 2 2 2 1357 6411 5560
929 2 2 2 2 8746 8874 8873
930 2 2 2 2 2880 7451 5678
931 2 2 2 2 6999 7000 4108
932 2 2 2 2 7560 7999 5247
933 2 2 2 2 6890 6891 6856
934 2 2 2 2 3021 5669 3019
935 2 2 2 2 1944 5916 5915
936 2 2 2 2 4916 8671 8670
937 2 2 2 2 3725 8722 3724
938 2 2 2 2 1593 5975 5974
939 2 2 2 2 5159 7177 6816
940 2 2 2 2 3846 7663 3025
941 2 2 2 2 7959 7960 7958
942 2 2 2 2 4925 8938 8937
943 2 2 2 2 5173 5647 5172
944 2 2 2 2 7011 7012 3732
945 2 2 2 2 7482 7484 7483
946 2 2 2 2 1154 5568 5031
947 2 2 2 2 1944 5915 5914
948 2 2 2 2 5442 9356 9142
949 2 2 2 2 2628 7401 7399
950 2 2 2 2 4987 8959 4988
951 2 2 2 2 1907 6949 1905
952 2 2 2 2 1567 5973 1569
953 2 2 2 2 5598 5600 5599
954 2 2 2 2 5461 8763 5143
955 2 2 2 2 4282 6164 4281
956 2 2 2 2 4939 8846 5059
957 2 2 2 2 3390 7959 7958
958 2 2 2 2 2065 7695 2063
959 2 2 2 2 2867 6640 6638
960 2 2 2 2 2269 8630 6986
961 2 2 2 2 8630 8872 5289
962 2 2 2 2 4059 6260 4172
963 2 2 2 2 7352 8559 7350
964 2 2 2 2 2251 7417 7238
965 2 2 2 2 5256 8878 5257
966 2 2 2 2 6388 6389 6387
967 2 2 2 2 4633 8802 1155
968 2 2 2 2 5389 8767 6409
969 2 2 2 2 3715 7583 1091
970 2 2 2 2 6351 6352 1661
971 2 2 2 2 7255 7417 2251
972 2 2 2 2 4728 7353 4602
973 2 2 2 2 5759 5760 5034
974 2 2 2 2 6899 6900 6842
975 2 2 2 2 6251 7694 2165
976 2 2 2 2 3565 7459 3809
977 2 2 2 2 1428 6048 1384
978 2 2 2 2 6838 6879 6878
979 2 2 2 2 5737 8861 1507
980 2 2 2 2 2913 7783 3024
981 2 2 2 2 6949 6950 3540
982 2 2 2 2 1733 8559 7352
983 2 2 2 2 3390 7956 2378
984 2 2 2 2 8094 8096 3548
985 2 2 2 2 1593 5973 1567
986 2 2 2 2 1741 5959 5958
987 2 2 2 2 1715 8647 7307
988 2 2 2 2 8958 8959 4987
989 2 2 2 2 7143 8904 7144
990 2 2 2 2 931 7406 929
991 2 2 2 2 4929 6389 6388
992 2 2 2 2 5191 7254 6469
993 2 2 2 2 6224 6225 4419
994 2 2 2 2 1593 5974 5973
995 2 2 2 2 3753 8960 4742
996 2 2 2 2 6638 6639 2867
997 2 2 2 2 1522 6522 1455
998 2 2 2 2 4753 8153 5952
999 2 2 2 2 2301 7862 2306
1000 2 2 2 2 6856 6891 6854
1001 2 2 2 2 3021 5676 5669
1002 2 2 2 2 3804 7469 7442
1003 2 2 2 2 5247 7999 4026
1004 2 2 2 2 3259 7052 2329
1005 2 2 2 2 1575 5967 1577
1006 2 2 2 2 5711 9062 5703
1007 2 2 2 2 6834 6903 6832
1008 2 2 2 2 5133 6076 5784
1009 2 2 2 2 4649 8669 7865
1010 2 2 2 2 6788 6790 1976
1011 2 2 2 2 4647 5534 5533
1012 2 2 2 2 5737 5738 5232
1013 2 2 2 2 8632 8633 1380
1014 2 2 2 2 935 7397 7395
1015 2 2 2 2 7455 8856 2307
1016 2 2 2 2 5516 9295 9180
1017 2 2 2 2 6558 6562 6559
1018 2 2 2 2 8835 8837 8836
1019 2 2 2 2 3064 8936 5895
1020 2 2 2 2 5895 5897 5896
1021 2 2 2 2 3536 7410 7365
1022 2 2 2 2 7256 7257 2015
1023 2 2 2 2 7694 7695 2165
1024 2 2 2 2 2245 7742 2242
1025 2 2 2 2 6954 8961 4643
1026 2 2 2 2 4923 6388 6387
1027 2 2 2 2 4108 7005 7004
1028 2 2 2 2 3139 8097 3531
1029 2 2 2 2 6897 6898 6846
1030 2 2 2 2 4950 6511 4951
1031 2 2 2 2 1594 5980 1561
1032 2 2 2 2 5401 8689 4134
1033 2 2 2 2 7085 8878 5256
1034 2 2 2 2 2069 6978 6716
1035 2 2 2 2 5756 8650 3086
1036 2 2 2 2 2123 7145 2073
1037 2 2 2 2 4163 8674 4925
1038 2 2 2 2 5908 5911 5271
1039 2 2 2 2 3875 6509 4950
1040 2 2 2 2 7646 9091 7645
1041 2 2 2 2 4753 5952 4751
1042 2 2 2 2 5713 5714 2392
1043 2 2 2 2 6590 8828 4822
1044 2 2 2 2 4988 8959 8038
1045 2 2 2 2 6825 7586 1702
1046 2 2 2 2 6467 8958 4987
1047 2 2 2 2 6463 8863 2358
1048 2 2 2 2 1660 6348 1780
1049 2 2 2 2 3320 8687 3046
1050 2 2 2 2 5930 6114 798
1051 2 2 2 2 3873 8528 4978
1052 2 2 2 2 2457 7057 3206
1053 2 2 2 2 6296 6297 4044
1054 2 2 2 2 1901 6952 2024
1055 2 2 2 2 6522 6523 4630
1056 2 2 2 2 8301 8305 8302
1057 2 2 2 2 2031 8755 1786
1058 2 2 2 2 2587 6477 1169
1059 2 2 2 2 4395 7204 7203
1060 2 2 2 2 7147 9092 2083
1061 2 2 2 2 1944 5917 5916
1062 2 2 2 2 2329 7052 2218
1063 2 2 2 2 6346 8742 4075
1064 2 2 2 2 8583 8584 3552
1065 2 2 2 2 3870 7945 4916
1066 2 2 2 2 5680 5682 5681
1067 2 2 2 2 3110 6166 6165
1068 2 2 2 2 3775 7205 4839
1069 2 2 2 2 2700 5983 1557
1070 2 2 2 2 2165 6252 6251
1071 2 2 2 2 2867 6641 6640
1072 2 2 2 2 406 5502 155
1073 2 2 2 2 5733 6816 3081
1074 2 2 2 2 4734 8858 8857
1075 2 2 2 2 3774 7640 7636
1076 2 2 2 2 5784 5919 5133
1077 2 2 2 2 5722 7921 5196
1078 2 2 2 2 5581 5582 2216
1079 2 2 2 2 1204 7421 1206
1080 2 2 2 2 8096 8097 3548
1081 2 2 2 2 5296 9092 7148
1082 2 2 2 2 7368 7370 5315
1083 2 2 2 2 4471 6314 1997
1084 2 2 2 2 5909 5913 5912
1085 2 2 2 2 2005 6562 2038
1086 2 2 2 2 5396 8957 6466
1087 2 2 2 2 5236 7658 3452
1088 2 2 2 2 1561 5980 1563
1089 2 2 2 2 4844 5893 4773
1090 2 2 2 2 2524 8839 6786
1091 2 2 2 2 1741 5957 5933
1092 2 2 2 2 6409 6746 5389
1093 2 2 2 2 2628 7406 7401
1094 2 2 2 2 3193 7348 2909
1095 2 2 2 2 7010 7011 7009
1096 2 2 2 2 5393 8948 7118
1097 2 2 2 2 927 7403 925
1098 2 2 2 2 2044 6715 6349
1099 2 2 2 2 6902 6903 6837
1100 2 2 2 2 7178 7179 1525
1101 2 2 2 2 8558 8559 1733
1102 2 2 2 2 1596 5986 1553
1103 2 2 2 2 5005 5528 5004
1104 2 2 2 2 7454 8817 7455
1105 2 2 2 2 2289 7454 2307
1106 2 2 2 2 5118 6292 5940
1107 2 2 2 2 2865 8835 3213
1108 2 2 2 2 867 7466 7465
1109 2 2 2 2 3571 7635 3573
1110 2 2 2 2 3849 8682 3323
1111 2 2 2 2 1216 8553 2168
1112 2 2 2 2 6846 6898 6844
1113 2 2 2 2 6951 8961 6954
1114 2 2 2 2 2678 8519 7992
1115 2 2 2 2 5568 5569 5031
1116 2 2 2 2 2165 7695 2065
1117 2 2 2 2 9064 9099 5584
1118 2 2 2 2 2017 7929 7135
1119 2 2 2 2 3110 6165 6017
1120 2 2 2 2 935 7403 7397
1121 2 2 2 2 4643 8961 8960
1122 2 2 2 2 4726 7294 4436
1123 2 2 2 2 4432 7294 4430
1124 2 2 2 2 2498 7393 7391
1125 2 2 2 2 2015 8653 7256
1126 2 2 2 2 1557 5983 1559
1127 2 2 2 2 5275 8810 8807
1128 2 2 2 2 1138 8865 1136
1129 2 2 2 2 5564 5650 3496
1130 2 2 2 2 6297 8648 8646
1131 2 2 2 2 2264 7086 2262
1132 2 2 2 2 1726 6349 6348
1133 2 2 2 2 5022 8808 5690
1134 2 2 2 2 3086 8650 2280
1135 2 2 2 2 4390 7126 6000
1136 2 2 2 2 1605 5965 5963
1137 2 2 2 2 8850 8881 4713
1138 2 2 2 2 6859 6890 6856
1139 2 2 2 2 3247 7804 7803
1140 2 2 2 2 7353 7977 4602
1141 2 2 2 2 6067 6068 5071
1142 2 2 2 2 1889 7133 7132
1143 2 2 2 2 5133 5919 3944
1144 2 2 2 2 3193 7349 7348
1145 2 2 2 2 8230 9098 5984
1146 2 2 2 2 5965 5966 5963
1147 2 2 2 2 386 9365 8782
1148 2 2 2 2 8700 8909 1116
1149 2 2 2 2 3611 7433 3613
1150 2 2 2 2 7200 7201 4449
1151 2 2 2 2 5772 5777 5038
1152 2 2 2 2 3789 7429 7426
1153 2 2 2 2 3774 7636 7635
1154 2 2 2 2 6394 9293 388
1155 2 2 2 2 5771 5777 5772
1156 2 2 2 2 5393 7118 4232
1157 2 2 2 2 2657 6769 2659
1158 2 2 2 2 4760 7185 4759
1159 2 2 2 2 3662 8552 6931
1160 2 2 2 2 8089 8091 3141
1161 2 2 2 2 7862 7863 2306
1162 2 2 2 2 4668 7461 7460
1163 2 2 2 2 5575 5576 3492
1164 2 2 2 2 9237 9262 9170
1165 2 2 2 2 8807 8810 2352
1166 2 2 2 2 4081 6279 3226
1167 2 2 2 2 7314 7591 1241
1168 2 2 2 2 1622 5993 1547
1169 2 2 2 2 6724 6726 3300
1170 2 2 2 2 1457 7785 5680
1171 2 2 2 2 3052 7145 2123
1172 2 2 2 2 1595 5968 5967
1173 2 2 2 2 1963 8132 1964
1174 2 2 2 2 2398 5773 1251
1175 2 2 2 2 3785 8547 4847
1176 2 2 2 2 5757 5758 4465
1177 2 2 2 2 3399 7566 3330
1178 2 2 2 2 7742 7743 2241
1179 2 2 2 2 1553 5986 1555
1180 2 2 2 2 4104 7433 3611
1181 2 2 2 2 1045 6628 1046
1182 2 2 2 2 4825 7669 4805
1183 2 2 2 2 2954 8105 2956
1184 2 2 2 2 2049 6975 2047
1185 2 2 2 2 6595 6605 6598
1186 2 2 2 2 1958 6010 1956
1187 2 2 2 2 4305 5566 4300
1188 2 2 2 2 1096 5568 1154
1189 2 2 2 2 7057 9021 3206
1190 2 2 2 2 1924 5691 5690
1191 2 2 2 2 1976 6790 1778
1192 2 2 2 2 8229 9098 8230
1193 2 2 2 2 2634 9089 6277
1194 2 2 2 2 4655 7602 7600
1195 2 2 2 2 3000 8668 2998
1196 2 2 2 2 6706 6708 6703
1197 2 2 2 2 6837 6903 6834
1198 2 2 2 2 3849 8813 8682
1199 2 2 2 2 4104 7434 7433
1200 2 2 2 2 6017 6018 3110
1201 2 2 2 2 5173 7787 5647
1202 2 2 2 2 6356 7583 3715
1203 2 2 2 2 3548 8097 3139
1204 2 2 2 2 5124 6734 6730
1205 2 2 2 2 4935 6268 5001
1206 2 2 2 2 2898 5996 1543
1207 2 2 2 2 6516 7023 4383
1208 2 2 2 2 4720 7302 7301
1209 2 2 2 2 929 7406 2628
1210 2 2 2 2 3425 5865 3427
1211 2 2 2 2 2790 6104 6103
1212 2 2 2 2 1254 5770 1252
1213 2 2 2 2 4601 6768 4994
1214 2 2 2 2 3774 7635 3571
1215 2 2 2 2 6316 6317 4258
1216 2 2 2 2 923 7404 920
1217 2 2 2 2 5405 7667 7319
1218 2 2 2 2 6163 7475 5100
1219 2 2 2 2 3550 5722 4219
1220 2 2 2 2 5977 5978 5975
1221 2 2 2 2 3564 8817 7453
1222 2 2 2 2 5621 5624 5618
1223 2 2 2 2 6276 8908 4819
1224 2 2 2 2 6803 9110 3370
1225 2 2 2 2 2874 7126 4390
1226 2 2 2 2 4639 7740 6471
1227 2 2 2 2 5331 8279 7839
1228 2 2 2 2 5678 5679 2880
1229 2 2 2 2 6599 6601 6596
1230 2 2 2 2 6569 9086 4370
1231 2 2 2 2 1669 5653 5652
1232 2 2 2 2 1922 5608 5607
1233 2 2 2 2 5912 5913 4250
1234 2 2 2 2 3573 7635 7633
1235 2 2 2 2 6542 9023 7366
1236 2 2 2 2 8813 8815 8814
1237 2 2 2 2 1594 5981 5980
1238 2 2 2 2 2873 6606 2875
1239 2 2 2 2 5315 9073 7368
1240 2 2 2 2 1543 5996 1545
1241 2 2 2 2 2498 7404 7393
1242 2 2 2 2 5163 6372 5162
1243 2 2 2 2 6311 6314 4471
1244 2 2 2 2 2053 6965 2051
1245 2 2 2 2 1680 6063 6062
1246 2 2 2 2 6976 6978 2069
1247 2 2 2 2 5757 9082 2399
1248 2 2 2 2 6707 6708 6706
1249 2 2 2 2 1593 5977 5975
1250 2 2 2 2 5040 8680 5094
1251 2 2 2 2 5652 5934 1669
1252 2 2 2 2 1752 5825 2449
1253 2 2 2 2 6374 8636 1418
1254 2 2 2 2 5864 5866 5865
1255 2 2 2 2 2370 8604 7941
1256 2 2 2 2 2108 6572 2105
1257 2 2 2 2 3012 7124 3718
1258 2 2 2 2 8528 8972 4978
1259 2 2 2 2 7642 7643 5814
1260 2 2 2 2 4639 6471 4641
1261 2 2 2 2 8678 9036 8679
1262 2 2 2 2 7124 8853 3718
1263 2 2 2 2 3860 7961 7960
1264 2 2 2 2 1367 6411 1356
1265 2 2 2 2 6848 6897 6846
1266 2 2 2 2 5038 7039 4612
1267 2 2 2 2 4104 9006 7434
1268 2 2 2 2 4408 7019 6793
1269 2 2 2 2 7599 7603 4653
1270 2 2 2 2 6798 6799 4743
1271 2 2 2 2 2845 6668 6667
1272 2 2 2 2 7443 7446 7445
1273 2 2 2 2 6773 7721 2636
1274 2 2 2 2 8530 9097 8531
1275 2 2 2 2 6026 6027 4535
1276 2 2 2 2 391 9287 7968
1277 2 2 2 2 1659 6351 1661
1278 2 2 2 2 5851 8990 5870
1279 2 2 2 2 5607 9057 1922
1280 2 2 2 2 6025 6027 6026
1281 2 2 2 2 2316 6953 2912
1282 2 2 2 2 6341 6343 6342
1283 2 2 2 2 7572 7575 4247
1284 2 2 2 2 1702 6826 6825
1285 2 2 2 2 3573 7633 3575
1286 2 2 2 2 5308 8884 6801
1287 2 2 2 2 4245 7560 5852
1288 2 2 2 2 5623 9047 9026
1289 2 2 2 2 925 7403 935
1290 2 2 2 2 7386 7402 7388
1291 2 2 2 2 3860 7960 7959
1292 2 2 2 2 2861 6296 4044
1293 2 2 2 2 3011 8851 8830
1294 2 2 2 2 5852 7560 5247
1295 2 2 2 2 6573 9078 3964
1296 2 2 2 2 6014 8902 2007
1297 2 2 2 2 6911 6912 6910
1298 2 2 2 2 3382 7496 6831
1299 2 2 2 2 2700 5984 5983
1300 2 2 2 2 3685 7347 7346
1301 2 2 2 2 3559 7200 4449
1302 2 2 2 2 6136 6138 3286
1303 2 2 2 2 443 9127 64
1304 2 2 2 2 8553 8971 2168
1305 2 2 2 2 2845 6667 6665
1306 2 2 2 2 1594 5982 5981
1307 2 2 2 2 4274 5916 5056
1308 2 2 2 2 6962 6979 6963
1309 2 2 2 2 6124 6126 2554
1310 2 2 2 2 2974 7815 4035
1311 2 2 2 2 1453 6143 6142
1312 2 2 2 2 8704 8772 6249
1313 2 2 2 2 7639 7640 6287
1314 2 2 2 2 3019 5669 3327
1315 2 2 2 2 3283 7932 7931
1316 2 2 2 2 4728 7354 7353
1317 2 2 2 2 5302 8722 3725
1318 2 2 2 2 5678 7451 5024
1319 2 2 2 2 2636 7721 796
1320 2 2 2 2 798 5931 5930
1321 2 2 2 2 4042 7410 3537
1322 2 2 2 2 2400 5775 5774
1323 2 2 2 2 5191 7610 7254
1324 2 2 2 2 4408 6793 4410
1325 2 2 2 2 7465 7468 867
1326 2 2 2 2 3025 7663 2395
1327 2 2 2 2 7016 7663 3846
1328 2 2 2 2 5769 5770 1257
1329 2 2 2 2 8909 8914 1116
1330 2 2 2 2 6400 6401 2709
1331 2 2 2 2 7115 7119 7117
1332 2 2 2 2 1444 5816 1447
1333 2 2 2 2 9008 9009 4948
1334 2 2 2 2 4200 7091 5402
1335 2 2 2 2 2151 8024 3022
1336 2 2 2 2 5124 8599 6734
1337 2 2 2 2 8091 8105 3141
1338 2 2 2 2 6707 7180 6709
1339 2 2 2 2 6276 8911 8908
1340 2 2 2 2 6966 6974 2907
1341 2 2 2 2 6351 6353 6352
1342 2 2 2 2 2047 6975 2069
1343 2 2 2 2 1080 8585 2039
1344 2 2 2 2 4836 7130 7129
1345 2 2 2 2 5143 8763 4915
1346 2 2 2 2 3789 7430 7429
1347 2 2 2 2 7010 7012 7011
1348 2 2 2 2 6052 6800 4715
1349 2 2 2 2 922 7402 7386
1350 2 2 2 2 5297 7504 2032
1351 2 2 2 2 4323 6258 6257
1352 2 2 2 2 7164 7998 4450
1353 2 2 2 2 4504 6473 5821
1354 2 2 2 2 8691 8692 4933
1355 2 2 2 2 7342 9006 4104
1356 2 2 2 2 2898 5998 5997
1357 2 2 2 2 7466 7467 7465
1358 2 2 2 2 5870 8990 5869
1359 2 2 2 2 7591 7592 1241
1360 2 2 2 2 1596 5987 5986
1361 2 2 2 2 3226 6279 2923
1362 2 2 2 2 2091 6808 6806
1363 2 2 2 2 3552 8950 8583
1364 2 2 2 2 1359 7892 5747
1365 2 2 2 2 2898 5997 5996
1366 2 2 2 2 2571 6024 2569
1367 2 2 2 2 1092 8558 1733
1368 2 2 2 2 1428 6049 6048
1369 2 2 2 2 1595 5969 5968
1370 2 2 2 2 4907 7681 7680
1371 2 2 2 2 1155 8802 1223
1372 2 2 2 2 7073 7074 3168
1373 2 2 2 2 1091 7583 1162
1374 2 2 2 2 6707 6709 6708
1375 2 2 2 2 753 6957 752
1376 2 2 2 2 4678 8127 3195
1377 2 2 2 2 4389 5717 5693
1378 2 2 2 2 7139 7142 4079
1379 2 2 2 2 4274 5918 5916
1380 2 2 2 2 4475 6309 4473
1381 2 2 2 2 2051 6965 2907
1382 2 2 2 2 6840 6902 6837
1383 2 2 2 2 1692 5760 5759
1384 2 2 2 2 5236 7824 7658
1385 2 2 2 2 7636 7640 7639
1386 2 2 2 2 4072 6037 4892
1387 2 2 2 2 477 8818 480
1388 2 2 2 2 5528 5529 5004
1389 2 2 2 2 4799 6066 4798
1390 2 2 2 2 5732 7745 5731
1391 2 2 2 2 4612 7067 4411
1392 2 2 2 2 1547 5993 1549
1393 2 2 2 2 1590 7001 1588
1394 2 2 2 2 6298 6586 4044
1395 2 2 2 2 2463 7459 3565
1396 2 2 2 2 1384 6048 1420
1397 2 2 2 2 5290 8876 8804
1398 2 2 2 2 4804 8828 6590
1399 2 2 2 2 7238 7417 7239
1400 2 2 2 2 1662 5866 5864
1401 2 2 2 2 3802 7783 2913
1402 2 2 2 2 7783 8953 3024
1403 2 2 2 2 2700 5985 5984
1404 2 2 2 2 3259 7053 7052
1405 2 2 2 2 4655 7600 7599
1406 2 2 2 2 6803 9102 5964
1407 2 2 2 2 918 7408 916
1408 2 2 2 2 7205 7206 4839
1409 2 2 2 2 5165 7037 5778
1410 2 2 2 2 7424 9081 7425
1411 2 2 2 2 4521 8517 8516
1412 2 2 2 2 7432 9104 7431
1413 2 2 2 2 2873 6607 6606
1414 2 2 2 2 6998 7002 7001
1415 2 2 2 2 7427 7428 7426
1416 2 2 2 2 6148 9020 1307
1417 2 2 2 2 5941 5942 4502
1418 2 2 2 2 2845 6664 917
1419 2 2 2 2 7958 7967 7957
1420 2 2 2 2 2326 8766 6729
1421 2 2 2 2 7453 8817 7454
1422 2 2 2 2 5863 5864 4226
1423 2 2 2 2 5823 5826 5824
1424 2 2 2 2 922 7386 7384
1425 2 2 2 2 2844 8053 8052
1426 2 2 2 2 7928 7929 2017
1427 2 2 2 2 8495 8929 5360
1428 2 2 2 2 2107 5712 2109
1429 2 2 2 2 6443 6532 5318
1430 2 2 2 2 1993 7928 1892
1431 2 2 2 2 6140 6144 4289
1432 2 2 2 2 6575 8697 2442
1433 2 2 2 2 2900 7542 6797
1434 2 2 2 2 7201 7208 7203
1435 2 2 2 2 7039 7067 4612
1436 2 2 2 2 4293 7193 7192
1437 2 2 2 2 4421 6224 4419
1438 2 2 2 2 5286 7530 7529
1439 2 2 2 2 6716 9086 6715
1440 2 2 2 2 2487 7208 7201
1441 2 2 2 2 6209 6223 5134
1442 2 2 2 2 6340 6341 4139
1443 2 2 2 2 6142 6594 1453
1444 2 2 2 2 7159 7161 5287
1445 2 2 2 2 909 6671 911
1446 2 2 2 2 3017 6225 6224
1447 2 2 2 2 6474 7303 1616
1448 2 2 2 2 830 6781 6779
1449 2 2 2 2 2530 6995 6337
1450 2 2 2 2 2524 6786 2522
1451 2 2 2 2 3548 8105 8094
1452 2 2 2 2 7483 8697 7482
1453 2 2 2 2 2376 7956 7955
1454 2 2 2 2 5617 9048 5619
1455 2 2 2 2 6723 6724 3300
1456 2 2 2 2 7449 9066 5976
1457 2 2 2 2 4850 7310 7309
1458 2 2 2 2 6475 8968 8586
1459 2 2 2 2 7534 7535 4801
1460 2 2 2 2 8609 8848 8847
1461 2 2 2 2 7620 7621 3791
1462 2 2 2 2 3771 5581 2216
1463 2 2 2 2 484 8612 803
1464 2 2 2 2 7159 7160 3763
1465 2 2 2 2 5563 6410 5561
1466 2 2 2 2 6312 6442 5089
1467 2 2 2 2 920 7404 2498
1468 2 2 2 2 815 6094 783
1469 2 2 2 2 7681 7682 7680
1470 2 2 2 2 4648 7861 3629
1471 2 2 2 2 7402 7408 7388
1472 2 2 2 2 6464 8831 6462
1473 2 2 2 2 2303 7862 2301
1474 2 2 2 2 895 8054 897
1475 2 2 2 2 5762 5769 1257
1476 2 2 2 2 2091 6806 6069
1477 2 2 2 2 6336 8838 2551
1478 2 2 2 2 1596 5988 5987
1479 2 2 2 2 8678 8679 5039
1480 2 2 2 2 7999 8000 4026
1481 2 2 2 2 5191 6469 3598
1482 2 2 2 2 5331 7839 3746
1483 2 2 2 2 5747 7892 5748
1484 2 2 2 2 6050 6051 4768
1485 2 2 2 2 6453 8870 6452
1486 2 2 2 2 2880 5679 2878
1487 2 2 2 2 6469 6505 3598
1488 2 2 2 2 1180 5871 1307
1489 2 2 2 2 1782 6161 1438
1490 2 2 2 2 5784 6076 3436
1491 2 2 2 2 4885 7444 7443
1492 2 2 2 2 2029 7815 2974
1493 2 2 2 2 3440 7593 5830
1494 2 2 2 2 3598 6505 4046
1495 2 2 2 2 6631 6632 3782
1496 2 2 2 2 7127 8851 3011
1497 2 2 2 2 5887 5888 4889
1498 2 2 2 2 7399 7403 2628
1499 2 2 2 2 7121 7123 5356
1500 2 2 2 2 5356 7123 5355
1501 2 2 2 2 2154 8046 3033
1502 2 2 2 2 1172 8632 1380
1503 2 2 2 2 8632 8634 8633
1504 2 2 2 2 6582 9063 6412
1505 2 2 2 2 7503 7504 5297
1506 2 2 2 2 4518 6912 6413
1507 2 2 2 2 1257 5770 1254
1508 2 2 2 2 7548 9126 334
1509 2 2 2 2 7331 7332 7330
1510 2 2 2 2 2009 9049 5625
1511 2 2 2 2 3492 5651 5575
1512 2 2 2 2 2462 7890 7889
1513 2 2 2 2 2624 7544 2623
1514 2 2 2 2 1008 6725 1009
1515 2 2 2 2 6259 9069 6334
1516 2 2 2 2 4177 8587 4999
1517 2 2 2 2 8016 8017 8015
1518 2 2 2 2 6962 6964 2070
1519 2 2 2 2 4983 6454 4981
1520 2 2 2 2 6135 6137 4358
1521 2 2 2 2 909 6672 6671
1522 2 2 2 2 6023 6024 2574
1523 2 2 2 2 2530 6337 2528
1524 2 2 2 2 4134 8689 5021
1525 2 2 2 2 5424 8042 8039
1526 2 2 2 2 6584 6754 1063
1527 2 2 2 2 2537 6192 2536
1528 2 2 2 2 967 6782 813
1529 2 2 2 2 5292 7359 5293
1530 2 2 2 2 1202 5870 5869
1531 2 2 2 2 8025 8045 8024
1532 2 2 2 2 3537 7410 3536
1533 2 2 2 2 756 6957 753
1534 2 2 2 2 4730 5954 4708
1535 2 2 2 2 959 8533 8055
1536 2 2 2 2 3141 8105 2954
1537 2 2 2 2 2426 7164 4450
1538 2 2 2 2 8692 8715 4933
1539 2 2 2 2 5713 5715 5714
1540 2 2 2 2 8785 8805 3880
1541 2 2 2 2 899 8051 901
1542 2 2 2 2 5105 5904 5106
1543 2 2 2 2 3060 8744 4667
1544 2 2 2 2 7470 8522 3056
1545 2 2 2 2 8680 8681 5094
1546 2 2 2 2 2464 6228 779
1547 2 2 2 2 4891 8958 6467
1548 2 2 2 2 1298 7152 6111
1549 2 2 2 2 6406 9091 6407
1550 2 2 2 2 5871 6148 1307
1551 2 2 2 2 6278 6280 2634
1552 2 2 2 2 2916 8767 8765
1553 2 2 2 2 4443 7316 6938
1554 2 2 2 2 8765 8767 8766
1555 2 2 2 2 5231 7522 7517
1556 2 2 2 2 5769 5771 5770
1557 2 2 2 2 3470 7188 4286
1558 2 2 2 2 6353 7729 4444
1559 2 2 2 2 7360 7362 5293
1560 2 2 2 2 7006 9068 1767
1561 2 2 2 2 4464 8869 5003
1562 2 2 2 2 7157 7159 5287
1563 2 2 2 2 4634 8687 3320
1564 2 2 2 2 3046 8687 3044
1565 2 2 2 2 3489 5617 5616
1566 2 2 2 2 7927 7930 7929
1567 2 2 2 2 6277 6278 2634
1568 2 2 2 2 1323 9105 9096
1569 2 2 2 2 7144 7145 7143
1570 2 2 2 2 3268 8528 3873
1571 2 2 2 2 6003 6004 5995
1572 2 2 2 2 1085 8700 1116
1573 2 2 2 2 5047 6451 6212
1574 2 2 2 2 4892 6038 4896
1575 2 2 2 2 7368 9073 7365
1576 2 2 2 2 1801 7253 1988
1577 2 2 2 2 4872 8859 5381
1578 2 2 2 2 2311 8153 5894
1579 2 2 2 2 7559 9077 9059
1580 2 2 2 2 6247 8704 6249
1581 2 2 2 2 2709 8462 6400
1582 2 2 2 2 2392 8757 5713
1583 2 2 2 2 6968 6969 6963
1584 2 2 2 2 6257 6258 5182
1585 2 2 2 2 4881 5586 5585
1586 2 2 2 2 4655 7599 4653
1587 2 2 2 2 4155 7448 5006
1588 2 2 2 2 4051 8211 8210
1589 2 2 2 2 3771 5583 5581
1590 2 2 2 2 6683 6685 3709
1591 2 2 2 2 8779 8780 5127
1592 2 2 2 2 8085 8087 3167
1593 2 2 2 2 3763 7161 7159
1594 2 2 2 2 7160 8673 3763
1595 2 2 2 2 6972 7693 4291
1596 2 2 2 2 1564 7854 1761
1597 2 2 2 2 6720 6722 4738
1598 2 2 2 2 1169 6477 1171
1599 2 2 2 2 7188 7189 4286
1600 2 2 2 2 963 8550 3662
1601 2 2 2 2 6723 6725 4736
1602 2 2 2 2 466 7441 468
1603 2 2 2 2 1922 9057 8289
1604 2 2 2 2 712 7317 6984
1605 2 2 2 2 1418 6504 6374
1606 2 2 2 2 6481 6503 6488
1607 2 2 2 2 4791 7933 7932
1608 2 2 2 2 6409 8767 6408
1609 2 2 2 2 8813 8814 4998
1610 2 2 2 2 5976 9066 5974
1611 2 2 2 2 2844 8052 8051
1612 2 2 2 2 7421 9015 1206
1613 2 2 2 2 4734 8857 4695
1614 2 2 2 2 8857 8858 2635
1615 2 2 2 2 1450 8911 6291
1616 2 2 2 2 6069 6070 2091
1617 2 2 2 2 4504 6162 5943
1618 2 2 2 2 4375 7031 4716
1619 2 2 2 2 1125 6362 1126
1620 2 2 2 2 2210 6456 2335
1621 2 2 2 2 1997 6314 1773
1622 2 2 2 2 1226 7421 1204
1623 2 2 2 2 1407 5867 1662
1624 2 2 2 2 2950 8113 2952
1625 2 2 2 2 3473 6312 5089
1626 2 2 2 2 3140 7414 2957
1627 2 2 2 2 6288 6289 1544
1628 2 2 2 2 7003 9076 7436
1629 2 2 2 2 3471 6444 2958
1630 2 2 2 2 2587 8968 6477
1631 2 2 2 2 5129 6470 6364
1632 2 2 2 2 3452 7658 1288
1633 2 2 2 2 1988 7253 7252
1634 2 2 2 2 5839 8761 2908
1635 2 2 2 2 5287 8892 7157
1636 2 2 2 2 5315 7371 5313
1637 2 2 2 2 3487 5615 3490
1638 2 2 2 2 1231 5850 5849
1639 2 2 2 2 3454 5918 4274
1640 2 2 2 2 7427 7436 7435
1641 2 2 2 2 6779 8518 830
1642 2 2 2 2 4881 5583 3771
1643 2 2 2 2 3379 7044 3374
1644 2 2 2 2 3774 7641 7640
1645 2 2 2 2 5763 7780 5018
1646 2 2 2 2 6703 6704 4028
1647 2 2 2 2 5940 6292 4261
1648 2 2 2 2 4305 5558 5557
1649 2 2 2 2 7371 7405 1671
1650 2 2 2 2 5534 5536 5533
1651 2 2 2 2 6891 6893 6857
1652 2 2 2 2 7856 7857 5342
1653 2 2 2 2 7370 7405 7371
1654 2 2 2 2 2351 6512 6262
1655 2 2 2 2 7395 7404 935
1656 2 2 2 2 6192 6197 2536
1657 2 2 2 2 3107 6600 2453
1658 2 2 2 2 6765 6766 4724
1659 2 2 2 2 3056 8522 2235
1660 2 2 2 2 5863 5868 5864
1661 2 2 2 2 8120 8121 1739
1662 2 2 2 2 4487 7800 6369
1663 2 2 2 2 8780 8781 5128
1664 2 2 2 2 6135 6136 3286
1665 2 2 2 2 5954 5955 4708
1666 2 2 2 2 5546 5547 5544
1667 2 2 2 2 3472 8410 8409
1668 2 2 2 2 6696 6697 6695
1669 2 2 2 2 3715 8623 7258
1670 2 2 2 2 1230 7178 1525
1671 2 2 2 2 7178 7181 7179
1672 2 2 2 2 5579 5580 4207
1673 2 2 2 2 6466 6467 5396
1674 2 2 2 2 3223 9016 8349
1675 2 2 2 2 3890 5708 5707
1676 2 2 2 2 7618 8020 5199
1677 2 2 2 2 3111 8573 3112
1678 2 2 2 2 4891 6465 3256
1679 2 2 2 2 7543 7544 2670
1680 2 2 2 2 2844 8051 899
1681 2 2 2 2 4783 8836 4782
1682 2 2 2 2 2393 5705 5704
1683 2 2 2 2 710 6739 725
1684 2 2 2 2 7669 9109 965
1685 2 2 2 2 3973 6546 6545
1686 2 2 2 2 5559 5566 4305
1687 2 2 2 2 8793 8794 476
1688 2 2 2 2 2495 8661 7467
1689 2 2 2 2 3711 7435 3713
1690 2 2 2 2 7917 7918 4552
1691 2 2 2 2 6996 6997 1772
1692 2 2 2 2 7337 9006 7342
1693 2 2 2 2 5279 8863 6463
1694 2 2 2 2 4552 8200 7917
1695 2 2 2 2 5936 8833 2920
1696 2 2 2 2 1814 8131 1817
1697 2 2 2 2 5608 5634 5607
1698 2 2 2 2 2291 7454 2289
1699 2 2 2 2 5027 5677 5025
1700 2 2 2 2 4728 7355 7354
1701 2 2 2 2 7445 7446 4129
1702 2 2 2 2 5657 5659 3327
1703 2 2 2 2 5809 8676 5065
1704 2 2 2 2 9012 9094 7434
1705 2 2 2 2 430 9253 5518
1706 2 2 2 2 7632 8619 7631
1707 2 2 2 2 3685 7346 7344
1708 2 2 2 2 779 6228 781
1709 2 2 2 2 2162 7696 2663
1710 2 2 2 2 8831 8832 6462
1711 2 2 2 2 3323 8682 3321
1712 2 2 2 2 8098 8931 8097
1713 2 2 2 2 775 6232 6231
1714 2 2 2 2 5118 6307 6292
1715 2 2 2 2 5647 5648 5172
1716 2 2 2 2 6136 9078 6573
1717 2 2 2 2 1215 8553 1216
1718 2 2 2 2 1450 6291 1448
1719 2 2 2 2 769 6115 768
1720 2 2 2 2 6426 6742 6425
1721 2 2 2 2 6820 9031 870
1722 2 2 2 2 5120 6378 6377
1723 2 2 2 2 6384 8594 4735
1724 2 2 2 2 6262 7007 2351
1725 2 2 2 2 3325 7598 7597
1726 2 2 2 2 4113 7728 4840
1727 2 2 2 2 857 8601 7717
1728 2 2 2 2 2660 7213 7210
1729 2 2 2 2 7106 7107 7105
1730 2 2 2 2 4071 6037 4072
1731 2 2 2 2 2574 6024 2571
1732 2 2 2 2 3283 7931 7930
1733 2 2 2 2 6937 7071 5249
1734 2 2 2 2 4615 7581 7128
1735 2 2 2 2 6164 7579 2313
1736 2 2 2 2 9026 9047 4322
1737 2 2 2 2 3533 7414 3140
1738 2 2 2 2 1182 8865 1138
1739 2 2 2 2 1136 8865 8297
1740 2 2 2 2 5944 5945 2481
1741 2 2 2 2 2132 5656 5655
1742 2 2 2 2 8087 8113 3167
1743 2 2 2 2 5621 5625 5624
1744 2 2 2 2 2262 7086 2450
1745 2 2 2 2 5963 5964 5962
1746 2 2 2 2 1046 6628 1103
1747 2 2 2 2 5009 5650 5564
1748 2 2 2 2 6601 6603 6596
1749 2 2 2 2 4863 8494 4861
1750 2 2 2 2 6397 6398 5126
1751 2 2 2 2 7084 8858 5300
1752 2 2 2 2 6899 9067 3376
1753 2 2 2 2 2280 8650 2281
1754 2 2 2 2 2282 7086 2264
1755 2 2 2 2 7207 8607 8513
1756 2 2 2 2 6497 6498 3016
1757 2 2 2 2 5754 5755 4467
1758 2 2 2 2 895 8055 8054
1759 2 2 2 2 4487 6369 4489
1760 2 2 2 2 4328 6414 6413
1761 2 2 2 2 7803 7804 4878
1762 2 2 2 2 3247 7803 7531
1763 2 2 2 2 4799 6068 6067
1764 2 2 2 2 3863 6967 3865
1765 2 2 2 2 4361 7729 6353
1766 2 2 2 2 6559 6560 6558
1767 2 2 2 2 5919 6131 3944
1768 2 2 2 2 2640 7995 1909
1769 2 2 2 2 6700 6702 6694
1770 2 2 2 2 3890 5707 5706
1771 2 2 2 2 5823 7326 4254
1772 2 2 2 2 7438 7447 7446
1773 2 2 2 2 916 7408 7402
1774 2 2 2 2 8549 8550 993
1775 2 2 2 2 2583 7800 6339
1776 2 2 2 2 4877 6112 4879
1777 2 2 2 2 2201 5549 4203
1778 2 2 2 2 1641 5730 5729
1779 2 2 2 2 6466 8957 3319
1780 2 2 2 2 691 6420 689
1781 2 2 2 2 5142 6253 5144
1782 2 2 2 2 4667 8744 8717
1783 2 2 2 2 3853 8691 4933
1784 2 2 2 2 6023 6025 6024
1785 2 2 2 2 6037 6038 4892
1786 2 2 2 2 2393 5704 2394
1787 2 2 2 2 1451 6597 1464
1788 2 2 2 2 5424 8039 8038
1789 2 2 2 2 4668 7460 3881
1790 2 2 2 2 3747 6644 4717
1791 2 2 2 2 8624 8950 3552
1792 2 2 2 2 3781 6637 4723
1793 2 2 2 2 6455 6456 3027
1794 2 2 2 2 484 8820 8612
1795 2 2 2 2 7115 7117 7116
1796 2 2 2 2 7701 7702 1888
1797 2 2 2 2 6938 7316 3189
1798 2 2 2 2 4604 6056 5081
1799 2 2 2 2 6051 7420 6052
1800 2 2 2 2 4226 5865 3425
1801 2 2 2 2 7608 7609 7607
1802 2 2 2 2 6939 6940 6673
1803 2 2 2 2 2845 6665 6664
1804 2 2 2 2 3141 8113 8089
1805 2 2 2 2 4207 5582 5581
1806 2 2 2 2 7838 7856 5342
1807 2 2 2 2 4769 6050 4768
1808 2 2 2 2 4336 6508 2987
1809 2 2 2 2 7315 8652 1123
1810 2 2 2 2 2260 7040 2263
1811 2 2 2 2 2079 8132 1963
1812 2 2 2 2 1964 8132 7311
1813 2 2 2 2 3489 5616 5615
1814 2 2 2 2 8652 8653 8651
1815 2 2 2 2 3787 8547 3785
1816 2 2 2 2 3490 5615 5612
1817 2 2 2 2 7203 7208 4395
1818 2 2 2 2 2196 9085 5628
1819 2 2 2 2 5093 6128 3946
1820 2 2 2 2 4518 8791 6909
1821 2 2 2 2 7391 7408 2498
1822 2 2 2 2 7442 7444 3804
1823 2 2 2 2 4367 6473 4504
1824 2 2 2 2 4125 6916 6418
1825 2 2 2 2 9191 9223 7872
1826 2 2 2 2 5227 8414 8413
1827 2 2 2 2 4805 7669 7140
1828 2 2 2 2 1265 7740 6794
1829 2 2 2 2 7185 7186 4759
1830 2 2 2 2 5071 6581 6067
1831 2 2 2 2 6826 8598 5306
1832 2 2 2 2 1782 6162 6161
1833 2 2 2 2 7443 7444 7442
1834 2 2 2 2 6689 6696 6693
1835 2 2 2 2 3653 7502 7500
1836 2 2 2 2 7256 7258 7257
1837 2 2 2 2 4544 7660 6130
1838 2 2 2 2 7500 7502 7501
1839 2 2 2 2 2092 6010 1958
1840 2 2 2 2 1784 7501 1686
1841 2 2 2 2 6334 9069 6333
1842 2 2 2 2 4300 5566 4298
1843 2 2 2 2 5044 7591 7314
1844 2 2 2 2 8548 9103 892
1845 2 2 2 2 460 5532 2496
1846 2 2 2 2 8039 8042 8041
1847 2 2 2 2 6340 8782 6341
1848 2 2 2 2 5401 8975 8689
1849 2 2 2 2 7067 7068 4411
1850 2 2 2 2 4304 9036 8678
1851 2 2 2 2 2355 6821 2360
1852 2 2 2 2 6554 9000 6304
1853 2 2 2 2 3265 7053 3259
1854 2 2 2 2 8679 9035 1756
1855 2 2 2 2 4208 5638 5233
1856 2 2 2 2 5127 8780 5128
1857 2 2 2 2 5856 5863 4226
1858 2 2 2 2 4406 7537 7019
1859 2 2 2 2 965 7406 931
1860 2 2 2 2 8114 8115 2897
1861 2 2 2 2 6720 6727 6722
1862 2 2 2 2 2325 6728 2456
1863 2 2 2 2 5744 5765 5742
1864 2 2 2 2 6710 6711 3301
1865 2 2 2 2 7714 9093 9024
1866 2 2 2 2 4449 7205 3775
1867 2 2 2 2 9059 9077 7265
1868 2 2 2 2 4350 6828 3512
1869 2 2 2 2 4736 6725 1008
1870 2 2 2 2 5039 8680 5040
1871 2 2 2 2 8049 8058 4624
1872 2 2 2 2 8050 8058 8049
1873 2 2 2 2 2593 7382 7380
1874 2 2 2 2 5080 6018 6017
1875 2 2 2 2 5625 9049 5624
1876 2 2 2 2 2302 7177 2304
1877 2 2 2 2 3836 6391 4929
1878 2 2 2 2 2277 5712 2107
1879 2 2 2 2 4139 6345 4075
1880 2 2 2 2 8562 9087 1550
1881 2 2 2 2 5628 9085 5620
1882 2 2 2 2 6913 7743 7741
1883 2 2 2 2 1622 5994 5993
1884 2 2 2 2 6294 6295 5422
1885 2 2 2 2 1209 7536 3553
1886 2 2 2 2 8869 8965 5003
1887 2 2 2 2 5939 6316 4258
1888 2 2 2 2 7932 7933 7931
1889 2 2 2 2 5814 7643 5048
1890 2 2 2 2 3751 7247 3738
1891 2 2 2 2 6133 6134 4360
1892 2 2 2 2 6114 6115 798
1893 2 2 2 2 2670 7544 2624
1894 2 2 2 2 3823 6340 4139
1895 2 2 2 2 6641 6642 6640
1896 2 2 2 2 3500 5602 4204
1897 2 2 2 2 3954 6301 6183
1898 2 2 2 2 6257 6259 4323
1899 2 2 2 2 7717 8601 5228
1900 2 2 2 2 8584 8585 1080
1901 2 2 2 2 6103 6106 2790
1902 2 2 2 2 4545 6129 6125
1903 2 2 2 2 6702 9052 6694
1904 2 2 2 2 3935 8625 1249
1905 2 2 2 2 6400 6402 6401
1906 2 2 2 2 6693 6696 6695
1907 2 2 2 2 7963 7964 7961
1908 2 2 2 2 4655 7604 7602
1909 2 2 2 2 4870 7713 7712
1910 2 2 2 2 6616 6617 4190
1911 2 2 2 2 4819 8908 4610
1912 2 2 2 2 2876 7126 2874
1913 2 2 2 2 1889 7132 1295
1914 2 2 2 2 4838 6628 1045
1915 2 2 2 2 5017 5670 5654
1916 2 2 2 2 4328 6912 6911
1917 2 2 2 2 5144 8904 5145
1918 2 2 2 2 3283 7930 7927
1919 2 2 2 2 1595 5970 5969
1920 2 2 2 2 6542 7366 5294
1921 2 2 2 2 1778 6790 1777
1922 2 2 2 2 7891 7892 1359
1923 2 2 2 2 3914 7173 6762
1924 2 2 2 2 6166 6167 6165
1925 2 2 2 2 7295 7296 732
1926 2 2 2 2 4303 8678 5039
1927 2 2 2 2 3024 8953 8889
1928 2 2 2 2 7470 8720 5157
1929 2 2 2 2 813 6782 814
1930 2 2 2 2 1175 7304 1177
1931 2 2 2 2 7427 9068 7436
1932 2 2 2 2 6702 6703 4028
1933 2 2 2 2 3860 7963 7961
1934 2 2 2 2 6557 6558 4442
1935 2 2 2 2 4692 7588 4691
1936 2 2 2 2 7992 8519 7993
1937 2 2 2 2 2029 7816 7815
1938 2 2 2 2 1068 7528 2198
1939 2 2 2 2 7571 7575 7572
1940 2 2 2 2 8772 8773 6249
1941 2 2 2 2 7680 7683 4907
1942 2 2 2 2 5995 6004 5994
1943 2 2 2 2 4207 5581 5579
1944 2 2 2 2 7767 8995 8161
1945 2 2 2 2 2593 7411 7382
1946 2 2 2 2 7189 7190 4661
1947 2 2 2 2 5165 7038 7037
1948 2 2 2 2 4318 6565 6548
1949 2 2 2 2 4504 5943 4503
1950 2 2 2 2 2063 7695 6980
1951 2 2 2 2 6062 6075 1680
1952 2 2 2 2 4293 7192 3554
1953 2 2 2 2 2193 7757 1262
1954 2 2 2 2 6594 6597 1453
1955 2 2 2 2 2474 6317 6316
1956 2 2 2 2 6066 6718 4798
1957 2 2 2 2 4825 9109 7669
1958 2 2 2 2 1461 9090 9039
1959 2 2 2 2 2541 6583 2515
1960 2 2 2 2 3751 7248 7247
1961 2 2 2 2 6614 6615 5175
1962 2 2 2 2 2534 6198 2550
1963 2 2 2 2 7812 7813 3779
1964 2 2 2 2 2898 5999 5998
1965 2 2 2 2 6441 8779 5127
1966 2 2 2 2 6018 6023 2574
1967 2 2 2 2 2223 7573 2224
1968 2 2 2 2 6686 6687 6684
1969 2 2 2 2 2105 6572 2104
1970 2 2 2 2 993 8550 963
1971 2 2 2 2 6287 9087 7639
1972 2 2 2 2 7138 7142 7139
1973 2 2 2 2 3012 7125 7124
1974 2 2 2 2 6824 7586 6825
1975 2 2 2 2 5557 5559 4305
1976 2 2 2 2 2459 6572 2108
1977 2 2 2 2 6957 6958 752
1978 2 2 2 2 3702 6692 3700
1979 2 2 2 2 5301 6922 6308
1980 2 2 2 2 3614 6663 3612
1981 2 2 2 2 6132 6202 1350
1982 2 2 2 2 8098 8932 8931
1983 2 2 2 2 7553 8343 5185
1984 2 2 2 2 2964 6382 2666
1985 2 2 2 2 2540 6446 6370
1986 2 2 2 2 7350 8559 7347
1987 2 2 2 2 1282 6054 1413
1988 2 2 2 2 5887 5889 5888
1989 2 2 2 2 4738 6723 4736
1990 2 2 2 2 8577 8578 2467
1991 2 2 2 2 6931 8683 3662
1992 2 2 2 2 6401 6402 2510
1993 2 2 2 2 8193 8194 3243
1994 2 2 2 2 6931 8552 5323
1995 2 2 2 2 4881 5584 5583
1996 2 2 2 2 2895 6604 2877
1997 2 2 2 2 4743 6802 6798
1998 2 2 2 2 6798 6800 6799
1999 2 2 2 2 3027 6456 2210
2000 2 2 2 2 7371 7372 5313
2001 2 2 2 2 5238 7661 3118
2002 2 2 2 2 8516 8967 4521
2003 2 2 2 2 6226 6275 4821
2004 2 2 2 2 8933 9106 1319
2005 2 2 2 2 3709 6686 6683
2006 2 2 2 2 4173 8855 5485
2007 2 2 2 2 6004 6005 5994
2008 2 2 2 2 2920 6079 5936
2009 2 2 2 2 4247 7575 6147
2010 2 2 2 2 5050 8990 5851
2011 2 2 2 2 6733 7781 6732
2012 2 2 2 2 1446 5817 5815
2013 2 2 2 2 3427 5865 4271
2014 2 2 2 2 2252 7255 2251
2015 2 2 2 2 2666 6382 4590
2016 2 2 2 2 7262 7263 7261
2017 2 2 2 2 2195 5591 5589
2018 2 2 2 2 6603 6604 2895
2019 2 2 2 2 6801 8884 1969
2020 2 2 2 2 5331 8280 8279
2021 2 2 2 2 710 6740 6739
2022 2 2 2 2 5230 7522 5231
2023 2 2 2 2 6101 7905 5768
2024 2 2 2 2 1954 6014 2007
2025 2 2 2 2 7687 8605 7686
2026 2 2 2 2 1123 8652 8651
2027 2 2 2 2 3489 5615 3487
2028 2 2 2 2 3544 6921 3546
2029 2 2 2 2 749 6450 461
2030 2 2 2 2 8558 8560 8559
2031 2 2 2 2 8196 8521 5373
2032 2 2 2 2 4525 5732 5731
2033 2 2 2 2 5175 6907 6614
2034 2 2 2 2 7376 7409 1044
2035 2 2 2 2 5005 5530 5528
2036 2 2 2 2 1125 7094 6362
2037 2 2 2 2 8828 8917 4822
2038 2 2 2 2 7340 7341 7337
2039 2 2 2 2 5157 8522 7470
2040 2 2 2 2 7589 7595 2243
2041 2 2 2 2 5773 5775 1251
2042 2 2 2 2 3167 8113 2950
2043 2 2 2 2 5079 8902 6014
2044 2 2 2 2 6272 6274 4304
2045 2 2 2 2 6270 6271 4295
2046 2 2 2 2 6127 6191 2546
2047 2 2 2 2 6670 6675 6669
2048 2 2 2 2 3114 7660 4544
2049 2 2 2 2 4768 6052 4715
2050 2 2 2 2 5339 6342 5341
2051 2 2 2 2 6827 6828 6512
2052 2 2 2 2 681 9055 6740
2053 2 2 2 2 7776 8555 7775
2054 2 2 2 2 7478 7479 2629
2055 2 2 2 2 2092 6011 6009
2056 2 2 2 2 4694 7579 4282
2057 2 2 2 2 6012 6013 6011
2058 2 2 2 2 6142 6143 5049
2059 2 2 2 2 4840 7728 6943
2060 2 2 2 2 7190 7191 4661
2061 2 2 2 2 4738 6721 6720
2062 2 2 2 2 2946 8100 2948
2063 2 2 2 2 3451 6057 4604
2064 2 2 2 2 5990 5991 5988
2065 2 2 2 2 8531 9097 7352
2066 2 2 2 2 7711 7712 7710
2067 2 2 2 2 2495 8662 8661
2068 2 2 2 2 5774 5776 2400
2069 2 2 2 2 796 7721 805
2070 2 2 2 2 5271 5911 3756
2071 2 2 2 2 2358 6464 6463
2072 2 2 2 2 8631 8655 5263
2073 2 2 2 2 2482 7077 2136
2074 2 2 2 2 5655 8964 2132
2075 2 2 2 2 7302 9021 7301
2076 2 2 2 2 912 7411 910
2077 2 2 2 2 6019 7934 4791
2078 2 2 2 2 4394 7609 4397
2079 2 2 2 2 8289 9057 5613
2080 2 2 2 2 1238 7592 1236
2081 2 2 2 2 6271 6272 4297
2082 2 2 2 2 6937 7072 7071
2083 2 2 2 2 7111 8984 8392
2084 2 2 2 2 5975 5976 5974
2085 2 2 2 2 7144 8904 5144
2086 2 2 2 2 7122 7621 7620
2087 2 2 2 2 1446 5816 1444
2088 2 2 2 2 6670 6674 4387
2089 2 2 2 2 7918 8537 4086
2090 2 2 2 2 7996 8012 1676
2091 2 2 2 2 5816 6143 1447
2092 2 2 2 2 6634 6714 5587
2093 2 2 2 2 4717 6644 6643
2094 2 2 2 2 8547 8708 4847
2095 2 2 2 2 6520 6523 6521
2096 2 2 2 2 6221 6254 5111
2097 2 2 2 2 4283 7643 7642
2098 2 2 2 2 6903 9060 6832
2099 2 2 2 2 732 7567 7295
2100 2 2 2 2 1241 7592 1238
2101 2 2 2 2 697 6983 695
2102 2 2 2 2 798 6115 769
2103 2 2 2 2 1306 7469 3804
2104 2 2 2 2 5175 8464 6907
2105 2 2 2 2 3476 8001 7939
2106 2 2 2 2 8586 8968 5146
2107 2 2 2 2 7129 7491 4836
2108 2 2 2 2 6333 6338 5122
2109 2 2 2 2 2708 6537 6535
2110 2 2 2 2 3999 8466 7731
2111 2 2 2 2 7473 7474 2324
2112 2 2 2 2 1613 6691 1189
2113 2 2 2 2 7795 7796 7489
2114 2 2 2 2 7960 7970 7958
2115 2 2 2 2 6510 6511 4950
2116 2 2 2 2 5076 5926 5077
2117 2 2 2 2 5749 5761 1278
2118 2 2 2 2 7527 7528 1070
2119 2 2 2 2 6489 6492 6486
2120 2 2 2 2 6507 6508 4336
2121 2 2 2 2 7365 7410 7362
2122 2 2 2 2 5768 6102 6101
2123 2 2 2 2 2712 7690 7689
2124 2 2 2 2 6690 6696 6689
2125 2 2 2 2 5554 5559 5553
2126 2 2 2 2 967 6783 6782
2127 2 2 2 2 5662 5668 5663
2128 2 2 2 2 6326 6327 4085
2129 2 2 2 2 1596 5990 5988
2130 2 2 2 2 917 6664 919
2131 2 2 2 2 3522 7729 4361
2132 2 2 2 2 4804 6590 6589
2133 2 2 2 2 3065 5548 3066
2134 2 2 2 2 3132 7316 4443
2135 2 2 2 2 3150 7286 3965
2136 2 2 2 2 5533 5535 4647
2137 2 2 2 2 8211 8212 8210
2138 2 2 2 2 3897 5756 3086
2139 2 2 2 2 3286 6138 2337
2140 2 2 2 2 2925 7813 3316
2141 2 2 2 2 8040 8046 3057
2142 2 2 2 2 3195 8127 947
2143 2 2 2 2 1772 7001 1590
2144 2 2 2 2 3247 7543 2670
2145 2 2 2 2 7142 8373 4079
2146 2 2 2 2 3791 7621 7557
2147 2 2 2 2 5301 6309 4475
2148 2 2 2 2 7640 7641 6283
2149 2 2 2 2 6785 8461 2552
2150 2 2 2 2 6558 6560 4442
2151 2 2 2 2 8015 8806 8016
2152 2 2 2 2 6412 9063 5260
2153 2 2 2 2 5705 7415 5706
2154 2 2 2 2 6352 6353 4444
2155 2 2 2 2 783 6094 785
2156 2 2 2 2 7314 8963 5044
2157 2 2 2 2 2195 5589 5570
2158 2 2 2 2 6291 8911 6276
2159 2 2 2 2 6197 6198 2536
2160 2 2 2 2 4447 8853 7124
2161 2 2 2 2 7563 8358 5214
2162 2 2 2 2 4782 8837 6260
2163 2 2 2 2 4182 8693 6394
2164 2 2 2 2 8818 8819 480
2165 2 2 2 2 476 8818 477
2166 2 2 2 2 1592 6996 1772
2167 2 2 2 2 1889 7134 7133
2168 2 2 2 2 1443 7184 2466
2169 2 2 2 2 6505 8213 4046
2170 2 2 2 2 3700 6692 3737
2171 2 2 2 2 6203 6205 6204
2172 2 2 2 2 1720 6204 1722
2173 2 2 2 2 1583 5961 5959
2174 2 2 2 2 3939 7153 5979
2175 2 2 2 2 8872 8876 5290
2176 2 2 2 2 3496 5565 5564
2177 2 2 2 2 6244 7479 6245
2178 2 2 2 2 518 8309 515
2179 2 2 2 2 6934 7874 2627
2180 2 2 2 2 3286 6137 6135
2181 2 2 2 2 1453 6597 1451
2182 2 2 2 2 6115 6117 768
2183 2 2 2 2 7592 7593 3440
2184 2 2 2 2 7440 7447 7438
2185 2 2 2 2 3200 6800 6052
2186 2 2 2 2 1622 5995 5994
2187 2 2 2 2 3051 7051 6528
2188 2 2 2 2 5226 8412 8138
2189 2 2 2 2 6549 6550 2443
2190 2 2 2 2 2345 8831 6464
2191 2 2 2 2 3325 7597 3262
2192 2 2 2 2 775 6231 777
2193 2 2 2 2 5703 5710 5709
2194 2 2 2 2 4680 7752 4039
2195 2 2 2 2 2510 6402 2508
2196 2 2 2 2 5187 7840 7672
2197 2 2 2 2 6168 6169 2899
2198 2 2 2 2 1438 6161 1440
2199 2 2 2 2 1996 7816 2029
2200 2 2 2 2 1662 5867 5866
2201 2 2 2 2 6950 6951 3540
2202 2 2 2 2 1761 7854 7853
2203 2 2 2 2 1588 7001 2460
2204 2 2 2 2 7113 7114 4464
2205 2 2 2 2 1613 6696 6690
2206 2 2 2 2 8949 8950 5716
2207 2 2 2 2 2466 7185 7163
2208 2 2 2 2 5835 8642 1642
2209 2 2 2 2 7618 8021 8020
2210 2 2 2 2 2156 8046 2154
2211 2 2 2 2 5386 8945 5385
2212 2 2 2 2 5637 5638 5636
2213 2 2 2 2 5645 5646 3070
2214 2 2 2 2 1796 8986 1799
2215 2 2 2 2 1892 7928 2017
2216 2 2 2 2 4622 7981 7980
2217 2 2 2 2 6131 6140 4289
2218 2 2 2 2 4635 6144 6140
2219 2 2 2 2 6604 7451 2880
2220 2 2 2 2 4332 8697 6575
2221 2 2 2 2 6125 6129 6128
2222 2 2 2 2 2785 7928 1993
2223 2 2 2 2 3724 8722 7148
2224 2 2 2 2 6797 7542 4374
2225 2 2 2 2 2102 7542 2900
2226 2 2 2 2 6974 6975 2907
2227 2 2 2 2 3069 5646 5643
2228 2 2 2 2 7170 7171 3603
2229 2 2 2 2 7069 7318 704
2230 2 2 2 2 3600 7172 3602
2231 2 2 2 2 791 7103 799
2232 2 2 2 2 5227 8413 8412
2233 2 2 2 2 7529 8892 5286
2234 2 2 2 2 1277 6924 6923
2235 2 2 2 2 1446 5820 5817
2236 2 2 2 2 8097 8931 3531
2237 2 2 2 2 8022 8535 4553
2238 2 2 2 2 1732 6738 6736
2239 2 2 2 2 6054 6055 1413
2240 2 2 2 2 7127 8852 8851
2241 2 2 2 2 4969 8306 8298
2242 2 2 2 2 1184 6108 3666
2243 2 2 2 2 4299 6272 4304
2244 2 2 2 2 3713 7435 4107
2245 2 2 2 2 3242 7521 3149
2246 2 2 2 2 6475 8586 4670
2247 2 2 2 2 5997 6003 5995
2248 2 2 2 2 8247 8248 3312
2249 2 2 2 2 7192 7193 5274
2250 2 2 2 2 9053 9054 2008
2251 2 2 2 2 6690 6691 1613
2252 2 2 2 2 6104 6105 6103
2253 2 2 2 2 6741 8118 5148
2254 2 2 2 2 7330 7332 2513
2255 2 2 2 2 5575 5577 5576
2256 2 2 2 2 1032 8549 993
2257 2 2 2 2 7303 7304 1616
2258 2 2 2 2 2337 6138 2211
2259 2 2 2 2 8054 8056 8053
2260 2 2 2 2 7309 7310 7308
2261 2 2 2 2 4850 8935 7310
2262 2 2 2 2 5729 5730 5727
2263 2 2 2 2 8550 8552 3662
2264 2 2 2 2 7701 8603 7702
2265 2 2 2 2 8609 8847 3059
2266 2 2 2 2 8847 8848 5493
2267 2 2 2 2 4701 8546 3827
2268 2 2 2 2 4800 7535 7534
2269 2 2 2 2 2956 8105 3548
2270 2 2 2 2 8612 8613 803
2271 2 2 2 2 7304 7305 1177
2272 2 2 2 2 7384 7411 922
2273 2 2 2 2 4295 6271 4297
2274 2 2 2 2 5706 5707 5702
2275 2 2 2 2 733 6737 741
2276 2 2 2 2 3421 6200 5856
2277 2 2 2 2 7607 7609 2080
2278 2 2 2 2 6512 6828 4350
2279 2 2 2 2 6970 6971 4291
2280 2 2 2 2 2629 7479 6244
2281 2 2 2 2 5653 6366 5652
2282 2 2 2 2 7425 9081 2485
2283 2 2 2 2 6739 6743 6738
2284 2 2 2 2 6456 6458 2335
2285 2 2 2 2 4865 8496 4863
2286 2 2 2 2 5158 7506 6749
2287 2 2 2 2 2092 6012 6011
2288 2 2 2 2 6547 6548 4326
2289 2 2 2 2 6533 8932 1630
2290 2 2 2 2 7365 9073 3536
2291 2 2 2 2 2886 6013 2884
2292 2 2 2 2 9042 9071 3216
2293 2 2 2 2 4028 9052 6702
2294 2 2 2 2 2592 7072 6937
2295 2 2 2 2 5849 5851 1231
2296 2 2 2 2 7112 8984 7111
2297 2 2 2 2 6285 6289 6288
2298 2 2 2 2 3746 7839 2906
2299 2 2 2 2 6215 6415 6373
2300 2 2 2 2 2589 7271 604
2301 2 2 2 2 5943 6162 1782
2302 2 2 2 2 7718 8800 2483
2303 2 2 2 2 2578 5929 3123
2304 2 2 2 2 3829 6569 4370
2305 2 2 2 2 6452 8870 3758
2306 2 2 2 2 7981 7982 7980
2307 2 2 2 2 1202 5871 1180
2308 2 2 2 2 859 8601 857
2309 2 2 2 2 1124 7315 1123
2310 2 2 2 2 6518 8971 6517
2311 2 2 2 2 4080 8673 4760
2312 2 2 2 2 2464 6229 6228
2313 2 2 2 2 712 6984 6983
2314 2 2 2 2 4791 7934 7933
2315 2 2 2 2 8651 8653 2015
2316 2 2 2 2 5379 6632 6631
2317 2 2 2 2 3683 6631 3782
2318 2 2 2 2 4889 5890 5887
2319 2 2 2 2 2573 5932 2576
2320 2 2 2 2 8523 8710 2788
2321 2 2 2 2 3491 5611 3494
2322 2 2 2 2 937 6659 6658
2323 2 2 2 2 5355 7123 6468
2324 2 2 2 2 7483 7484 6997
2325 2 2 2 2 5821 6473 4351
2326 2 2 2 2 975 8530 3663
2327 2 2 2 2 6063 6064 6062
2328 2 2 2 2 7188 7190 7189
2329 2 2 2 2 4870 7712 7711
2330 2 2 2 2 6683 6686 6684
2331 2 2 2 2 5628 7090 2196
2332 2 2 2 2 969 6783 967
2333 2 2 2 2 7107 7108 7105
2334 2 2 2 2 6597 6598 1464
2335 2 2 2 2 6418 6916 6915
2336 2 2 2 2 1568 7338 1566
2337 2 2 2 2 8123 8124 4580
2338 2 2 2 2 2462 7889 3285
2339 2 2 2 2 7889 7890 6763
2340 2 2 2 2 4380 6915 6745
2341 2 2 2 2 7096 8764 7098
2342 2 2 2 2 732 7568 7567
2343 2 2 2 2 2848 6655 6654
2344 2 2 2 2 2115 8021 7618
2345 2 2 2 2 5927 5928 5223
2346 2 2 2 2 5163 6373 6372
2347 2 2 2 2 7413 7986 3210
2348 2 2 2 2 6681 6688 6685
2349 2 2 2 2 6061 8877 4508
2350 2 2 2 2 858 8017 8016
2351 2 2 2 2 6801 6802 5308
2352 2 2 2 2 5910 5914 5913
2353 2 2 2 2 5638 5639 5233
2354 2 2 2 2 5570 5572 2195
2355 2 2 2 2 3364 6906 3936
2356 2 2 2 2 977 6651 6650
2357 2 2 2 2 6375 8636 6374
2358 2 2 2 2 2513 7329 7328
2359 2 2 2 2 5212 6936 745
2360 2 2 2 2 6216 6754 6584
2361 2 2 2 2 823 6584 1063
2362 2 2 2 2 6671 6674 6670
2363 2 2 2 2 6203 8957 6205
2364 2 2 2 2 6738 6743 6742
2365 2 2 2 2 7838 7858 7856
2366 2 2 2 2 7210 7213 7211
2367 2 2 2 2 2542 6192 2537
2368 2 2 2 2 4810 6152 5328
2369 2 2 2 2 3128 8001 3476
2370 2 2 2 2 4627 8313 8312
2371 2 2 2 2 7323 7324 2484
2372 2 2 2 2 594 7274 600
2373 2 2 2 2 5926 5927 5077
2374 2 2 2 2 2352 8810 8512
2375 2 2 2 2 6049 6050 4769
2376 2 2 2 2 1070 7528 1068
2377 2 2 2 2 3658 6660 4381
2378 2 2 2 2 2851 6647 6646
2379 2 2 2 2 2237 7164 2426
2380 2 2 2 2 7914 8775 7913
2381 2 2 2 2 3264 8785 3880
2382 2 2 2 2 5254 8805 8785
2383 2 2 2 2 7809 8954 5903
2384 2 2 2 2 4549 7814 4599
2385 2 2 2 2 4859 8495 5360
2386 2 2 2 2 5105 5905 5904
2387 2 2 2 2 5904 8901 5106
2388 2 2 2 2 8395 8685 2748
2389 2 2 2 2 2221 8744 3060
2390 2 2 2 2 4793 9020 6148
2391 2 2 2 2 6398 6441 5126
2392 2 2 2 2 8855 8962 5485
2393 2 2 2 2 5065 7833 5809
2394 2 2 2 2 8044 8618 4166
2395 2 2 2 2 1419 7935 1601
2396 2 2 2 2 3171 8084 2944
2397 2 2 2 2 7002 9076 7003
2398 2 2 2 2 2496 5532 5531
2399 2 2 2 2 937 6662 6659
2400 2 2 2 2 5236 7825 7824
2401 2 2 2 2 2039 8585 2310
2402 2 2 2 2 5098 8540 8539
2403 2 2 2 2 7260 7262 7261
2404 2 2 2 2 5388 8766 5389
2405 2 2 2 2 7114 8869 4464
2406 2 2 2 2 7713 7799 1425
2407 2 2 2 2 1630 6534 6533
2408 2 2 2 2 3131 7306 4669
2409 2 2 2 2 2491 7478 2629
2410 2 2 2 2 604 7271 608
2411 2 2 2 2 2112 7896 2114
2412 2 2 2 2 5099 6133 4360
2413 2 2 2 2 4603 8310 8308
2414 2 2 2 2 2840 8893 2842
2415 2 2 2 2 4548 7070 1052
2416 2 2 2 2 7912 8825 8824
2417 2 2 2 2 2848 6657 6655
2418 2 2 2 2 910 7411 2593
2419 2 2 2 2 5351 8699 7130
2420 2 2 2 2 2311 5894 2066
2421 2 2 2 2 1094 8700 1085
2422 2 2 2 2 6038 7684 4896
2423 2 2 2 2 1191 6697 1613
2424 2 2 2 2 7319 7667 4174
2425 2 2 2 2 8229 8230 3951
2426 2 2 2 2 5081 6056 6027
2427 2 2 2 2 5381 8859 6567
2428 2 2 2 2 5355 8859 4872
2429 2 2 2 2 2536 6198 2534
2430 2 2 2 2 5636 5638 4208
2431 2 2 2 2 815 6227 6095
2432 2 2 2 2 6004 6006 6005
2433 2 2 2 2 5894 8153 5052
2434 2 2 2 2 7117 7119 1977
2435 2 2 2 2 6762 7698 3914
2436 2 2 2 2 6297 6298 4044
2437 2 2 2 2 4037 7107 7106
2438 2 2 2 2 3710 6656 4677
2439 2 2 2 2 2085 7670 2086
2440 2 2 2 2 6247 8705 8704
2441 2 2 2 2 5706 7415 3890
2442 2 2 2 2 636 6555 632
2443 2 2 2 2 3483 5627 3485
2444 2 2 2 2 7366 9023 2486
2445 2 2 2 2 977 6653 6651
2446 2 2 2 2 1161 6108 1184
2447 2 2 2 2 9101 9102 3466
2448 2 2 2 2 5131 6501 4454
2449 2 2 2 2 964 7276 7275
2450 2 2 2 2 2679 8102 1336
2451 2 2 2 2 4051 8210 3202
2452 2 2 2 2 7631 7637 7632
2453 2 2 2 2 6729 8766 5388
2454 2 2 2 2 2856 5972 5971
2455 2 2 2 2 3653 8166 7503
2456 2 2 2 2 6965 6966 2907
2457 2 2 2 2 7201 7202 2487
2458 2 2 2 2 4447 8854 8853
2459 2 2 2 2 5682 5683 5681
2460 2 2 2 2 5199 7849 3998
2461 2 2 2 2 4604 6057 6056
2462 2 2 2 2 2761 8620 8527
2463 2 2 2 2 2851 6649 6647
2464 2 2 2 2 2456 6728 6727
2465 2 2 2 2 4291 7693 4187
2466 2 2 2 2 5329 7724 4826
2467 2 2 2 2 6827 6829 6828
2468 2 2 2 2 6503 6504 6488
2469 2 2 2 2 3647 6583 2541
2470 2 2 2 2 1281 7891 1359
2471 2 2 2 2 2628 7403 927
2472 2 2 2 2 7101 7103 793
2473 2 2 2 2 8782 9290 386
2474 2 2 2 2 4190 6618 6616
2475 2 2 2 2 989 6645 6643
2476 2 2 2 2 2496 7440 7437
2477 2 2 2 2 1634 7441 466
2478 2 2 2 2 7169 7487 7168
2479 2 2 2 2 4438 6557 4442
2480 2 2 2 2 6167 7719 4290
2481 2 2 2 2 6695 6700 6694
2482 2 2 2 2 8084 8100 2946
2483 2 2 2 2 6672 6674 6671
2484 2 2 2 2 7397 7403 7399
2485 2 2 2 2 2509 7329 2513
2486 2 2 2 2 7623 7853 7625
2487 2 2 2 2 2889 7031 4375
2488 2 2 2 2 4716 7031 6047
2489 2 2 2 2 5196 7922 3812
2490 2 2 2 2 3719 6652 4684
2491 2 2 2 2 6964 6966 6965
2492 2 2 2 2 2336 6459 2359
2493 2 2 2 2 3779 7813 2925
2494 2 2 2 2 8721 8855 4173
2495 2 2 2 2 1502 8110 1504
2496 2 2 2 2 3223 8349 8203
2497 2 2 2 2 2763 8907 8588
2498 2 2 2 2 8096 8098 8097
2499 2 2 2 2 8428 8994 8430
2500 2 2 2 2 2958 6444 3235
2501 2 2 2 2 4472 6312 3473
2502 2 2 2 2 3360 7153 3939
2503 2 2 2 2 5089 6444 3471
2504 2 2 2 2 4519 8128 2770
2505 2 2 2 2 4698 8761 5839
2506 2 2 2 2 2908 8761 1753
2507 2 2 2 2 6944 6945 6745
2508 2 2 2 2 5067 8429 5066
2509 2 2 2 2 4477 9079 7328
2510 2 2 2 2 5223 5928 5222
2511 2 2 2 2 8773 8898 4036
2512 2 2 2 2 6681 6685 6683
2513 2 2 2 2 4092 8339 4094
2514 2 2 2 2 5531 5532 5530
2515 2 2 2 2 6071 7812 3779
2516 2 2 2 2 7042 7044 3379
2517 2 2 2 2 4280 8222 6445
2518 2 2 2 2 712 6983 697
2519 2 2 2 2 7571 7573 2223
2520 2 2 2 2 8053 8056 4427
2521 2 2 2 2 2920 8823 6079
2522 2 2 2 2 3733 6648 4700
2523 2 2 2 2 6669 6675 4652
2524 2 2 2 2 3965 7286 7283
2525 2 2 2 2 5094 7015 5578
2526 2 2 2 2 6479 8631 5263
2527 2 2 2 2 2589 7273 7272
2528 2 2 2 2 5167 6498 6497
2529 2 2 2 2 4477 7327 4478
2530 2 2 2 2 6978 9086 6716
2531 2 2 2 2 6975 6976 2069
2532 2 2 2 2 3445 7780 5763
2533 2 2 2 2 528 8327 525
2534 2 2 2 2 5557 5558 4306
2535 2 2 2 2 3374 7044 3466
2536 2 2 2 2 1873 7770 7769
2537 2 2 2 2 8231 8475 2820
2538 2 2 2 2 8451 8732 2760
2539 2 2 2 2 6806 6808 6807
2540 2 2 2 2 6262 6512 5117
2541 2 2 2 2 4360 6135 4358
2542 2 2 2 2 3908 6600 3107
2543 2 2 2 2 624 6302 622
2544 2 2 2 2 5744 7619 5765
2545 2 2 2 2 6560 6766 6765
2546 2 2 2 2 4434 6765 4724
2547 2 2 2 2 8371 8620 2761
2548 2 2 2 2 2235 8522 2232
2549 2 2 2 2 2073 7145 2904
2550 2 2 2 2 2453 6600 3090
2551 2 2 2 2 2080 7609 4394
2552 2 2 2 2 6563 6773 2636
2553 2 2 2 2 3472 8409 3670
2554 2 2 2 2 7301 7303 4720
2555 2 2 2 2 6359 6361 6360
2556 2 2 2 2 1394 5684 1313
2557 2 2 2 2 7337 7341 7336
2558 2 2 2 2 2589 7272 7271
2559 2 2 2 2 2638 8123 8122
2560 2 2 2 2 3929 8573 3111
2561 2 2 2 2 6645 6646 6643
2562 2 2 2 2 7100 8882 7106
2563 2 2 2 2 7819 7820 5234
2564 2 2 2 2 6187 6188 729
2565 2 2 2 2 1709 6586 6299
2566 2 2 2 2 7921 7922 5196
2567 2 2 2 2 3112 8573 3322
2568 2 2 2 2 4245 5852 5831
2569 2 2 2 2 7258 8623 7257
2570 2 2 2 2 5329 7725 7724
2571 2 2 2 2 5561 6410 5562
2572 2 2 2 2 1977 7119 1979
2573 2 2 2 2 8588 8907 8048
2574 2 2 2 2 8506 8768 8505
2575 2 2 2 2 642 7260 649
2576 2 2 2 2 6545 6574 3973
2577 2 2 2 2 2679 8103 8102
2578 2 2 2 2 7587 7595 7589
2579 2 2 2 2 7359 7360 5293
2580 2 2 2 2 6198 6199 2550
2581 2 2 2 2 7198 8577 2467
2582 2 2 2 2 473 8793 476
2583 2 2 2 2 8793 8795 8794
2584 2 2 2 2 3069 5643 5641
2585 2 2 2 2 4795 7243 5348
2586 2 2 2 2 1813 8131 1814
2587 2 2 2 2 6127 6128 5093
2588 2 2 2 2 7768 8995 7767
2589 2 2 2 2 4286 7189 5274
2590 2 2 2 2 3912 5818 4775
2591 2 2 2 2 2778 8309 518
2592 2 2 2 2 8686 8969 7246
2593 2 2 2 2 8520 8521 4882
2594 2 2 2 2 5343 6324 6323
2595 2 2 2 2 6440 8163 6217
2596 2 2 2 2 2851 6646 6645
2597 2 2 2 2 2189 6270 4295
2598 2 2 2 2 4700 6648 6647
2599 2 2 2 2 7696 7697 2663
2600 2 2 2 2 2431 7696 2162
2601 2 2 2 2 5323 6930 6929
2602 2 2 2 2 6117 6118 768
2603 2 2 2 2 2351 6827 6512
2604 2 2 2 2 6817 9054 6818
2605 2 2 2 2 1448 6291 1740
2606 2 2 2 2 7348 7350 7347
2607 2 2 2 2 2193 7758 7757
2608 2 2 2 2 4060 8594 6384
2609 2 2 2 2 5391 7711 7710
2610 2 2 2 2 7221 7495 7220
2611 2 2 2 2 6372 7033 5162
2612 2 2 2 2 4550 7728 4113
2613 2 2 2 2 2884 6013 6012
2614 2 2 2 2 4898 7682 7681
2615 2 2 2 2 2204 6530 2203
2616 2 2 2 2 812 7358 2486
2617 2 2 2 2 2164 6942 488
2618 2 2 2 2 4857 8928 4855
2619 2 2 2 2 7393 7404 7395
2620 2 2 2 2 4615 7128 4617
2621 2 2 2 2 7128 7581 6993
2622 2 2 2 2 4684 6652 6651
2623 2 2 2 2 7850 7851 2503
2624 2 2 2 2 3960 7569 3127
2625 2 2 2 2 7654 8981 4018
2626 2 2 2 2 5830 5831 3440
2627 2 2 2 2 4045 8598 6826
2628 2 2 2 2 3474 7904 3077
2629 2 2 2 2 4484 9000 6554
2630 2 2 2 2 765 6118 763
2631 2 2 2 2 5619 9048 5623
2632 2 2 2 2 1252 5770 2398
2633 2 2 2 2 4502 5945 5944
2634 2 2 2 2 5655 5656 5654
2635 2 2 2 2 4338 6507 4336
2636 2 2 2 2 4297 6272 4299
2637 2 2 2 2 5625 8664 2009
2638 2 2 2 2 2203 6530 2480
2639 2 2 2 2 2585 7297 7089
2640 2 2 2 2 1044 7412 7378
2641 2 2 2 2 7362 7410 5293
2642 2 2 2 2 5070 7687 7686
2643 2 2 2 2 3081 7745 5732
2644 2 2 2 2 8513 8607 1736
2645 2 2 2 2 4677 6656 6655
2646 2 2 2 2 964 7274 594
2647 2 2 2 2 7490 7491 4455
2648 2 2 2 2 2407 5537 2405
2649 2 2 2 2 8504 8506 8505
2650 2 2 2 2 2312 5953 2060
2651 2 2 2 2 1133 6364 1135
2652 2 2 2 2 6232 6233 6231
2653 2 2 2 2 8682 8813 4998
2654 2 2 2 2 7263 7264 4357
2655 2 2 2 2 6948 6950 6947
2656 2 2 2 2 2741 6248 4036
2657 2 2 2 2 2487 7202 1957
2658 2 2 2 2 1732 6737 733
2659 2 2 2 2 2678 7995 2640
2660 2 2 2 2 3033 8046 8026
2661 2 2 2 2 5753 5822 3085
2662 2 2 2 2 3966 8118 6741
2663 2 2 2 2 8131 8214 1817
2664 2 2 2 2 6779 6781 6780
2665 2 2 2 2 3715 7258 6356
2666 2 2 2 2 6271 6273 6272
2667 2 2 2 2 4381 6660 6659
2668 2 2 2 2 4000 8008 7614
2669 2 2 2 2 7349 7350 7348
2670 2 2 2 2 8800 9088 2483
2671 2 2 2 2 7553 8533 959
2672 2 2 2 2 7141 8579 4812
2673 2 2 2 2 6339 7800 5122
2674 2 2 2 2 808 7718 2483
2675 2 2 2 2 4877 6113 6112
2676 2 2 2 2 2583 6339 2531
2677 2 2 2 2 2003 5549 2201
2678 2 2 2 2 1641 5729 1643
2679 2 2 2 2 4776 8416 8414
2680 2 2 2 2 7204 7205 7203
2681 2 2 2 2 689 6420 706
2682 2 2 2 2 6649 6650 6647
2683 2 2 2 2 1600 6575 2442
2684 2 2 2 2 6786 8839 5229
2685 2 2 2 2 7200 7202 7201
2686 2 2 2 2 1487 7520 1489
2687 2 2 2 2 3120 7007 4362
2688 2 2 2 2 8583 8585 8584
2689 2 2 2 2 6764 7090 5629
2690 2 2 2 2 887 6820 870
2691 2 2 2 2 1072 7527 1070
2692 2 2 2 2 4377 6938 3189
2693 2 2 2 2 4128 6405 5398
2694 2 2 2 2 964 7275 7274
2695 2 2 2 2 8193 8195 8194
2696 2 2 2 2 588 7277 592
2697 2 2 2 2 2959 6154 6153
2698 2 2 2 2 8414 8415 8413
2699 2 2 2 2 1126 6362 1129
2700 2 2 2 2 4821 6279 4081
2701 2 2 2 2 6396 6398 6397
2702 2 2 2 2 7775 8555 7774
2703 2 2 2 2 827 8929 8495
2704 2 2 2 2 1888 7702 7027
2705 2 2 2 2 5838 7116 2125
2706 2 2 2 2 4835 7938 6185
2707 2 2 2 2 2424 7266 5814
2708 2 2 2 2 6458 6459 2335
2709 2 2 2 2 6303 9037 4334
2710 2 2 2 2 5681 5683 1397
2711 2 2 2 2 5245 8732 8451
2712 2 2 2 2 8618 9117 8617
2713 2 2 2 2 7380 7412 2593
2714 2 2 2 2 5643 5646 5645
2715 2 2 2 2 2263 7040 2397
2716 2 2 2 2 1375 8120 1739
2717 2 2 2 2 793 7103 791
2718 2 2 2 2 2987 6508 2501
2719 2 2 2 2 5978 9074 5975
2720 2 2 2 2 5242 8737 5241
2721 2 2 2 2 977 6650 6649
2722 2 2 2 2 6600 6601 6599
2723 2 2 2 2 6689 6693 6692
2724 2 2 2 2 3490 5612 5611
2725 2 2 2 2 2259 7040 2260
2726 2 2 2 2 4830 7858 7838
2727 2 2 2 2 7690 8408 7689
2728 2 2 2 2 5931 9088 5930
2729 2 2 2 2 3494 5611 5609
2730 2 2 2 2 1357 5560 5555
2731 2 2 2 2 3964 6267 2171
2732 2 2 2 2 3952 6219 4312
2733 2 2 2 2 7334 7335 2469
2734 2 2 2 2 3466 9102 6803
2735 2 2 2 2 4649 7865 7864
2736 2 2 2 2 786 7175 944
2737 2 2 2 2 5084 8902 7576
2738 2 2 2 2 1528 7520 7516
2739 2 2 2 2 4152 7965 7964
2740 2 2 2 2 5042 5578 5577
2741 2 2 2 2 4643 7055 6954
2742 2 2 2 2 6261 6473 4367
2743 2 2 2 2 3184 8245 8243
2744 2 2 2 2 7246 8969 4678
2745 2 2 2 2 6215 6373 5163
2746 2 2 2 2 1379 6367 1377
2747 2 2 2 2 1265 6794 1139
2748 2 2 2 2 4018 8981 8406
2749 2 2 2 2 6794 7740 5151
2750 2 2 2 2 5301 8116 6922
2751 2 2 2 2 6246 8705 6247
2752 2 2 2 2 7992 7994 2678
2753 2 2 2 2 5187 7672 7551
2754 2 2 2 2 7259 7265 7262
2755 2 2 2 2 1566 7854 1564
2756 2 2 2 2 4334 9037 3521
2757 2 2 2 2 6680 6688 6681
2758 2 2 2 2 5149 6579 6577
2759 2 2 2 2 2586 6982 6981
2760 2 2 2 2 8094 8105 8091
2761 2 2 2 2 1685 6410 5563
2762 2 2 2 2 1686 7501 6770
2763 2 2 2 2 5683 5684 1397
2764 2 2 2 2 5753 5755 5754
2765 2 2 2 2 5348 7243 6380
2766 2 2 2 2 4795 7551 7243
2767 2 2 2 2 1787 7501 1784
2768 2 2 2 2 3206 9021 7302
2769 2 2 2 2 8393 8395 2748
2770 2 2 2 2 8862 8864 4962
2771 2 2 2 2 2055 6979 2070
2772 2 2 2 2 7962 7970 7960
2773 2 2 2 2 4152 7964 7963
2774 2 2 2 2 4325 8899 6199
2775 2 2 2 2 5964 9110 6803
2776 2 2 2 2 4132 6970 4291
2777 2 2 2 2 2360 6821 6609
2778 2 2 2 2 2357 6821 2355
2779 2 2 2 2 687 6423 685
2780 2 2 2 2 7591 7593 7592
2781 2 2 2 2 3555 7537 4406
2782 2 2 2 2 8616 8667 5178
2783 2 2 2 2 4769 6047 6046
2784 2 2 2 2 935 7404 923
2785 2 2 2 2 2109 5712 2393
2786 2 2 2 2 3007 6497 3016
2787 2 2 2 2 1118 8114 2897
2788 2 2 2 2 8114 8116 8115
2789 2 2 2 2 2014 7034 1268
2790 2 2 2 2 7508 7558 3233
2791 2 2 2 2 3302 6710 3301
2792 2 2 2 2 5742 5765 2183
2793 2 2 2 2 6710 6712 6711
2794 2 2 2 2 617 5806 614
2795 2 2 2 2 7019 7537 7176
2796 2 2 2 2 5227 8412 5226
2797 2 2 2 2 6602 7451 6604
2798 2 2 2 2 3325 7603 7599
2799 2 2 2 2 4256 8949 5716
2800 2 2 2 2 6125 6126 6124
2801 2 2 2 2 2430 6293 5671
2802 2 2 2 2 7699 8392 2594
2803 2 2 2 2 485 8666 487
2804 2 2 2 2 2586 6981 6421
2805 2 2 2 2 685 6423 2849
2806 2 2 2 2 3841 6961 4294
2807 2 2 2 2 3972 6536 4043
2808 2 2 2 2 1044 7378 7376
2809 2 2 2 2 1181 7536 1209
2810 2 2 2 2 1633 6045 6043
2811 2 2 2 2 2638 8124 8123
2812 2 2 2 2 7106 8882 4037
2813 2 2 2 2 2164 7062 6942
2814 2 2 2 2 5701 5706 5702
2815 2 2 2 2 7894 7896 2112
2816 2 2 2 2 5121 6378 5120
2817 2 2 2 2 3168 7075 7073
2818 2 2 2 2 7373 7409 7376
2819 2 2 2 2 6069 6071 6070
2820 2 2 2 2 6917 6921 4964
2821 2 2 2 2 6153 8314 2959
2822 2 2 2 2 3502 5602 3500
2823 2 2 2 2 2010 6193 6100
2824 2 2 2 2 7853 7854 7339
2825 2 2 2 2 6323 6324 1652
2826 2 2 2 2 3146 7288 3976
2827 2 2 2 2 2483 9088 5931
2828 2 2 2 2 4828 7859 4830
2829 2 2 2 2 8392 8984 2846
2830 2 2 2 2 7532 7739 7533
2831 2 2 2 2 727 6188 737
2832 2 2 2 2 2464 6230 6229
2833 2 2 2 2 6122 8625 3935
2834 2 2 2 2 1249 8625 1250
2835 2 2 2 2 5641 5649 3069
2836 2 2 2 2 4362 7007 6262
2837 2 2 2 2 1604 6146 6105
2838 2 2 2 2 6653 6654 6651
2839 2 2 2 2 1613 6697 6696
2840 2 2 2 2 1546 6288 1544
2841 2 2 2 2 3349 7714 3949
2842 2 2 2 2 8652 8654 8653
2843 2 2 2 2 1574 8640 1764
2844 2 2 2 2 2544 6259 6256
2845 2 2 2 2 4368 6001 6000
2846 2 2 2 2 2642 8519 2678
2847 2 2 2 2 715 6543 6540
2848 2 2 2 2 7029 7806 2170
2849 2 2 2 2 1882 8119 1690
2850 2 2 2 2 745 6936 772
2851 2 2 2 2 2136 7077 7076
2852 2 2 2 2 2630 8509 8374
2853 2 2 2 2 1808 7611 1811
2854 2 2 2 2 2688 8459 3183
2855 2 2 2 2 2708 6539 6537
2856 2 2 2 2 1934 7607 2080
2857 2 2 2 2 5654 5670 4220
2858 2 2 2 2 5017 5689 5670
2859 2 2 2 2 4112 7061 4324
2860 2 2 2 2 8135 8454 2704
2861 2 2 2 2 953 8969 8686
2862 2 2 2 2 5951 5953 5061
2863 2 2 2 2 4627 8311 2782
2864 2 2 2 2 2591 6615 6614
2865 2 2 2 2 5648 9033 5172
2866 2 2 2 2 7103 7104 799
2867 2 2 2 2 6991 7908 7550
2868 2 2 2 2 7295 7297 7296
2869 2 2 2 2 4522 8518 4523
2870 2 2 2 2 8070 8073 1431
2871 2 2 2 2 5235 8620 8371
2872 2 2 2 2 3411 8940 5541
2873 2 2 2 2 8889 8953 4953
2874 2 2 2 2 3024 8889 7194
2875 2 2 2 2 8339 8340 4094
2876 2 2 2 2 588 7279 7277
2877 2 2 2 2 5992 8230 5985
2878 2 2 2 2 2817 8476 2837
2879 2 2 2 2 5627 9048 5617
2880 2 2 2 2 5306 8598 4748
2881 2 2 2 2 8430 8994 2766
2882 2 2 2 2 6482 6503 6481
2883 2 2 2 2 2848 6654 6653
2884 2 2 2 2 7769 7772 1873
2885 2 2 2 2 7033 7035 7034
2886 2 2 2 2 2758 8265 2921
2887 2 2 2 2 4680 7759 7752
2888 2 2 2 2 5587 6714 5078
2889 2 2 2 2 8089 8113 8087
2890 2 2 2 2 7913 8775 8690
2891 2 2 2 2 5324 6565 4318
2892 2 2 2 2 6548 6565 4326
2893 2 2 2 2 7388 7408 7391
2894 2 2 2 2 6544 9023 6542
2895 2 2 2 2 2601 7720 4551
2896 2 2 2 2 4166 8618 8617
2897 2 2 2 2 3436 5783 5782
2898 2 2 2 2 6064 6065 4273
2899 2 2 2 2 7936 8503 3594
2900 2 2 2 2 3946 6128 5238
2901 2 2 2 2 1317 8933 1319
2902 2 2 2 2 2694 8245 3184
2903 2 2 2 2 986 6817 3646
2904 2 2 2 2 815 6095 6094
2905 2 2 2 2 3246 9091 6406
2906 2 2 2 2 6266 6267 3964
2907 2 2 2 2 6943 7062 4840
2908 2 2 2 2 4265 5924 5076
2909 2 2 2 2 5734 5754 4467
2910 2 2 2 2 5230 8581 7522
2911 2 2 2 2 3478 5562 2186
2912 2 2 2 2 8161 8162 7767
2913 2 2 2 2 2569 6024 3280
2914 2 2 2 2 1906 7022 1940
2915 2 2 2 2 7478 7480 7479
2916 2 2 2 2 2224 7573 2227
2917 2 2 2 2 8679 9036 9035
2918 2 2 2 2 7219 8434 4571
2919 2 2 2 2 1390 8595 7476
2920 2 2 2 2 8544 8545 522
2921 2 2 2 2 1799 8986 7253
2922 2 2 2 2 3595 6376 6375
2923 2 2 2 2 5639 5649 5641
2924 2 2 2 2 4775 5818 5817
2925 2 2 2 2 1350 6202 1302
2926 2 2 2 2 8473 8907 2763
2927 2 2 2 2 498 7855 495
2928 2 2 2 2 7760 7762 7759
2929 2 2 2 2 1303 6201 6021
2930 2 2 2 2 5099 6202 6132
2931 2 2 2 2 6370 6446 5132
2932 2 2 2 2 2540 6370 2525
2933 2 2 2 2 1881 7832 6151
2934 2 2 2 2 8575 8578 8577
2935 2 2 2 2 610 5805 2020
2936 2 2 2 2 1461 9039 9038
2937 2 2 2 2 1982 8708 5843
2938 2 2 2 2 1616 7304 1175
2939 2 2 2 2 2319 6713 2435
2940 2 2 2 2 6218 6219 5115
2941 2 2 2 2 5185 8343 3568
2942 2 2 2 2 7961 7962 7960
2943 2 2 2 2 3816 6921 3544
2944 2 2 2 2 6249 8773 4036
2945 2 2 2 2 8081 8084 3171
2946 2 2 2 2 2498 7408 918
2947 2 2 2 2 4273 8572 6064
2948 2 2 2 2 1469 6264 1470
2949 2 2 2 2 2335 6459 2336
2950 2 2 2 2 4580 8126 8123
2951 2 2 2 2 4708 5955 4706
2952 2 2 2 2 1090 7486 1097
2953 2 2 2 2 5700 5710 5703
2954 2 2 2 2 2526 8839 2524
2955 2 2 2 2 7003 9068 7006
2956 2 2 2 2 7173 7174 6762
2957 2 2 2 2 7261 7263 4357
2958 2 2 2 2 7260 7261 649
2959 2 2 2 2 5916 5918 5915
2960 2 2 2 2 4381 6663 3614
2961 2 2 2 2 5172 9033 3414
2962 2 2 2 2 6380 6381 5348
2963 2 2 2 2 5187 7551 4795
2964 2 2 2 2 1982 8952 8708
2965 2 2 2 2 7554 8343 7553
2966 2 2 2 2 6532 6610 5318
2967 2 2 2 2 5938 8833 5936
2968 2 2 2 2 7428 7435 3711
2969 2 2 2 2 5754 5822 5753
2970 2 2 2 2 3602 7172 3914
2971 2 2 2 2 6286 6287 6283
2972 2 2 2 2 5774 5775 5773
2973 2 2 2 2 5629 7090 5628
2974 2 2 2 2 6991 7550 6990
2975 2 2 2 2 6347 6350 1780
2976 2 2 2 2 3345 8229 3951
2977 2 2 2 2 5658 5659 5657
2978 2 2 2 2 5810 8676 5809
2979 2 2 2 2 7770 7771 7769
2980 2 2 2 2 5934 5935 1669
2981 2 2 2 2 1903 6952 1901
2982 2 2 2 2 6364 6470 1135
2983 2 2 2 2 5094 5578 5042
2984 2 2 2 2 6382 6383 4590
2985 2 2 2 2 5903 7810 7809
2986 2 2 2 2 2546 6191 2543
2987 2 2 2 2 4407 8899 4325
2988 2 2 2 2 8593 9080 3647
2989 2 2 2 2 5716 8950 8624
2990 2 2 2 2 1247 7660 3114
2991 2 2 2 2 3675 7333 3678
2992 2 2 2 2 2373 5646 2375
2993 2 2 2 2 5093 6191 6127
2994 2 2 2 2 6000 7126 4368
2995 2 2 2 2 2907 6975 2049
2996 2 2 2 2 3546 6921 4942
2997 2 2 2 2 9041 9042 8130
2998 2 2 2 2 646 6744 3636
2999 2 2 2 2 1920 8952 1982
3000 2 2 2 2 8358 8418 5214
3001 2 2 2 2 4203 5549 5542
3002 2 2 2 2 3930 6757 6756
3003 2 2 2 2 3183 8459 8240
3004 2 2 2 2 5982 9024 5981
3005 2 2 2 2 5148 8118 3986
3006 2 2 2 2 6657 6658 6655
3007 2 2 2 2 768 6118 765
3008 2 2 2 2 6952 6953 2024
3009 2 2 2 2 989 6643 6642
3010 2 2 2 2 1015 7101 793
3011 2 2 2 2 2214 6714 6634
3012 2 2 2 2 5380 6639 6638
3013 2 2 2 2 6488 6504 1418
3014 2 2 2 2 644 6302 624
3015 2 2 2 2 2481 5949 5944
3016 2 2 2 2 6059 6061 4508
3017 2 2 2 2 7167 7174 7173
3018 2 2 2 2 8893 8894 2842
3019 2 2 2 2 4898 7684 7682
3020 2 2 2 2 6668 6669 6667
3021 2 2 2 2 7180 7214 1525
3022 2 2 2 2 8467 8468 7845
3023 2 2 2 2 1674 7996 1676
3024 2 2 2 2 5307 8536 3175
3025 2 2 2 2 7139 7140 7138
3026 2 2 2 2 5345 8537 7918
3027 2 2 2 2 2782 8311 2780
3028 2 2 2 2 3149 7521 3147
3029 2 2 2 2 5684 5685 1313
3030 2 2 2 2 2944 8084 2946
3031 2 2 2 2 470 7469 1306
3032 2 2 2 2 7980 7983 4622
3033 2 2 2 2 7990 8012 7996
3034 2 2 2 2 2712 7689 2714
3035 2 2 2 2 513 7847 516
3036 2 2 2 2 937 6658 6657
3037 2 2 2 2 6108 6109 3666
3038 2 2 2 2 1896 8555 7776
3039 2 2 2 2 5856 6200 5030
3040 2 2 2 2 6907 8464 1725
3041 2 2 2 2 4234 5776 4412
3042 2 2 2 2 2538 6338 6333
3043 2 2 2 2 8460 8462 2709
3044 2 2 2 2 4477 7328 7327
3045 2 2 2 2 7731 8466 4528
3046 2 2 2 2 3999 7731 5190
3047 2 2 2 2 6112 7737 4879
3048 2 2 2 2 7309 7474 7473
3049 2 2 2 2 2209 7473 2324
3050 2 2 2 2 7489 8570 7795
3051 2 2 2 2 6098 8639 6090
3052 2 2 2 2 6982 6985 6981
3053 2 2 2 2 5215 7065 6777
3054 2 2 2 2 7382 7411 7384
3055 2 2 2 2 4540 7678 4068
3056 2 2 2 2 5797 5801 1415
3057 2 2 2 2 5032 5761 5749
3058 2 2 2 2 3242 9019 7521
3059 2 2 2 2 7795 7797 7796
3060 2 2 2 2 8475 8476 2820
3061 2 2 2 2 2497 8791 4518
3062 2 2 2 2 3485 5627 3489
3063 2 2 2 2 5922 5924 4265
3064 2 2 2 2 4294 6967 3863
3065 2 2 2 2 2912 7057 2457
3066 2 2 2 2 2371 5648 3070
3067 2 2 2 2 5747 5749 1359
3068 2 2 2 2 5168 6492 6489
3069 2 2 2 2 5577 6514 4344
3070 2 2 2 2 4461 8862 4962
3071 2 2 2 2 2375 5646 3069
3072 2 2 2 2 4085 8576 6326
3073 2 2 2 2 6326 6328 6327
3074 2 2 2 2 7754 7758 2193
3075 2 2 2 2 6459 6460 2359
3076 2 2 2 2 6199 8899 2550
3077 2 2 2 2 2193 8879 7754
3078 2 2 2 2 908 7412 906
3079 2 2 2 2 7895 7908 7907
3080 2 2 2 2 4079 7993 3229
3081 2 2 2 2 3560 7035 7033
3082 2 2 2 2 6500 6501 5131
3083 2 2 2 2 5888 5889 2206
3084 2 2 2 2 5956 7578 5082
3085 2 2 2 2 7625 7853 7339
3086 2 2 2 2 5243 8330 8326
3087 2 2 2 2 6051 7421 7420
3088 2 2 2 2 4237 5788 4514
3089 2 2 2 2 7343 8883 3750
3090 2 2 2 2 965 9109 7406
3091 2 2 2 2 7277 7279 7278
3092 2 2 2 2 3079 5699 5697
3093 2 2 2 2 2623 7544 2764
3094 2 2 2 2 2001 7267 5885
3095 2 2 2 2 6175 6187 729
3096 2 2 2 2 5969 8973 5968
3097 2 2 2 2 1900 7345 1666
3098 2 2 2 2 3642 7289 576
3099 2 2 2 2 649 7261 6556
3100 2 2 2 2 614 5806 5805
3101 2 2 2 2 2961 8197 3115
3102 2 2 2 2 5842 8808 5022
3103 2 2 2 2 8055 8056 8054
3104 2 2 2 2 3210 7986 7985
3105 2 2 2 2 5321 6930 5323
3106 2 2 2 2 729 6188 727
3107 2 2 2 2 2041 8358 7563
3108 2 2 2 2 4366 6021 5948
3109 2 2 2 2 2909 7348 3685
3110 2 2 2 2 4992 8875 8854
3111 2 2 2 2 3885 5631 5630
3112 2 2 2 2 1087 8624 3552
3113 2 2 2 2 8296 8297 5273
3114 2 2 2 2 4233 5687 5686
3115 2 2 2 2 644 6304 6303
3116 2 2 2 2 691 6421 6420
3117 2 2 2 2 1722 6204 3252
3118 2 2 2 2 4582 8520 4882
3119 2 2 2 2 5398 6206 5397
3120 2 2 2 2 1723 6204 1720
3121 2 2 2 2 2716 7691 2718
3122 2 2 2 2 7436 9076 4107
3123 2 2 2 2 3653 7503 7502
3124 2 2 2 2 5389 6746 4121
3125 2 2 2 2 8401 8479 5250
3126 2 2 2 2 6989 7874 6934
3127 2 2 2 2 2627 7874 839
3128 2 2 2 2 6424 6426 6425
3129 2 2 2 2 3397 5551 3394
3130 2 2 2 2 3396 5719 3398
3131 2 2 2 2 7754 8879 5291
3132 2 2 2 2 827 8493 714
3133 2 2 2 2 1196 6491 1364
3134 2 2 2 2 2608 7936 3594
3135 2 2 2 2 6033 6034 3292
3136 2 2 2 2 2046 6549 2443
3137 2 2 2 2 4345 6550 6549
3138 2 2 2 2 6193 6791 5786
3139 2 2 2 2 1336 8102 1338
3140 2 2 2 2 8691 8735 8692
3141 2 2 2 2 3389 7113 4464
3142 2 2 2 2 3028 7114 7113
3143 2 2 2 2 1111 7212 1119
3144 2 2 2 2 4548 7074 7073
3145 2 2 2 2 7511 7514 2847
3146 2 2 2 2 5832 5855 5019
3147 2 2 2 2 7958 7970 7967
3148 2 2 2 2 6273 6274 6272
3149 2 2 2 2 5864 5865 4226
3150 2 2 2 2 6123 9058 6120
3151 2 2 2 2 5764 8642 5835
3152 2 2 2 2 1644 5835 1642
3153 2 2 2 2 2952 8113 3141
3154 2 2 2 2 5385 8945 8514
3155 2 2 2 2 8389 8945 5386
3156 2 2 2 2 1009 6725 1012
3157 2 2 2 2 8053 8057 8052
3158 2 2 2 2 5115 6219 3952
3159 2 2 2 2 2176 8816 1696
3160 2 2 2 2 1325 8400 8399
3161 2 2 2 2 3477 6956 2905
3162 2 2 2 2 704 7318 699
3163 2 2 2 2 8292 8294 4693
3164 2 2 2 2 2477 7265 7259
3165 2 2 2 2 5166 7318 7069
3166 2 2 2 2 2766 8994 2626
3167 2 2 2 2 8048 8589 8588
3168 2 2 2 2 1277 6923 1348
3169 2 2 2 2 7827 8987 7829
3170 2 2 2 2 2875 6606 2895
3171 2 2 2 2 3311 8247 3312
3172 2 2 2 2 8247 8249 8248
3173 2 2 2 2 6341 6342 4139
3174 2 2 2 2 3594 8503 8498
3175 2 2 2 2 3969 6245 4031
3176 2 2 2 2 2306 7863 7458
3177 2 2 2 2 1397 5684 1394
3178 2 2 2 2 4166 8045 8044
3179 2 2 2 2 2760 8732 8394
3180 2 2 2 2 4811 8579 8578
3181 2 2 2 2 7099 8882 7100
3182 2 2 2 2 2634 6280 2632
3183 2 2 2 2 576 7289 578
3184 2 2 2 2 3207 7755 3630
3185 2 2 2 2 3219 8893 2840
3186 2 2 2 2 3290 7077 2482
3187 2 2 2 2 457 5532 460
3188 2 2 2 2 8108 8109 1527
3189 2 2 2 2 1227 6488 1418
3190 2 2 2 2 2723 8472 2763
3191 2 2 2 2 1295 7132 1429
3192 2 2 2 2 4865 8921 8496
3193 2 2 2 2 453 5527 456
3194 2 2 2 2 2470 6566 4674
3195 2 2 2 2 7137 7138 2468
3196 2 2 2 2 2182 6813 6811
3197 2 2 2 2 6546 6548 6547
3198 2 2 2 2 8749 8896 4869
3199 2 2 2 2 5205 6403 5204
3200 2 2 2 2 4100 7860 4828
3201 2 2 2 2 1415 5832 5797
3202 2 2 2 2 8716 8717 2225
3203 2 2 2 2 5988 5989 5987
3204 2 2 2 2 7845 8468 7846
3205 2 2 2 2 8679 8680 5039
3206 2 2 2 2 7844 7846 512
3207 2 2 2 2 7846 7847 512
3208 2 2 2 2 2469 7338 1568
3209 2 2 2 2 5360 8929 8538
3210 2 2 2 2 3641 8481 8381
3211 2 2 2 2 3087 7617 3901
3212 2 2 2 2 3227 8673 4080
3213 2 2 2 2 5544 5547 5542
3214 2 2 2 2 7285 7287 7269
3215 2 2 2 2 1504 8110 7897
3216 2 2 2 2 8191 8192 8190
3217 2 2 2 2 5176 8564 8563
3218 2 2 2 2 8130 9042 3216
3219 2 2 2 2 3490 5611 3491
3220 2 2 2 2 8523 8754 8710
3221 2 2 2 2 3494 5609 3497
3222 2 2 2 2 1570 7334 2469
3223 2 2 2 2 4760 8673 7160
3224 2 2 2 2 8076 8081 3171
3225 2 2 2 2 7122 7620 6213
3226 2 2 2 2 7442 7469 7441
3227 2 2 2 2 4733 6966 6964
3228 2 2 2 2 5100 7475 6332
3229 2 2 2 2 6117 6119 6118
3230 2 2 2 2 7751 7753 4041
3231 2 2 2 2 8429 8430 5066
3232 2 2 2 2 6418 6915 4380
3233 2 2 2 2 1064 8764 7096
3234 2 2 2 2 6745 6915 2421
3235 2 2 2 2 2910 7977 3193
3236 2 2 2 2 7098 8764 8628
3237 2 2 2 2 2243 7594 7589
3238 2 2 2 2 6399 7095 3164
3239 2 2 2 2 5998 6002 5997
3240 2 2 2 2 6347 6354 6350
3241 2 2 2 2 4079 8373 7993
3242 2 2 2 2 7378 7412 7380
3243 2 2 2 2 2690 8245 2694
3244 2 2 2 2 936 6670 6669
3245 2 2 2 2 8313 8315 8312
3246 2 2 2 2 6377 6378 3125
3247 2 2 2 2 614 5805 610
3248 2 2 2 2 1036 6698 2008
3249 2 2 2 2 635 8571 4631
3250 2 2 2 2 4863 8496 8494
3251 2 2 2 2 7778 8912 7777
3252 2 2 2 2 7733 8155 7732
3253 2 2 2 2 3923 5922 4265
3254 2 2 2 2 6375 6429 3595
3255 2 2 2 2 906 7412 1044
3256 2 2 2 2 3563 6233 6232
3257 2 2 2 2 2445 8001 3128
3258 2 2 2 2 649 6555 636
3259 2 2 2 2 7344 7345 2025
3260 2 2 2 2 6019 7324 7323
3261 2 2 2 2 1263 7323 2484
3262 2 2 2 2 4830 7859 7858
3263 2 2 2 2 5034 5867 5759
3264 2 2 2 2 6730 6734 6732
3265 2 2 2 2 2820 8476 2817
3266 2 2 2 2 5259 8434 7219
3267 2 2 2 2 3636 6744 5808
3268 2 2 2 2 5334 8751 8439
3269 2 2 2 2 5948 5949 4366
3270 2 2 2 2 1057 8775 7914
3271 2 2 2 2 5675 5804 5802
3272 2 2 2 2 7232 7233 2816
3273 2 2 2 2 8133 8340 5377
3274 2 2 2 2 5187 8365 7840
3275 2 2 2 2 4904 5594 4901
3276 2 2 2 2 6774 6775 1654
3277 2 2 2 2 5293 7410 4042
3278 2 2 2 2 5724 5725 5723
3279 2 2 2 2 7849 8022 4553
3280 2 2 2 2 8617 9117 9116
3281 2 2 2 2 7824 7825 1460
3282 2 2 2 2 8539 8934 5098
3283 2 2 2 2 8539 8540 5845
3284 2 2 2 2 7688 7691 3616
3285 2 2 2 2 5589 5591 5590
3286 2 2 2 2 4895 7799 7713
3287 2 2 2 2 7799 8709 1425
3288 2 2 2 2 1262 7757 877
3289 2 2 2 2 4669 7306 7302
3290 2 2 2 2 2902 7306 3131
3291 2 2 2 2 7279 7280 7278
3292 2 2 2 2 1533 7679 1925
3293 2 2 2 2 2114 7896 3173
3294 2 2 2 2 4233 5686 5023
3295 2 2 2 2 1496 7894 2112
3296 2 2 2 2 5617 5618 5616
3297 2 2 2 2 3489 5627 5617
3298 2 2 2 2 8977 8978 8286
3299 2 2 2 2 970 6774 1654
3300 2 2 2 2 7913 8825 7912
3301 2 2 2 2 8824 8825 8641
3302 2 2 2 2 1489 7520 1528
3303 2 2 2 2 8616 8638 8615
3304 2 2 2 2 649 6556 6555
3305 2 2 2 2 1377 6367 1497
3306 2 2 2 2 6692 6693 3737
3307 2 2 2 2 5326 8809 8473
3308 2 2 2 2 5778 7039 5038
3309 2 2 2 2 897 8054 2844
3310 2 2 2 2 662 7155 2477
3311 2 2 2 2 7211 7212 4392
3312 2 2 2 2 4647 5537 5534
3313 2 2 2 2 7670 7671 2086
3314 2 2 2 2 2122 7670 2085
3315 2 2 2 2 6736 6737 1732
3316 2 2 2 2 1652 6325 6323
3317 2 2 2 2 7355 7357 7354
3318 2 2 2 2 6329 6330 4292
3319 2 2 2 2 6807 6810 6809
3320 2 2 2 2 6304 9037 6303
3321 2 2 2 2 8663 9084 1534
3322 2 2 2 2 3998 7849 3180
3323 2 2 2 2 514 8307 511
3324 2 2 2 2 6955 8884 5308
3325 2 2 2 2 644 6303 6302
3326 2 2 2 2 3187 7818 2731
3327 2 2 2 2 4324 7061 7060
3328 2 2 2 2 7060 7063 6610
3329 2 2 2 2 7143 7145 3052
3330 2 2 2 2 5555 5560 5556
3331 2 2 2 2 6526 6553 2488
3332 2 2 2 2 667 5855 5832
3333 2 2 2 2 6722 6723 4738
3334 2 2 2 2 5704 5705 5701
3335 2 2 2 2 6254 6255 5111
3336 2 2 2 2 7741 7743 7742
3337 2 2 2 2 5201 6432 5200
3338 2 2 2 2 7171 7173 7172
3339 2 2 2 2 7753 7758 7754
3340 2 2 2 2 638 7761 6181
3341 2 2 2 2 1463 8947 2160
3342 2 2 2 2 886 7343 3750
3343 2 2 2 2 7217 8164 7216
3344 2 2 2 2 3812 7922 2983
3345 2 2 2 2 4948 9009 4947
3346 2 2 2 2 2707 7982 7981
3347 2 2 2 2 5604 5633 5603
3348 2 2 2 2 4335 6182 6180
3349 2 2 2 2 6166 7719 6167
3350 2 2 2 2 3474 7905 7904
3351 2 2 2 2 6377 6472 5120
3352 2 2 2 2 572 7292 574
3353 2 2 2 2 7300 7305 7304
3354 2 2 2 2 1472 8158 3625
3355 2 2 2 2 3418 6200 3421
3356 2 2 2 2 2770 8128 2772
3357 2 2 2 2 2421 6944 6745
3358 2 2 2 2 6944 6946 6945
3359 2 2 2 2 632 6555 2488
3360 2 2 2 2 5061 5954 4730
3361 2 2 2 2 5987 5992 5985
3362 2 2 2 2 4466 5734 4467
3363 2 2 2 2 8287 8977 8286
3364 2 2 2 2 7472 7688 3616
3365 2 2 2 2 7821 7822 3609
3366 2 2 2 2 4035 7815 4549
3367 2 2 2 2 4631 8571 8438
3368 2 2 2 2 7939 7940 3476
3369 2 2 2 2 5924 5925 5076
3370 2 2 2 2 8222 8675 6445
3371 2 2 2 2 8218 8222 4280
3372 2 2 2 2 3603 7172 3600
3373 2 2 2 2 2761 8527 8382
3374 2 2 2 2 4349 8631 6479
3375 2 2 2 2 4678 8969 8127
3376 2 2 2 2 7652 8981 7654
3377 2 2 2 2 5751 5753 3085
3378 2 2 2 2 4537 7234 7231
3379 2 2 2 2 8360 8871 8738
3380 2 2 2 2 5941 5943 5942
3381 2 2 2 2 6284 6285 6282
3382 2 2 2 2 8336 8762 958
3383 2 2 2 2 6051 6052 4768
3384 2 2 2 2 5984 9098 5982
3385 2 2 2 2 6501 6502 4454
3386 2 2 2 2 6963 6969 6967
3387 2 2 2 2 6217 6218 5115
3388 2 2 2 2 4019 8329 4578
3389 2 2 2 2 2330 6397 3263
3390 2 2 2 2 6934 6935 4416
3391 2 2 2 2 852 7110 7109
3392 2 2 2 2 7686 8605 7452
3393 2 2 2 2 6777 7565 6776
3394 2 2 2 2 6219 6221 4312
3395 2 2 2 2 3287 6248 2741
3396 2 2 2 2 4312 6221 5111
3397 2 2 2 2 9025 9044 7278
3398 2 2 2 2 2488 6555 6526
3399 2 2 2 2 4693 8294 4705
3400 2 2 2 2 6697 6699 6695
3401 2 2 2 2 725 6739 1732
3402 2 2 2 2 7138 7140 2468
3403 2 2 2 2 3187 7820 7819
3404 2 2 2 2 1707 6586 1709
3405 2 2 2 2 4576 7823 2722
3406 2 2 2 2 8055 8533 8056
3407 2 2 2 2 512 7847 513
3408 2 2 2 2 8293 8294 8292
3409 2 2 2 2 3212 9041 8130
3410 2 2 2 2 6701 6706 6703
3411 2 2 2 2 8059 8176 611
3412 2 2 2 2 3642 7290 7289
3413 2 2 2 2 653 7260 642
3414 2 2 2 2 2160 8947 8534
3415 2 2 2 2 2070 6965 2053
3416 2 2 2 2 5892 5894 5052
3417 2 2 2 2 2194 6784 6783
3418 2 2 2 2 2748 8685 8372
3419 2 2 2 2 2554 9058 6124
3420 2 2 2 2 5921 5922 5072
3421 2 2 2 2 1190 7152 1298
3422 2 2 2 2 2194 6783 969
3423 2 2 2 2 6740 6743 6739
3424 2 2 2 2 2495 7467 7466
3425 2 2 2 2 6997 6998 1772
3426 2 2 2 2 4706 5955 5082
3427 2 2 2 2 889 5938 5937
3428 2 2 2 2 7523 8662 880
3429 2 2 2 2 7915 8291 5346
3430 2 2 2 2 4798 6718 6141
3431 2 2 2 2 6282 6286 6283
3432 2 2 2 2 4232 7118 5838
3433 2 2 2 2 6587 6589 6588
3434 2 2 2 2 3121 8163 6440
3435 2 2 2 2 6217 8163 2562
3436 2 2 2 2 4509 8877 6061
3437 2 2 2 2 2019 6178 6177
3438 2 2 2 2 4838 6623 6622
3439 2 2 2 2 3512 6828 3510
3440 2 2 2 2 3211 6824 6823
3441 2 2 2 2 1473 8158 1472
3442 2 2 2 2 7272 7284 7283
3443 2 2 2 2 4882 8521 8196
3444 2 2 2 2 5593 5594 5012
3445 2 2 2 2 6484 6500 6482
3446 2 2 2 2 7220 7495 1023
3447 2 2 2 2 3561 7495 7221
3448 2 2 2 2 3394 5551 3393
3449 2 2 2 2 721 6543 715
3450 2 2 2 2 7649 8474 7648
3451 2 2 2 2 5550 5551 4920
3452 2 2 2 2 6245 6246 4031
3453 2 2 2 2 7109 7112 7111
3454 2 2 2 2 3786 7534 4801
3455 2 2 2 2 5620 9085 5621
3456 2 2 2 2 3004 8727 7127
3457 2 2 2 2 3127 7569 2870
3458 2 2 2 2 5360 8928 4857
3459 2 2 2 2 4855 8928 8525
3460 2 2 2 2 1560 7850 2503
3461 2 2 2 2 4786 8188 5114
3462 2 2 2 2 7850 7852 7851
3463 2 2 2 2 2155 7644 3246
3464 2 2 2 2 8530 8531 3663
3465 2 2 2 2 944 7174 7167
3466 2 2 2 2 2025 7345 1900
3467 2 2 2 2 4486 7569 3960
3468 2 2 2 2 3077 7904 3092
3469 2 2 2 2 4828 7860 7859
3470 2 2 2 2 2515 6583 2517
3471 2 2 2 2 1364 6491 6483
3472 2 2 2 2 8716 8718 8717
3473 2 2 2 2 5157 8719 2872
3474 2 2 2 2 580 7292 572
3475 2 2 2 2 875 7699 2594
3476 2 2 2 2 2585 7089 7069
3477 2 2 2 2 7089 7297 4492
3478 2 2 2 2 5874 7687 5070
3479 2 2 2 2 5311 7876 7875
3480 2 2 2 2 3392 5537 2407
3481 2 2 2 2 7966 7971 7965
3482 2 2 2 2 6168 6175 6169
3483 2 2 2 2 3238 7490 4455
3484 2 2 2 2 3558 7491 7490
3485 2 2 2 2 496 8506 8504
3486 2 2 2 2 8597 8979 3295
3487 2 2 2 2 1414 7487 7169
3488 2 2 2 2 2405 5537 4647
3489 2 2 2 2 6530 6531 2480
3490 2 2 2 2 2649 7919 7747
3491 2 2 2 2 7676 7678 4540
3492 2 2 2 2 3616 7691 2716
3493 2 2 2 2 2611 8160 3201
3494 2 2 2 2 7032 7034 2014
3495 2 2 2 2 7713 8723 7712
3496 2 2 2 2 7358 7360 7359
3497 2 2 2 2 7614 8008 4462
3498 2 2 2 2 3076 8008 4000
3499 2 2 2 2 7747 7919 7746
3500 2 2 2 2 4592 7563 5214
3501 2 2 2 2 5376 8454 8135
3502 2 2 2 2 1028 7198 2467
3503 2 2 2 2 2899 6170 6168
3504 2 2 2 2 8318 8319 5224
3505 2 2 2 2 4152 7966 7965
3506 2 2 2 2 3109 6449 2432
3507 2 2 2 2 1061 7707 1086
3508 2 2 2 2 7528 7530 2198
3509 2 2 2 2 3608 7747 7746
3510 2 2 2 2 8472 8473 2763
3511 2 2 2 2 7517 7924 5231
3512 2 2 2 2 4392 7212 1111
3513 2 2 2 2 2078 7199 3557
3514 2 2 2 2 944 7175 7174
3515 2 2 2 2 6153 6154 5328
3516 2 2 2 2 1799 7253 1801
3517 2 2 2 2 5732 5733 3081
3518 2 2 2 2 4711 6590 4822
3519 2 2 2 2 6185 7938 3198
3520 2 2 2 2 810 7718 808
3521 2 2 2 2 4326 7726 6547
3522 2 2 2 2 4802 7938 4835
3523 2 2 2 2 7266 7642 5814
3524 2 2 2 2 2411 7266 2424
3525 2 2 2 2 7648 8474 1880
3526 2 2 2 2 2186 5562 2184
3527 2 2 2 2 6274 9036 4304
3528 2 2 2 2 7184 7186 7185
3529 2 2 2 2 5845 6074 4884
3530 2 2 2 2 6187 6189 6188
3531 2 2 2 2 3976 7288 7287
3532 2 2 2 2 6808 6810 6807
3533 2 2 2 2 5241 8737 8330
3534 2 2 2 2 6058 6060 6059
3535 2 2 2 2 7837 8351 3182
3536 2 2 2 2 8508 8811 7887
3537 2 2 2 2 7688 7692 7691
3538 2 2 2 2 6539 6540 6538
3539 2 2 2 2 6243 6244 4310
3540 2 2 2 2 2650 8263 3994
3541 2 2 2 2 7171 7172 3603
3542 2 2 2 2 7576 8902 4316
3543 2 2 2 2 5084 7576 6020
3544 2 2 2 2 4627 8312 8311
3545 2 2 2 2 2847 7518 7511
3546 2 2 2 2 8138 8412 2140
3547 2 2 2 2 1192 6490 1194
3548 2 2 2 2 4725 6042 4741
3549 2 2 2 2 6922 8116 1344
3550 2 2 2 2 1569 5973 2856
3551 2 2 2 2 6419 6422 706
3552 2 2 2 2 7372 7375 7373
3553 2 2 2 2 8595 8596 7476
3554 2 2 2 2 6577 6579 4480
3555 2 2 2 2 7083 8154 7080
3556 2 2 2 2 3563 6234 6233
3557 2 2 2 2 5571 5572 5570
3558 2 2 2 2 6396 6397 2103
3559 2 2 2 2 5266 8622 8621
3560 2 2 2 2 5707 8758 5702
3561 2 2 2 2 1653 6325 1652
3562 2 2 2 2 6775 6776 1654
3563 2 2 2 2 1764 9094 9012
3564 2 2 2 2 6072 6074 6073
3565 2 2 2 2 6185 6186 6184
3566 2 2 2 2 1044 7409 904
3567 2 2 2 2 5920 6077 3945
3568 2 2 2 2 5159 5687 4233
3569 2 2 2 2 3648 7305 7300
3570 2 2 2 2 3642 7291 7290
3571 2 2 2 2 6703 6708 6704
3572 2 2 2 2 8351 8352 8350
3573 2 2 2 2 1156 5567 1098
3574 2 2 2 2 7884 8667 8616
3575 2 2 2 2 5178 8667 8613
3576 2 2 2 2 1025 8623 3715
3577 2 2 2 2 7507 8816 2176
3578 2 2 2 2 8381 8481 4567
3579 2 2 2 2 6091 6098 6090
3580 2 2 2 2 4608 6237 3931
3581 2 2 2 2 8205 8423 5299
3582 2 2 2 2 524 8325 521
3583 2 2 2 2 5005 5531 5530
3584 2 2 2 2 8246 9001 8242
3585 2 2 2 2 6403 6404 5204
3586 2 2 2 2 1318 8398 1316
3587 2 2 2 2 5250 8478 4732
3588 2 2 2 2 688 8004 690
3589 2 2 2 2 5671 6293 4287
3590 2 2 2 2 1022 6293 2430
3591 2 2 2 2 4742 6955 5308
3592 2 2 2 2 3992 7909 3990
3593 2 2 2 2 487 8666 3190
3594 2 2 2 2 803 8666 485
3595 2 2 2 2 820 8021 2115
3596 2 2 2 2 5938 6139 5937
3597 2 2 2 2 7269 7287 7081
3598 2 2 2 2 6740 9055 6743
3599 2 2 2 2 6125 6128 6127
3600 2 2 2 2 536 8179 8177
3601 2 2 2 2 7739 8774 7533
3602 2 2 2 2 7829 8987 8226
3603 2 2 2 2 7513 9019 7512
3604 2 2 2 2 5626 8664 5625
3605 2 2 2 2 4043 6536 5295
3606 2 2 2 2 3136 8997 6208
3607 2 2 2 2 3242 9070 9019
3608 2 2 2 2 4371 6536 3972
3609 2 2 2 2 4948 6905 6904
3610 2 2 2 2 8965 8966 5003
3611 2 2 2 2 4992 8854 4447
3612 2 2 2 2 8064 8108 1527
3613 2 2 2 2 2194 7355 6784
3614 2 2 2 2 5991 9045 5988
3615 2 2 2 2 1510 7313 3519
3616 2 2 2 2 593 7226 589
3617 2 2 2 2 8078 8079 8077
3618 2 2 2 2 2505 7213 2660
3619 2 2 2 2 8209 8895 502
3620 2 2 2 2 8228 9002 8227
3621 2 2 2 2 6105 6146 4614
3622 2 2 2 2 7450 7451 6602
3623 2 2 2 2 6423 6424 2849
3624 2 2 2 2 5072 5922 3923
3625 2 2 2 2 1301 5950 1115
3626 2 2 2 2 7076 7077 7075
3627 2 2 2 2 6259 6334 4323
3628 2 2 2 2 3610 6666 4652
3629 2 2 2 2 8337 8338 4333
3630 2 2 2 2 4463 8868 7241
3631 2 2 2 2 7964 7974 7961
3632 2 2 2 2 2815 7675 2811
3633 2 2 2 2 3519 5627 3483
3634 2 2 2 2 4094 8340 8133
3635 2 2 2 2 8371 8372 5235
3636 2 2 2 2 7030 7806 7029
3637 2 2 2 2 4507 6059 4508
3638 2 2 2 2 7987 8119 1882
3639 2 2 2 2 1690 8119 1689
3640 2 2 2 2 5352 6284 6281
3641 2 2 2 2 8374 8509 7885
3642 2 2 2 2 2170 7806 6318
3643 2 2 2 2 8499 8509 2630
3644 2 2 2 2 6365 6366 5588
3645 2 2 2 2 3068 5632 3503
3646 2 2 2 2 7609 9017 4397
3647 2 2 2 2 1811 7611 3596
3648 2 2 2 2 1604 6105 6104
3649 2 2 2 2 1806 7611 1808
3650 2 2 2 2 2685 8459 2688
3651 2 2 2 2 4810 6155 6152
3652 2 2 2 2 2132 8964 5596
3653 2 2 2 2 7102 7105 7104
3654 2 2 2 2 5012 5594 4904
3655 2 2 2 2 4357 7264 3996
3656 2 2 2 2 1212 7191 1233
3657 2 2 2 2 589 7226 7224
3658 2 2 2 2 4894 7739 7532
3659 2 2 2 2 2936 8107 3172
3660 2 2 2 2 8529 8570 7489
3661 2 2 2 2 981 7137 2468
3662 2 2 2 2 3474 7735 7734
3663 2 2 2 2 7229 7230 4536
3664 2 2 2 2 5199 8022 7849
3665 2 2 2 2 2226 8716 2225
3666 2 2 2 2 5543 5544 5542
3667 2 2 2 2 7737 8706 7736
3668 2 2 2 2 3894 8427 5807
3669 2 2 2 2 509 7844 512
3670 2 2 2 2 3603 7802 7170
3671 2 2 2 2 3639 7608 7607
3672 2 2 2 2 4290 7826 6167
3673 2 2 2 2 5902 6036 5367
3674 2 2 2 2 1527 8110 1502
3675 2 2 2 2 2921 8265 3313
3676 2 2 2 2 4559 8264 8002
3677 2 2 2 2 3240 8265 2758
3678 2 2 2 2 3217 8191 8190
3679 2 2 2 2 4523 8518 6779
3680 2 2 2 2 4369 9086 6569
3681 2 2 2 2 8340 8943 5377
3682 2 2 2 2 504 7720 2601
3683 2 2 2 2 5305 6613 6612
3684 2 2 2 2 7807 7808 5014
3685 2 2 2 2 3930 6756 6755
3686 2 2 2 2 6546 6547 6545
3687 2 2 2 2 9032 9065 7275
3688 2 2 2 2 2369 9033 5648
3689 2 2 2 2 673 5855 667
3690 2 2 2 2 5783 5874 5782
3691 2 2 2 2 8388 8389 7524
3692 2 2 2 2 1268 7034 1266
3693 2 2 2 2 6277 9089 6279
3694 2 2 2 2 3482 6515 6331
3695 2 2 2 2 6063 6065 6064
3696 2 2 2 2 1940 7022 2098
3697 2 2 2 2 1906 7023 7022
3698 2 2 2 2 3232 7723 7722
3699 2 2 2 2 8286 8978 8390
3700 2 2 2 2 3575 7633 3776
3701 2 2 2 2 4611 8415 4476
3702 2 2 2 2 6406 6407 6207
3703 2 2 2 2 6079 8823 6080
3704 2 2 2 2 3648 7300 7299
3705 2 2 2 2 6687 6818 6684
3706 2 2 2 2 1389 8595 1390
3707 2 2 2 2 7330 7333 7331
3708 2 2 2 2 519 8544 522
3709 2 2 2 2 4587 8545 8544
3710 2 2 2 2 500 8507 8502
3711 2 2 2 2 6486 6490 6489
3712 2 2 2 2 8494 8495 4861
3713 2 2 2 2 2799 7830 2827
3714 2 2 2 2 8234 8238 4565
3715 2 2 2 2 4680 7760 7759
3716 2 2 2 2 3788 8465 5230
3717 2 2 2 2 2317 7344 2025
3718 2 2 2 2 7759 7762 1727
3719 2 2 2 2 6151 7832 5246
3720 2 2 2 2 1881 6151 6065
3721 2 2 2 2 7716 7837 3182
3722 2 2 2 2 5802 5803 5675
3723 2 2 2 2 9006 9012 7434
3724 2 2 2 2 6376 8636 6375
3725 2 2 2 2 6732 7781 6735
3726 2 2 2 2 5310 9108 5516
3727 2 2 2 2 4785 6322 6321
3728 2 2 2 2 8985 9027 7290
3729 2 2 2 2 1509 6264 1469
3730 2 2 2 2 6432 6433 5200
3731 2 2 2 2 8125 8126 4827
3732 2 2 2 2 8292 8295 8293
3733 2 2 2 2 3520 6182 4335
3734 2 2 2 2 1097 7486 4633
3735 2 2 2 2 1088 7486 1090
3736 2 2 2 2 2008 9054 6817
3737 2 2 2 2 3874 8837 8835
3738 2 2 2 2 8243 8244 3184
3739 2 2 2 2 2251 7238 2248
3740 2 2 2 2 3309 6381 6380
3741 2 2 2 2 8738 8739 8360
3742 2 2 2 2 5666 5667 5662
3743 2 2 2 2 2588 7707 7706
3744 2 2 2 2 7998 8000 7999
3745 2 2 2 2 7509 7513 7512
3746 2 2 2 2 7094 7095 6360
3747 2 2 2 2 4665 6424 6422
3748 2 2 2 2 5590 7149 5592
3749 2 2 2 2 2704 8136 8135
3750 2 2 2 2 7809 7810 3250
3751 2 2 2 2 1332 8479 8401
3752 2 2 2 2 1925 7685 1535
3753 2 2 2 2 2847 7520 1487
3754 2 2 2 2 6013 7715 6011
3755 2 2 2 2 6060 6061 6059
3756 2 2 2 2 4263 6812 3899
3757 2 2 2 2 5952 8153 2311
3758 2 2 2 2 2006 8952 1920
3759 2 2 2 2 6757 6758 6756
3760 2 2 2 2 2103 6397 2330
3761 2 2 2 2 8663 8664 5626
3762 2 2 2 2 6776 7565 1654
3763 2 2 2 2 6133 6265 6134
3764 2 2 2 2 8727 8852 7127
3765 2 2 2 2 5270 7250 7249
3766 2 2 2 2 695 6983 2586
3767 2 2 2 2 5949 5950 4366
3768 2 2 2 2 7102 7106 7105
3769 2 2 2 2 6969 6971 6970
3770 2 2 2 2 7875 8214 5311
3771 2 2 2 2 6073 7811 6072
3772 2 2 2 2 4720 7303 6474
3773 2 2 2 2 4823 8337 4333
3774 2 2 2 2 6795 7556 7555
3775 2 2 2 2 2775 8193 3243
3776 2 2 2 2 7623 7625 7622
3777 2 2 2 2 2182 6814 6813
3778 2 2 2 2 2810 7675 7673
3779 2 2 2 2 6028 6029 4543
3780 2 2 2 2 5630 5632 3885
3781 2 2 2 2 4047 8809 5326
3782 2 2 2 2 7822 8403 3609
3783 2 2 2 2 8120 8122 8121
3784 2 2 2 2 5937 6139 4257
3785 2 2 2 2 2903 8425 3294
3786 2 2 2 2 5092 6072 6071
3787 2 2 2 2 2882 6008 4368
3788 2 2 2 2 6419 6427 6422
3789 2 2 2 2 6673 6941 6939
3790 2 2 2 2 2749 7049 2746
3791 2 2 2 2 8318 8321 8319
3792 2 2 2 2 2012 5595 5593
3793 2 2 2 2 1099 7064 4392
3794 2 2 2 2 6777 7065 2478
3795 2 2 2 2 4502 5944 5941
3796 2 2 2 2 6305 6554 6304
3797 2 2 2 2 3293 7755 3207
3798 2 2 2 2 4253 5600 4252
3799 2 2 2 2 3996 7264 3163
3800 2 2 2 2 8151 8443 8145
3801 2 2 2 2 8821 8862 4461
3802 2 2 2 2 8018 8806 8015
3803 2 2 2 2 8502 8507 8501
3804 2 2 2 2 4402 6933 5321
3805 2 2 2 2 7443 7445 4885
3806 2 2 2 2 2206 5889 2207
3807 2 2 2 2 7736 8706 1626
3808 2 2 2 2 8439 8751 2739
3809 2 2 2 2 9001 9029 8242
3810 2 2 2 2 7155 9059 2477
3811 2 2 2 2 5333 8900 8267
3812 2 2 2 2 5574 7808 1724
3813 2 2 2 2 5299 8492 8205
3814 2 2 2 2 7468 8009 867
3815 2 2 2 2 8326 8334 8325
3816 2 2 2 2 8240 8241 3183
3817 2 2 2 2 6155 6156 1679
3818 2 2 2 2 3115 8197 4110
3819 2 2 2 2 4018 8406 3643
3820 2 2 2 2 3243 8197 2961
3821 2 2 2 2 2908 8808 5842
3822 2 2 2 2 5632 5633 3503
3823 2 2 2 2 4307 6179 6176
3824 2 2 2 2 6540 6543 6538
3825 2 2 2 2 6064 8572 5244
3826 2 2 2 2 701 6540 702
3827 2 2 2 2 702 6540 6539
3828 2 2 2 2 2369 5648 2371
3829 2 2 2 2 6095 6227 4609
3830 2 2 2 2 5920 5921 5072
3831 2 2 2 2 990 8580 994
3832 2 2 2 2 5948 6021 4364
3833 2 2 2 2 651 6744 646
3834 2 2 2 2 3172 8107 8074
3835 2 2 2 2 1861 8023 7048
3836 2 2 2 2 4707 8296 5273
3837 2 2 2 2 7312 7979 5221
3838 2 2 2 2 1106 8624 1087
3839 2 2 2 2 1151 8297 8296
3840 2 2 2 2 2999 6502 3130
3841 2 2 2 2 8521 9011 5373
3842 2 2 2 2 4581 8291 8290
3843 2 2 2 2 7916 8200 8199
3844 2 2 2 2 5397 8957 5396
3845 2 2 2 2 5588 6367 1379
3846 2 2 2 2 4327 5562 3478
3847 2 2 2 2 5975 9074 5976
3848 2 2 2 2 3896 5719 3396
3849 2 2 2 2 2605 7936 2608
3850 2 2 2 2 4543 6034 6033
3851 2 2 2 2 3292 6035 6033
3852 2 2 2 2 3051 6529 2217
3853 2 2 2 2 1422 7281 7280
3854 2 2 2 2 8451 8753 5245
3855 2 2 2 2 5744 8897 7619
3856 2 2 2 2 4508 8877 7841
3857 2 2 2 2 1086 7707 2588
3858 2 2 2 2 515 8309 514
3859 2 2 2 2 6929 6931 5323
3860 2 2 2 2 528 8328 8327
3861 2 2 2 2 4869 8750 8749
3862 2 2 2 2 6028 6030 6029
3863 2 2 2 2 2556 6254 6221
3864 2 2 2 2 8077 8081 8076
3865 2 2 2 2 6081 6403 5205
3866 2 2 2 2 3179 7910 2838
3867 2 2 2 2 5324 8912 7778
3868 2 2 2 2 5025 5678 5024
3869 2 2 2 2 922 7411 912
3870 2 2 2 2 4106 7432 7431
3871 2 2 2 2 2058 5956 2312
3872 2 2 2 2 4577 8329 4019
3873 2 2 2 2 4508 7841 4506
3874 2 2 2 2 1696 8816 1628
3875 2 2 2 2 5204 6432 5201
3876 2 2 2 2 6817 6818 3646
3877 2 2 2 2 2240 7594 2243
3878 2 2 2 2 8588 8589 2729
3879 2 2 2 2 1325 8399 1322
3880 2 2 2 2 8399 8400 8396
3881 2 2 2 2 4368 6008 6001
3882 2 2 2 2 3669 6542 6541
3883 2 2 2 2 1347 6107 1225
3884 2 2 2 2 5252 6926 5253
3885 2 2 2 2 5046 7616 5741
3886 2 2 2 2 2629 6250 2493
3887 2 2 2 2 3731 6925 6924
3888 2 2 2 2 4593 8458 7981
3889 2 2 2 2 6924 6925 6923
3890 2 2 2 2 1851 7984 1848
3891 2 2 2 2 5336 8278 8047
3892 2 2 2 2 4524 5688 4875
3893 2 2 2 2 7570 7571 2223
3894 2 2 2 2 5989 9046 8600
3895 2 2 2 2 6985 9080 8593
3896 2 2 2 2 3098 8167 3444
3897 2 2 2 2 3673 7333 3675
3898 2 2 2 2 3167 8100 8085
3899 2 2 2 2 8164 8165 7216
3900 2 2 2 2 3961 9065 9032
3901 2 2 2 2 8414 8416 8415
3902 2 2 2 2 6906 8973 3936
3903 2 2 2 2 4812 8579 4811
3904 2 2 2 2 6457 8930 5412
3905 2 2 2 2 2001 5885 1775
3906 2 2 2 2 8439 8589 5334
3907 2 2 2 2 6422 6424 6423
3908 2 2 2 2 4548 7071 7070
3909 2 2 2 2 8269 8270 8141
3910 2 2 2 2 1221 6488 1227
3911 2 2 2 2 4521 8967 8480
3912 2 2 2 2 4689 8557 1217
3913 2 2 2 2 1713 6566 2470
3914 2 2 2 2 622 6302 3954
3915 2 2 2 2 4826 7726 4096
3916 2 2 2 2 4900 5597 4897
3917 2 2 2 2 7734 7905 3474
3918 2 2 2 2 1601 7935 7934
3919 2 2 2 2 1459 5829 1421
3920 2 2 2 2 4479 6778 3985
3921 2 2 2 2 2872 8719 8718
3922 2 2 2 2 5927 9088 5077
3923 2 2 2 2 6535 6537 6536
3924 2 2 2 2 8768 8811 8505
3925 2 2 2 2 8402 8403 5217
3926 2 2 2 2 3085 6315 5751
3927 2 2 2 2 3901 7617 5046
3928 2 2 2 2 3088 7617 3087
3929 2 2 2 2 6623 6624 6622
3930 2 2 2 2 6213 8942 7122
3931 2 2 2 2 2504 7093 7092
3932 2 2 2 2 8563 8564 3655
3933 2 2 2 2 2836 8366 2835
3934 2 2 2 2 7720 8502 4551
3935 2 2 2 2 6537 6539 6538
3936 2 2 2 2 4366 5950 1301
3937 2 2 2 2 8161 8989 8162
3938 2 2 2 2 3497 5609 3920
3939 2 2 2 2 2721 8472 2723
3940 2 2 2 2 481 8820 484
3941 2 2 2 2 683 9055 681
3942 2 2 2 2 5578 7015 1468
3943 2 2 2 2 5030 5728 4224
3944 2 2 2 2 3633 7234 4537
3945 2 2 2 2 6183 7761 3954
3946 2 2 2 2 6909 8791 6585
3947 2 2 2 2 8489 8490 8488
3948 2 2 2 2 2811 7675 2810
3949 2 2 2 2 3205 7977 2910
3950 2 2 2 2 6256 6259 6257
3951 2 2 2 2 2588 7706 7705
3952 2 2 2 2 2835 8366 8359
3953 2 2 2 2 7514 7520 2847
3954 2 2 2 2 641 8571 635
3955 2 2 2 2 1079 6698 1036
3956 2 2 2 2 2788 8710 8551
3957 2 2 2 2 2099 6396 2103
3958 2 2 2 2 8155 8486 7732
3959 2 2 2 2 816 8155 7733
3960 2 2 2 2 4171 6578 6576
3961 2 2 2 2 5639 5640 5233
3962 2 2 2 2 5047 7643 6451
3963 2 2 2 2 5798 5801 5797
3964 2 2 2 2 6687 9030 6819
3965 2 2 2 2 1354 8386 7538
3966 2 2 2 2 8149 8269 8141
3967 2 2 2 2 1307 9020 8701
3968 2 2 2 2 1878 6210 5267
3969 2 2 2 2 6180 6183 4335
3970 2 2 2 2 741 6737 2636
3971 2 2 2 2 2835 8359 4583
3972 2 2 2 2 4609 6096 6095
3973 2 2 2 2 1479 6810 6808
3974 2 2 2 2 3316 7813 4126
3975 2 2 2 2 1376 7774 1729
3976 2 2 2 2 5096 6110 5095
3977 2 2 2 2 1431 8078 8070
3978 2 2 2 2 7840 8365 1928
3979 2 2 2 2 8480 8967 2587
3980 2 2 2 2 8614 8896 8749
3981 2 2 2 2 5723 5725 4501
3982 2 2 2 2 3220 8228 8227
3983 2 2 2 2 5157 8720 8719
3984 2 2 2 2 5094 8681 7015
3985 2 2 2 2 8912 8980 7777
3986 2 2 2 2 1724 7808 7807
3987 2 2 2 2 4544 6130 6129
3988 2 2 2 2 2821 8231 2820
3989 2 2 2 2 5546 5548 5547
3990 2 2 2 2 2326 6729 6728
3991 2 2 2 2 6281 6284 6282
3992 2 2 2 2 1280 6054 1282
3993 2 2 2 2 5327 8771 7790
3994 2 2 2 2 5200 6449 3109
3995 2 2 2 2 1427 7894 1496
3996 2 2 2 2 5250 8479 8478
3997 2 2 2 2 7675 7676 7673
3998 2 2 2 2 3502 5603 5601
3999 2 2 2 2 968 6774 970
4000 2 2 2 2 5817 5818 5815
4001 2 2 2 2 3005 6494 3122
4002 2 2 2 2 2800 7830 2799
4003 2 2 2 2 5178 8638 8616
4004 2 2 2 2 8615 8638 2668
4005 2 2 2 2 4539 8987 7827
4006 2 2 2 2 6297 8646 6298
4007 2 2 2 2 901 8051 938
4008 2 2 2 2 7708 8542 8541
4009 2 2 2 2 9003 9016 8362
4010 2 2 2 2 6659 6660 6658
4011 2 2 2 2 1005 6329 4292
4012 2 2 2 2 3124 6330 6329
4013 2 2 2 2 6002 6003 5997
4014 2 2 2 2 5321 6933 6930
4015 2 2 2 2 7276 9032 7275
4016 2 2 2 2 8345 8346 548
4017 2 2 2 2 7364 9103 8548
4018 2 2 2 2 8144 8151 8145
4019 2 2 2 2 7967 7968 7954
4020 2 2 2 2 991 6173 6172
4021 2 2 2 2 5972 5979 5971
4022 2 2 2 2 4840 7062 7061
4023 2 2 2 2 6145 7826 6144
4024 2 2 2 2 2731 7818 2727
4025 2 2 2 2 4722 8660 7462
4026 2 2 2 2 4324 7060 6610
4027 2 2 2 2 5358 7063 7060
4028 2 2 2 2 4310 6245 3969
4029 2 2 2 2 3630 7755 4646
4030 2 2 2 2 4041 7752 7751
4031 2 2 2 2 7471 8408 8407
4032 2 2 2 2 6520 6938 4377
4033 2 2 2 2 2239 7594 2240
4034 2 2 2 2 1865 8237 1852
4035 2 2 2 2 3480 9044 9025
4036 2 2 2 2 1621 8947 1463
4037 2 2 2 2 618 7761 638
4038 2 2 2 2 1258 5762 1257
4039 2 2 2 2 884 7343 886
4040 2 2 2 2 6687 6819 6818
4041 2 2 2 2 7109 7111 852
4042 2 2 2 2 3118 7661 1239
4043 2 2 2 2 3493 5651 3492
4044 2 2 2 2 8182 8183 3637
4045 2 2 2 2 792 6544 747
4046 2 2 2 2 2928 7903 3624
4047 2 2 2 2 5692 5727 5726
4048 2 2 2 2 2894 6472 6377
4049 2 2 2 2 8418 8419 5214
4050 2 2 2 2 8807 8863 5275
4051 2 2 2 2 5114 8188 5901
4052 2 2 2 2 3295 8979 2121
4053 2 2 2 2 5242 8738 8737
4054 2 2 2 2 525 8327 524
4055 2 2 2 2 5674 5803 4209
4056 2 2 2 2 3198 6186 6185
4057 2 2 2 2 4441 8759 4431
4058 2 2 2 2 5103 6184 6175
4059 2 2 2 2 991 6174 6173
4060 2 2 2 2 5234 7822 7821
4061 2 2 2 2 6111 6489 1298
4062 2 2 2 2 3624 7903 7900
4063 2 2 2 2 5184 7580 7541
4064 2 2 2 2 2081 7267 2001
4065 2 2 2 2 7024 7036 7025
4066 2 2 2 2 6244 6250 2629
4067 2 2 2 2 1261 6539 2708
4068 2 2 2 2 2076 6928 6927
4069 2 2 2 2 7793 8566 7792
4070 2 2 2 2 6082 6083 6080
4071 2 2 2 2 7273 7284 7272
4072 2 2 2 2 3686 8367 4626
4073 2 2 2 2 2825 8481 3641
4074 2 2 2 2 498 7857 7856
4075 2 2 2 2 601 8164 7217
4076 2 2 2 2 6366 6367 5588
4077 2 2 2 2 4086 8537 7937
4078 2 2 2 2 7328 7330 2513
4079 2 2 2 2 8475 8477 8476
4080 2 2 2 2 7511 7518 7510
4081 2 2 2 2 6177 6178 6176
4082 2 2 2 2 5313 7372 5314
4083 2 2 2 2 7435 7436 4107
4084 2 2 2 2 8284 8323 5225
4085 2 2 2 2 8328 8329 4577
4086 2 2 2 2 3182 8351 8350
4087 2 2 2 2 2722 7823 2719
4088 2 2 2 2 989 6642 6641
4089 2 2 2 2 7328 9079 7330
4090 2 2 2 2 6321 7988 6320
4091 2 2 2 2 8060 8176 8059
4092 2 2 2 2 611 8176 615
4093 2 2 2 2 5217 8403 7822
4094 2 2 2 2 4391 7779 7559
4095 2 2 2 2 2969 8174 8173
4096 2 2 2 2 7218 7219 4571
4097 2 2 2 2 1332 8401 1326
4098 2 2 2 2 943 7523 880
4099 2 2 2 2 5248 8662 7523
4100 2 2 2 2 6514 6515 4344
4101 2 2 2 2 6141 6718 2896
4102 2 2 2 2 4910 7971 7966
4103 2 2 2 2 1422 7280 7279
4104 2 2 2 2 4884 6074 5092
4105 2 2 2 2 7830 7831 2827
4106 2 2 2 2 889 8833 5938
4107 2 2 2 2 3089 5649 5639
4108 2 2 2 2 8390 8978 1860
4109 2 2 2 2 1826 7881 1829
4110 2 2 2 2 5149 6577 6576
4111 2 2 2 2 5719 5720 3398
4112 2 2 2 2 8854 8875 4976
4113 2 2 2 2 6002 6007 6003
4114 2 2 2 2 5658 5660 5659
4115 2 2 2 2 6953 6954 2912
4116 2 2 2 2 5810 8677 8676
4117 2 2 2 2 3063 6013 2886
4118 2 2 2 2 4562 6988 4563
4119 2 2 2 2 5234 7821 7819
4120 2 2 2 2 8146 8147 4808
4121 2 2 2 2 497 8507 500
4122 2 2 2 2 4171 6580 6578
4123 2 2 2 2 3006 8727 3004
4124 2 2 2 2 8071 8078 8077
4125 2 2 2 2 8441 8443 8442
4126 2 2 2 2 6776 6778 4479
4127 2 2 2 2 8020 8022 5199
4128 2 2 2 2 7333 9079 3678
4129 2 2 2 2 4788 8188 4786
4130 2 2 2 2 6130 7661 5238
4131 2 2 2 2 1034 9018 5880
4132 2 2 2 2 3637 8184 8182
4133 2 2 2 2 8256 8257 2710
4134 2 2 2 2 3663 7357 7356
4135 2 2 2 2 7875 7876 1821
4136 2 2 2 2 4685 8979 8597
4137 2 2 2 2 7431 9104 9081
4138 2 2 2 2 6240 6241 5267
4139 2 2 2 2 4860 8394 4862
4140 2 2 2 2 7673 7674 2810
4141 2 2 2 2 2858 7919 2649
4142 2 2 2 2 596 5881 599
4143 2 2 2 2 3968 6581 3450
4144 2 2 2 2 4627 8314 8313
4145 2 2 2 2 7291 7293 6159
4146 2 2 2 2 7550 7908 3556
4147 2 2 2 2 2613 8160 2611
4148 2 2 2 2 763 6118 2440
4149 2 2 2 2 7541 8946 8380
4150 2 2 2 2 2394 5704 3079
4151 2 2 2 2 4538 7229 4536
4152 2 2 2 2 8167 8982 3444
4153 2 2 2 2 1030 7198 1028
4154 2 2 2 2 1177 7305 1179
4155 2 2 2 2 7349 7351 7350
4156 2 2 2 2 7111 8392 7699
4157 2 2 2 2 4532 8416 4776
4158 2 2 2 2 1848 7984 1850
4159 2 2 2 2 7746 8014 3608
4160 2 2 2 2 7684 7685 7682
4161 2 2 2 2 5291 8879 8398
4162 2 2 2 2 8428 8430 8429
4163 2 2 2 2 7707 8542 7708
4164 2 2 2 2 7026 7028 7027
4165 2 2 2 2 3669 6544 6542
4166 2 2 2 2 1688 5844 1621
4167 2 2 2 2 3974 6007 6002
4168 2 2 2 2 3570 8532 5185
4169 2 2 2 2 716 5574 1724
4170 2 2 2 2 5006 7448 7447
4171 2 2 2 2 6373 6415 881
4172 2 2 2 2 5044 8963 4235
4173 2 2 2 2 8199 8201 7916
4174 2 2 2 2 7335 7336 2469
4175 2 2 2 2 2137 8263 2650
4176 2 2 2 2 3994 8263 5193
4177 2 2 2 2 7865 7866 7864
4178 2 2 2 2 2393 5712 5705
4179 2 2 2 2 6183 6301 4335
4180 2 2 2 2 7292 7293 7291
4181 2 2 2 2 5097 6042 4725
4182 2 2 2 2 7672 7840 2086
4183 2 2 2 2 8442 8443 4105
4184 2 2 2 2 5298 8215 3716
4185 2 2 2 2 7738 7739 4894
4186 2 2 2 2 7225 7227 7223
4187 2 2 2 2 3142 8154 7083
4188 2 2 2 2 7080 8154 7082
4189 2 2 2 2 8621 8783 5266
4190 2 2 2 2 8621 8622 4030
4191 2 2 2 2 6239 6243 4310
4192 2 2 2 2 3122 6494 6493
4193 2 2 2 2 2762 8913 8471
4194 2 2 2 2 1330 8259 1328
4195 2 2 2 2 3945 6077 5133
4196 2 2 2 2 5920 6078 6077
4197 2 2 2 2 5103 6185 6184
4198 2 2 2 2 6688 6692 3702
4199 2 2 2 2 6030 6031 6029
4200 2 2 2 2 4858 8685 8395
4201 2 2 2 2 6031 6032 2711
4202 2 2 2 2 6655 6656 6654
4203 2 2 2 2 2540 8602 6385
4204 2 2 2 2 5618 5624 5616
4205 2 2 2 2 3971 8142 4372
4206 2 2 2 2 1321 8398 1318
4207 2 2 2 2 4463 7241 4458
4208 2 2 2 2 7768 8996 8995
4209 2 2 2 2 1672 8955 1538
4210 2 2 2 2 8172 8488 8487
4211 2 2 2 2 1424 8004 688
4212 2 2 2 2 2766 8432 8431
4213 2 2 2 2 580 7293 7292
4214 2 2 2 2 6471 7740 1265
4215 2 2 2 2 8147 8440 5862
4216 2 2 2 2 2144 8136 2704
4217 2 2 2 2 8483 8574 8482
4218 2 2 2 2 4536 7909 3992
4219 2 2 2 2 2682 8352 4589
4220 2 2 2 2 8205 8424 8423
4221 2 2 2 2 8177 8333 536
4222 2 2 2 2 5731 7745 2294
4223 2 2 2 2 8277 8997 3136
4224 2 2 2 2 6793 7019 1417
4225 2 2 2 2 6208 8997 4883
4226 2 2 2 2 8352 8353 4589
4227 2 2 2 2 8465 8581 5230
4228 2 2 2 2 8288 8977 8287
4229 2 2 2 2 6792 6794 5151
4230 2 2 2 2 1082 7313 1510
4231 2 2 2 2 7356 7357 7355
4232 2 2 2 2 7538 7539 1354
4233 2 2 2 2 2124 7570 2223
4234 2 2 2 2 5351 8909 8700
4235 2 2 2 2 8238 8240 4565
4236 2 2 2 2 8329 8332 4578
4237 2 2 2 2 7241 8868 2662
4238 2 2 2 2 600 7274 2589
4239 2 2 2 2 4534 6059 4507
4240 2 2 2 2 5772 5773 2398
4241 2 2 2 2 3750 8883 8799
4242 2 2 2 2 2979 6074 5845
4243 2 2 2 2 4018 8404 7654
4244 2 2 2 2 2552 8461 8460
4245 2 2 2 2 7488 8529 7489
4246 2 2 2 2 3601 8570 8529
4247 2 2 2 2 4775 5821 4351
4248 2 2 2 2 7734 7735 4225
4249 2 2 2 2 4667 8717 4690
4250 2 2 2 2 516 7847 2768
4251 2 2 2 2 5807 8427 5213
4252 2 2 2 2 3072 8427 3894
4253 2 2 2 2 507 7844 509
4254 2 2 2 2 1847 8402 5217
4255 2 2 2 2 2957 7414 3210
4256 2 2 2 2 7608 9017 7609
4257 2 2 2 2 5748 7892 5752
4258 2 2 2 2 8072 8112 8111
4259 2 2 2 2 8254 8255 1341
4260 2 2 2 2 5249 7075 4620
4261 2 2 2 2 5578 6514 5577
4262 2 2 2 2 2012 5596 5595
4263 2 2 2 2 5262 7416 7236
4264 2 2 2 2 4099 8146 4808
4265 2 2 2 2 3950 9027 8985
4266 2 2 2 2 2625 8388 7524
4267 2 2 2 2 6208 8389 8388
4268 2 2 2 2 5883 5886 5884
4269 2 2 2 2 5786 6791 3518
4270 2 2 2 2 3484 6515 3482
4271 2 2 2 2 5268 8217 8187
4272 2 2 2 2 7168 7487 7166
4273 2 2 2 2 6053 6058 5086
4274 2 2 2 2 5812 7585 3106
4275 2 2 2 2 1167 8480 2587
4276 2 2 2 2 6331 6515 6513
4277 2 2 2 2 6492 6495 6493
4278 2 2 2 2 2143 8136 2144
4279 2 2 2 2 7606 8926 4529
4280 2 2 2 2 5591 7149 5590
4281 2 2 2 2 5817 5820 5819
4282 2 2 2 2 1666 7345 4689
4283 2 2 2 2 1691 8465 3788
4284 2 2 2 2 6090 8639 3705
4285 2 2 2 2 8513 8914 7207
4286 2 2 2 2 2932 7902 3987
4287 2 2 2 2 8005 8006 874
4288 2 2 2 2 6430 6431 2991
4289 2 2 2 2 6429 6431 6430
4290 2 2 2 2 7877 7878 1825
4291 2 2 2 2 2930 7902 2932
4292 2 2 2 2 2718 7691 2725
4293 2 2 2 2 5036 5777 5771
4294 2 2 2 2 2959 8314 4627
4295 2 2 2 2 3613 7433 4106
4296 2 2 2 2 2019 6181 6180
4297 2 2 2 2 1471 8436 8435
4298 2 2 2 2 6156 8157 8156
4299 2 2 2 2 4136 7239 6579
4300 2 2 2 2 5242 8739 8738
4301 2 2 2 2 8257 8259 2710
4302 2 2 2 2 7771 8996 7768
4303 2 2 2 2 4875 5733 5732
4304 2 2 2 2 6620 6633 1275
4305 2 2 2 2 6621 6633 6620
4306 2 2 2 2 8330 8334 8326
4307 2 2 2 2 2816 7233 2818
4308 2 2 2 2 7157 8892 1737
4309 2 2 2 2 1119 7212 1494
4310 2 2 2 2 3899 6812 4311
4311 2 2 2 2 524 8326 8325
4312 2 2 2 2 7900 7901 3624
4313 2 2 2 2 2544 9069 6259
4314 2 2 2 2 7817 7898 4520
4315 2 2 2 2 2432 6449 2179
4316 2 2 2 2 911 6671 936
4317 2 2 2 2 1335 8260 1333
4318 2 2 2 2 5091 6812 4263
4319 2 2 2 2 8350 8352 2684
4320 2 2 2 2 5527 5530 456
4321 2 2 2 2 4315 6016 6015
4322 2 2 2 2 2899 6171 6170
4323 2 2 2 2 7898 7900 4520
4324 2 2 2 2 5697 8797 3079
4325 2 2 2 2 878 6196 595
4326 2 2 2 2 6029 6031 2711
4327 2 2 2 2 1827 6032 1824
4328 2 2 2 2 3766 6285 6284
4329 2 2 2 2 577 7240 2662
4330 2 2 2 2 2553 7188 3470
4331 2 2 2 2 6942 7062 6943
4332 2 2 2 2 8172 8489 8488
4333 2 2 2 2 5799 5800 5798
4334 2 2 2 2 8270 8271 5390
4335 2 2 2 2 1414 5787 778
4336 2 2 2 2 2853 8341 629
4337 2 2 2 2 7555 7556 1704
4338 2 2 2 2 6795 7555 6796
4339 2 2 2 2 6337 6995 5125
4340 2 2 2 2 2757 8382 4572
4341 2 2 2 2 7383 9071 9042
4342 2 2 2 2 4095 8137 4260
4343 2 2 2 2 7910 8383 2838
4344 2 2 2 2 1373 6810 1479
4345 2 2 2 2 6493 6495 3122
4346 2 2 2 2 3663 7356 973
4347 2 2 2 2 4257 6139 3918
4348 2 2 2 2 6109 6110 3666
4349 2 2 2 2 2823 8425 2903
4350 2 2 2 2 3977 6242 4569
4351 2 2 2 2 1873 7772 1805
4352 2 2 2 2 1327 9095 8417
4353 2 2 2 2 3551 7049 2749
4354 2 2 2 2 5468 8903 4196
4355 2 2 2 2 6994 8916 4984
4356 2 2 2 2 637 8252 643
4357 2 2 2 2 8954 8955 5903
4358 2 2 2 2 6236 9007 3938
4359 2 2 2 2 2591 6358 6357
4360 2 2 2 2 4732 8478 8477
4361 2 2 2 2 5224 8320 8318
4362 2 2 2 2 2197 8806 8018
4363 2 2 2 2 6460 6461 2359
4364 2 2 2 2 6236 9014 9007
4365 2 2 2 2 6005 6006 3513
4366 2 2 2 2 2801 8185 2797
4367 2 2 2 2 1626 8706 1743
4368 2 2 2 2 8730 8731 1182
4369 2 2 2 2 8267 8900 1339
4370 2 2 2 2 8141 8270 5390
4371 2 2 2 2 6447 8125 4827
4372 2 2 2 2 2681 8234 4565
4373 2 2 2 2 4920 5551 3397
4374 2 2 2 2 4810 6156 6155
4375 2 2 2 2 3221 9003 8362
4376 2 2 2 2 4808 8147 5862
4377 2 2 2 2 8385 8387 5179
4378 2 2 2 2 996 8580 990
4379 2 2 2 2 3632 7218 4571
4380 2 2 2 2 1861 7048 1863
4381 2 2 2 2 7048 8023 7046
4382 2 2 2 2 3954 6302 6301
4383 2 2 2 2 2797 8185 2795
4384 2 2 2 2 7908 8189 3556
4385 2 2 2 2 2698 7716 3182
4386 2 2 2 2 3684 6629 6626
4387 2 2 2 2 8290 8291 2960
4388 2 2 2 2 7917 8200 7916
4389 2 2 2 2 7580 8946 7541
4390 2 2 2 2 5346 8291 4581
4391 2 2 2 2 6954 7055 2912
4392 2 2 2 2 5021 8688 5720
4393 2 2 2 2 4901 5594 4900
4394 2 2 2 2 4006 8287 3626
4395 2 2 2 2 4809 8871 8360
4396 2 2 2 2 5586 5587 5078
4397 2 2 2 2 737 6188 5212
4398 2 2 2 2 6469 7254 5269
4399 2 2 2 2 7619 8897 1478
4400 2 2 2 2 8498 8503 8501
4401 2 2 2 2 4015 7991 4556
4402 2 2 2 2 8142 8931 4372
4403 2 2 2 2 4418 8603 7701
4404 2 2 2 2 8701 8702 2434
4405 2 2 2 2 8729 8730 8728
4406 2 2 2 2 6651 6652 6650
4407 2 2 2 2 3990 7910 3179
4408 2 2 2 2 5761 5762 1278
4409 2 2 2 2 6583 9063 6582
4410 2 2 2 2 7841 7842 4506
4411 2 2 2 2 7033 7034 7032
4412 2 2 2 2 8177 8179 8178
4413 2 2 2 2 8932 8933 1630
4414 2 2 2 2 1471 8435 8165
4415 2 2 2 2 5741 7616 5745
4416 2 2 2 2 5225 8323 8320
4417 2 2 2 2 1858 8458 4593
4418 2 2 2 2 7981 8458 2707
4419 2 2 2 2 7231 7234 7232
4420 2 2 2 2 8255 8260 1341
4421 2 2 2 2 8380 8946 8378
4422 2 2 2 2 3171 8101 8076
4423 2 2 2 2 6342 6345 4139
4424 2 2 2 2 2710 8259 1330
4425 2 2 2 2 1194 6491 1196
4426 2 2 2 2 3096 8167 3098
4427 2 2 2 2 7229 7231 7230
4428 2 2 2 2 3684 6625 4118
4429 2 2 2 2 2814 7232 2816
4430 2 2 2 2 5343 6323 6322
4431 2 2 2 2 1341 8900 8254
4432 2 2 2 2 6369 7800 2583
4433 2 2 2 2 8195 8514 4871
4434 2 2 2 2 7723 7726 4826
4435 2 2 2 2 1775 5885 1771
4436 2 2 2 2 764 8769 3297
4437 2 2 2 2 6379 6383 6382
4438 2 2 2 2 5081 6027 6025
4439 2 2 2 2 2684 8352 2682
4440 2 2 2 2 2160 5829 1459
4441 2 2 2 2 5988 9045 5989
4442 2 2 2 2 5989 5992 5987
4443 2 2 2 2 7877 7879 7878
4444 2 2 2 2 2707 7984 7982
4445 2 2 2 2 4096 7726 4326
4446 2 2 2 2 2020 5805 5675
4447 2 2 2 2 1630 8933 1317
4448 2 2 2 2 3885 5632 3068
4449 2 2 2 2 5036 5771 5769
4450 2 2 2 2 2841 8366 2836
4451 2 2 2 2 991 6172 6171
4452 2 2 2 2 3475 6179 4307
4453 2 2 2 2 1189 6691 1187
4454 2 2 2 2 8524 8525 2661
4455 2 2 2 2 7471 8407 2705
4456 2 2 2 2 8430 8431 5066
4457 2 2 2 2 3640 8535 8022
4458 2 2 2 2 514 8308 8307
4459 2 2 2 2 3309 6380 6379
4460 2 2 2 2 3263 6397 5126
4461 2 2 2 2 4479 6777 6776
4462 2 2 2 2 855 7477 2489
4463 2 2 2 2 2348 6829 6827
4464 2 2 2 2 5571 5573 5572
4465 2 2 2 2 2087 5858 2006
4466 2 2 2 2 2711 6032 1827
4467 2 2 2 2 3910 7833 3909
4468 2 2 2 2 8579 8580 8578
4469 2 2 2 2 1878 6211 6210
4470 2 2 2 2 7825 7826 6145
4471 2 2 2 2 644 6305 6304
4472 2 2 2 2 8152 8444 4105
4473 2 2 2 2 8172 8487 587
4474 2 2 2 2 7775 7777 7776
4475 2 2 2 2 6659 6662 6661
4476 2 2 2 2 6629 6630 6627
4477 2 2 2 2 4032 7464 4697
4478 2 2 2 2 6673 6940 6674
4479 2 2 2 2 5797 5832 5019
4480 2 2 2 2 3645 7584 4266
4481 2 2 2 2 5590 5593 5012
4482 2 2 2 2 5617 5619 5618
4483 2 2 2 2 4004 8216 5156
4484 2 2 2 2 6693 6694 3737
4485 2 2 2 2 1061 8542 7707
4486 2 2 2 2 545 8345 548
4487 2 2 2 2 4588 8346 8345
4488 2 2 2 2 7215 7217 7216
4489 2 2 2 2 6621 6624 5383
4490 2 2 2 2 616 8436 609
4491 2 2 2 2 8372 8685 5235
4492 2 2 2 2 8267 8491 5333
4493 2 2 2 2 6722 6724 6723
4494 2 2 2 2 5705 5706 5701
4495 2 2 2 2 1825 7881 1826
4496 2 2 2 2 2009 8664 1609
4497 2 2 2 2 5788 7169 4514
4498 2 2 2 2 3591 7342 4104
4499 2 2 2 2 5800 5801 5798
4500 2 2 2 2 8044 8045 8025
4501 2 2 2 2 6811 6813 6812
4502 2 2 2 2 2643 7903 2928
4503 2 2 2 2 2888 5868 5863
4504 2 2 2 2 3705 8639 3695
4505 2 2 2 2 8149 8925 4887
4506 2 2 2 2 5051 5674 4209
4507 2 2 2 2 3197 6186 3198
4508 2 2 2 2 4758 8212 8211
4509 2 2 2 2 6407 9091 7646
4510 2 2 2 2 1341 8260 1335
4511 2 2 2 2 3988 7580 5184
4512 2 2 2 2 8377 8381 4567
4513 2 2 2 2 6320 7988 1911
4514 2 2 2 2 7025 7036 2014
4515 2 2 2 2 4424 7036 7024
4516 2 2 2 2 3085 5822 2290
4517 2 2 2 2 3619 8566 7793
4518 2 2 2 2 5751 6315 5750
4519 2 2 2 2 4253 5833 5600
4520 2 2 2 2 6357 6615 2591
4521 2 2 2 2 6080 8823 6082
4522 2 2 2 2 3757 7880 4744
4523 2 2 2 2 3687 8367 3686
4524 2 2 2 2 6490 6491 1194
4525 2 2 2 2 8254 8900 5333
4526 2 2 2 2 6144 7826 4290
4527 2 2 2 2 7516 7520 7514
4528 2 2 2 2 6285 6286 6282
4529 2 2 2 2 8728 8730 1182
4530 2 2 2 2 2556 6220 2557
4531 2 2 2 2 6097 6099 3706
4532 2 2 2 2 1822 7877 1825
4533 2 2 2 2 6699 6700 6695
4534 2 2 2 2 1679 8906 6155
4535 2 2 2 2 8423 8424 3219
4536 2 2 2 2 5176 8563 7049
4537 2 2 2 2 8173 8357 2969
4538 2 2 2 2 4519 8468 8128
4539 2 2 2 2 7247 7248 7245
4540 2 2 2 2 4568 7882 3134
4541 2 2 2 2 7829 8226 7831
4542 2 2 2 2 7429 9081 7424
4543 2 2 2 2 6998 7001 1772
4544 2 2 2 2 2588 7705 7704
4545 2 2 2 2 4554 8286 8285
4546 2 2 2 2 7765 7766 7764
4547 2 2 2 2 7050 8391 4563
4548 2 2 2 2 8146 8441 8147
4549 2 2 2 2 3738 7247 4678
4550 2 2 2 2 5281 6461 5282
4551 2 2 2 2 5169 6988 4562
4552 2 2 2 2 6016 6194 3859
4553 2 2 2 2 6627 6635 6634
4554 2 2 2 2 2686 8350 2684
4555 2 2 2 2 4006 8288 8287
4556 2 2 2 2 6246 6247 4031
4557 2 2 2 2 7792 7794 7793
4558 2 2 2 2 8190 8192 3220
4559 2 2 2 2 6152 6153 5328
4560 2 2 2 2 4401 6933 4402
4561 2 2 2 2 6904 6905 3822
4562 2 2 2 2 8379 8627 8380
4563 2 2 2 2 5955 5956 5082
4564 2 2 2 2 3245 8432 2765
4565 2 2 2 2 1115 5950 1081
4566 2 2 2 2 7529 7530 7528
4567 2 2 2 2 2837 7675 2815
4568 2 2 2 2 1034 5881 596
4569 2 2 2 2 3450 6581 4261
4570 2 2 2 2 3157 7926 3155
4571 2 2 2 2 5081 6025 6023
4572 2 2 2 2 1739 8121 2966
4573 2 2 2 2 8340 9028 8943
4574 2 2 2 2 5168 6495 6492
4575 2 2 2 2 5885 7267 5883
4576 2 2 2 2 2160 8534 5827
4577 2 2 2 2 2942 8101 3171
4578 2 2 2 2 7972 9198 312
4579 2 2 2 2 4039 7752 4041
4580 2 2 2 2 2132 5596 2011
4581 2 2 2 2 6171 6172 6170
4582 2 2 2 2 609 8436 1471
4583 2 2 2 2 3978 7028 7026
4584 2 2 2 2 1982 5844 1688
4585 2 2 2 2 1332 8259 8258
4586 2 2 2 2 7172 7173 3914
4587 2 2 2 2 5014 7808 5013
4588 2 2 2 2 8068 8075 8073
4589 2 2 2 2 2639 7817 4520
4590 2 2 2 2 8353 8354 4589
4591 2 2 2 2 2801 8186 8185
4592 2 2 2 2 3213 8649 6296
4593 2 2 2 2 1269 6814 2182
4594 2 2 2 2 4578 8332 5197
4595 2 2 2 2 1829 7881 6211
4596 2 2 2 2 702 6539 1261
4597 2 2 2 2 6308 6922 1378
4598 2 2 2 2 531 8446 534
4599 2 2 2 2 592 7277 964
4600 2 2 2 2 6248 6249 4036
4601 2 2 2 2 2434 8729 8728
4602 2 2 2 2 4571 8434 8425
4603 2 2 2 2 6647 6648 6646
4604 2 2 2 2 5723 5726 5724
4605 2 2 2 2 2456 6727 6720
4606 2 2 2 2 6385 8602 6527
4607 2 2 2 2 2523 8602 2540
4608 2 2 2 2 3535 8142 3971
4609 2 2 2 2 1145 8701 2434
4610 2 2 2 2 5902 8955 1672
4611 2 2 2 2 7510 7518 1524
4612 2 2 2 2 3684 6626 6625
4613 2 2 2 2 1538 8955 1608
4614 2 2 2 2 1872 8322 1868
4615 2 2 2 2 3551 8391 7050
4616 2 2 2 2 1426 8574 8483
4617 2 2 2 2 8482 8574 3635
4618 2 2 2 2 540 8181 8180
4619 2 2 2 2 2632 6280 3169
4620 2 2 2 2 7538 7540 7539
4621 2 2 2 2 8079 8080 8077
4622 2 2 2 2 5292 7366 7359
4623 2 2 2 2 7900 7903 4520
4624 2 2 2 2 6424 6425 2849
4625 2 2 2 2 2593 7412 908
4626 2 2 2 2 3766 6289 6285
4627 2 2 2 2 5352 6281 6280
4628 2 2 2 2 5921 5923 5922
4629 2 2 2 2 2833 8421 8420
4630 2 2 2 2 2934 8107 2936
4631 2 2 2 2 8271 8272 8129
4632 2 2 2 2 7222 7224 7223
4633 2 2 2 2 6195 7926 3157
4634 2 2 2 2 2433 6415 6215
4635 2 2 2 2 957 7217 7215
4636 2 2 2 2 3609 8403 2715
4637 2 2 2 2 7792 8566 7798
4638 2 2 2 2 6245 7479 6246
4639 2 2 2 2 8239 8246 8242
4640 2 2 2 2 3022 8045 3400
4641 2 2 2 2 3595 6429 6428
4642 2 2 2 2 7236 7416 1699
4643 2 2 2 2 7236 7556 5262
4644 2 2 2 2 2710 8260 8256
4645 2 2 2 2 5675 5803 5674
4646 2 2 2 2 8252 8762 8250
4647 2 2 2 2 6626 6629 6627
4648 2 2 2 2 5390 8271 8129
4649 2 2 2 2 3312 8970 7653
4650 2 2 2 2 1880 7650 7648
4651 2 2 2 2 6080 6083 6081
4652 2 2 2 2 2484 8926 7606
4653 2 2 2 2 4529 8926 8634
4654 2 2 2 2 2828 8186 2801
4655 2 2 2 2 3709 9007 6686
4656 2 2 2 2 8332 8333 5197
4657 2 2 2 2 2765 8432 2766
4658 2 2 2 2 692 8005 874
4659 2 2 2 2 5370 8006 8005
4660 2 2 2 2 3061 7239 4136
4661 2 2 2 2 8174 8175 8173
4662 2 2 2 2 6634 6635 2214
4663 2 2 2 2 7705 7709 7704
4664 2 2 2 2 6551 6552 4320
4665 2 2 2 2 8339 9028 8340
4666 2 2 2 2 5667 5668 5662
4667 2 2 2 2 7707 7708 7706
4668 2 2 2 2 6243 6250 6244
4669 2 2 2 2 1354 8387 8386
4670 2 2 2 2 5179 8868 8385
4671 2 2 2 2 6988 7047 4563
4672 2 2 2 2 7835 7836 2021
4673 2 2 2 2 8320 8322 1877
4674 2 2 2 2 8394 8732 4862
4675 2 2 2 2 6529 6531 6530
4676 2 2 2 2 6149 7585 5812
4677 2 2 2 2 8074 8111 3172
4678 2 2 2 2 8233 8238 8234
4679 2 2 2 2 878 6300 6196
4680 2 2 2 2 595 6196 590
4681 2 2 2 2 6134 6135 4360
4682 2 2 2 2 7250 7251 7249
4683 2 2 2 2 579 7240 577
4684 2 2 2 2 5798 5807 5799
4685 2 2 2 2 629 8341 631
4686 2 2 2 2 5727 5730 4224
4687 2 2 2 2 6814 6815 6813
4688 2 2 2 2 3102 8137 4095
4689 2 2 2 2 5092 6074 6072
4690 2 2 2 2 8207 8377 4567
4691 2 2 2 2 6210 6242 5267
4692 2 2 2 2 5833 5834 5764
4693 2 2 2 2 1231 5851 1211
4694 2 2 2 2 7827 7829 2812
4695 2 2 2 2 2323 8268 2322
4696 2 2 2 2 3699 6099 3701
4697 2 2 2 2 3161 7925 7924
4698 2 2 2 2 1648 8906 1516
4699 2 2 2 2 6775 6778 6776
4700 2 2 2 2 7135 7929 5363
4701 2 2 2 2 5118 5940 5939
4702 2 2 2 2 7764 8162 7763
4703 2 2 2 2 5159 5733 5687
4704 2 2 2 2 3626 8287 4554
4705 2 2 2 2 7634 7638 7637
4706 2 2 2 2 3001 6496 3003
4707 2 2 2 2 2973 7716 2698
4708 2 2 2 2 5325 8898 8773
4709 2 2 2 2 4883 7771 7770
4710 2 2 2 2 4826 7724 7723
4711 2 2 2 2 4554 8285 8283
4712 2 2 2 2 7760 8438 2859
4713 2 2 2 2 3760 8204 4558
4714 2 2 2 2 1804 7765 7764
4715 2 2 2 2 5720 8688 3398
4716 2 2 2 2 5219 7984 1851
4717 2 2 2 2 4120 5587 5586
4718 2 2 2 2 7281 7282 7280
4719 2 2 2 2 7278 9044 7276
4720 2 2 2 2 1840 8232 2677
4721 2 2 2 2 9040 9041 3212
4722 2 2 2 2 5146 8968 8967
4723 2 2 2 2 8471 8913 8472
4724 2 2 2 2 3563 6238 6234
4725 2 2 2 2 530 8951 8447
4726 2 2 2 2 957 7226 593
4727 2 2 2 2 8152 8445 8444
4728 2 2 2 2 1362 8266 1432
4729 2 2 2 2 1171 6476 1173
4730 2 2 2 2 3161 7926 7925
4731 2 2 2 2 7230 7231 2819
4732 2 2 2 2 8249 8251 8250
4733 2 2 2 2 4575 7905 6101
4734 2 2 2 2 933 7668 965
4735 2 2 2 2 7047 7050 4563
4736 2 2 2 2 1876 8317 1877
4737 2 2 2 2 761 8769 764
4738 2 2 2 2 8769 8770 3297
4739 2 2 2 2 1877 8322 1872
4740 2 2 2 2 3950 6160 3947
4741 2 2 2 2 2286 6315 2288
4742 2 2 2 2 3161 7924 7923
4743 2 2 2 2 696 8524 2661
4744 2 2 2 2 8524 8927 8525
4745 2 2 2 2 8194 8196 3243
4746 2 2 2 2 8394 8395 8393
4747 2 2 2 2 5639 5641 5640
4748 2 2 2 2 8488 9018 8487
4749 2 2 2 2 2324 5858 2087
4750 2 2 2 2 8351 8353 8352
4751 2 2 2 2 6086 6092 6091
4752 2 2 2 2 8275 8276 1893
4753 2 2 2 2 8274 8276 8275
4754 2 2 2 2 5881 5901 599
4755 2 2 2 2 5003 8966 8567
4756 2 2 2 2 7895 7907 7896
4757 2 2 2 2 3106 7585 4585
4758 2 2 2 2 2439 6093 6092
4759 2 2 2 2 3645 8284 7584
4760 2 2 2 2 8751 8752 2739
4761 2 2 2 2 9074 9075 5976
4762 2 2 2 2 6454 6455 3027
4763 2 2 2 2 6092 6093 6091
4764 2 2 2 2 8646 8647 6298
4765 2 2 2 2 7967 7969 7968
4766 2 2 2 2 8111 8112 3172
4767 2 2 2 2 8137 8490 4260
4768 2 2 2 2 4308 8925 8149
4769 2 2 2 2 4887 8925 4468
4770 2 2 2 2 1983 8418 8358
4771 2 2 2 2 5571 5574 5573
4772 2 2 2 2 7105 7108 2854
4773 2 2 2 2 5750 6315 4629
4774 2 2 2 2 7224 7226 7223
4775 2 2 2 2 1871 7650 1875
4776 2 2 2 2 7467 8661 4722
4777 2 2 2 2 569 7975 5179
4778 2 2 2 2 4311 6815 6330
4779 2 2 2 2 5251 7878 4718
4780 2 2 2 2 3858 6016 3859
4781 2 2 2 2 552 8347 8175
4782 2 2 2 2 3123 5929 5928
4783 2 2 2 2 1328 8259 1332
4784 2 2 2 2 2243 7595 2244
4785 2 2 2 2 5593 5595 5594
4786 2 2 2 2 5263 8655 8654
4787 2 2 2 2 5243 8328 4577
4788 2 2 2 2 5720 5721 5021
4789 2 2 2 2 5650 5651 3496
4790 2 2 2 2 7265 9077 4453
4791 2 2 2 2 8184 8999 8182
4792 2 2 2 2 5267 6242 6240
4793 2 2 2 2 5311 8214 8211
4794 2 2 2 2 643 8252 1656
4795 2 2 2 2 4315 6194 6016
4796 2 2 2 2 7559 9059 4391
4797 2 2 2 2 6643 6644 6642
4798 2 2 2 2 7351 7352 7350
4799 2 2 2 2 8444 8445 5371
4800 2 2 2 2 8319 8321 4007
4801 2 2 2 2 4309 6242 3977
4802 2 2 2 2 8272 8273 4270
4803 2 2 2 2 2812 7828 7827
4804 2 2 2 2 3312 7653 2922
4805 2 2 2 2 2178 7507 2176
4806 2 2 2 2 1673 7817 2639
4807 2 2 2 2 2111 6630 6629
4808 2 2 2 2 5118 5939 4257
4809 2 2 2 2 7336 7338 2469
4810 2 2 2 2 7335 7337 7336
4811 2 2 2 2 7865 7867 7866
4812 2 2 2 2 5709 5711 5703
4813 2 2 2 2 8129 8272 4270
4814 2 2 2 2 8490 8982 8488
4815 2 2 2 2 8145 8443 8441
4816 2 2 2 2 8515 8627 8379
4817 2 2 2 2 4770 8702 4772
4818 2 2 2 2 5878 6994 3770
4819 2 2 2 2 6452 6454 6453
4820 2 2 2 2 7775 7778 7777
4821 2 2 2 2 4629 6315 2286
4822 2 2 2 2 7909 7910 3990
4823 2 2 2 2 5630 5631 4288
4824 2 2 2 2 8456 8983 3255
4825 2 2 2 2 8181 8183 8180
4826 2 2 2 2 540 8180 8179
4827 2 2 2 2 8216 8217 5268
4828 2 2 2 2 8144 8145 4098
4829 2 2 2 2 1333 8260 2710
4830 2 2 2 2 4750 8731 8730
4831 2 2 2 2 3070 5646 2373
4832 2 2 2 2 1837 8408 7690
4833 2 2 2 2 3716 8215 5268
4834 2 2 2 2 2833 8420 2830
4835 2 2 2 2 8421 8422 8420
4836 2 2 2 2 4879 7738 4894
4837 2 2 2 2 843 6415 2433
4838 2 2 2 2 574 7292 3642
4839 2 2 2 2 2842 8894 8433
4840 2 2 2 2 7901 7902 3624
4841 2 2 2 2 6088 6089 6087
4842 2 2 2 2 3289 7653 7652
4843 2 2 2 2 6085 6087 6081
4844 2 2 2 2 7975 8868 5179
4845 2 2 2 2 7222 7228 1655
4846 2 2 2 2 7878 7881 1825
4847 2 2 2 2 7899 8109 7901
4848 2 2 2 2 8436 8437 8435
4849 2 2 2 2 6479 6552 6551
4850 2 2 2 2 6332 6551 4320
4851 2 2 2 2 6223 6224 5134
4852 2 2 2 2 3314 8440 8147
4853 2 2 2 2 1267 6814 1269
4854 2 2 2 2 581 7835 2021
4855 2 2 2 2 5836 7836 7835
4856 2 2 2 2 7792 7798 7791
4857 2 2 2 2 4923 6387 6386
4858 2 2 2 2 8065 8075 8068
4859 2 2 2 2 4648 7862 7861
4860 2 2 2 2 5165 5778 5777
4861 2 2 2 2 1313 5685 1311
4862 2 2 2 2 8380 8626 7541
4863 2 2 2 2 2826 8377 8207
4864 2 2 2 2 4253 5834 5833
4865 2 2 2 2 5789 5790 1423
4866 2 2 2 2 8905 8906 1648
4867 2 2 2 2 8338 9028 8339
4868 2 2 2 2 3701 6099 3707
4869 2 2 2 2 3706 6099 3699
4870 2 2 2 2 1516 8906 1679
4871 2 2 2 2 8258 8259 8257
4872 2 2 2 2 2082 6630 2111
4873 2 2 2 2 5886 8698 1998
4874 2 2 2 2 3895 5721 5196
4875 2 2 2 2 3693 6089 3705
4876 2 2 2 2 6085 6088 6087
4877 2 2 2 2 2922 7653 3289
4878 2 2 2 2 8702 8729 2434
4879 2 2 2 2 2250 7068 2253
4880 2 2 2 2 1524 7519 7510
4881 2 2 2 2 8407 8408 1837
4882 2 2 2 2 6981 6985 4373
4883 2 2 2 2 1385 8266 1362
4884 2 2 2 2 8266 8492 1432
4885 2 2 2 2 8635 9013 1380
4886 2 2 2 2 979 7668 933
4887 2 2 2 2 8213 8215 5298
4888 2 2 2 2 6235 6236 3938
4889 2 2 2 2 1887 8317 1876
4890 2 2 2 2 9045 9046 5989
4891 2 2 2 2 4118 6625 6624
4892 2 2 2 2 4105 8444 3777
4893 2 2 2 2 5284 6460 5411
4894 2 2 2 2 7798 8566 4418
4895 2 2 2 2 4241 5873 5195
4896 2 2 2 2 5378 5882 5110
4897 2 2 2 2 4584 8324 3104
4898 2 2 2 2 6622 6624 6621
4899 2 2 2 2 3625 8158 8157
4900 2 2 2 2 1824 6032 1823
4901 2 2 2 2 8256 8260 8255
4902 2 2 2 2 8282 8323 8284
4903 2 2 2 2 6630 6635 6627
4904 2 2 2 2 1692 8605 7687
4905 2 2 2 2 7372 7373 5314
4906 2 2 2 2 4868 8752 8751
4907 2 2 2 2 5619 5620 5618
4908 2 2 2 2 542 8144 4098
4909 2 2 2 2 6693 6695 6694
4910 2 2 2 2 4105 8443 8152
4911 2 2 2 2 4416 6935 6189
4912 2 2 2 2 5226 8139 4010
4913 2 2 2 2 4330 6354 6347
4914 2 2 2 2 6195 8273 5365
4915 2 2 2 2 3705 6089 6088
4916 2 2 2 2 6987 7650 1871
4917 2 2 2 2 3289 7652 7651
4918 2 2 2 2 1875 7650 1880
4919 2 2 2 2 571 7975 569
4920 2 2 2 2 6083 6085 6081
4921 2 2 2 2 5245 8753 8752
4922 2 2 2 2 1236 7592 3440
4923 2 2 2 2 3309 6382 2964
4924 2 2 2 2 8192 8228 3220
4925 2 2 2 2 530 8447 8446
4926 2 2 2 2 8175 8347 5208
4927 2 2 2 2 552 8175 8174
4928 2 2 2 2 2244 7595 2247
4929 2 2 2 2 7766 7767 7764
4930 2 2 2 2 4270 8273 6195
4931 2 2 2 2 1868 8322 8281
4932 2 2 2 2 4891 6466 6465
4933 2 2 2 2 2751 8391 3551
4934 2 2 2 2 1655 7224 7222
4935 2 2 2 2 2338 8832 2340
4936 2 2 2 2 8849 8850 4713
4937 2 2 2 2 5256 7086 7085
4938 2 2 2 2 3021 5677 5676
4939 2 2 2 2 4547 8201 8199
4940 2 2 2 2 8108 8998 8109
4941 2 2 2 2 7043 7044 7042
4942 2 2 2 2 1578 7425 2485
4943 2 2 2 2 5156 8216 8215
4944 2 2 2 2 4333 8339 4092
4945 2 2 2 2 5923 5924 5922
4946 2 2 2 2 7654 8474 7649
4947 2 2 2 2 4261 5946 5940
4948 2 2 2 2 7519 8897 5744
4949 2 2 2 2 5300 7085 7084
4950 2 2 2 2 2872 8718 8716
4951 2 2 2 2 7476 8596 4045
4952 2 2 2 2 3105 5812 3106
4953 2 2 2 2 5880 5881 1034
4954 2 2 2 2 8080 8081 8077
4955 2 2 2 2 2904 7144 6253
4956 2 2 2 2 4515 7692 7688
4957 2 2 2 2 2576 5932 5929
4958 2 2 2 2 7291 8985 7290
4959 2 2 2 2 3003 6496 6494
4960 2 2 2 2 8004 8005 690
4961 2 2 2 2 5873 5899 5195
4962 2 2 2 2 7065 7211 4392
4963 2 2 2 2 603 5901 2022
4964 2 2 2 2 4554 8287 8286
4965 2 2 2 2 3909 8432 3245
4966 2 2 2 2 8138 8139 5226
4967 2 2 2 2 3964 9078 6266
4968 2 2 2 2 5363 7136 7135
4969 2 2 2 2 4260 8490 8489
4970 2 2 2 2 6244 6245 4310
4971 2 2 2 2 7133 7535 7132
4972 2 2 2 2 5789 5791 5790
4973 2 2 2 2 8271 8274 8272
4974 2 2 2 2 2288 6315 3085
4975 2 2 2 2 4631 8436 616
4976 2 2 2 2 8438 8571 2859
4977 2 2 2 2 7552 7553 959
4978 2 2 2 2 5021 5721 3895
4979 2 2 2 2 1923 8954 7809
4980 2 2 2 2 3218 8989 8159
4981 2 2 2 2 4331 6427 6419
4982 2 2 2 2 4589 8354 8344
4983 2 2 2 2 4631 8437 8436
4984 2 2 2 2 5884 5885 5883
4985 2 2 2 2 5811 5873 4241
4986 2 2 2 2 3965 9022 3152
4987 2 2 2 2 8319 8324 4584
4988 2 2 2 2 3104 8324 3101
4989 2 2 2 2 5641 5642 5640
4990 2 2 2 2 5324 7778 6564
4991 2 2 2 2 5140 6572 6571
4992 2 2 2 2 4068 7678 4069
4993 2 2 2 2 706 6423 687
4994 2 2 2 2 3444 8982 8490
4995 2 2 2 2 6253 7144 5144
4996 2 2 2 2 7704 7709 1148
4997 2 2 2 2 4010 8139 2077
4998 2 2 2 2 3155 7926 3161
4999 2 2 2 2 1423 5899 5789
5000 2 2 2 2 2230 7997 2233
5001 2 2 2 2 2813 8383 5206
5002 2 2 2 2 6755 7612 3930
5003 2 2 2 2 6707 7214 7180
5004 2 2 2 2 7673 7676 4540
5005 2 2 2 2 530 8446 531
5006 2 2 2 2 5743 7519 5744
5007 2 2 2 2 7046 7050 7047
5008 2 2 2 2 4103 7136 4765
5009 2 2 2 2 8382 8527 4572
5010 2 2 2 2 5067 8989 8429
5011 2 2 2 2 5216 8355 8354
5012 2 2 2 2 7336 7339 7338
5013 2 2 2 2 7865 7869 7867
5014 2 2 2 2 7867 7868 7866
5015 2 2 2 2 891 7552 959
5016 2 2 2 2 2217 6530 2204
5017 2 2 2 2 3017 6224 6223
5018 2 2 2 2 4224 5728 5727
5019 2 2 2 2 4266 6149 5053
5020 2 2 2 2 6047 6378 6046
5021 2 2 2 2 1670 6313 1618
5022 2 2 2 2 1828 8356 1870
5023 2 2 2 2 7861 7862 2303
5024 2 2 2 2 1524 8897 7519
5025 2 2 2 2 8614 8748 754
5026 2 2 2 2 8298 8306 8299
5027 2 2 2 2 1870 8356 4002
5028 2 2 2 2 657 7149 5591
5029 2 2 2 2 8152 8443 8151
5030 2 2 2 2 5158 7608 7506
5031 2 2 2 2 5899 5900 5195
5032 2 2 2 2 5216 8356 8355
5033 2 2 2 2 2019 6180 6178
5034 2 2 2 2 5346 7918 7917
5035 2 2 2 2 3609 7823 7821
5036 2 2 2 2 7420 7421 1226
5037 2 2 2 2 5351 8700 8699
5038 2 2 2 2 1757 7797 7794
5039 2 2 2 2 7168 7170 7169
5040 2 2 2 2 7223 7227 4538
5041 2 2 2 2 6238 9005 6234
5042 2 2 2 2 7437 7440 7438
5043 2 2 2 2 7373 7374 5314
5044 2 2 2 2 5620 5621 5618
5045 2 2 2 2 5619 5622 5620
5046 2 2 2 2 6465 6466 3319
5047 2 2 2 2 4471 6312 6311
5048 2 2 2 2 5676 5677 5027
5049 2 2 2 2 6310 6311 4472
5050 2 2 2 2 3691 6089 3693
5051 2 2 2 2 7876 7879 7877
5052 2 2 2 2 4919 7548 7547
5053 2 2 2 2 5318 6444 6443
5054 2 2 2 2 7767 8162 7764
5055 2 2 2 2 7766 7768 7767
5056 2 2 2 2 7084 7085 2282
5057 2 2 2 2 7369 7370 7368
5058 2 2 2 2 4765 7136 5363
5059 2 2 2 2 4102 7136 4103
5060 2 2 2 2 7283 7284 3965
5061 2 2 2 2 451 5527 453
5062 2 2 2 2 8080 8082 8081
5063 2 2 2 2 3794 8276 8274
5064 2 2 2 2 7375 7409 7373
5065 2 2 2 2 8227 9002 3221
5066 2 2 2 2 8368 8369 5344
5067 2 2 2 2 8034 8041 8033
5068 2 2 2 2 4744 7880 7879
5069 2 2 2 2 648 7149 657
5070 2 2 2 2 1767 9068 7423
5071 2 2 2 2 639 5806 617
5072 2 2 2 2 1423 5900 5899
5073 2 2 2 2 3803 6916 4125
5074 2 2 2 2 5393 8949 8948
5075 2 2 2 2 6043 6045 6044
5076 2 2 2 2 6571 6572 2459
5077 2 2 2 2 4524 8684 5688
5078 2 2 2 2 6499 6500 6484
5079 2 2 2 2 1140 8728 1182
5080 2 2 2 2 7363 7369 7368
5081 2 2 2 2 8369 8370 5344
5082 2 2 2 2 8187 8217 3567
5083 2 2 2 2 8766 8767 5389
5084 2 2 2 2 1490 7797 1757
5085 2 2 2 2 5641 5643 5642
5086 2 2 2 2 1303 6202 6201
5087 2 2 2 2 8812 8813 3849
5088 2 2 2 2 5377 8943 8483
5089 2 2 2 2 6429 6430 6428
5090 2 2 2 2 2542 6191 6190
5091 2 2 2 2 4965 8695 8694
5092 2 2 2 2 5307 8537 8536
5093 2 2 2 2 8159 8989 8161
5094 2 2 2 2 6493 6494 6487
5095 2 2 2 2 8133 8134 4094
5096 2 2 2 2 7867 7870 7868
5097 2 2 2 2 7927 7928 2785
5098 2 2 2 2 5397 6206 6205
5099 2 2 2 2 8298 8299 5441
5100 2 2 2 2 6149 6959 5053
5101 2 2 2 2 7506 7608 3639
5102 2 2 2 2 4053 6959 3442
5103 2 2 2 2 3777 8444 4074
5104 2 2 2 2 5053 8369 8368
5105 2 2 2 2 7116 7117 2125
5106 2 2 2 2 3757 7882 7880
5107 2 2 2 2 712 7318 7317
5108 2 2 2 2 6443 6444 5089
5109 2 2 2 2 7501 7502 6770
5110 2 2 2 2 3776 7630 7629
5111 2 2 2 2 4591 8058 8050
5112 2 2 2 2 8765 8766 2326
5113 2 2 2 2 8699 8700 1094
5114 2 2 2 2 2024 6953 2316
5115 2 2 2 2 7437 7438 1634
5116 2 2 2 2 6663 6666 3612
5117 2 2 2 2 3090 6600 6599
5118 2 2 2 2 7373 7376 7374
5119 2 2 2 2 5365 8273 4083
5120 2 2 2 2 5619 5623 5622
5121 2 2 2 2 6311 6312 4472
5122 2 2 2 2 6310 6313 6311
5123 2 2 2 2 6485 6493 6487
5124 2 2 2 2 6043 6044 5121
5125 2 2 2 2 4516 6241 6240
5126 2 2 2 2 7085 7086 2282
5127 2 2 2 2 7115 7116 4841
5128 2 2 2 2 8473 8913 5326
5129 2 2 2 2 2403 5535 458
5130 2 2 2 2 7500 7501 1787
5131 2 2 2 2 5398 6207 6206
5132 2 2 2 2 6204 6205 3252
5133 2 2 2 2 8080 8083 8082
5134 2 2 2 2 8082 8084 8081
5135 2 2 2 2 8948 8949 4256
5136 2 2 2 2 938 8050 8049
5137 2 2 2 2 5307 7938 7937
5138 2 2 2 2 8145 8441 8146
5139 2 2 2 2 7887 8509 8508
5140 2 2 2 2 5191 7611 7610
5141 2 2 2 2 6201 6202 5099
5142 2 2 2 2 4046 8213 8212
5143 2 2 2 2 6499 6501 6500
5144 2 2 2 2 4559 8265 8264
5145 2 2 2 2 6190 6191 5093
5146 2 2 2 2 6058 6059 4534
5147 2 2 2 2 1830 8356 1828
5148 2 2 2 2 5643 5644 5642
5149 2 2 2 2 4840 7061 4112
5150 2 2 2 2 628 6306 6305
5151 2 2 2 2 8812 8815 8813
5152 2 2 2 2 6680 6689 6688
5153 2 2 2 2 8536 8537 5345
5154 2 2 2 2 2580 5925 3276
5155 2 2 2 2 4647 5535 2403
5156 2 2 2 2 8996 8997 8277
5157 2 2 2 2 6203 6204 1723
5158 2 2 2 2 7064 7065 4392
5159 2 2 2 2 5373 8197 8196
5160 2 2 2 2 958 8337 8336
5161 2 2 2 2 6494 6496 6487
5162 2 2 2 2 7927 7929 7928
5163 2 2 2 2 7317 7318 5166
5164 2 2 2 2 5344 8370 5853
5165 2 2 2 2 1357 5555 5554
5166 2 2 2 2 2421 6915 6914
5167 2 2 2 2 3825 5540 3410
5168 2 2 2 2 458 5535 455
5169 2 2 2 2 7630 7631 7629
5170 2 2 2 2 6925 6926 5252
5171 2 2 2 2 7438 7439 1634
5172 2 2 2 2 6568 7041 4138
5173 2 2 2 2 4936 7041 5538
5174 2 2 2 2 7376 7377 7374
5175 2 2 2 2 7259 7260 653
5176 2 2 2 2 3731 6926 6925
5177 2 2 2 2 6313 6314 6311
5178 2 2 2 2 7846 8468 4519
5179 2 2 2 2 7097 7099 1949
5180 2 2 2 2 7099 7100 1949
5181 2 2 2 2 5538 7041 6568
5182 2 2 2 2 5538 5540 4936
5183 2 2 2 2 7937 7938 4802
5184 2 2 2 2 4936 5540 3825
5185 2 2 2 2 6205 6206 3252
5186 2 2 2 2 8083 8085 8082
5187 2 2 2 2 8082 8100 8084
5188 2 2 2 2 8508 8509 8499
5189 2 2 2 2 7610 7611 1806
5190 2 2 2 2 5539 7041 4954
5191 2 2 2 2 8264 8265 3240
5192 2 2 2 2 4785 6321 6320
5193 2 2 2 2 6263 6264 1509
5194 2 2 2 2 1017 7097 1949
5195 2 2 2 2 5540 8940 3410
5196 2 2 2 2 5643 5645 5644
5197 2 2 2 2 718 6102 708
5198 2 2 2 2 5008 8940 5540
5199 2 2 2 2 7748 7749 1727
5200 2 2 2 2 8336 8337 4823
5201 2 2 2 2 6680 6690 6689
5202 2 2 2 2 2478 7065 7064
5203 2 2 2 2 613 7270 7269
5204 2 2 2 2 708 6102 5767
5205 2 2 2 2 6481 6488 1221
5206 2 2 2 2 5739 8922 5015
5207 2 2 2 2 3920 5605 5604
5208 2 2 2 2 4288 5631 4287
5209 2 2 2 2 6915 6916 6914
5210 2 2 2 2 6676 6698 1079
5211 2 2 2 2 3481 6677 6676
5212 2 2 2 2 4212 8922 5739
5213 2 2 2 2 5834 8608 3445
5214 2 2 2 2 4210 6365 5588
5215 2 2 2 2 5763 5834 3445
5216 2 2 2 2 4210 5580 4206
5217 2 2 2 2 5631 5671 4287
5218 2 2 2 2 3071 5689 2389
5219 2 2 2 2 4210 5588 5580
5220 2 2 2 2 7893 7894 1427
5221 2 2 2 2 4954 7041 4936
5222 2 2 2 2 5689 8335 2389
5223 2 2 2 2 3431 5781 5780
5224 2 2 2 2 708 5767 679
5225 2 2 2 2 5358 7060 7059
5226 2 2 2 2 2389 8335 2127
5227 2 2 2 2 4138 7041 5539
5228 2 2 2 2 1019 7097 1017
5229 2 2 2 2 7439 7441 1634
5230 2 2 2 2 4215 5779 4217
5231 2 2 2 2 5740 5742 2183
5232 2 2 2 2 4256 5716 5715
5233 2 2 2 2 4256 5715 4255
5234 2 2 2 2 7030 7807 7805
5235 2 2 2 2 7376 7378 7377
5236 2 2 2 2 5837 5838 4698
5237 2 2 2 2 4698 5838 2125
5238 2 2 2 2 7259 7262 7260
5239 2 2 2 2 5020 5736 5735
5240 2 2 2 2 7785 7787 5173
5241 2 2 2 2 2010 6102 718
5242 2 2 2 2 7805 7807 5014
5243 2 2 2 2 1924 5692 5691
5244 2 2 2 2 5020 5813 5736
5245 2 2 2 2 1033 5766 5672
5246 2 2 2 2 7244 7245 2181
5247 2 2 2 2 8196 8197 3243
5248 2 2 2 2 5736 5813 5048
5249 2 2 2 2 2760 8394 8393
5250 2 2 2 2 8159 8160 2613
5251 2 2 2 2 5785 5786 3518
5252 2 2 2 2 5781 5935 5780
5253 2 2 2 2 3431 5780 5779
5254 2 2 2 2 5020 5779 4215
5255 2 2 2 2 5846 5847 3782
5256 2 2 2 2 8083 8086 8085
5257 2 2 2 2 3782 5847 2980
5258 2 2 2 2 5735 5779 5020
5259 2 2 2 2 5947 8463 3634
5260 2 2 2 2 5779 5780 4217
5261 2 2 2 2 8168 8169 3217
5262 2 2 2 2 679 5767 1033
5263 2 2 2 2 5795 5947 3634
5264 2 2 2 2 3634 8448 5795
5265 2 2 2 2 5795 8448 5794
5266 2 2 2 2 7843 7844 507
5267 2 2 2 2 3105 5872 5811
5268 2 2 2 2 5794 8448 3117
5269 2 2 2 2 4587 8463 5947
5270 2 2 2 2 5793 5794 3117
5271 2 2 2 2 4231 5836 5791
5272 2 2 2 2 4808 5861 4806
5273 2 2 2 2 4231 5791 4230
5274 2 2 2 2 3957 5840 3116
5275 2 2 2 2 2424 5814 5813
5276 2 2 2 2 3957 5841 5840
5277 2 2 2 2 2127 8335 2183
5278 2 2 2 2 3117 5840 5793
5279 2 2 2 2 5813 5814 5048
5280 2 2 2 2 4210 6418 6365
5281 2 2 2 2 3116 5840 3117
5282 2 2 2 2 4928 8936 4837
5283 2 2 2 2 5671 8922 2430
5284 2 2 2 2 5074 5861 5860
5285 2 2 2 2 2183 8335 5740
5286 2 2 2 2 5796 8545 5947
5287 2 2 2 2 4260 7836 4231
5288 2 2 2 2 7748 7750 7749
5289 2 2 2 2 4808 5862 5861
5290 2 2 2 2 4698 5839 5837
5291 2 2 2 2 5074 5859 5075
5292 2 2 2 2 2908 5842 5839
5293 2 2 2 2 5074 5860 5859
5294 2 2 2 2 6365 6418 4380
5295 2 2 2 2 5015 8922 5671
5296 2 2 2 2 5210 5859 5854
5297 2 2 2 2 5051 8526 5673
5298 2 2 2 2 5060 5878 5877
5299 2 2 2 2 4806 5861 5074
5300 2 2 2 2 5060 5877 5058
5301 2 2 2 2 749 6214 6212
5302 2 2 2 2 2456 6719 2454
5303 2 2 2 2 1771 5885 5884
5304 2 2 2 2 1033 5767 5766
5305 2 2 2 2 463 6214 749
5306 2 2 2 2 4644 8221 663
5307 2 2 2 2 5075 5859 5210
5308 2 2 2 2 3920 5606 5605
5309 2 2 2 2 6752 6760 2919
5310 2 2 2 2 4053 8369 6959
5311 2 2 2 2 6145 7659 1460
5312 2 2 2 2 5917 5933 5056
5313 2 2 2 2 3481 6678 6677
5314 2 2 2 2 5344 5853 3304
5315 2 2 2 2 7893 7895 7894
5316 2 2 2 2 7060 7061 7059
5317 2 2 2 2 5210 5854 5853
5318 2 2 2 2 5739 8934 4212
5319 2 2 2 2 5947 8545 4587
5320 2 2 2 2 6086 6091 6090
5321 2 2 2 2 7378 7379 7377
5322 2 2 2 2 5383 6633 6621
5323 2 2 2 2 8220 8221 4644
5324 2 2 2 2 4231 7836 5836
5325 2 2 2 2 3464 6040 3465
5326 2 2 2 2 6039 6040 3464
5327 2 2 2 2 8515 8991 550
5328 2 2 2 2 2454 6719 2896
5329 2 2 2 2 6021 6022 4364
5330 2 2 2 2 7651 7652 7649
5331 2 2 2 2 5060 5879 5878
5332 2 2 2 2 3464 6150 6039
5333 2 2 2 2 6065 6150 4273
5334 2 2 2 2 8235 8236 8233
5335 2 2 2 2 3852 6020 3854
5336 2 2 2 2 4635 7659 6145
5337 2 2 2 2 5098 8934 5739
5338 2 2 2 2 4253 8608 5834
5339 2 2 2 2 3852 6040 6020
5340 2 2 2 2 4614 6146 4276
5341 2 2 2 2 3465 6040 3852
5342 2 2 2 2 3934 7727 4797
5343 2 2 2 2 3859 8736 8733
5344 2 2 2 2 8086 8087 8085
5345 2 2 2 2 6120 6121 5087
5346 2 2 2 2 6226 6290 6276
5347 2 2 2 2 5083 6146 6075
5348 2 2 2 2 8169 8191 3217
5349 2 2 2 2 4276 6146 5083
5350 2 2 2 2 5796 8890 8545
5351 2 2 2 2 5848 8060 8059
5352 2 2 2 2 4837 8936 8935
5353 2 2 2 2 4260 8489 7836
5354 2 2 2 2 7843 7845 7844
5355 2 2 2 2 3941 6022 3940
5356 2 2 2 2 5848 8059 2022
5357 2 2 2 2 8776 8777 4198
5358 2 2 2 2 2896 6719 6141
5359 2 2 2 2 2448 6621 6620
5360 2 2 2 2 4635 6145 6144
5361 2 2 2 2 5101 6158 6157
5362 2 2 2 2 4797 7727 7725
5363 2 2 2 2 4364 6022 3941
5364 2 2 2 2 1460 7825 6145
5365 2 2 2 2 5087 6122 3935
5366 2 2 2 2 4284 6158 5101
5367 2 2 2 2 6876 6883 6882
5368 2 2 2 2 7748 7756 7750
5369 2 2 2 2 6194 8736 3859
5370 2 2 2 2 6857 6893 6892
5371 2 2 2 2 2980 5847 3955
5372 2 2 2 2 6121 6122 5087
5373 2 2 2 2 1804 7764 7763
5374 2 2 2 2 5097 7008 6041
5375 2 2 2 2 3782 6632 5846
5376 2 2 2 2 6959 8369 5053
5377 2 2 2 2 6215 6216 2433
5378 2 2 2 2 4147 5905 3820
5379 2 2 2 2 6209 6416 5417
5380 2 2 2 2 5767 5768 5766
5381 2 2 2 2 5400 8888 8887
5382 2 2 2 2 5112 6295 5113
5383 2 2 2 2 3920 5609 5606
5384 2 2 2 2 3805 6222 4279
5385 2 2 2 2 6226 6276 4819
5386 2 2 2 2 4273 6150 3462
5387 2 2 2 2 6678 6679 6677
5388 2 2 2 2 6971 6972 4291
5389 2 2 2 2 7895 7896 7894
5390 2 2 2 2 7061 7062 7059
5391 2 2 2 2 4279 6209 5417
5392 2 2 2 2 6753 6760 6752
5393 2 2 2 2 1620 7008 1687
5394 2 2 2 2 4070 8795 2977
5395 2 2 2 2 3462 6150 3464
5396 2 2 2 2 878 8924 6300
5397 2 2 2 2 6307 8644 4321
5398 2 2 2 2 7378 7380 7379
5399 2 2 2 2 8449 8450 4596
5400 2 2 2 2 4755 6363 4757
5401 2 2 2 2 5126 6441 5127
5402 2 2 2 2 4814 8750 5334
5403 2 2 2 2 4715 6800 4714
5404 2 2 2 2 6731 6735 2148
5405 2 2 2 2 6717 6730 2455
5406 2 2 2 2 6359 6363 1416
5407 2 2 2 2 2324 7474 5857
5408 2 2 2 2 8086 8088 8087
5409 2 2 2 2 2988 6222 3805
5410 2 2 2 2 2896 6717 2455
5411 2 2 2 2 2148 6735 1912
5412 2 2 2 2 3508 8643 6335
5413 2 2 2 2 8280 8795 4070
5414 2 2 2 2 3121 8450 8449
5415 2 2 2 2 6385 6446 2540
5416 2 2 2 2 7845 7846 7844
5417 2 2 2 2 4757 6363 6359
5418 2 2 2 2 6335 6795 3508
5419 2 2 2 2 4484 6553 4356
5420 2 2 2 2 1885 6796 1711
5421 2 2 2 2 6434 6435 5445
5422 2 2 2 2 6041 7008 1620
5423 2 2 2 2 4166 8617 4160
5424 2 2 2 2 6412 6527 2584
5425 2 2 2 2 2430 8922 6478
5426 2 2 2 2 3326 6384 4735
5427 2 2 2 2 6758 6760 6753
5428 2 2 2 2 5153 6435 6434
5429 2 2 2 2 1391 6513 1468
5430 2 2 2 2 3508 6796 1885
5431 2 2 2 2 2894 7014 6472
5432 2 2 2 2 4321 8644 8643
5433 2 2 2 2 5126 5127 3883
5434 2 2 2 2 3824 4934 3825
5435 2 2 2 2 4987 4988 2202
5436 2 2 2 2 2220 2988 2219
5437 2 2 2 2 5853 5854 3304
5438 2 2 2 2 2150 6731 2148
5439 2 2 2 2 2653 2654 1723
5440 2 2 2 2 8375 8376 2826
5441 2 2 2 2 5153 6528 6435
5442 2 2 2 2 5135 6416 6209
5443 2 2 2 2 2443 6550 6332
5444 2 2 2 2 3824 4937 4934
5445 2 2 2 2 2100 2219 2099
5446 2 2 2 2 3263 3883 3823
5447 2 2 2 2 3263 5126 3883
5448 2 2 2 2 4183 4198 3821
5449 2 2 2 2 1349 6513 1391
5450 2 2 2 2 3326 4735 4149
5451 2 2 2 2 6331 6513 1349
5452 2 2 2 2 2220 2989 2988
5453 2 2 2 2 2430 6478 1013
5454 2 2 2 2 1382 6750 1476
5455 2 2 2 2 2653 2655 2654
5456 2 2 2 2 4934 4935 3825
5457 2 2 2 2 2100 2220 2219
5458 2 2 2 2 1970 2099 1971
5459 2 2 2 2 2988 3805 2990
5460 2 2 2 2 1970 2100 2099
5461 2 2 2 2 2655 2656 2654
5462 2 2 2 2 1687 7008 1947
5463 2 2 2 2 1300 6331 1349
5464 2 2 2 2 1776 2003 1779
5465 2 2 2 2 1530 1606 1509
5466 2 2 2 2 2455 6731 2150
5467 2 2 2 2 5767 6102 5768
5468 2 2 2 2 8316 8317 1887
5469 2 2 2 2 3940 6022 4359
5470 2 2 2 2 1074 6480 4322
5471 2 2 2 2 846 6439 6084
5472 2 2 2 2 4978 9108 4158
5473 2 2 2 2 5137 7656 6574
5474 2 2 2 2 8556 8644 6307
5475 2 2 2 2 1749 1776 1750
5476 2 2 2 2 5138 6609 6608
5477 2 2 2 2 5609 5610 5606
5478 2 2 2 2 6618 6913 5408
5479 2 2 2 2 6570 6749 1938
5480 2 2 2 2 4198 6441 3821
5481 2 2 2 2 5135 6417 6416
5482 2 2 2 2 1530 1607 1606
5483 2 2 2 2 6678 6680 6679
5484 2 2 2 2 2003 2200 2004
5485 2 2 2 2 1970 6428 2100
5486 2 2 2 2 5408 6913 4181
5487 2 2 2 2 2860 2861 1710
5488 2 2 2 2 4160 8617 4917
5489 2 2 2 2 6797 6802 2900
5490 2 2 2 2 6414 6448 4382
5491 2 2 2 2 8643 8644 6335
5492 2 2 2 2 306 420 305
5493 2 2 2 2 3868 6355 5430
5494 2 2 2 2 1749 5543 1776
5495 2 2 2 2 2003 2201 2200
5496 2 2 2 2 271 340 270
5497 2 2 2 2 7498 7499 4485
5498 2 2 2 2 6592 6608 3090
5499 2 2 2 2 2861 4044 1710
5500 2 2 2 2 2656 3319 2654
5501 2 2 2 2 1992 7656 2141
5502 2 2 2 2 277 412 276
5503 2 2 2 2 1759 5935 5781
5504 2 2 2 2 1722 3252 2146
5505 2 2 2 2 5373 9011 5372
5506 2 2 2 2 4596 8450 4598
5507 2 2 2 2 1196 1198 1197
5508 2 2 2 2 3805 4183 3821
5509 2 2 2 2 6763 8011 5154
5510 2 2 2 2 6750 7505 1476
5511 2 2 2 2 4945 6438 4513
5512 2 2 2 2 2988 2990 2219
5513 2 2 2 2 4945 7114 6438
5514 2 2 2 2 5129 6363 4755
5515 2 2 2 2 5124 6730 6717
5516 2 2 2 2 1194 1196 1195
5517 2 2 2 2 1196 1364 1198
5518 2 2 2 2 1776 1779 1750
5519 2 2 2 2 1349 1350 1302
5520 2 2 2 2 475 6468 474
5521 2 2 2 2 4935 5001 4954
5522 2 2 2 2 5127 5128 3883
5523 2 2 2 2 789 6439 846
5524 2 2 2 2 1300 1302 1301
5525 2 2 2 2 4382 6448 5388
5526 2 2 2 2 1198 1199 1197
5527 2 2 2 2 275 371 274
5528 2 2 2 2 1192 1194 1193
5529 2 2 2 2 785 787 786
5530 2 2 2 2 5138 6608 6592
5531 2 2 2 2 7380 7381 7379
5532 2 2 2 2 5002 8822 4966
5533 2 2 2 2 2003 2004 1779
5534 2 2 2 2 5416 5421 5415
5535 2 2 2 2 790 6752 2919
5536 2 2 2 2 6092 6439 2439
5537 2 2 2 2 1196 1197 1195
5538 2 2 2 2 1938 6750 1382
5539 2 2 2 2 2862 2863 2861
5540 2 2 2 2 5 326 1
5541 2 2 2 2 6084 6439 6092
5542 2 2 2 2 2141 7656 5137
5543 2 2 2 2 1194 1195 1193
5544 2 2 2 2 1299 1300 1115
5545 2 2 2 2 4279 5417 4183
5546 2 2 2 2 3805 4279 4183
5547 2 2 2 2 1349 1391 1350
5548 2 2 2 2 3119 6137 2341
5549 2 2 2 2 3828 3868 3827
5550 2 2 2 2 1300 1349 1302
5551 2 2 2 2 7024 7025 3978
5552 2 2 2 2 2099 2103 1971
5553 2 2 2 2 1192 1193 1191
5554 2 2 2 2 3836 4929 3834
5555 2 2 2 2 1082 1115 1081
5556 2 2 2 2 4420 4422 4421
5557 2 2 2 2 3385 7042 3379
5558 2 2 2 2 2655 2657 2656
5559 2 2 2 2 1190 1192 1191
5560 2 2 2 2 4988 8036 2202
5561 2 2 2 2 787 788 786
5562 2 2 2 2 783 785 784
5563 2 2 2 2 1071 6480 1074
5564 2 2 2 2 3828 6355 3868
5565 2 2 2 2 3805 3821 2990
5566 2 2 2 2 1090 1095 1041
5567 2 2 2 2 1082 1299 1115
5568 2 2 2 2 4937 5427 4934
5569 2 2 2 2 197 434 196
5570 2 2 2 2 6730 6731 2455
5571 2 2 2 2 2592 7499 7498
5572 2 2 2 2 1022 2430 1013
5573 2 2 2 2 199 398 198
5574 2 2 2 2 41 382 40
5575 2 2 2 2 1299 6331 1300
5576 2 2 2 2 785 786 784
5577 2 2 2 2 2860 2862 2861
5578 2 2 2 2 8088 8089 8087
5579 2 2 2 2 3817 9220 7456
5580 2 2 2 2 2017 7135 7134
5581 2 2 2 2 4138 5404 4137
5582 2 2 2 2 120 390 119
5583 2 2 2 2 479 6567 478
5584 2 2 2 2 7499 7657 4485
5585 2 2 2 2 33 377 32
5586 2 2 2 2 4138 5539 5404
5587 2 2 2 2 5106 8901 5479
5588 2 2 2 2 4650 7016 4651
5589 2 2 2 2 4420 4423 4422
5590 2 2 2 2 3868 4701 3827
5591 2 2 2 2 2862 2864 2863
5592 2 2 2 2 2438 6480 1069
5593 2 2 2 2 7456 9220 4913
5594 2 2 2 2 4966 8822 5303
5595 2 2 2 2 482 6748 6567
5596 2 2 2 2 5154 8011 8010
5597 2 2 2 2 3830 6355 3828
5598 2 2 2 2 781 783 782
5599 2 2 2 2 5106 5479 5478
5600 2 2 2 2 3318 7311 7308
5601 2 2 2 2 1077 1081 1076
5602 2 2 2 2 4025 7913 7912
5603 2 2 2 2 1185 1274 1186
5604 2 2 2 2 6937 7499 2592
5605 2 2 2 2 6989 6990 1948
5606 2 2 2 2 1190 1298 1192
5607 2 2 2 2 4938 4939 4440
5608 2 2 2 2 3759 6568 4138
5609 2 2 2 2 257 435 256
5610 2 2 2 2 23 436 22
5611 2 2 2 2 4422 4995 4421
5612 2 2 2 2 1188 1190 1189
5613 2 2 2 2 2420 2913 2422
5614 2 2 2 2 3303 4461 4133
5615 2 2 2 2 7016 7017 4651
5616 2 2 2 2 2653 8645 2655
5617 2 2 2 2 193 424 192
5618 2 2 2 2 1190 1191 1189
5619 2 2 2 2 789 846 801
5620 2 2 2 2 1117 1185 1118
5621 2 2 2 2 2885 7311 3318
5622 2 2 2 2 4358 6137 3119
5623 2 2 2 2 1184 1188 1187
5624 2 2 2 2 2055 2070 2053
5625 2 2 2 2 1016 7029 2170
5626 2 2 2 2 1913 6770 5297
5627 2 2 2 2 1077 1082 1081
5628 2 2 2 2 4481 8644 8556
5629 2 2 2 2 2422 3391 2419
5630 2 2 2 2 1188 1189 1187
5631 2 2 2 2 783 784 782
5632 2 2 2 2 779 781 780
5633 2 2 2 2 8786 8787 4441
5634 2 2 2 2 1302 1303 1301
5635 2 2 2 2 2989 6222 2988
5636 2 2 2 2 3759 3842 3758
5637 2 2 2 2 4912 8840 4130
5638 2 2 2 2 1088 1090 1041
5639 2 2 2 2 1074 1076 1073
5640 2 2 2 2 1103 1117 1104
5641 2 2 2 2 6749 6750 1938
5642 2 2 2 2 473 475 474
5643 2 2 2 2 2985 2987 2501
5644 2 2 2 2 4130 8840 8063
5645 2 2 2 2 2913 3024 2422
5646 2 2 2 2 1300 1301 1115
5647 2 2 2 2 483 6747 482
5648 2 2 2 2 6747 6748 482
5649 2 2 2 2 1074 1077 1076
5650 2 2 2 2 802 6752 790
5651 2 2 2 2 1184 1187 1183
5652 2 2 2 2 5290 8803 3866
5653 2 2 2 2 8061 8063 8062
5654 2 2 2 2 1067 6591 2438
5655 2 2 2 2 7019 7176 1417
5656 2 2 2 2 2420 2422 2419
5657 2 2 2 2 1624 6585 1783
5658 2 2 2 2 1069 1071 1070
5659 2 2 2 2 781 782 780
5660 2 2 2 2 4950 4951 3876
5661 2 2 2 2 848 7087 871
5662 2 2 2 2 3383 6881 3371
5663 2 2 2 2 4430 7014 4428
5664 2 2 2 2 1161 1184 1183
5665 2 2 2 2 777 779 778
5666 2 2 2 2 1083 7090 6764
5667 2 2 2 2 4962 5446 4133
5668 2 2 2 2 2887 6767 3064
5669 2 2 2 2 2440 8011 6763
5670 2 2 2 2 1724 7807 7154
5671 2 2 2 2 1040 1041 1022
5672 2 2 2 2 1083 6764 1043
5673 2 2 2 2 1274 1276 1186
5674 2 2 2 2 2481 5945 1076
5675 2 2 2 2 3303 4133 3875
5676 2 2 2 2 1039 7082 1693
5677 2 2 2 2 8376 8377 2826
5678 2 2 2 2 4929 6388 3834
5679 2 2 2 2 3413 6771 1639
5680 2 2 2 2 4439 4938 4440
5681 2 2 2 2 3002 3011 3000
5682 2 2 2 2 1067 1069 1068
5683 2 2 2 2 779 780 778
5684 2 2 2 2 1276 5582 1346
5685 2 2 2 2 3040 6568 3759
5686 2 2 2 2 4025 7912 7911
5687 2 2 2 2 7786 7787 7785
5688 2 2 2 2 3875 4950 3876
5689 2 2 2 2 1185 1186 1118
5690 2 2 2 2 3371 6881 3373
5691 2 2 2 2 4937 5428 5427
5692 2 2 2 2 469 7120 3241
5693 2 2 2 2 3002 7127 3011
5694 2 2 2 2 84 407 83
5695 2 2 2 2 474 7120 471
5696 2 2 2 2 1117 1118 1104
5697 2 2 2 2 2341 6137 2339
5698 2 2 2 2 6992 7154 7030
5699 2 2 2 2 3040 3759 3758
5700 2 2 2 2 6795 6796 3508
5701 2 2 2 2 4420 4421 4419
5702 2 2 2 2 31 444 30
5703 2 2 2 2 1021 1022 1013
5704 2 2 2 2 781 815 783
5705 2 2 2 2 3010 6993 3014
5706 2 2 2 2 762 7890 759
5707 2 2 2 2 252 401 251
5708 2 2 2 2 3199 3200 1615
5709 2 2 2 2 18 402 17
5710 2 2 2 2 1065 6764 6591
5711 2 2 2 2 1069 6480 1071
5712 2 2 2 2 5999 7088 4390
5713 2 2 2 2 775 777 776
5714 2 2 2 2 362 9158 10
5715 2 2 2 2 1693 7082 2016
5716 2 2 2 2 3866 8803 4168
5717 2 2 2 2 785 2439 787
5718 2 2 2 2 176 431 175
5719 2 2 2 2 3340 9060 3377
5720 2 2 2 2 4961 7017 7016
5721 2 2 2 2 1071 1073 1072
5722 2 2 2 2 777 778 776
5723 2 2 2 2 1646 5599 1939
5724 2 2 2 2 104 372 103
5725 2 2 2 2 4251 7326 7325
5726 2 2 2 2 1155 1156 1098
5727 2 2 2 2 1346 1379 1377
5728 2 2 2 2 477 479 478
5729 2 2 2 2 7000 7484 4109
5730 2 2 2 2 3453 7042 3385
5731 2 2 2 2 2416 2418 2417
5732 2 2 2 2 1103 1104 1102
5733 2 2 2 2 6836 6837 6834
5734 2 2 2 2 1046 1103 1102
5735 2 2 2 2 3539 3829 3828
5736 2 2 2 2 1530 1756 1607
5737 2 2 2 2 11 362 10
5738 2 2 2 2 759 7890 757
5739 2 2 2 2 6830 9060 3338
5740 2 2 2 2 1067 2438 1069
5741 2 2 2 2 1365 6376 1387
5742 2 2 2 2 1275 2216 1274
5743 2 2 2 2 4923 6355 3830
5744 2 2 2 2 294 387 293
5745 2 2 2 2 473 476 475
5746 2 2 2 2 6845 6846 6844
5747 2 2 2 2 3409 7197 7196
5748 2 2 2 2 2075 6980 6971
5749 2 2 2 2 3538 3539 3527
5750 2 2 2 2 5437 5447 5436
5751 2 2 2 2 1082 1510 1299
5752 2 2 2 2 4913 5418 4912
5753 2 2 2 2 1071 1074 1073
5754 2 2 2 2 285 360 284
5755 2 2 2 2 4025 7914 7913
5756 2 2 2 2 163 405 162
5757 2 2 2 2 3526 3538 3527
5758 2 2 2 2 2106 2107 2105
5759 2 2 2 2 4711 4822 4712
5760 2 2 2 2 6835 6836 6834
5761 2 2 2 2 2418 2420 2419
5762 2 2 2 2 174 349 173
5763 2 2 2 2 255 347 254
5764 2 2 2 2 1274 5582 1276
5765 2 2 2 2 21 348 20
5766 2 2 2 2 2461 5696 1742
5767 2 2 2 2 2340 2341 2339
5768 2 2 2 2 2174 6453 3027
5769 2 2 2 2 7419 8861 8860
5770 2 2 2 2 1081 2481 1076
5771 2 2 2 2 7656 7657 6574
5772 2 2 2 2 1042 1043 1024
5773 2 2 2 2 1160 1161 1109
5774 2 2 2 2 1014 7029 1016
5775 2 2 2 2 4492 7297 4490
5776 2 2 2 2 471 7120 469
5777 2 2 2 2 4822 8917 4963
5778 2 2 2 2 13 433 12
5779 2 2 2 2 3248 3975 2031
5780 2 2 2 2 91 422 90
5781 2 2 2 2 1161 1183 1109
5782 2 2 2 2 2417 3059 2415
5783 2 2 2 2 2216 5582 1274
5784 2 2 2 2 2416 2417 2415
5785 2 2 2 2 2338 2339 2337
5786 2 2 2 2 1955 7165 2487
5787 2 2 2 2 1748 1768 1636
5788 2 2 2 2 1913 5297 2032
5789 2 2 2 2 478 6468 475
5790 2 2 2 2 3834 6388 3832
5791 2 2 2 2 4252 4254 4251
5792 2 2 2 2 7526 7730 7525
5793 2 2 2 2 7154 7807 7030
5794 2 2 2 2 247 423 246
5795 2 2 2 2 3526 3527 3525
5796 2 2 2 2 7195 8848 3391
5797 2 2 2 2 118 438 117
5798 2 2 2 2 1065 1067 1066
5799 2 2 2 2 6990 7087 1948
5800 2 2 2 2 86 369 85
5801 2 2 2 2 273 440 272
5802 2 2 2 2 2418 2419 2417
5803 2 2 2 2 4137 4980 3842
5804 2 2 2 2 6851 8591 6853
5805 2 2 2 2 5521 6919 4606
5806 2 2 2 2 3824 3825 3410
5807 2 2 2 2 1042 1083 1043
5808 2 2 2 2 1043 1065 1064
5809 2 2 2 2 473 474 471
5810 2 2 2 2 228 418 227
5811 2 2 2 2 1310 1460 1312
5812 2 2 2 2 3814 6805 3032
5813 2 2 2 2 3539 3828 3827
5814 2 2 2 2 1185 1275 1274
5815 2 2 2 2 1146 7176 1153
5816 2 2 2 2 5609 5611 5610
5817 2 2 2 2 3338 9060 3340
5818 2 2 2 2 242 380 241
5819 2 2 2 2 8 391 7
5820 2 2 2 2 2422 7194 3391
5821 2 2 2 2 29 343 28
5822 2 2 2 2 1401 1692 1403
5823 2 2 2 2 7087 7549 871
5824 2 2 2 2 1948 7087 848
5825 2 2 2 2 6839 6840 6837
5826 2 2 2 2 2304 3080 2365
5827 2 2 2 2 3336 3337 3335
5828 2 2 2 2 7079 7082 1039
5829 2 2 2 2 2885 3318 2887
5830 2 2 2 2 7307 8645 2653
5831 2 2 2 2 1023 1042 1024
5832 2 2 2 2 3524 3526 3525
5833 2 2 2 2 6680 6681 6679
5834 2 2 2 2 4485 7657 7656
5835 2 2 2 2 1023 1024 1019
5836 2 2 2 2 773 775 774
5837 2 2 2 2 3736 7000 4109
5838 2 2 2 2 2885 2887 2886
5839 2 2 2 2 6836 6839 6837
5840 2 2 2 2 4048 5107 5105
5841 2 2 2 2 1134 1151 1132
5842 2 2 2 2 2862 3211 2864
5843 2 2 2 2 4158 9108 5310
5844 2 2 2 2 6993 7581 3014
5845 2 2 2 2 477 480 479
5846 2 2 2 2 2342 2343 2341
5847 2 2 2 2 843 2433 832
5848 2 2 2 2 3080 3414 2365
5849 2 2 2 2 6843 6845 6844
5850 2 2 2 2 3458 4250 3456
5851 2 2 2 2 7784 7786 7785
5852 2 2 2 2 27 430 26
5853 2 2 2 2 2061 2075 2059
5854 2 2 2 2 481 483 482
5855 2 2 2 2 775 776 774
5856 2 2 2 2 1103 2448 1117
5857 2 2 2 2 3759 4137 3842
5858 2 2 2 2 1108 1109 1079
5859 2 2 2 2 2119 3199 1615
5860 2 2 2 2 736 7154 6992
5861 2 2 2 2 3783 7485 5378
5862 2 2 2 2 1008 1009 1007
5863 2 2 2 2 3759 4138 4137
5864 2 2 2 2 239 328 4
5865 2 2 2 2 6833 6908 6838
5866 2 2 2 2 7151 7779 1513
5867 2 2 2 2 4143 4252 4251
5868 2 2 2 2 3868 5430 5429
5869 2 2 2 2 5182 6751 4313
5870 2 2 2 2 1276 1346 1345
5871 2 2 2 2 4485 7656 1992
5872 2 2 2 2 1346 1377 1345
5873 2 2 2 2 4932 6805 3814
5874 2 2 2 2 2119 3530 3199
5875 2 2 2 2 6730 6732 6731
5876 2 2 2 2 1755 1777 1754
5877 2 2 2 2 1071 1072 1070
5878 2 2 2 2 1078 1079 1036
5879 2 2 2 2 2887 3064 3062
5880 2 2 2 2 2986 8062 2985
5881 2 2 2 2 4743 6799 3752
5882 2 2 2 2 1065 6591 1067
5883 2 2 2 2 3336 6830 3338
5884 2 2 2 2 4292 9004 1003
5885 2 2 2 2 3983 7268 7081
5886 2 2 2 2 1607 1749 1606
5887 2 2 2 2 1036 2008 998
5888 2 2 2 2 1089 3606 3507
5889 2 2 2 2 1018 1023 1019
5890 2 2 2 2 1963 1964 1962
5891 2 2 2 2 1513 7525 7151
5892 2 2 2 2 1643 1924 1645
5893 2 2 2 2 7197 8880 7196
5894 2 2 2 2 4606 6919 4386
5895 2 2 2 2 477 478 475
5896 2 2 2 2 4957 5443 4958
5897 2 2 2 2 7485 8698 5378
5898 2 2 2 2 116 341 115
5899 2 2 2 2 482 6567 479
5900 2 2 2 2 2495 7466 866
5901 2 2 2 2 1417 7176 1146
5902 2 2 2 2 1387 6376 1430
5903 2 2 2 2 1275 2436 2216
5904 2 2 2 2 773 774 746
5905 2 2 2 2 1018 1019 1017
5906 2 2 2 2 772 773 746
5907 2 2 2 2 1043 6764 1065
5908 2 2 2 2 1545 1622 1547
5909 2 2 2 2 1069 1070 1068
5910 2 2 2 2 15 352 14
5911 2 2 2 2 1513 7526 7525
5912 2 2 2 2 1647 1657 1646
5913 2 2 2 2 1006 1007 1005
5914 2 2 2 2 1035 1036 998
5915 2 2 2 2 1698 4045 1700
5916 2 2 2 2 8061 8062 2986
5917 2 2 2 2 2298 3081 2300
5918 2 2 2 2 1753 1754 1752
5919 2 2 2 2 1040 6726 1089
5920 2 2 2 2 4420 8658 4423
5921 2 2 2 2 2655 3528 2657
5922 2 2 2 2 3008 6993 3010
5923 2 2 2 2 6992 7029 1014
5924 2 2 2 2 1198 1221 1199
5925 2 2 2 2 3824 7196 4937
5926 2 2 2 2 6832 9060 6830
5927 2 2 2 2 3829 3830 3828
5928 2 2 2 2 1507 7419 1406
5929 2 2 2 2 6805 7321 3032
5930 2 2 2 2 4445 7125 3407
5931 2 2 2 2 5232 6771 3413
5932 2 2 2 2 1698 7476 4045
5933 2 2 2 2 37 338 36
5934 2 2 2 2 752 8342 744
5935 2 2 2 2 2412 2414 2413
5936 2 2 2 2 997 998 986
5937 2 2 2 2 1089 4745 3606
5938 2 2 2 2 1658 1752 1657
5939 2 2 2 2 1645 1646 1644
5940 2 2 2 2 4955 4957 4956
5941 2 2 2 2 1979 2106 2105
5942 2 2 2 2 2414 2416 2415
5943 2 2 2 2 6839 6841 6840
5944 2 2 2 2 1467 7015 1508
5945 2 2 2 2 3524 3525 3523
5946 2 2 2 2 4739 8799 4747
5947 2 2 2 2 3831 3832 3830
5948 2 2 2 2 1607 1751 1749
5949 2 2 2 2 4995 5134 4421
5950 2 2 2 2 1009 1010 1007
5951 2 2 2 2 3831 3833 3832
5952 2 2 2 2 4025 7911 952
5953 2 2 2 2 4931 4996 4932
5954 2 2 2 2 282 397 281
5955 2 2 2 2 1407 1662 1409
5956 2 2 2 2 2174 3027 2210
5957 2 2 2 2 745 746 738
5958 2 2 2 2 7096 7097 1019
5959 2 2 2 2 748 6992 1014
5960 2 2 2 2 1074 4322 1077
5961 2 2 2 2 6865 8591 6851
5962 2 2 2 2 1073 1075 1072
5963 2 2 2 2 7078 7416 5262
5964 2 2 2 2 5007 7322 4154
5965 2 2 2 2 2304 2305 2303
5966 2 2 2 2 4003 7657 5174
5967 2 2 2 2 2865 3213 2863
5968 2 2 2 2 2657 2658 2656
5969 2 2 2 2 8880 8881 7196
5970 2 2 2 2 5418 8842 4912
5971 2 2 2 2 97 399 96
5972 2 2 2 2 6836 6864 6839
5973 2 2 2 2 3324 3725 3724
5974 2 2 2 2 4115 4984 4927
5975 2 2 2 2 6831 6833 6832
5976 2 2 2 2 7380 7382 7381
5977 2 2 2 2 481 484 483
5978 2 2 2 2 884 885 882
5979 2 2 2 2 171 429 170
5980 2 2 2 2 2107 2108 2105
5981 2 2 2 2 3868 5429 4701
5982 2 2 2 2 3133 8061 2986
5983 2 2 2 2 1507 8861 7419
5984 2 2 2 2 1643 1644 1642
5985 2 2 2 2 744 8342 743
5986 2 2 2 2 2002 2081 2001
5987 2 2 2 2 3752 6799 3199
5988 2 2 2 2 2033 6588 2188
5989 2 2 2 2 2864 2865 2863
5990 2 2 2 2 4605 4606 4386
5991 2 2 2 2 1005 4292 1003
5992 2 2 2 2 823 1063 802
5993 2 2 2 2 2302 2304 2303
5994 2 2 2 2 299 441 298
5995 2 2 2 2 110 414 109
5996 2 2 2 2 787 789 788
5997 2 2 2 2 4423 4971 4422
5998 2 2 2 2 5246 7237 3926
5999 2 2 2 2 2201 4203 3041
6000 2 2 2 2 39 415 38
6001 2 2 2 2 6574 7657 4003
6002 2 2 2 2 167 404 166
6003 2 2 2 2 4107 7005 3720
6004 2 2 2 2 2996 2998 2997
6005 2 2 2 2 1915 7577 3550
6006 2 2 2 2 3829 3831 3830
6007 2 2 2 2 1012 1013 1011
6008 2 2 2 2 3334 3336 3335
6009 2 2 2 2 1013 6478 1011
6010 2 2 2 2 3391 8609 2419
6011 2 2 2 2 94 350 93
6012 2 2 2 2 485 486 483
6013 2 2 2 2 3080 3891 3414
6014 2 2 2 2 2061 6980 2075
6015 2 2 2 2 1346 4207 1379
6016 2 2 2 2 3080 3892 3891
6017 2 2 2 2 2300 2301 2299
6018 2 2 2 2 4195 5469 5468
6019 2 2 2 2 2414 2415 2413
6020 2 2 2 2 6841 6842 6840
6021 2 2 2 2 3409 7196 3824
6022 2 2 2 2 873 881 854
6023 2 2 2 2 2103 2121 1971
6024 2 2 2 2 1719 7307 2653
6025 2 2 2 2 481 482 479
6026 2 2 2 2 4389 5696 2461
6027 2 2 2 2 4075 8742 3030
6028 2 2 2 2 4022 7078 5262
6029 2 2 2 2 486 6747 483
6030 2 2 2 2 2298 2300 2299
6031 2 2 2 2 1134 8297 1151
6032 2 2 2 2 737 738 728
6033 2 2 2 2 1979 2104 1978
6034 2 2 2 2 6860 6866 6862
6035 2 2 2 2 1043 1064 1024
6036 2 2 2 2 2362 2452 2357
6037 2 2 2 2 1151 8293 1132
6038 2 2 2 2 4203 5008 3041
6039 2 2 2 2 8010 8011 4598
6040 2 2 2 2 2004 2171 1779
6041 2 2 2 2 2075 6968 2059
6042 2 2 2 2 1460 7659 1312
6043 2 2 2 2 2300 2302 2301
6044 2 2 2 2 1303 4366 1301
6045 2 2 2 2 4957 4958 4956
6046 2 2 2 2 1067 1068 1066
6047 2 2 2 2 1016 1018 1017
6048 2 2 2 2 2000 2001 1775
6049 2 2 2 2 784 7166 782
6050 2 2 2 2 1160 1225 1161
6051 2 2 2 2 2304 2365 2305
6052 2 2 2 2 4182 6394 6393
6053 2 2 2 2 8088 8090 8089
6054 2 2 2 2 195 337 194
6055 2 2 2 2 1642 8642 1640
6056 2 2 2 2 1961 1963 1962
6057 2 2 2 2 1365 8636 6376
6058 2 2 2 2 5455 7664 4175
6059 2 2 2 2 5290 8804 8803
6060 2 2 2 2 1411 1412 1410
6061 2 2 2 2 5831 5850 1235
6062 2 2 2 2 3644 7732 7730
6063 2 2 2 2 1641 1642 1640
6064 2 2 2 2 4017 7492 4592
6065 2 2 2 2 1769 1998 1768
6066 2 2 2 2 2265 6437 1968
6067 2 2 2 2 3516 8061 3133
6068 2 2 2 2 249 351 248
6069 2 2 2 2 5059 5060 5058
6070 2 2 2 2 2302 2303 2301
6071 2 2 2 2 1977 1978 1976
6072 2 2 2 2 1065 1066 1064
6073 2 2 2 2 647 7079 1039
6074 2 2 2 2 44 336 43
6075 2 2 2 2 1282 1413 1284
6076 2 2 2 2 2417 8609 3059
6077 2 2 2 2 3018 4420 4419
6078 2 2 2 2 4058 4783 4782
6079 2 2 2 2 1686 6770 1684
6080 2 2 2 2 1108 1160 1109
6081 2 2 2 2 1401 1402 1400
6082 2 2 2 2 1016 1017 1015
6083 2 2 2 2 2306 7457 2299
6084 2 2 2 2 2365 2366 2305
6085 2 2 2 2 2292 3082 2294
6086 2 2 2 2 777 2464 779
6087 2 2 2 2 1388 6960 1366
6088 2 2 2 2 3891 4213 3414
6089 2 2 2 2 2393 2394 2276
6090 2 2 2 2 4385 4386 3816
6091 2 2 2 2 1523 1725 1660
6092 2 2 2 2 4141 4142 4140
6093 2 2 2 2 942 7596 956
6094 2 2 2 2 1391 1468 1467
6095 2 2 2 2 1140 1182 1138
6096 2 2 2 2 1222 7214 2479
6097 2 2 2 2 6831 6908 6833
6098 2 2 2 2 1118 2897 1104
6099 2 2 2 2 1719 2653 1723
6100 2 2 2 2 1409 1410 1408
6101 2 2 2 2 6833 6834 6832
6102 2 2 2 2 1542 7088 5999
6103 2 2 2 2 3530 3752 3199
6104 2 2 2 2 187 339 186
6105 2 2 2 2 4158 5309 3874
6106 2 2 2 2 2436 3771 2216
6107 2 2 2 2 866 7466 864
6108 2 2 2 2 2395 7662 2276
6109 2 2 2 2 1974 2125 1975
6110 2 2 2 2 1018 7220 1023
6111 2 2 2 2 2041 7562 1931
6112 2 2 2 2 189 428 188
6113 2 2 2 2 728 2010 718
6114 2 2 2 2 5339 5340 3818
6115 2 2 2 2 3644 7733 7732
6116 2 2 2 2 72 419 71
6117 2 2 2 2 3327 3328 3020
6118 2 2 2 2 2996 2997 2994
6119 2 2 2 2 1961 1962 1960
6120 2 2 2 2 727 728 718
6121 2 2 2 2 3328 3329 3020
6122 2 2 2 2 1054 1085 1084
6123 2 2 2 2 265 437 264
6124 2 2 2 2 2271 2889 2270
6125 2 2 2 2 4115 4837 4114
6126 2 2 2 2 259 374 258
6127 2 2 2 2 3644 7730 7526
6128 2 2 2 2 4175 7664 4446
6129 2 2 2 2 4168 8829 4193
6130 2 2 2 2 1014 1016 1015
6131 2 2 2 2 1407 1408 1406
6132 2 2 2 2 1902 6519 4383
6133 2 2 2 2 1184 3666 1188
6134 2 2 2 2 4130 8063 8061
6135 2 2 2 2 25 375 24
6136 2 2 2 2 4115 4927 4837
6137 2 2 2 2 490 7058 2164
6138 2 2 2 2 3324 4146 3725
6139 2 2 2 2 3722 3734 3733
6140 2 2 2 2 2298 2299 2297
6141 2 2 2 2 1518 1519 1515
6142 2 2 2 2 2288 3085 2290
6143 2 2 2 2 2887 3062 2886
6144 2 2 2 2 5276 5279 5278
6145 2 2 2 2 3867 4600 3566
6146 2 2 2 2 1521 1542 1541
6147 2 2 2 2 4429 8786 4441
6148 2 2 2 2 1089 3507 1088
6149 2 2 2 2 3019 3020 2882
6150 2 2 2 2 3983 7080 7079
6151 2 2 2 2 3832 6388 4923
6152 2 2 2 2 2362 2453 2452
6153 2 2 2 2 1975 1976 1778
6154 2 2 2 2 1523 1660 1659
6155 2 2 2 2 3330 3331 3329
6156 2 2 2 2 4927 4928 4837
6157 2 2 2 2 1104 7182 1102
6158 2 2 2 2 3743 3745 3744
6159 2 2 2 2 3734 3736 3735
6160 2 2 2 2 2119 7298 3530
6161 2 2 2 2 786 944 784
6162 2 2 2 2 3730 7463 5264
6163 2 2 2 2 6892 6893 3356
6164 2 2 2 2 3833 3834 3832
6165 2 2 2 2 1054 1093 1085
6166 2 2 2 2 5284 5411 5410
6167 2 2 2 2 4141 7325 4142
6168 2 2 2 2 1716 7307 1719
6169 2 2 2 2 2453 3090 2452
6170 2 2 2 2 1399 1400 1398
6171 2 2 2 2 4106 7430 3615
6172 2 2 2 2 2998 3018 2997
6173 2 2 2 2 3720 7005 3722
6174 2 2 2 2 1273 6358 2591
6175 2 2 2 2 3354 6892 3356
6176 2 2 2 2 2263 2397 2280
6177 2 2 2 2 7561 7562 2041
6178 2 2 2 2 5264 8224 8223
6179 2 2 2 2 671 680 670
6180 2 2 2 2 1405 1406 1404
6181 2 2 2 2 1456 1523 1522
6182 2 2 2 2 4746 6414 3606
6183 2 2 2 2 3744 7415 2277
6184 2 2 2 2 7463 8224 5264
6185 2 2 2 2 1916 7577 1915
6186 2 2 2 2 288 395 287
6187 2 2 2 2 3736 4109 3748
6188 2 2 2 2 4390 7088 2651
6189 2 2 2 2 347 5499 254
6190 2 2 2 2 1399 1401 1400
6191 2 2 2 2 2102 2900 1973
6192 2 2 2 2 6438 7114 3028
6193 2 2 2 2 7492 7493 4592
6194 2 2 2 2 1645 1647 1646
6195 2 2 2 2 879 7596 942
6196 2 2 2 2 3736 3748 3747
6197 2 2 2 2 3357 6892 3354
6198 2 2 2 2 3406 4174 3407
6199 2 2 2 2 3262 3806 3438
6200 2 2 2 2 3530 7298 4642
6201 2 2 2 2 3199 6799 3200
6202 2 2 2 2 1706 2860 1710
6203 2 2 2 2 717 718 708
6204 2 2 2 2 4997 5463 5405
6205 2 2 2 2 2985 3058 2987
6206 2 2 2 2 2877 2878 2876
6207 2 2 2 2 952 7911 950
6208 2 2 2 2 3877 8469 3811
6209 2 2 2 2 3769 4115 4114
6210 2 2 2 2 5339 5341 5340
6211 2 2 2 2 2361 2362 2357
6212 2 2 2 2 3262 3438 3107
6213 2 2 2 2 1355 1456 1455
6214 2 2 2 2 3018 8658 4420
6215 2 2 2 2 2109 2275 2108
6216 2 2 2 2 5026 7546 5494
6217 2 2 2 2 2412 2413 2410
6218 2 2 2 2 5358 7058 826
6219 2 2 2 2 1706 7586 2860
6220 2 2 2 2 3722 4108 3734
6221 2 2 2 2 1715 7307 1716
6222 2 2 2 2 3487 3490 3488
6223 2 2 2 2 1643 1645 1644
6224 2 2 2 2 2875 2876 2874
6225 2 2 2 2 114 411 113
6226 2 2 2 2 2306 7458 7457
6227 2 2 2 2 3328 3330 3329
6228 2 2 2 2 4483 7494 7493
6229 2 2 2 2 2982 3107 2453
6230 2 2 2 2 2295 2298 2297
6231 2 2 2 2 3429 7801 7462
6232 2 2 2 2 3780 7485 3783
6233 2 2 2 2 4745 4746 3606
6234 2 2 2 2 1725 1726 1660
6235 2 2 2 2 3734 3735 3733
6236 2 2 2 2 1403 1404 1402
6237 2 2 2 2 772 804 773
6238 2 2 2 2 3530 3753 3752
6239 2 2 2 2 3848 7546 5026
6240 2 2 2 2 1014 1015 793
6241 2 2 2 2 3748 3780 3749
6242 2 2 2 2 4742 5308 4743
6243 2 2 2 2 3485 3487 3486
6244 2 2 2 2 7312 8140 3177
6245 2 2 2 2 1519 1520 1515
6246 2 2 2 2 2353 2354 2350
6247 2 2 2 2 3187 8140 7820
6248 2 2 2 2 7626 7628 7627
6249 2 2 2 2 1442 1446 1444
6250 2 2 2 2 647 661 648
6251 2 2 2 2 1647 1658 1657
6252 2 2 2 2 1409 1411 1410
6253 2 2 2 2 4745 4792 4746
6254 2 2 2 2 7018 7320 4651
6255 2 2 2 2 3606 4328 3507
6256 2 2 2 2 2292 2294 2293
6257 2 2 2 2 4143 4253 4252
6258 2 2 2 2 883 884 882
6259 2 2 2 2 2067 2165 2065
6260 2 2 2 2 2106 2277 2107
6261 2 2 2 2 2982 3262 3107
6262 2 2 2 2 4704 8018 8014
6263 2 2 2 2 1641 1643 1642
6264 2 2 2 2 3806 3847 3807
6265 2 2 2 2 1542 1543 1541
6266 2 2 2 2 2500 2502 2501
6267 2 2 2 2 4148 4634 3320
6268 2 2 2 2 7235 8018 4704
6269 2 2 2 2 2346 2351 2344
6270 2 2 2 2 663 670 662
6271 2 2 2 2 2878 2879 2876
6272 2 2 2 2 1402 7784 1400
6273 2 2 2 2 6833 6835 6834
6274 2 2 2 2 4918 4919 3847
6275 2 2 2 2 1407 1409 1408
6276 2 2 2 2 487 488 486
6277 2 2 2 2 4927 5453 4928
6278 2 2 2 2 4951 4952 3876
6279 2 2 2 2 3806 3807 3438
6280 2 2 2 2 3983 7079 640
6281 2 2 2 2 3867 4601 4600
6282 2 2 2 2 1658 1753 1752
6283 2 2 2 2 1506 7736 1474
6284 2 2 2 2 5464 8592 4188
6285 2 2 2 2 2897 7183 7182
6286 2 2 2 2 484 485 483
6287 2 2 2 2 3736 3747 3735
6288 2 2 2 2 875 890 876
6289 2 2 2 2 1753 1755 1754
6290 2 2 2 2 1703 7586 1706
6291 2 2 2 2 4153 4930 4156
6292 2 2 2 2 5399 5400 4953
6293 2 2 2 2 722 7154 736
6294 2 2 2 2 1078 1108 1079
6295 2 2 2 2 1637 1638 1412
6296 2 2 2 2 3428 7801 3426
6297 2 2 2 2 1236 3440 1235
6298 2 2 2 2 2356 2357 2355
6299 2 2 2 2 1405 1407 1406
6300 2 2 2 2 1401 1403 1402
6301 2 2 2 2 1684 6770 1913
6302 2 2 2 2 3606 6414 4328
6303 2 2 2 2 2892 3125 2890
6304 2 2 2 2 707 708 679
6305 2 2 2 2 5085 5246 3926
6306 2 2 2 2 745 772 746
6307 2 2 2 2 1387 1430 1389
6308 2 2 2 2 5453 5454 4928
6309 2 2 2 2 1035 1078 1036
6310 2 2 2 2 3748 3749 3747
6311 2 2 2 2 2096 5908 1747
6312 2 2 2 2 1410 5738 1408
6313 2 2 2 2 634 7268 3983
6314 2 2 2 2 1435 7209 1433
6315 2 2 2 2 3334 3382 3336
6316 2 2 2 2 3734 7000 3736
6317 2 2 2 2 5107 5905 5105
6318 2 2 2 2 3361 6889 3363
6319 2 2 2 2 2483 5931 795
6320 2 2 2 2 4175 4446 4445
6321 2 2 2 2 3563 6232 804
6322 2 2 2 2 804 6232 773
6323 2 2 2 2 681 6740 680
6324 2 2 2 2 3024 7194 2422
6325 2 2 2 2 8376 8378 8377
6326 2 2 2 2 4320 6552 3728
6327 2 2 2 2 3720 3722 3721
6328 2 2 2 2 1742 5696 1625
6329 2 2 2 2 3806 4918 3847
6330 2 2 2 2 891 959 893
6331 2 2 2 2 1052 1054 1053
6332 2 2 2 2 4174 4175 3407
6333 2 2 2 2 4431 4432 4430
6334 2 2 2 2 100 346 99
6335 2 2 2 2 5193 8225 7564
6336 2 2 2 2 4195 4196 3845
6337 2 2 2 2 2657 2659 2658
6338 2 2 2 2 1403 1405 1404
6339 2 2 2 2 5450 5502 5459
6340 2 2 2 2 490 2164 488
6341 2 2 2 2 883 6317 2474
6342 2 2 2 2 5453 5500 5454
6343 2 2 2 2 2878 2881 2879
6344 2 2 2 2 4446 4447 4445
6345 2 2 2 2 1657 5599 1646
6346 2 2 2 2 3491 3494 3493
6347 2 2 2 2 656 662 655
6348 2 2 2 2 1395 1396 1394
6349 2 2 2 2 997 1035 998
6350 2 2 2 2 3363 6889 3380
6351 2 2 2 2 1312 1313 1311
6352 2 2 2 2 3780 3781 3749
6353 2 2 2 2 3713 3720 3719
6354 2 2 2 2 1959 1961 1960
6355 2 2 2 2 5246 7832 7237
6356 2 2 2 2 4461 4962 4133
6357 2 2 2 2 2864 2866 2865
6358 2 2 2 2 640 647 641
6359 2 2 2 2 2397 3086 2280
6360 2 2 2 2 4153 4156 3265
6361 2 2 2 2 2592 7498 1294
6362 2 2 2 2 4483 7493 7492
6363 2 2 2 2 4997 5405 4634
6364 2 2 2 2 2873 2874 2651
6365 2 2 2 2 4446 4993 4992
6366 2 2 2 2 3491 3493 3492
6367 2 2 2 2 1396 1399 1398
6368 2 2 2 2 5662 5663 5661
6369 2 2 2 2 2874 4390 2651
6370 2 2 2 2 679 1033 673
6371 2 2 2 2 2201 3041 3040
6372 2 2 2 2 1085 1116 1084
6373 2 2 2 2 748 793 791
6374 2 2 2 2 1790 1791 1789
6375 2 2 2 2 2335 2336 2211
6376 2 2 2 2 5138 5139 4259
6377 2 2 2 2 2290 2292 2291
6378 2 2 2 2 1164 7182 4532
6379 2 2 2 2 4191 4192 3844
6380 2 2 2 2 647 1039 661
6381 2 2 2 2 3713 4107 3720
6382 2 2 2 2 1521 7088 1542
6383 2 2 2 2 3382 6830 3336
6384 2 2 2 2 3913 4259 4239
6385 2 2 2 2 4982 4983 4981
6386 2 2 2 2 3058 4970 4969
6387 2 2 2 2 737 745 738
6388 2 2 2 2 3426 7801 3429
6389 2 2 2 2 4174 5455 4175
6390 2 2 2 2 3015 3043 3013
6391 2 2 2 2 4939 5057 4440
6392 2 2 2 2 678 679 673
6393 2 2 2 2 2408 2410 2409
6394 2 2 2 2 3404 4141 4140
6395 2 2 2 2 3847 3848 3807
6396 2 2 2 2 1395 7452 1396
6397 2 2 2 2 3913 4239 3911
6398 2 2 2 2 773 6232 775
6399 2 2 2 2 1191 1613 1189
6400 2 2 2 2 1393 1394 1313
6401 2 2 2 2 3494 3497 3495
6402 2 2 2 2 106 416 105
6403 2 2 2 2 6833 6838 6835
6404 2 2 2 2 2436 3772 3771
6405 2 2 2 2 1451 1452 1450
6406 2 2 2 2 4144 4948 4947
6407 2 2 2 2 3861 4201 4200
6408 2 2 2 2 1310 1312 1311
6409 2 2 2 2 1437 1737 1435
6410 2 2 2 2 5085 6039 5246
6411 2 2 2 2 7820 8140 7312
6412 2 2 2 2 4419 6225 2997
6413 2 2 2 2 3722 7005 4108
6414 2 2 2 2 2294 2295 2293
6415 2 2 2 2 3374 3466 3372
6416 2 2 2 2 7194 7195 3391
6417 2 2 2 2 680 709 670
6418 2 2 2 2 4930 5434 5419
6419 2 2 2 2 2043 2045 2044
6420 2 2 2 2 1777 2093 1754
6421 2 2 2 2 2885 2886 2884
6422 2 2 2 2 1075 1433 1072
6423 2 2 2 2 1393 1395 1394
6424 2 2 2 2 1411 1637 1412
6425 2 2 2 2 2276 7662 2275
6426 2 2 2 2 1042 1511 1083
6427 2 2 2 2 2881 2882 2879
6428 2 2 2 2 4119 5382 4120
6429 2 2 2 2 476 477 475
6430 2 2 2 2 1974 4698 2125
6431 2 2 2 2 2499 2500 2167
6432 2 2 2 2 1160 1277 1225
6433 2 2 2 2 1957 1959 1958
6434 2 2 2 2 2478 7565 6777
6435 2 2 2 2 5660 5662 5661
6436 2 2 2 2 654 655 653
6437 2 2 2 2 169 353 168
6438 2 2 2 2 1465 1514 1452
6439 2 2 2 2 1016 2170 1018
6440 2 2 2 2 1312 1393 1313
6441 2 2 2 2 3270 4153 3265
6442 2 2 2 2 1050 4548 1052
6443 2 2 2 2 4259 5049 4239
6444 2 2 2 2 2342 2344 2343
6445 2 2 2 2 7562 7564 1931
6446 2 2 2 2 4191 5466 4192
6447 2 2 2 2 974 7565 2478
6448 2 2 2 2 4383 7023 1904
6449 2 2 2 2 3406 3407 3043
6450 2 2 2 2 5008 5540 5538
6451 2 2 2 2 3497 3499 3498
6452 2 2 2 2 844 852 850
6453 2 2 2 2 7017 7018 4651
6454 2 2 2 2 1638 1641 1640
6455 2 2 2 2 647 648 641
6456 2 2 2 2 2877 2880 2878
6457 2 2 2 2 2881 3019 2882
6458 2 2 2 2 1966 7010 2265
6459 2 2 2 2 4740 6721 4737
6460 2 2 2 2 1664 1923 1921
6461 2 2 2 2 3430 7038 4229
6462 2 2 2 2 2284 2286 2285
6463 2 2 2 2 1201 1790 1789
6464 2 2 2 2 3615 7430 3659
6465 2 2 2 2 2292 2293 2291
6466 2 2 2 2 3018 4419 2997
6467 2 2 2 2 4446 4992 4447
6468 2 2 2 2 3720 3721 3719
6469 2 2 2 2 4148 4997 4634
6470 2 2 2 2 1952 7165 1955
6471 2 2 2 2 1187 3481 1183
6472 2 2 2 2 711 4391 709
6473 2 2 2 2 1232 5850 1231
6474 2 2 2 2 6213 7620 4277
6475 2 2 2 2 2992 6225 3017
6476 2 2 2 2 643 653 642
6477 2 2 2 2 3722 3733 3721
6478 2 2 2 2 2299 7457 2297
6479 2 2 2 2 826 7058 492
6480 2 2 2 2 5449 5450 4176
6481 2 2 2 2 1017 1949 1015
6482 2 2 2 2 4229 7038 5165
6483 2 2 2 2 736 748 747
6484 2 2 2 2 1447 1448 1445
6485 2 2 2 2 1464 1465 1452
6486 2 2 2 2 7488 7614 4462
6487 2 2 2 2 7614 7615 4000
6488 2 2 2 2 634 640 635
6489 2 2 2 2 5429 5509 4701
6490 2 2 2 2 1449 1450 1448
6491 2 2 2 2 4683 4696 4695
6492 2 2 2 2 2273 7054 2274
6493 2 2 2 2 3041 6568 3040
6494 2 2 2 2 4930 5419 4156
6495 2 2 2 2 3015 3044 3043
6496 2 2 2 2 1700 6826 1702
6497 2 2 2 2 1790 1792 1791
6498 2 2 2 2 1406 7419 1404
6499 2 2 2 2 2979 8540 2386
6500 2 2 2 2 2197 8018 7235
6501 2 2 2 2 6592 6593 5139
6502 2 2 2 2 3753 4742 3752
6503 2 2 2 2 2347 6464 2358
6504 2 2 2 2 672 673 667
6505 2 2 2 2 2875 2877 2876
6506 2 2 2 2 2015 7257 1100
6507 2 2 2 2 1068 2198 1066
6508 2 2 2 2 2419 8609 2417
6509 2 2 2 2 1310 1311 1293
6510 2 2 2 2 727 737 728
6511 2 2 2 2 1664 1921 1665
6512 2 2 2 2 4970 5416 5415
6513 2 2 2 2 3019 3327 3020
6514 2 2 2 2 640 641 635
6515 2 2 2 2 1748 1769 1768
6516 2 2 2 2 2104 2334 1978
6517 2 2 2 2 4980 4981 3842
6518 2 2 2 2 1443 2466 1441
6519 2 2 2 2 4939 5059 5058
6520 2 2 2 2 985 997 986
6521 2 2 2 2 3012 3718 3009
6522 2 2 2 2 6141 6721 4740
6523 2 2 2 2 2355 2360 2354
6524 2 2 2 2 956 3195 947
6525 2 2 2 2 3260 3265 3259
6526 2 2 2 2 5407 5408 4181
6527 2 2 2 2 1943 7012 7010
6528 2 2 2 2 2288 2290 2289
6529 2 2 2 2 3403 7966 3038
6530 2 2 2 2 1604 6104 1475
6531 2 2 2 2 1515 8707 1514
6532 2 2 2 2 5431 8469 3877
6533 2 2 2 2 2201 3040 2200
6534 2 2 2 2 1600 2442 1598
6535 2 2 2 2 1959 1960 1958
6536 2 2 2 2 4837 8935 4114
6537 2 2 2 2 1592 1772 1590
6538 2 2 2 2 2028 4739 4737
6539 2 2 2 2 4739 4747 4740
6540 2 2 2 2 5308 6802 4743
6541 2 2 2 2 3336 3338 3337
6542 2 2 2 2 3539 3827 3527
6543 2 2 2 2 2202 8036 2158
6544 2 2 2 2 1054 1084 1053
6545 2 2 2 2 1955 1957 1956
6546 2 2 2 2 1391 1467 1392
6547 2 2 2 2 4664 5275 4960
6548 2 2 2 2 3271 5725 5724
6549 2 2 2 2 4951 5399 4953
6550 2 2 2 2 748 791 747
6551 2 2 2 2 3060 3845 3052
6552 2 2 2 2 3490 3491 3488
6553 2 2 2 2 890 891 876
6554 2 2 2 2 1112 2015 1100
6555 2 2 2 2 4792 5354 4746
6556 2 2 2 2 2381 2383 2382
6557 2 2 2 2 5611 5612 5610
6558 2 2 2 2 5305 6612 5304
6559 2 2 2 2 2314 7078 4022
6560 2 2 2 2 634 635 616
6561 2 2 2 2 1465 1518 1515
6562 2 2 2 2 1227 1418 1229
6563 2 2 2 2 1960 2092 1958
6564 2 2 2 2 3377 6901 3342
6565 2 2 2 2 1940 2098 2097
6566 2 2 2 2 4739 4740 4737
6567 2 2 2 2 1090 1096 1095
6568 2 2 2 2 2035 7613 2153
6569 2 2 2 2 2187 7418 2191
6570 2 2 2 2 2286 2287 2285
6571 2 2 2 2 1391 1392 1350
6572 2 2 2 2 3585 7622 3778
6573 2 2 2 2 2873 2875 2874
6574 2 2 2 2 2002 2082 2081
6575 2 2 2 2 1084 1736 1053
6576 2 2 2 2 3804 7582 2976
6577 2 2 2 2 850 875 851
6578 2 2 2 2 748 1014 793
6579 2 2 2 2 3748 7481 3780
6580 2 2 2 2 3035 3037 3036
6581 2 2 2 2 3036 7963 3034
6582 2 2 2 2 5184 7541 7540
6583 2 2 2 2 4119 4120 3772
6584 2 2 2 2 6732 6735 6731
6585 2 2 2 2 2286 2288 2287
6586 2 2 2 2 3251 7582 5890
6587 2 2 2 2 1223 1358 1356
6588 2 2 2 2 2000 2002 2001
6589 2 2 2 2 1755 1778 1777
6590 2 2 2 2 1180 1307 1152
6591 2 2 2 2 1430 1529 1389
6592 2 2 2 2 2897 7182 1104
6593 2 2 2 2 2383 3035 3034
6594 2 2 2 2 637 642 636
6595 2 2 2 2 2397 3430 3086
6596 2 2 2 2 7618 8486 2115
6597 2 2 2 2 2218 3051 2217
6598 2 2 2 2 3711 3713 3712
6599 2 2 2 2 662 2477 655
6600 2 2 2 2 1465 1515 1514
6601 2 2 2 2 489 490 488
6602 2 2 2 2 4446 7664 4993
6603 2 2 2 2 3745 3888 3744
6604 2 2 2 2 722 736 735
6605 2 2 2 2 1442 1443 1441
6606 2 2 2 2 4386 4964 3816
6607 2 2 2 2 3062 3063 2886
6608 2 2 2 2 1089 6726 4745
6609 2 2 2 2 3406 7319 4174
6610 2 2 2 2 8713 8714 8712
6611 2 2 2 2 1444 1445 1443
6612 2 2 2 2 3487 3488 3486
6613 2 2 2 2 780 1414 778
6614 2 2 2 2 1752 2449 1657
6615 2 2 2 2 4426 7612 5164
6616 2 2 2 2 2364 7197 3409
6617 2 2 2 2 642 649 636
6618 2 2 2 2 1789 8543 8541
6619 2 2 2 2 2257 3091 2259
6620 2 2 2 2 3037 3039 3038
6621 2 2 2 2 3832 4923 3830
6622 2 2 2 2 1440 1441 1439
6623 2 2 2 2 2377 2379 2378
6624 2 2 2 2 2379 2381 2380
6625 2 2 2 2 666 667 660
6626 2 2 2 2 3661 3711 3710
6627 2 2 2 2 875 2594 890
6628 2 2 2 2 844 845 829
6629 2 2 2 2 3515 3517 3516
6630 2 2 2 2 7626 7627 7624
6631 2 2 2 2 3064 5896 3062
6632 2 2 2 2 1050 1052 1051
6633 2 2 2 2 660 1415 651
6634 2 2 2 2 1292 1310 1293
6635 2 2 2 2 1197 1526 1195
6636 2 2 2 2 3511 3913 3911
6637 2 2 2 2 3730 5264 4179
6638 2 2 2 2 640 7079 647
6639 2 2 2 2 263 344 262
6640 2 2 2 2 1102 7182 1164
6641 2 2 2 2 2412 6946 2414
6642 2 2 2 2 2362 2982 2453
6643 2 2 2 2 3037 3038 3036
6644 2 2 2 2 3728 6552 2437
6645 2 2 2 2 2109 2393 2276
6646 2 2 2 2 1438 1439 1437
6647 2 2 2 2 608 613 612
6648 2 2 2 2 736 747 735
6649 2 2 2 2 1286 1288 1287
6650 2 2 2 2 7494 7561 7493
6651 2 2 2 2 671 681 680
6652 2 2 2 2 3039 3403 3038
6653 2 2 2 2 1449 1451 1450
6654 2 2 2 2 1792 1793 1791
6655 2 2 2 2 4385 4605 4386
6656 2 2 2 2 5192 7828 7674
6657 2 2 2 2 2917 6986 5289
6658 2 2 2 2 3376 9067 3346
6659 2 2 2 2 1213 6358 1273
6660 2 2 2 2 1964 2884 1962
6661 2 2 2 2 4423 4972 4971
6662 2 2 2 2 3035 3036 3034
6663 2 2 2 2 772 837 804
6664 2 2 2 2 612 616 609
6665 2 2 2 2 2866 3268 3055
6666 2 2 2 2 2889 4374 2270
6667 2 2 2 2 3375 6896 3350
6668 2 2 2 2 612 634 616
6669 2 2 2 2 5473 7461 4940
6670 2 2 2 2 5138 6592 5139
6671 2 2 2 2 8617 9116 4917
6672 2 2 2 2 2347 2358 2349
6673 2 2 2 2 791 792 747
6674 2 2 2 2 5150 6570 5252
6675 2 2 2 2 1646 1939 1644
6676 2 2 2 2 3065 3066 2363
6677 2 2 2 2 2157 2159 2158
6678 2 2 2 2 3008 3010 3009
6679 2 2 2 2 2881 3021 3019
6680 2 2 2 2 2339 6137 3286
6681 2 2 2 2 5026 5028 5027
6682 2 2 2 2 3892 4222 3891
6683 2 2 2 2 3039 3404 3403
6684 2 2 2 2 1511 1531 1512
6685 2 2 2 2 1998 4332 1768
6686 2 2 2 2 3434 7801 3428
6687 2 2 2 2 2159 2202 2158
6688 2 2 2 2 2502 2986 2985
6689 2 2 2 2 4955 4956 4734
6690 2 2 2 2 2982 3325 3262
6691 2 2 2 2 2098 2167 2166
6692 2 2 2 2 1902 4383 1904
6693 2 2 2 2 3916 7698 6759
6694 2 2 2 2 4195 5468 4196
6695 2 2 2 2 3404 4140 3403
6696 2 2 2 2 5150 5252 4404
6697 2 2 2 2 4367 4504 4503
6698 2 2 2 2 2386 8540 3067
6699 2 2 2 2 3881 4195 3845
6700 2 2 2 2 3346 9067 3348
6701 2 2 2 2 3013 7125 3012
6702 2 2 2 2 4403 5150 4404
6703 2 2 2 2 4914 5464 4188
6704 2 2 2 2 7949 7951 7950
6705 2 2 2 2 4403 4404 4401
6706 2 2 2 2 2862 6824 3211
6707 2 2 2 2 2383 3034 2382
6708 2 2 2 2 2213 2214 2095
6709 2 2 2 2 1712 6299 1715
6710 2 2 2 2 689 706 687
6711 2 2 2 2 1510 3482 1299
6712 2 2 2 2 4172 5449 4176
6713 2 2 2 2 2207 2217 2204
6714 2 2 2 2 1513 7779 726
6715 2 2 2 2 3132 3133 2986
6716 2 2 2 2 2290 2291 2289
6717 2 2 2 2 1904 7023 1906
6718 2 2 2 2 4144 4947 4666
6719 2 2 2 2 3350 6896 3352
6720 2 2 2 2 7096 7098 7097
6721 2 2 2 2 3044 3406 3043
6722 2 2 2 2 3848 5026 5025
6723 2 2 2 2 1447 1449 1448
6724 2 2 2 2 4022 5262 4482
6725 2 2 2 2 3514 3515 3133
6726 2 2 2 2 3743 3744 2277
6727 2 2 2 2 1614 3648 2119
6728 2 2 2 2 716 722 721
6729 2 2 2 2 3517 3843 3516
6730 2 2 2 2 3811 8469 3813
6731 2 2 2 2 985 986 978
6732 2 2 2 2 972 7565 974
6733 2 2 2 2 633 636 632
6734 2 2 2 2 2659 3050 3049
6735 2 2 2 2 1957 1958 1956
6736 2 2 2 2 2426 4450 3443
6737 2 2 2 2 2036 7920 1945
6738 2 2 2 2 5026 5494 5028
6739 2 2 2 2 3843 4913 4912
6740 2 2 2 2 2157 2158 2156
6741 2 2 2 2 4943 8843 4439
6742 2 2 2 2 2381 2382 2380
6743 2 2 2 2 736 6992 748
6744 2 2 2 2 8606 8607 7207
6745 2 2 2 2 3613 4106 3615
6746 2 2 2 2 3395 3396 3394
6747 2 2 2 2 4091 7626 7624
6748 2 2 2 2 2284 4629 2286
6749 2 2 2 2 3348 9067 3375
6750 2 2 2 2 4501 5725 4499
6751 2 2 2 2 4737 6721 4738
6752 2 2 2 2 722 735 721
6753 2 2 2 2 4386 6919 4964
6754 2 2 2 2 608 609 605
6755 2 2 2 2 2153 2155 2154
6756 2 2 2 2 2155 2157 2156
6757 2 2 2 2 4919 7546 3847
6758 2 2 2 2 3745 3889 3888
6759 2 2 2 2 1475 6104 1381
6760 2 2 2 2 7615 8364 4000
6761 2 2 2 2 4942 5476 5435
6762 2 2 2 2 5028 5406 5029
6763 2 2 2 2 484 803 485
6764 2 2 2 2 5153 5520 4991
6765 2 2 2 2 5262 7556 4482
6766 2 2 2 2 1444 1447 1445
6767 2 2 2 2 2028 4737 4736
6768 2 2 2 2 1284 1286 1285
6769 2 2 2 2 2256 2868 2255
6770 2 2 2 2 5411 5412 5410
6771 2 2 2 2 3515 3516 3133
6772 2 2 2 2 2343 3119 2341
6773 2 2 2 2 1667 6519 1902
6774 2 2 2 2 4251 7325 4141
6775 2 2 2 2 717 727 718
6776 2 2 2 2 1442 5820 1446
6777 2 2 2 2 2375 2377 2376
6778 2 2 2 2 5476 5487 5435
6779 2 2 2 2 4482 7556 6795
6780 2 2 2 2 4397 4399 4398
6781 2 2 2 2 2271 6986 2891
6782 2 2 2 2 663 671 670
6783 2 2 2 2 1741 5933 1587
6784 2 2 2 2 2373 2375 2374
6785 2 2 2 2 3711 3712 3710
6786 2 2 2 2 3497 3498 3495
6787 2 2 2 2 2343 3120 3119
6788 2 2 2 2 1418 8636 1229
6789 2 2 2 2 1792 1794 1793
6790 2 2 2 2 3847 7546 3848
6791 2 2 2 2 2371 2373 2372
6792 2 2 2 2 703 716 715
6793 2 2 2 2 4654 4655 4653
6794 2 2 2 2 2352 2353 2350
6795 2 2 2 2 795 5931 771
6796 2 2 2 2 4605 5112 4606
6797 2 2 2 2 3482 6331 1299
6798 2 2 2 2 1505 1890 1889
6799 2 2 2 2 4144 4666 3386
6800 2 2 2 2 5026 5027 5025
6801 2 2 2 2 844 850 845
6802 2 2 2 2 181 345 180
6803 2 2 2 2 960 985 978
6804 2 2 2 2 2866 3055 2865
6805 2 2 2 2 3713 3719 3712
6806 2 2 2 2 2371 3070 2373
6807 2 2 2 2 4653 7603 2361
6808 2 2 2 2 828 829 812
6809 2 2 2 2 3352 6896 3357
6810 2 2 2 2 3717 7686 7452
6811 2 2 2 2 1727 7762 665
6812 2 2 2 2 2437 3138 2315
6813 2 2 2 2 1579 5965 1605
6814 2 2 2 2 3359 3381 3361
6815 2 2 2 2 1292 1293 1291
6816 2 2 2 2 2103 2330 2121
6817 2 2 2 2 2155 2156 2154
6818 2 2 2 2 2375 3069 2377
6819 2 2 2 2 1943 7010 1966
6820 2 2 2 2 4909 7744 4906
6821 2 2 2 2 3913 5138 4259
6822 2 2 2 2 2436 4119 3772
6823 2 2 2 2 856 8017 858
6824 2 2 2 2 4367 4503 4365
6825 2 2 2 2 2379 2380 2378
6826 2 2 2 2 4399 4403 4401
6827 2 2 2 2 4316 5079 4317
6828 2 2 2 2 492 7058 490
6829 2 2 2 2 3543 3816 3544
6830 2 2 2 2 676 703 701
6831 2 2 2 2 1004 1005 1003
6832 2 2 2 2 2891 6986 2917
6833 2 2 2 2 1144 2315 1127
6834 2 2 2 2 3407 7125 3043
6835 2 2 2 2 2379 3089 2381
6836 2 2 2 2 3530 4642 3753
6837 2 2 2 2 1542 2898 1543
6838 2 2 2 2 3579 7628 7626
6839 2 2 2 2 4180 4181 3402
6840 2 2 2 2 4970 5415 4969
6841 2 2 2 2 1430 6376 3595
6842 2 2 2 2 634 3983 640
6843 2 2 2 2 5663 5664 5661
6844 2 2 2 2 6992 7030 7029
6845 2 2 2 2 5458 5493 5492
6846 2 2 2 2 631 632 630
6847 2 2 2 2 604 605 601
6848 2 2 2 2 4275 7042 3453
6849 2 2 2 2 1977 1979 1978
6850 2 2 2 2 608 612 609
6851 2 2 2 2 845 1781 829
6852 2 2 2 2 3546 4942 4202
6853 2 2 2 2 2474 5946 5071
6854 2 2 2 2 5382 5384 4120
6855 2 2 2 2 1289 1292 1291
6856 2 2 2 2 3659 7430 3789
6857 2 2 2 2 2382 7959 2380
6858 2 2 2 2 3745 4841 3889
6859 2 2 2 2 2369 2371 2370
6860 2 2 2 2 1917 1918 1916
6861 2 2 2 2 3048 4653 2361
6862 2 2 2 2 1221 1222 1199
6863 2 2 2 2 2904 6252 2071
6864 2 2 2 2 1975 1977 1976
6865 2 2 2 2 4514 7802 3905
6866 2 2 2 2 3615 3659 3658
6867 2 2 2 2 3659 3789 3661
6868 2 2 2 2 635 4631 616
6869 2 2 2 2 3892 4233 4222
6870 2 2 2 2 1777 3541 2093
6871 2 2 2 2 550 8457 547
6872 2 2 2 2 3591 4104 3611
6873 2 2 2 2 4637 7740 4639
6874 2 2 2 2 4394 4397 4396
6875 2 2 2 2 1229 8636 1365
6876 2 2 2 2 1286 1287 1285
6877 2 2 2 2 4940 7461 4668
6878 2 2 2 2 1277 1347 1225
6879 2 2 2 2 3328 3399 3330
6880 2 2 2 2 716 721 715
6881 2 2 2 2 707 717 708
6882 2 2 2 2 3446 4247 4246
6883 2 2 2 2 4109 7484 7482
6884 2 2 2 2 3430 3897 3086
6885 2 2 2 2 1979 2105 2104
6886 2 2 2 2 1381 2790 1347
6887 2 2 2 2 5888 5891 5395
6888 2 2 2 2 3079 8797 2396
6889 2 2 2 2 735 3669 721
6890 2 2 2 2 1282 1284 1283
6891 2 2 2 2 2385 8561 2278
6892 2 2 2 2 7944 7949 7948
6893 2 2 2 2 2353 2355 2354
6894 2 2 2 2 1510 3483 3482
6895 2 2 2 2 2777 7703 6941
6896 2 2 2 2 3494 3495 3493
6897 2 2 2 2 837 838 804
6898 2 2 2 2 3382 6831 6830
6899 2 2 2 2 6845 6867 6847
6900 2 2 2 2 3541 3543 3542
6901 2 2 2 2 4254 7326 4251
6902 2 2 2 2 1382 1475 1381
6903 2 2 2 2 2401 3439 3437
6904 2 2 2 2 1749 1750 1606
6905 2 2 2 2 2288 2289 2287
6906 2 2 2 2 2035 2153 2152
6907 2 2 2 2 3342 6901 3344
6908 2 2 2 2 8090 8091 8089
6909 2 2 2 2 3659 3661 3660
6910 2 2 2 2 3522 3523 3517
6911 2 2 2 2 5052 8153 4771
6912 2 2 2 2 3613 3615 3614
6913 2 2 2 2 2098 2499 2167
6914 2 2 2 2 3268 3873 3055
6915 2 2 2 2 2488 6553 6306
6916 2 2 2 2 35 446 34
6917 2 2 2 2 5725 8561 4499
6918 2 2 2 2 2278 8561 2279
6919 2 2 2 2 1097 1098 1096
6920 2 2 2 2 710 711 709
6921 2 2 2 2 2500 2501 2167
6922 2 2 2 2 4397 4398 4396
6923 2 2 2 2 1945 7920 7577
6924 2 2 2 2 3485 3486 3484
6925 2 2 2 2 7987 8364 7615
6926 2 2 2 2 2484 7606 1205
6927 2 2 2 2 1148 8629 1147
6928 2 2 2 2 3344 6901 3376
6929 2 2 2 2 656 663 662
6930 2 2 2 2 5004 5007 4154
6931 2 2 2 2 776 3518 774
6932 2 2 2 2 4277 7620 3790
6933 2 2 2 2 1573 5970 1595
6934 2 2 2 2 659 660 651
6935 2 2 2 2 1788 7613 2035
6936 2 2 2 2 2377 2378 2376
6937 2 2 2 2 1360 8684 1293
6938 2 2 2 2 1348 1381 1347
6939 2 2 2 2 1288 1289 1287
6940 2 2 2 2 2153 2154 2152
6941 2 2 2 2 1430 1745 1529
6942 2 2 2 2 3010 3012 3009
6943 2 2 2 2 4233 5023 4222
6944 2 2 2 2 875 876 851
6945 2 2 2 2 3927 3928 3717
6946 2 2 2 2 6681 6682 6679
6947 2 2 2 2 600 601 597
6948 2 2 2 2 3430 4228 3897
6949 2 2 2 2 1629 7476 1698
6950 2 2 2 2 828 844 829
6951 2 2 2 2 4889 5888 5395
6952 2 2 2 2 178 392 177
6953 2 2 2 2 4737 4738 4736
6954 2 2 2 2 2275 2459 2108
6955 2 2 2 2 3062 3861 3063
6956 2 2 2 2 3543 4385 3816
6957 2 2 2 2 2366 2369 2368
6958 2 2 2 2 494 826 492
6959 2 2 2 2 4247 5054 4246
6960 2 2 2 2 1273 1355 1353
6961 2 2 2 2 3525 3817 3523
6962 2 2 2 2 5145 5461 5143
6963 2 2 2 2 1794 1795 1793
6964 2 2 2 2 609 1471 605
6965 2 2 2 2 2386 3067 2387
6966 2 2 2 2 1228 7214 1222
6967 2 2 2 2 629 630 628
6968 2 2 2 2 2221 3052 2123
6969 2 2 2 2 1585 5959 1741
6970 2 2 2 2 3348 3375 3350
6971 2 2 2 2 3415 5020 4215
6972 2 2 2 2 4870 7711 3793
6973 2 2 2 2 1396 7452 1399
6974 2 2 2 2 5028 5029 5027
6975 2 2 2 2 1303 6021 4366
6976 2 2 2 2 1660 1780 1659
6977 2 2 2 2 4399 4401 4400
6978 2 2 2 2 5289 8872 5290
6979 2 2 2 2 2339 3286 2337
6980 2 2 2 2 1505 1889 1295
6981 2 2 2 2 4022 4481 2444
6982 2 2 2 2 2502 2985 2501
6983 2 2 2 2 3778 7341 7340
6984 2 2 2 2 2045 6716 2044
6985 2 2 2 2 3983 7081 7080
6986 2 2 2 2 3344 3376 3346
6987 2 2 2 2 3491 3492 3488
6988 2 2 2 2 678 707 679
6989 2 2 2 2 7627 7851 7624
6990 2 2 2 2 3439 4234 3437
6991 2 2 2 2 4281 4320 3728
6992 2 2 2 2 2237 2426 2239
6993 2 2 2 2 4281 5100 4320
6994 2 2 2 2 4328 6911 3507
6995 2 2 2 2 4136 6579 5149
6996 2 2 2 2 3439 4235 4234
6997 2 2 2 2 5084 5085 3926
6998 2 2 2 2 6212 6214 6213
6999 2 2 2 2 3861 3937 3063
7000 2 2 2 2 592 593 589
7001 2 2 2 2 2488 6306 630
7002 2 2 2 2 2360 6609 3511
7003 2 2 2 2 8003 8007 8002
7004 2 2 2 2 1523 1659 1522
7005 2 2 2 2 1614 2119 1615
7006 2 2 2 2 1154 4287 1095
7007 2 2 2 2 2107 2109 2108
7008 2 2 2 2 3905 7802 3093
7009 2 2 2 2 5132 6446 4491
7010 2 2 2 2 3878 4990 3877
7011 2 2 2 2 5545 5546 5544
7012 2 2 2 2 3581 7626 4091
7013 2 2 2 2 1286 3451 1288
7014 2 2 2 2 4747 4798 4740
7015 2 2 2 2 5047 6212 4277
7016 2 2 2 2 1346 5582 4207
7017 2 2 2 2 1280 1282 1281
7018 2 2 2 2 2428 7572 3446
7019 2 2 2 2 2401 3437 2249
7020 2 2 2 2 648 652 641
7021 2 2 2 2 3778 7340 3587
7022 2 2 2 2 2976 7582 3251
7023 2 2 2 2 7782 8348 2960
7024 2 2 2 2 1664 1665 1609
7025 2 2 2 2 871 7549 888
7026 2 2 2 2 2976 3251 2977
7027 2 2 2 2 2651 7088 1519
7028 2 2 2 2 5100 6332 4320
7029 2 2 2 2 1213 1273 1215
7030 2 2 2 2 1355 1455 1353
7031 2 2 2 2 737 5212 745
7032 2 2 2 2 1456 1522 1455
7033 2 2 2 2 1663 6238 840
7034 2 2 2 2 5406 5482 5029
7035 2 2 2 2 799 800 792
7036 2 2 2 2 1423 5790 564
7037 2 2 2 2 5321 5323 5322
7038 2 2 2 2 5419 5445 5420
7039 2 2 2 2 2883 3927 3717
7040 2 2 2 2 594 597 593
7041 2 2 2 2 4843 8003 8002
7042 2 2 2 2 4889 5395 4888
7043 2 2 2 2 4188 8592 4186
7044 2 2 2 2 1921 1922 1665
7045 2 2 2 2 3138 4460 2315
7046 2 2 2 2 716 1724 722
7047 2 2 2 2 3451 3452 1288
7048 2 2 2 2 654 656 655
7049 2 2 2 2 844 7110 852
7050 2 2 2 2 811 812 800
7051 2 2 2 2 3132 3514 3133
7052 2 2 2 2 3010 3013 3012
7053 2 2 2 2 4363 4367 4365
7054 2 2 2 2 3271 5724 3272
7055 2 2 2 2 604 608 605
7056 2 2 2 2 1284 1285 1283
7057 2 2 2 2 4028 6704 3694
7058 2 2 2 2 3330 3332 3331
7059 2 2 2 2 5663 5665 5664
7060 2 2 2 2 1454 1506 1474
7061 2 2 2 2 2883 3717 1395
7062 2 2 2 2 4747 4799 4798
7063 2 2 2 2 3648 7298 2119
7064 2 2 2 2 1440 1442 1441
7065 2 2 2 2 3396 3397 3394
7066 2 2 2 2 3500 4204 3501
7067 2 2 2 2 7700 7701 1888
7068 2 2 2 2 986 3646 978
7069 2 2 2 2 3543 3544 3542
7070 2 2 2 2 2106 3743 2277
7071 2 2 2 2 850 851 845
7072 2 2 2 2 984 1001 999
7073 2 2 2 2 5153 6434 5520
7074 2 2 2 2 791 799 792
7075 2 2 2 2 3340 3377 3342
7076 2 2 2 2 1565 5977 1593
7077 2 2 2 2 3415 5813 5020
7078 2 2 2 2 1798 7647 1797
7079 2 2 2 2 7481 7485 3780
7080 2 2 2 2 1294 1505 1295
7081 2 2 2 2 2917 5289 3866
7082 2 2 2 2 4619 6498 5167
7083 2 2 2 2 4343 7800 4487
7084 2 2 2 2 4914 5472 5464
7085 2 2 2 2 4642 4643 3753
7086 2 2 2 2 703 715 701
7087 2 2 2 2 4154 7322 4153
7088 2 2 2 2 789 790 788
7089 2 2 2 2 4145 4184 3810
7090 2 2 2 2 3438 3908 3107
7091 2 2 2 2 2502 3132 2986
7092 2 2 2 2 1537 1672 1538
7093 2 2 2 2 632 2488 630
7094 2 2 2 2 3861 4200 3937
7095 2 2 2 2 4200 4314 3937
7096 2 2 2 2 1486 7791 7700
7097 2 2 2 2 4922 5512 4921
7098 2 2 2 2 627 628 626
7099 2 2 2 2 2397 7038 3430
7100 2 2 2 2 4213 5172 3414
7101 2 2 2 2 6385 6527 4495
7102 2 2 2 2 1063 6752 802
7103 2 2 2 2 643 654 653
7104 2 2 2 2 3843 4912 4130
7105 2 2 2 2 837 839 838
7106 2 2 2 2 6841 6868 6843
7107 2 2 2 2 672 678 673
7108 2 2 2 2 1945 7577 1916
7109 2 2 2 2 597 957 593
7110 2 2 2 2 7098 7099 7097
7111 2 2 2 2 976 984 983
7112 2 2 2 2 1442 1444 1443
7113 2 2 2 2 1745 1970 1746
7114 2 2 2 2 3037 3445 3039
7115 2 2 2 2 4194 8786 4429
7116 2 2 2 2 3541 3542 2093
7117 2 2 2 2 1162 6358 1213
7118 2 2 2 2 665 7762 658
7119 2 2 2 2 3581 4091 3583
7120 2 2 2 2 1436 1437 1435
7121 2 2 2 2 1368 6585 1624
7122 2 2 2 2 1921 5608 1922
7123 2 2 2 2 4143 4251 4141
7124 2 2 2 2 4091 7624 7623
7125 2 2 2 2 588 589 585
7126 2 2 2 2 2426 3443 2427
7127 2 2 2 2 811 828 812
7128 2 2 2 2 4228 5032 3897
7129 2 2 2 2 1685 5563 1623
7130 2 2 2 2 1438 1440 1439
7131 2 2 2 2 7382 7383 7381
7132 2 2 2 2 863 864 862
7133 2 2 2 2 1448 1740 1445
7134 2 2 2 2 4909 7805 7744
7135 2 2 2 2 2340 2342 2341
7136 2 2 2 2 3659 3660 3658
7137 2 2 2 2 5193 7564 7562
7138 2 2 2 2 1702 7586 1703
7139 2 2 2 2 1293 8684 1291
7140 2 2 2 2 3067 5098 3884
7141 2 2 2 2 3443 4245 4243
7142 2 2 2 2 3446 7572 4247
7143 2 2 2 2 974 976 975
7144 2 2 2 2 4402 5321 5320
7145 2 2 2 2 1434 1435 1433
7146 2 2 2 2 3615 3658 3614
7147 2 2 2 2 2210 2335 2211
7148 2 2 2 2 1012 3300 1021
7149 2 2 2 2 3263 3823 3030
7150 2 2 2 2 2098 2166 2097
7151 2 2 2 2 1955 2487 1957
7152 2 2 2 2 6075 6146 1604
7153 2 2 2 2 1167 2587 1169
7154 2 2 2 2 1531 1533 1532
7155 2 2 2 2 3356 6893 3359
7156 2 2 2 2 1028 2467 996
7157 2 2 2 2 2659 3049 2658
7158 2 2 2 2 1484 7700 1888
7159 2 2 2 2 4408 4410 4409
7160 2 2 2 2 6212 6213 4277
7161 2 2 2 2 1955 1956 1954
7162 2 2 2 2 3318 6767 2887
7163 2 2 2 2 838 3563 804
7164 2 2 2 2 2992 3017 2989
7165 2 2 2 2 5151 7740 4637
7166 2 2 2 2 480 481 479
7167 2 2 2 2 4696 4734 4695
7168 2 2 2 2 2474 5071 939
7169 2 2 2 2 4406 4408 4407
7170 2 2 2 2 3775 4839 4780
7171 2 2 2 2 4410 4637 4636
7172 2 2 2 2 4982 5486 5413
7173 2 2 2 2 3430 4229 4228
7174 2 2 2 2 3850 8713 8712
7175 2 2 2 2 812 2486 800
7176 2 2 2 2 1791 8543 1789
7177 2 2 2 2 7883 8616 8615
7178 2 2 2 2 1451 1464 1452
7179 2 2 2 2 2199 2333 1999
7180 2 2 2 2 5008 5538 3041
7181 2 2 2 2 5612 5613 5610
7182 2 2 2 2 3727 3728 2437
7183 2 2 2 2 1745 1746 1529
7184 2 2 2 2 972 974 973
7185 2 2 2 2 1144 2437 2315
7186 2 2 2 2 4157 5437 5436
7187 2 2 2 2 3618 7698 3916
7188 2 2 2 2 4175 4445 3407
7189 2 2 2 2 883 2474 939
7190 2 2 2 2 4267 4268 3452
7191 2 2 2 2 2386 2387 2126
7192 2 2 2 2 2375 2376 2374
7193 2 2 2 2 4109 7482 7481
7194 2 2 2 2 3273 8641 3192
7195 2 2 2 2 6831 6832 6830
7196 2 2 2 2 5068 5069 3928
7197 2 2 2 2 1040 1089 1088
7198 2 2 2 2 2373 2374 2372
7199 2 2 2 2 3038 7966 4152
7200 2 2 2 2 1273 1353 1215
7201 2 2 2 2 3661 3710 3660
7202 2 2 2 2 5512 5513 4921
7203 2 2 2 2 3729 4281 3728
7204 2 2 2 2 4182 6393 6392
7205 2 2 2 2 1970 1971 1746
7206 2 2 2 2 4820 4821 4081
7207 2 2 2 2 3557 3558 2967
7208 2 2 2 2 4153 7322 4930
7209 2 2 2 2 2213 2215 2214
7210 2 2 2 2 3873 3874 3055
7211 2 2 2 2 3579 7626 3581
7212 2 2 2 2 2173 3964 2171
7213 2 2 2 2 2777 6941 6673
7214 2 2 2 2 3441 7655 559
7215 2 2 2 2 7624 7852 7623
7216 2 2 2 2 2263 2280 2264
7217 2 2 2 2 970 972 971
7218 2 2 2 2 997 2076 1035
7219 2 2 2 2 3585 3778 3587
7220 2 2 2 2 2284 2285 2283
7221 2 2 2 2 4008 8012 7990
7222 2 2 2 2 1436 1782 1438
7223 2 2 2 2 1533 1535 1534
7224 2 2 2 2 889 5937 4258
7225 2 2 2 2 3451 4267 3452
7226 2 2 2 2 1306 3804 2976
7227 2 2 2 2 666 672 667
7228 2 2 2 2 4637 4639 4638
7229 2 2 2 2 3856 4316 3858
7230 2 2 2 2 4990 5431 3877
7231 2 2 2 2 1430 3595 1745
7232 2 2 2 2 4942 5435 4202
7233 2 2 2 2 625 626 624
7234 2 2 2 2 4399 4400 4398
7235 2 2 2 2 3120 4362 3941
7236 2 2 2 2 4619 5167 5096
7237 2 2 2 2 2075 6969 6968
7238 2 2 2 2 3790 3791 2431
7239 2 2 2 2 860 863 862
7240 2 2 2 2 4727 4728 4602
7241 2 2 2 2 3515 3522 3517
7242 2 2 2 2 8200 8202 2674
7243 2 2 2 2 1952 1955 1954
7244 2 2 2 2 3878 4991 4990
7245 2 2 2 2 4590 8208 2664
7246 2 2 2 2 630 6306 628
7247 2 2 2 2 4225 7735 3893
7248 2 2 2 2 3251 3800 3767
7249 2 2 2 2 4108 7000 3734
7250 2 2 2 2 3888 3890 3744
7251 2 2 2 2 4050 7641 3170
7252 2 2 2 2 3622 6757 3930
7253 2 2 2 2 3873 4978 4158
7254 2 2 2 2 4989 5452 5401
7255 2 2 2 2 1638 1640 1639
7256 2 2 2 2 2976 2977 2911
7257 2 2 2 2 4771 8153 4753
7258 2 2 2 2 637 643 642
7259 2 2 2 2 2371 2372 2370
7260 2 2 2 2 3848 5025 5024
7261 2 2 2 2 584 585 579
7262 2 2 2 2 1282 1283 1281
7263 2 2 2 2 717 729 727
7264 2 2 2 2 1052 1053 1051
7265 2 2 2 2 1964 2885 2884
7266 2 2 2 2 4236 5044 4235
7267 2 2 2 2 279 335 278
7268 2 2 2 2 4801 5359 4102
7269 2 2 2 2 4091 7623 7622
7270 2 2 2 2 3049 6384 3326
7271 2 2 2 2 3790 7620 3791
7272 2 2 2 2 1790 2181 1792
7273 2 2 2 2 3058 4969 3826
7274 2 2 2 2 1602 1604 1475
7275 2 2 2 2 1535 1537 1536
7276 2 2 2 2 3587 7340 3589
7277 2 2 2 2 3544 3546 3545
7278 2 2 2 2 4706 5082 4694
7279 2 2 2 2 5167 5168 5096
7280 2 2 2 2 7852 7853 7623
7281 2 2 2 2 4405 8606 7207
7282 2 2 2 2 3045 7242 3461
7283 2 2 2 2 3555 4406 4325
7284 2 2 2 2 4931 4932 3814
7285 2 2 2 2 3717 7452 1395
7286 2 2 2 2 2330 3263 3030
7287 2 2 2 2 3067 3884 3068
7288 2 2 2 2 1923 1995 1980
7289 2 2 2 2 1519 1521 1520
7290 2 2 2 2 4149 4150 3798
7291 2 2 2 2 4995 5135 5134
7292 2 2 2 2 1248 5775 1246
7293 2 2 2 2 554 8515 551
7294 2 2 2 2 7080 7082 7079
7295 2 2 2 2 4048 5105 4170
7296 2 2 2 2 1511 1512 1083
7297 2 2 2 2 3783 5378 5110
7298 2 2 2 2 1260 1280 1279
7299 2 2 2 2 4109 7481 3748
7300 2 2 2 2 2155 3246 2157
7301 2 2 2 2 4830 7838 4831
7302 2 2 2 2 1213 1215 1214
7303 2 2 2 2 2850 3056 2235
7304 2 2 2 2 4877 4879 4878
7305 2 2 2 2 4489 4491 4490
7306 2 2 2 2 4493 4495 4494
7307 2 2 2 2 4491 4493 4492
7308 2 2 2 2 3067 8540 5098
7309 2 2 2 2 600 604 601
7310 2 2 2 2 3483 3485 3484
7311 2 2 2 2 2437 6552 3138
7312 2 2 2 2 1078 3731 1108
7313 2 2 2 2 1167 1169 1168
7314 2 2 2 2 4639 4641 4640
7315 2 2 2 2 3848 5024 3807
7316 2 2 2 2 3421 3423 3422
7317 2 2 2 2 4696 4955 4734
7318 2 2 2 2 3800 4888 4824
7319 2 2 2 2 3492 5576 3488
7320 2 2 2 2 3800 4889 4888
7321 2 2 2 2 4617 6498 4619
7322 2 2 2 2 4314 4315 3937
7323 2 2 2 2 828 7110 844
7324 2 2 2 2 5164 6216 6215
7325 2 2 2 2 3439 4236 4235
7326 2 2 2 2 8047 8923 6113
7327 2 2 2 2 984 999 983
7328 2 2 2 2 847 1663 840
7329 2 2 2 2 4487 4489 4488
7330 2 2 2 2 2511 7332 2514
7331 2 2 2 2 8206 8466 3181
7332 2 2 2 2 3253 7804 2673
7333 2 2 2 2 4523 4727 4602
7334 2 2 2 2 1511 3561 1531
7335 2 2 2 2 2664 8208 508
7336 2 2 2 2 976 983 975
7337 2 2 2 2 4213 5173 5172
7338 2 2 2 2 3611 3613 3612
7339 2 2 2 2 4495 4497 4496
7340 2 2 2 2 5069 5070 3928
7341 2 2 2 2 4820 6226 4821
7342 2 2 2 2 3912 4775 4351
7343 2 2 2 2 799 811 800
7344 2 2 2 2 2220 2991 2989
7345 2 2 2 2 4878 7804 3253
7346 2 2 2 2 8007 8219 4849
7347 2 2 2 2 5407 5426 5408
7348 2 2 2 2 1306 2976 2911
7349 2 2 2 2 4626 7179 4470
7350 2 2 2 2 3591 3611 3610
7351 2 2 2 2 623 624 622
7352 2 2 2 2 3511 3911 3512
7353 2 2 2 2 3557 3559 3558
7354 2 2 2 2 1797 7647 3467
7355 2 2 2 2 3773 4877 3253
7356 2 2 2 2 974 975 973
7357 2 2 2 2 3495 5565 3496
7358 2 2 2 2 2968 3237 3236
7359 2 2 2 2 8378 8381 8377
7360 2 2 2 2 5900 7655 5195
7361 2 2 2 2 4410 5151 4637
7362 2 2 2 2 1591 5917 1944
7363 2 2 2 2 4910 7966 3403
7364 2 2 2 2 3927 5068 3928
7365 2 2 2 2 7911 7912 4672
7366 2 2 2 2 3426 3429 3424
7367 2 2 2 2 726 7779 711
7368 2 2 2 2 3890 7415 3744
7369 2 2 2 2 1918 1945 1916
7370 2 2 2 2 1610 7796 1492
7371 2 2 2 2 4032 4469 3434
7372 2 2 2 2 972 973 971
7373 2 2 2 2 3943 4278 3654
7374 2 2 2 2 4641 4755 4754
7375 2 2 2 2 6359 6360 4779
7376 2 2 2 2 1923 1980 1921
7377 2 2 2 2 1480 7028 1374
7378 2 2 2 2 4268 5237 5236
7379 2 2 2 2 5264 8223 5265
7380 2 2 2 2 1542 5999 2898
7381 2 2 2 2 3138 6479 5263
7382 2 2 2 2 4408 4409 4407
7383 2 2 2 2 4780 5351 4836
7384 2 2 2 2 1794 1796 1795
7385 2 2 2 2 3327 5659 3328
7386 2 2 2 2 4410 4636 4409
7387 2 2 2 2 2480 3388 2983
7388 2 2 2 2 4219 5717 4389
7389 2 2 2 2 4286 5274 5108
7390 2 2 2 2 2314 4022 2444
7391 2 2 2 2 4925 4926 4165
7392 2 2 2 2 3448 3945 3944
7393 2 2 2 2 2882 4368 2879
7394 2 2 2 2 4030 8641 3273
7395 2 2 2 2 4406 4407 4325
7396 2 2 2 2 658 7762 2859
7397 2 2 2 2 3775 4780 3762
7398 2 2 2 2 5195 7655 3441
7399 2 2 2 2 4343 4487 4486
7400 2 2 2 2 491 492 490
7401 2 2 2 2 1221 1227 1222
7402 2 2 2 2 915 6668 2845
7403 2 2 2 2 6799 6800 3200
7404 2 2 2 2 4641 5129 4755
7405 2 2 2 2 3181 8466 3999
7406 2 2 2 2 1277 1348 1347
7407 2 2 2 2 3945 5133 3944
7408 2 2 2 2 970 971 969
7409 2 2 2 2 2552 8460 2520
7410 2 2 2 2 4755 4757 4756
7411 2 2 2 2 3559 3775 3762
7412 2 2 2 2 1128 1144 1127
7413 2 2 2 2 3792 4277 3790
7414 2 2 2 2 4968 5470 4967
7415 2 2 2 2 4637 4638 4636
7416 2 2 2 2 3067 3068 2387
7417 2 2 2 2 633 637 636
7418 2 2 2 2 3169 3170 2633
7419 2 2 2 2 4406 7019 4408
7420 2 2 2 2 1393 2883 1395
7421 2 2 2 2 3869 4702 3742
7422 2 2 2 2 863 865 864
7423 2 2 2 2 2644 8206 3181
7424 2 2 2 2 4426 5164 5163
7425 2 2 2 2 2369 2370 2368
7426 2 2 2 2 1563 5977 1565
7427 2 2 2 2 4765 5363 5361
7428 2 2 2 2 3423 3424 3422
7429 2 2 2 2 612 7268 634
7430 2 2 2 2 2250 2253 2252
7431 2 2 2 2 4401 4402 4400
7432 2 2 2 2 1995 2327 2126
7433 2 2 2 2 1549 5990 1551
7434 2 2 2 2 585 1655 579
7435 2 2 2 2 3421 3422 3419
7436 2 2 2 2 3321 4148 3320
7437 2 2 2 2 4229 5035 4228
7438 2 2 2 2 5122 7800 4343
7439 2 2 2 2 497 498 495
7440 2 2 2 2 4523 4602 3755
7441 2 2 2 2 3550 4219 2461
7442 2 2 2 2 5174 7499 6937
7443 2 2 2 2 7883 8615 2620
7444 2 2 2 2 578 579 577
7445 2 2 2 2 1730 7848 4553
7446 2 2 2 2 921 6662 937
7447 2 2 2 2 4742 4743 3752
7448 2 2 2 2 968 970 969
7449 2 2 2 2 4497 5260 4498
7450 2 2 2 2 659 666 660
7451 2 2 2 2 4751 5061 4730
7452 2 2 2 2 3352 3357 3354
7453 2 2 2 2 4722 7462 4469
7454 2 2 2 2 1060 1080 1059
7455 2 2 2 2 2007 3926 1953
7456 2 2 2 2 1638 1639 1412
7457 2 2 2 2 2075 6971 6969
7458 2 2 2 2 3786 4801 4102
7459 2 2 2 2 7941 7942 3872
7460 2 2 2 2 3126 3654 2572
7461 2 2 2 2 3773 8047 6113
7462 2 2 2 2 508 8208 505
7463 2 2 2 2 2632 2633 2631
7464 2 2 2 2 1551 1596 1553
7465 2 2 2 2 1902 1904 1903
7466 2 2 2 2 4493 4494 4492
7467 2 2 2 2 960 8683 985
7468 2 2 2 2 4278 5223 5222
7469 2 2 2 2 2733 8140 3187
7470 2 2 2 2 4495 4496 4494
7471 2 2 2 2 1649 6324 1648
7472 2 2 2 2 4517 6241 4516
7473 2 2 2 2 3389 4464 4167
7474 2 2 2 2 2078 3557 2967
7475 2 2 2 2 3251 3767 2977
7476 2 2 2 2 1025 3715 1091
7477 2 2 2 2 3696 9052 4028
7478 2 2 2 2 2426 2427 2239
7479 2 2 2 2 4491 4492 4490
7480 2 2 2 2 805 966 813
7481 2 2 2 2 485 487 486
7482 2 2 2 2 4697 4722 4469
7483 2 2 2 2 1559 1594 1561
7484 2 2 2 2 2492 7747 3608
7485 2 2 2 2 570 7834 573
7486 2 2 2 2 621 622 620
7487 2 2 2 2 2158 8036 3057
7488 2 2 2 2 4286 5108 4285
7489 2 2 2 2 8002 8007 4849
7490 2 2 2 2 3470 4286 4285
7491 2 2 2 2 3235 4100 3234
7492 2 2 2 2 4082 7789 7788
7493 2 2 2 2 2632 3169 2633
7494 2 2 2 2 1058 1060 1059
7495 2 2 2 2 5321 5322 5320
7496 2 2 2 2 4757 4779 4778
7497 2 2 2 2 4329 4343 3960
7498 2 2 2 2 1551 5990 1596
7499 2 2 2 2 968 969 967
7500 2 2 2 2 4184 7320 5448
7501 2 2 2 2 4311 6330 3469
7502 2 2 2 2 7532 7533 5181
7503 2 2 2 2 1123 8651 1120
7504 2 2 2 2 4489 4490 4488
7505 2 2 2 2 1398 5681 1397
7506 2 2 2 2 4552 8202 8200
7507 2 2 2 2 3575 3776 3577
7508 2 2 2 2 309 368 308
7509 2 2 2 2 4455 4800 3764
7510 2 2 2 2 3049 3256 2658
7511 2 2 2 2 658 2859 652
7512 2 2 2 2 3169 4050 3170
7513 2 2 2 2 3756 4048 3869
7514 2 2 2 2 741 2636 796
7515 2 2 2 2 626 644 624
7516 2 2 2 2 3661 7428 3711
7517 2 2 2 2 2631 7554 2597
7518 2 2 2 2 4229 5036 5035
7519 2 2 2 2 4207 5580 1379
7520 2 2 2 2 1665 2009 1609
7521 2 2 2 2 4639 4640 4638
7522 2 2 2 2 1348 1382 1381
7523 2 2 2 2 1467 1508 1469
7524 2 2 2 2 1280 1281 1279
7525 2 2 2 2 7770 7773 4594
7526 2 2 2 2 4234 4412 4411
7527 2 2 2 2 507 508 505
7528 2 2 2 2 1703 1704 1701
7529 2 2 2 2 2777 6673 6672
7530 2 2 2 2 2327 2979 2386
7531 2 2 2 2 817 6781 830
7532 2 2 2 2 8293 8295 1130
7533 2 2 2 2 2349 2350 2348
7534 2 2 2 2 3423 3425 3424
7535 2 2 2 2 955 7911 4672
7536 2 2 2 2 3773 6113 4877
7537 2 2 2 2 4765 5361 4766
7538 2 2 2 2 5150 6749 6570
7539 2 2 2 2 3916 6759 6758
7540 2 2 2 2 1247 3114 1249
7541 2 2 2 2 5660 5661 3399
7542 2 2 2 2 4757 6359 4779
7543 2 2 2 2 3114 3942 3935
7544 2 2 2 2 4879 4894 4878
7545 2 2 2 2 4895 7713 4870
7546 2 2 2 2 1793 3723 1791
7547 2 2 2 2 3727 3729 3728
7548 2 2 2 2 1531 1532 1512
7549 2 2 2 2 2514 7332 2675
7550 2 2 2 2 1518 2651 1519
7551 2 2 2 2 3138 5263 4460
7552 2 2 2 2 8376 8379 8378
7553 2 2 2 2 3007 3016 3008
7554 2 2 2 2 1555 2700 1557
7555 2 2 2 2 4100 4828 4505
7556 2 2 2 2 2637 8009 5073
7557 2 2 2 2 2360 3511 3510
7558 2 2 2 2 6759 6760 6758
7559 2 2 2 2 2578 3123 2580
7560 2 2 2 2 4604 5080 4267
7561 2 2 2 2 1408 1507 1406
7562 2 2 2 2 4658 8048 4784
7563 2 2 2 2 3823 4075 3030
7564 2 2 2 2 4219 5718 5717
7565 2 2 2 2 594 600 597
7566 2 2 2 2 4103 4765 4764
7567 2 2 2 2 2594 2595 890
7568 2 2 2 2 8187 8726 4703
7569 2 2 2 2 860 862 861
7570 2 2 2 2 3092 3905 3093
7571 2 2 2 2 4497 4498 4496
7572 2 2 2 2 3271 8561 5725
7573 2 2 2 2 3593 3603 3600
7574 2 2 2 2 4905 5013 5011
7575 2 2 2 2 570 573 572
7576 2 2 2 2 501 502 499
7577 2 2 2 2 3425 3426 3424
7578 2 2 2 2 3793 7711 3799
7579 2 2 2 2 4759 4820 4081
7580 2 2 2 2 5836 7834 3607
7581 2 2 2 2 4113 4840 4112
7582 2 2 2 2 3425 3427 3426
7583 2 2 2 2 3092 3093 3078
7584 2 2 2 2 4487 4488 4486
7585 2 2 2 2 3934 4797 4796
7586 2 2 2 2 4172 4176 4060
7587 2 2 2 2 1173 1616 1175
7588 2 2 2 2 7179 7181 4470
7589 2 2 2 2 3607 7834 568
7590 2 2 2 2 4672 8824 8622
7591 2 2 2 2 5252 5253 4404
7592 2 2 2 2 3587 3589 3588
7593 2 2 2 2 3979 4415 3980
7594 2 2 2 2 3043 7125 3013
7595 2 2 2 2 3138 6552 6479
7596 2 2 2 2 588 592 589
7597 2 2 2 2 4905 5011 4904
7598 2 2 2 2 5137 5353 3232
7599 2 2 2 2 3151 7923 3242
7600 2 2 2 2 5164 6215 5163
7601 2 2 2 2 4797 4827 4796
7602 2 2 2 2 3077 3092 3078
7603 2 2 2 2 4215 4217 4216
7604 2 2 2 2 4489 5132 4491
7605 2 2 2 2 2085 2086 1994
7606 2 2 2 2 3497 3920 3499
7607 2 2 2 2 631 633 632
7608 2 2 2 2 3443 4243 2427
7609 2 2 2 2 771 798 769
7610 2 2 2 2 4363 6261 4367
7611 2 2 2 2 4903 4905 4904
7612 2 2 2 2 1745 6428 1970
7613 2 2 2 2 4035 4112 4034
7614 2 2 2 2 2598 2599 2597
7615 2 2 2 2 4500 8148 5842
7616 2 2 2 2 926 6657 2848
7617 2 2 2 2 4415 6934 4416
7618 2 2 2 2 7949 7950 7948
7619 2 2 2 2 1510 3519 3483
7620 2 2 2 2 3034 7963 3860
7621 2 2 2 2 4641 4754 4640
7622 2 2 2 2 3260 3270 3265
7623 2 2 2 2 4798 6141 4740
7624 2 2 2 2 2958 3234 2122
7625 2 2 2 2 2599 2631 2597
7626 2 2 2 2 4903 4904 4901
7627 2 2 2 2 981 2468 979
7628 2 2 2 2 2257 2259 2258
7629 2 2 2 2 1382 1476 1475
7630 2 2 2 2 2599 2632 2631
7631 2 2 2 2 4493 6385 4495
7632 2 2 2 2 3569 7641 3774
7633 2 2 2 2 4877 4878 3253
7634 2 2 2 2 2376 7955 2374
7635 2 2 2 2 3237 7789 4082
7636 2 2 2 2 8676 8677 3723
7637 2 2 2 2 3126 3943 3654
7638 2 2 2 2 2709 6401 2516
7639 2 2 2 2 4193 8829 5475
7640 2 2 2 2 1039 1314 661
7641 2 2 2 2 5837 8148 3921
7642 2 2 2 2 3235 4101 4100
7643 2 2 2 2 2141 5137 3232
7644 2 2 2 2 4828 4830 4829
7645 2 2 2 2 4544 4545 3942
7646 2 2 2 2 3170 7641 3569
7647 2 2 2 2 1758 6808 2091
7648 2 2 2 2 2109 2276 2275
7649 2 2 2 2 1676 1677 1675
7650 2 2 2 2 970 1654 972
7651 2 2 2 2 6845 6847 6846
7652 2 2 2 2 5152 5153 4991
7653 2 2 2 2 3934 4796 4530
7654 2 2 2 2 3589 3591 3590
7655 2 2 2 2 2974 4034 4033
7656 2 2 2 2 8219 8220 8218
7657 2 2 2 2 1892 2017 1890
7658 2 2 2 2 2737 7978 3177
7659 2 2 2 2 89 354 88
7660 2 2 2 2 1144 3727 2437
7661 2 2 2 2 3284 3934 3933
7662 2 2 2 2 1484 1888 1482
7663 2 2 2 2 8282 8284 8283
7664 2 2 2 2 3800 4824 3767
7665 2 2 2 2 974 2478 976
7666 2 2 2 2 2139 8348 2915
7667 2 2 2 2 1179 1614 1226
7668 2 2 2 2 680 710 709
7669 2 2 2 2 1381 6104 2790
7670 2 2 2 2 701 702 677
7671 2 2 2 2 4329 5122 4343
7672 2 2 2 2 3959 3960 3127
7673 2 2 2 2 3747 4717 3735
7674 2 2 2 2 4773 5052 4771
7675 2 2 2 2 966 968 967
7676 2 2 2 2 3448 3944 3279
7677 2 2 2 2 3889 4255 3888
7678 2 2 2 2 8198 8199 2674
7679 2 2 2 2 4755 4756 4754
7680 2 2 2 2 3817 7456 3523
7681 2 2 2 2 1396 1398 1397
7682 2 2 2 2 1051 2788 1049
7683 2 2 2 2 872 873 854
7684 2 2 2 2 2564 7842 2561
7685 2 2 2 2 5390 8129 3795
7686 2 2 2 2 1796 1797 1795
7687 2 2 2 2 2978 3773 3253
7688 2 2 2 2 678 2899 707
7689 2 2 2 2 1263 2484 1205
7690 2 2 2 2 4417 6989 4415
7691 2 2 2 2 4180 5407 4181
7692 2 2 2 2 960 978 887
7693 2 2 2 2 8090 8092 8091
7694 2 2 2 2 5260 5261 4498
7695 2 2 2 2 3959 4329 3960
7696 2 2 2 2 3729 4282 4281
7697 2 2 2 2 1149 2592 1294
7698 2 2 2 2 3015 7242 3045
7699 2 2 2 2 3559 3762 3558
7700 2 2 2 2 4268 5236 3452
7701 2 2 2 2 2675 7332 7331
7702 2 2 2 2 4080 4081 3226
7703 2 2 2 2 4849 8219 8218
7704 2 2 2 2 2997 6225 2994
7705 2 2 2 2 2978 3253 2673
7706 2 2 2 2 966 967 813
7707 2 2 2 2 5237 7825 5236
7708 2 2 2 2 4872 5381 4550
7709 2 2 2 2 1891 4485 1992
7710 2 2 2 2 4417 6990 6989
7711 2 2 2 2 4478 5215 4479
7712 2 2 2 2 4957 5517 5443
7713 2 2 2 2 4899 4901 4900
7714 2 2 2 2 2958 3235 3234
7715 2 2 2 2 3602 3914 3605
7716 2 2 2 2 4672 8622 4671
7717 2 2 2 2 568 7834 570
7718 2 2 2 2 933 965 931
7719 2 2 2 2 7851 7852 7624
7720 2 2 2 2 558 8510 555
7721 2 2 2 2 1253 4509 1255
7722 2 2 2 2 4834 5342 5317
7723 2 2 2 2 1537 2600 1672
7724 2 2 2 2 3499 3502 3500
7725 2 2 2 2 3415 4215 3529
7726 2 2 2 2 1565 1593 1567
7727 2 2 2 2 930 6653 977
7728 2 2 2 2 3899 4311 3469
7729 2 2 2 2 3077 3078 3076
7730 2 2 2 2 4184 4185 3810
7731 2 2 2 2 5062 5065 2117
7732 2 2 2 2 8199 8200 2674
7733 2 2 2 2 2579 6166 2577
7734 2 2 2 2 3781 4723 3749
7735 2 2 2 2 3792 5047 4277
7736 2 2 2 2 4278 5222 3654
7737 2 2 2 2 2623 2764 2626
7738 2 2 2 2 1533 1534 1532
7739 2 2 2 2 4497 6412 5260
7740 2 2 2 2 3174 3979 3197
7741 2 2 2 2 5388 5389 4121
7742 2 2 2 2 2596 2597 2595
7743 2 2 2 2 858 860 859
7744 2 2 2 2 7081 7083 7080
7745 2 2 2 2 3114 4544 3942
7746 2 2 2 2 1571 5970 1573
7747 2 2 2 2 573 580 572
7748 2 2 2 2 3799 7711 5391
7749 2 2 2 2 2553 3470 3118
7750 2 2 2 2 3427 3428 3426
7751 2 2 2 2 676 701 677
7752 2 2 2 2 676 677 675
7753 2 2 2 2 4343 4486 3960
7754 2 2 2 2 5188 7488 1884
7755 2 2 2 2 1735 8017 856
7756 2 2 2 2 3093 7802 3593
7757 2 2 2 2 3583 3585 3584
7758 2 2 2 2 1757 7794 7792
7759 2 2 2 2 2674 8202 1984
7760 2 2 2 2 4531 8348 7782
7761 2 2 2 2 4237 4514 3905
7762 2 2 2 2 1164 4414 4413
7763 2 2 2 2 3979 7906 4417
7764 2 2 2 2 592 594 593
7765 2 2 2 2 3569 3774 3571
7766 2 2 2 2 573 581 580
7767 2 2 2 2 4054 9073 5315
7768 2 2 2 2 2029 2974 2030
7769 2 2 2 2 4757 4778 4756
7770 2 2 2 2 3801 4870 3793
7771 2 2 2 2 4795 5348 4794
7772 2 2 2 2 4465 5758 1290
7773 2 2 2 2 3433 3434 3428
7774 2 2 2 2 3522 3524 3523
7775 2 2 2 2 4835 5103 5102
7776 2 2 2 2 3723 8543 1791
7777 2 2 2 2 3470 4285 3946
7778 2 2 2 2 2566 3121 2568
7779 2 2 2 2 3433 3435 3434
7780 2 2 2 2 1294 1295 1150
7781 2 2 2 2 622 3954 620
7782 2 2 2 2 3258 3259 2329
7783 2 2 2 2 3244 3793 3245
7784 2 2 2 2 2207 2218 2217
7785 2 2 2 2 4059 4172 4060
7786 2 2 2 2 956 3196 3195
7787 2 2 2 2 6086 6088 6085
7788 2 2 2 2 576 577 575
7789 2 2 2 2 5764 5834 5763
7790 2 2 2 2 4935 4936 3825
7791 2 2 2 2 836 1167 1166
7792 2 2 2 2 3536 9073 3534
7793 2 2 2 2 1535 1536 1534
7794 2 2 2 2 3799 5391 3910
7795 2 2 2 2 5090 5091 4263
7796 2 2 2 2 564 5790 566
7797 2 2 2 2 600 2589 604
7798 2 2 2 2 2027 2085 1994
7799 2 2 2 2 3583 7622 3585
7800 2 2 2 2 2114 3173 2138
7801 2 2 2 2 944 7166 784
7802 2 2 2 2 674 675 669
7803 2 2 2 2 3916 6758 6757
7804 2 2 2 2 566 3607 568
7805 2 2 2 2 629 631 630
7806 2 2 2 2 1400 1457 1398
7807 2 2 2 2 4658 4784 4657
7808 2 2 2 2 1678 1765 1677
7809 2 2 2 2 2162 2663 2088
7810 2 2 2 2 2899 6169 707
7811 2 2 2 2 4532 4776 4414
7812 2 2 2 2 1937 1994 1928
7813 2 2 2 2 1737 7209 1435
7814 2 2 2 2 1543 1544 1541
7815 2 2 2 2 1519 7088 1521
7816 2 2 2 2 2597 7554 2595
7817 2 2 2 2 2520 8460 2518
7818 2 2 2 2 4186 8592 4965
7819 2 2 2 2 5325 5327 3740
7820 2 2 2 2 3173 3174 2138
7821 2 2 2 2 3979 3980 3197
7822 2 2 2 2 1659 1661 1522
7823 2 2 2 2 4091 7622 3583
7824 2 2 2 2 8713 8715 8714
7825 2 2 2 2 3499 3500 3498
7826 2 2 2 2 1915 3550 2461
7827 2 2 2 2 4902 4903 4901
7828 2 2 2 2 570 572 571
7829 2 2 2 2 4384 5785 4237
7830 2 2 2 2 3546 4202 3547
7831 2 2 2 2 862 8009 861
7832 2 2 2 2 5245 8752 4866
7833 2 2 2 2 3915 4237 3905
7834 2 2 2 2 3060 3881 3845
7835 2 2 2 2 2163 2431 2162
7836 2 2 2 2 840 6238 838
7837 2 2 2 2 2280 2281 2264
7838 2 2 2 2 510 2664 508
7839 2 2 2 2 2671 7804 3247
7840 2 2 2 2 3611 3612 3610
7841 2 2 2 2 821 8517 4521
7842 2 2 2 2 3942 5087 3935
7843 2 2 2 2 3238 4455 3764
7844 2 2 2 2 3581 3583 3582
7845 2 2 2 2 4469 7801 3434
7846 2 2 2 2 4415 4416 3980
7847 2 2 2 2 1003 9004 1002
7848 2 2 2 2 1537 1538 1536
7849 2 2 2 2 4415 6989 6934
7850 2 2 2 2 5265 5458 5457
7851 2 2 2 2 2247 2401 2249
7852 2 2 2 2 1110 5380 5379
7853 2 2 2 2 3272 5724 3420
7854 2 2 2 2 3892 5159 4233
7855 2 2 2 2 4047 5325 3740
7856 2 2 2 2 732 7296 723
7857 2 2 2 2 3114 3935 1249
7858 2 2 2 2 1058 1059 1057
7859 2 2 2 2 4032 4697 4469
7860 2 2 2 2 1765 1911 1677
7861 2 2 2 2 4112 4324 4034
7862 2 2 2 2 950 7911 955
7863 2 2 2 2 1449 1453 1451
7864 2 2 2 2 668 669 665
7865 2 2 2 2 2253 2254 2252
7866 2 2 2 2 3074 8364 2309
7867 2 2 2 2 577 2662 575
7868 2 2 2 2 2888 4224 1637
7869 2 2 2 2 929 2628 927
7870 2 2 2 2 4976 8875 4977
7871 2 2 2 2 4873 5355 4872
7872 2 2 2 2 3737 9052 3698
7873 2 2 2 2 3495 3496 3493
7874 2 2 2 2 3469 6330 3124
7875 2 2 2 2 2764 3244 2765
7876 2 2 2 2 3623 4794 1911
7877 2 2 2 2 4035 4113 4112
7878 2 2 2 2 1253 1255 1254
7879 2 2 2 2 4906 7744 4903
7880 2 2 2 2 3741 3756 3742
7881 2 2 2 2 2777 6672 907
7882 2 2 2 2 5612 5614 5613
7883 2 2 2 2 674 676 675
7884 2 2 2 2 4813 8048 4658
7885 2 2 2 2 1674 1675 1653
7886 2 2 2 2 1584 1767 1582
7887 2 2 2 2 2555 9058 2554
7888 2 2 2 2 1652 6324 1649
7889 2 2 2 2 2570 3126 2572
7890 2 2 2 2 4100 4505 3234
7891 2 2 2 2 3618 3916 3620
7892 2 2 2 2 4547 8199 8198
7893 2 2 2 2 1490 1757 1488
7894 2 2 2 2 1928 8365 1766
7895 2 2 2 2 2516 6401 2512
7896 2 2 2 2 2599 2634 2632
7897 2 2 2 2 3813 8469 4989
7898 2 2 2 2 646 3636 639
7899 2 2 2 2 1902 1903 1901
7900 2 2 2 2 3500 3501 3498
7901 2 2 2 2 3585 3587 3586
7902 2 2 2 2 2675 7331 3166
7903 2 2 2 2 3593 7802 3603
7904 2 2 2 2 666 991 672
7905 2 2 2 2 3801 4895 4870
7906 2 2 2 2 3652 7612 4426
7907 2 2 2 2 493 494 492
7908 2 2 2 2 1796 1798 1797
7909 2 2 2 2 2764 2765 2626
7910 2 2 2 2 1050 7074 4548
7911 2 2 2 2 4599 4872 4550
7912 2 2 2 2 2974 4035 4034
7913 2 2 2 2 3738 4678 3195
7914 2 2 2 2 5580 5588 1379
7915 2 2 2 2 664 665 658
7916 2 2 2 2 1654 7565 972
7917 2 2 2 2 1588 2460 1586
7918 2 2 2 2 4835 6185 5103
7919 2 2 2 2 3692 6704 4005
7920 2 2 2 2 657 658 652
7921 2 2 2 2 3419 4030 3273
7922 2 2 2 2 3559 4449 3775
7923 2 2 2 2 3427 3432 3428
7924 2 2 2 2 3075 3077 3076
7925 2 2 2 2 3953 5154 5116
7926 2 2 2 2 4784 8770 4657
7927 2 2 2 2 4477 4478 3985
7928 2 2 2 2 2287 8565 2285
7929 2 2 2 2 4908 4909 4906
7930 2 2 2 2 2618 7883 2620
7931 2 2 2 2 3623 4795 4794
7932 2 2 2 2 5270 7248 4027
7933 2 2 2 2 2080 4394 4393
7934 2 2 2 2 3740 7790 766
7935 2 2 2 2 8541 8542 1056
7936 2 2 2 2 1486 7700 1484
7937 2 2 2 2 2956 2957 2955
7938 2 2 2 2 3694 6704 3692
7939 2 2 2 2 584 588 585
7940 2 2 2 2 1674 1676 1675
7941 2 2 2 2 7046 8023 4623
7942 2 2 2 2 3143 3145 3144
7943 2 2 2 2 2129 8364 7987
7944 2 2 2 2 3139 3140 2957
7945 2 2 2 2 1995 2126 1980
7946 2 2 2 2 1569 2856 1571
7947 2 2 2 2 562 1423 564
7948 2 2 2 2 2786 2963 2787
7949 2 2 2 2 2112 2114 2113
7950 2 2 2 2 4363 4365 4364
7951 2 2 2 2 4054 5315 5313
7952 2 2 2 2 4478 7210 5215
7953 2 2 2 2 1800 1804 1798
7954 2 2 2 2 1689 5188 1884
7955 2 2 2 2 2599 9089 2634
7956 2 2 2 2 4802 4835 4803
7957 2 2 2 2 513 514 511
7958 2 2 2 2 1577 5965 1579
7959 2 2 2 2 2974 4033 2030
7960 2 2 2 2 1927 1928 1766
7961 2 2 2 2 3979 4417 4415
7962 2 2 2 2 2391 3088 3087
7963 2 2 2 2 2035 2152 2151
7964 2 2 2 2 1806 1808 1807
7965 2 2 2 2 4405 7207 7206
7966 2 2 2 2 2199 3741 3042
7967 2 2 2 2 5745 5746 5743
7968 2 2 2 2 4834 5317 5316
7969 2 2 2 2 5073 6078 5920
7970 2 2 2 2 1160 6924 1277
7971 2 2 2 2 2954 2955 2953
7972 2 2 2 2 4022 4482 4481
7973 2 2 2 2 3068 3503 2387
7974 2 2 2 2 3884 5015 3885
7975 2 2 2 2 5215 6777 4479
7976 2 2 2 2 2246 2451 2245
7977 2 2 2 2 1808 1811 1810
7978 2 2 2 2 3549 4453 3562
7979 2 2 2 2 5741 5743 5742
7980 2 2 2 2 3613 3614 3612
7981 2 2 2 2 3485 3489 3487
7982 2 2 2 2 1039 1693 1314
7983 2 2 2 2 7912 8824 4672
7984 2 2 2 2 3120 3940 3119
7985 2 2 2 2 1290 5758 1287
7986 2 2 2 2 3795 8129 3254
7987 2 2 2 2 838 6238 3563
7988 2 2 2 2 2424 3415 2423
7989 2 2 2 2 4302 5558 4305
7990 2 2 2 2 4831 4834 4833
7991 2 2 2 2 7488 7489 1884
7992 2 2 2 2 560 5900 562
7993 2 2 2 2 4898 4899 4897
7994 2 2 2 2 668 674 669
7995 2 2 2 2 5482 5484 5483
7996 2 2 2 2 4506 7842 2564
7997 2 2 2 2 1468 7015 1467
7998 2 2 2 2 3898 3899 3469
7999 2 2 2 2 627 629 628
8000 2 2 2 2 1980 5608 1921
8001 2 2 2 2 5405 7319 4634
8002 2 2 2 2 3405 3844 3056
8003 2 2 2 2 4671 8622 5266
8004 2 2 2 2 4899 4900 4897
8005 2 2 2 2 3532 3534 3533
8006 2 2 2 2 3680 3985 3984
8007 2 2 2 2 3686 4626 4470
8008 2 2 2 2 4526 8466 8206
8009 2 2 2 2 888 962 961
8010 2 2 2 2 2408 2409 2407
8011 2 2 2 2 3398 3882 3397
8012 2 2 2 2 1946 2036 1945
8013 2 2 2 2 2012 5592 1314
8014 2 2 2 2 2029 2030 1997
8015 2 2 2 2 891 892 876
8016 2 2 2 2 4549 4550 4113
8017 2 2 2 2 1635 5910 2096
8018 2 2 2 2 4828 4829 4505
8019 2 2 2 2 2909 3685 2901
8020 2 2 2 2 3531 3532 3140
8021 2 2 2 2 3608 8014 8013
8022 2 2 2 2 3678 3680 3679
8023 2 2 2 2 3875 3876 3302
8024 2 2 2 2 517 518 515
8025 2 2 2 2 1757 7792 7791
8026 2 2 2 2 136 333 135
8027 2 2 2 2 3893 7735 3073
8028 2 2 2 2 3446 4246 3917
8029 2 2 2 2 2915 8348 3299
8030 2 2 2 2 1811 1812 1810
8031 2 2 2 2 3093 3593 3592
8032 2 2 2 2 1689 1884 1610
8033 2 2 2 2 3073 3075 3074
8034 2 2 2 2 2227 2428 2425
8035 2 2 2 2 1693 2016 2013
8036 2 2 2 2 4056 4802 4546
8037 2 2 2 2 5065 8117 2117
8038 2 2 2 2 2952 2953 2951
8039 2 2 2 2 2141 3232 2142
8040 2 2 2 2 8092 8094 8091
8041 2 2 2 2 568 570 569
8042 2 2 2 2 2673 7804 2671
8043 2 2 2 2 2221 3060 3052
8044 2 2 2 2 657 664 658
8045 2 2 2 2 509 510 508
8046 2 2 2 2 4412 5037 4612
8047 2 2 2 2 2327 2386 2126
8048 2 2 2 2 5351 7130 4836
8049 2 2 2 2 3534 9073 4054
8050 2 2 2 2 8941 8944 1965
8051 2 2 2 2 664 668 665
8052 2 2 2 2 1926 8012 4008
8053 2 2 2 2 3928 7686 3717
8054 2 2 2 2 3328 5659 3399
8055 2 2 2 2 4362 4363 3941
8056 2 2 2 2 4426 5163 5162
8057 2 2 2 2 3667 4628 3681
8058 2 2 2 2 1167 1168 1166
8059 2 2 2 2 2016 2391 2390
8060 2 2 2 2 2428 3446 3275
8061 2 2 2 2 789 801 790
8062 2 2 2 2 5046 5741 5740
8063 2 2 2 2 2561 7842 2559
8064 2 2 2 2 1788 2035 2034
8065 2 2 2 2 2259 2260 2258
8066 2 2 2 2 3073 3074 2309
8067 2 2 2 2 1808 1810 1809
8068 2 2 2 2 3225 4056 2446
8069 2 2 2 2 4394 4396 4395
8070 2 2 2 2 2617 3218 2615
8071 2 2 2 2 3622 3930 3650
8072 2 2 2 2 3142 3143 3088
8073 2 2 2 2 2089 2162 2088
8074 2 2 2 2 1538 1608 1539
8075 2 2 2 2 2388 7786 7784
8076 2 2 2 2 668 5572 674
8077 2 2 2 2 3451 4604 4267
8078 2 2 2 2 2960 8348 2139
8079 2 2 2 2 1667 1902 1901
8080 2 2 2 2 523 524 521
8081 2 2 2 2 4234 4411 3437
8082 2 2 2 2 3776 7628 3577
8083 2 2 2 2 2579 7719 6166
8084 2 2 2 2 1908 4020 1738
8085 2 2 2 2 3435 4032 3434
8086 2 2 2 2 3716 5268 4687
8087 2 2 2 2 1237 2553 1239
8088 2 2 2 2 2424 5813 3415
8089 2 2 2 2 3146 3147 3145
8090 2 2 2 2 2733 3187 2731
8091 2 2 2 2 1209 3553 2582
8092 2 2 2 2 8014 8018 8015
8093 2 2 2 2 3170 3569 3568
8094 2 2 2 2 1517 1648 1516
8095 2 2 2 2 4478 4479 3985
8096 2 2 2 2 3174 7906 3979
8097 2 2 2 2 4703 8726 7235
8098 2 2 2 2 1162 1213 1163
8099 2 2 2 2 1624 1686 1684
8100 2 2 2 2 4531 7782 5350
8101 2 2 2 2 3786 4102 3787
8102 2 2 2 2 5188 7614 7488
8103 2 2 2 2 7531 7532 5181
8104 2 2 2 2 3072 3073 2309
8105 2 2 2 2 3075 3076 3074
8106 2 2 2 2 2963 3284 3282
8107 2 2 2 2 5145 5462 5461
8108 2 2 2 2 1739 1908 1738
8109 2 2 2 2 4522 4523 3755
8110 2 2 2 2 3299 8348 4531
8111 2 2 2 2 1436 1438 1437
8112 2 2 2 2 5391 5392 3910
8113 2 2 2 2 1965 8944 1918
8114 2 2 2 2 5154 8010 5116
8115 2 2 2 2 1651 1652 1649
8116 2 2 2 2 3166 3673 3672
8117 2 2 2 2 566 568 567
8118 2 2 2 2 5877 5878 3770
8119 2 2 2 2 1091 1162 1092
8120 2 2 2 2 2301 2306 2299
8121 2 2 2 2 6841 6843 6842
8122 2 2 2 2 1974 1975 1778
8123 2 2 2 2 1960 6012 2092
8124 2 2 2 2 3549 3562 3176
8125 2 2 2 2 2743 2744 2742
8126 2 2 2 2 1543 1545 1544
8127 2 2 2 2 2094 2095 2084
8128 2 2 2 2 4012 5226 4010
8129 2 2 2 2 2492 3608 2490
8130 2 2 2 2 4140 4910 3403
8131 2 2 2 2 669 1727 665
8132 2 2 2 2 3272 3418 3273
8133 2 2 2 2 1873 7773 7770
8134 2 2 2 2 1758 2091 2090
8135 2 2 2 2 3813 4989 4134
8136 2 2 2 2 1934 2080 1951
8137 2 2 2 2 4958 5300 4956
8138 2 2 2 2 3470 3946 3118
8139 2 2 2 2 2596 2598 2597
8140 2 2 2 2 2954 2956 2955
8141 2 2 2 2 4190 4191 3844
8142 2 2 2 2 942 956 947
8143 2 2 2 2 3535 3536 3534
8144 2 2 2 2 3270 4154 4153
8145 2 2 2 2 1811 1813 1812
8146 2 2 2 2 3139 3531 3140
8147 2 2 2 2 3504 3959 3127
8148 2 2 2 2 1765 3623 1911
8149 2 2 2 2 2950 2951 2949
8150 2 2 2 2 4503 5055 4365
8151 2 2 2 2 3261 7941 3872
8152 2 2 2 2 839 840 838
8153 2 2 2 2 4683 8261 4696
8154 2 2 2 2 2956 3139 2957
8155 2 2 2 2 1812 7976 1810
8156 2 2 2 2 7674 7828 2805
8157 2 2 2 2 3884 5739 5015
8158 2 2 2 2 3793 3799 3245
8159 2 2 2 2 3166 7331 3673
8160 2 2 2 2 2736 2737 2735
8161 2 2 2 2 5438 5473 4940
8162 2 2 2 2 4285 5093 3946
8163 2 2 2 2 725 1732 733
8164 2 2 2 2 5741 5745 5743
8165 2 2 2 2 955 4672 4671
8166 2 2 2 2 2743 2745 2744
8167 2 2 2 2 2616 2617 2615
8168 2 2 2 2 2745 2746 2744
8169 2 2 2 2 1314 5592 661
8170 2 2 2 2 2952 2954 2953
8171 2 2 2 2 3780 3783 3781
8172 2 2 2 2 625 627 626
8173 2 2 2 2 3901 5046 5045
8174 2 2 2 2 4403 5158 5150
8175 2 2 2 2 2490 8013 1735
8176 2 2 2 2 4316 4317 3858
8177 2 2 2 2 2263 2264 2262
8178 2 2 2 2 4830 4831 4829
8179 2 2 2 2 3553 3555 3554
8180 2 2 2 2 948 951 950
8181 2 2 2 2 2948 2949 2947
8182 2 2 2 2 4123 5364 4880
8183 2 2 2 2 2737 3177 2735
8184 2 2 2 2 6126 6127 2546
8185 2 2 2 2 2738 2742 2737
8186 2 2 2 2 553 556 555
8187 2 2 2 2 3162 3549 3176
8188 2 2 2 2 5180 5181 4895
8189 2 2 2 2 2309 8364 2129
8190 2 2 2 2 4531 5350 5349
8191 2 2 2 2 920 2498 918
8192 2 2 2 2 950 955 949
8193 2 2 2 2 1651 1653 1652
8194 2 2 2 2 2203 2480 2205
8195 2 2 2 2 1368 1624 1623
8196 2 2 2 2 3534 4054 3533
8197 2 2 2 2 3148 3149 3147
8198 2 2 2 2 962 3556 992
8199 2 2 2 2 1813 1814 1812
8200 2 2 2 2 2949 8130 3216
8201 2 2 2 2 4125 6418 4210
8202 2 2 2 2 1122 1124 1123
8203 2 2 2 2 5116 8010 6440
8204 2 2 2 2 1400 7784 1457
8205 2 2 2 2 3155 3161 3153
8206 2 2 2 2 1995 3250 2327
8207 2 2 2 2 3680 3984 3679
8208 2 2 2 2 3251 5890 3800
8209 2 2 2 2 2114 2138 2120
8210 2 2 2 2 2356 2361 2357
8211 2 2 2 2 4052 6564 1908
8212 2 2 2 2 3173 7906 3174
8213 2 2 2 2 3147 3233 3145
8214 2 2 2 2 3151 3242 3149
8215 2 2 2 2 1396 1397 1394
8216 2 2 2 2 2609 8277 2607
8217 2 2 2 2 4866 8752 4868
8218 2 2 2 2 2734 2735 2733
8219 2 2 2 2 3120 3941 3940
8220 2 2 2 2 3884 3885 3068
8221 2 2 2 2 3092 3915 3905
8222 2 2 2 2 3038 4152 3036
8223 2 2 2 2 4831 7838 4834
8224 2 2 2 2 3555 4325 4293
8225 2 2 2 2 4547 8198 1929
8226 2 2 2 2 5203 5204 5201
8227 2 2 2 2 8117 8676 3723
8228 2 2 2 2 3143 3144 3088
8229 2 2 2 2 3914 7698 3605
8230 2 2 2 2 3254 8129 4270
8231 2 2 2 2 1961 2078 1963
8232 2 2 2 2 2946 2947 2945
8233 2 2 2 2 861 8009 2637
8234 2 2 2 2 2137 2645 2644
8235 2 2 2 2 847 9031 1663
8236 2 2 2 2 2745 2747 2746
8237 2 2 2 2 2732 2733 2731
8238 2 2 2 2 2730 2731 2727
8239 2 2 2 2 2946 2948 2947
8240 2 2 2 2 3299 4531 4319
8241 2 2 2 2 1676 1678 1677
8242 2 2 2 2 4047 5326 5325
8243 2 2 2 2 2650 3162 2645
8244 2 2 2 2 1992 2141 1993
8245 2 2 2 2 619 620 618
8246 2 2 2 2 1810 7976 2652
8247 2 2 2 2 3280 8610 2567
8248 2 2 2 2 3678 3679 3677
8249 2 2 2 2 7651 8361 3289
8250 2 2 2 2 564 566 565
8251 2 2 2 2 3222 4658 4657
8252 2 2 2 2 3797 8141 5390
8253 2 2 2 2 1164 4532 4414
8254 2 2 2 2 2944 2945 2943
8255 2 2 2 2 3733 4700 3721
8256 2 2 2 2 1678 1766 1765
8257 2 2 2 2 2639 4520 2641
8258 2 2 2 2 2553 3118 1239
8259 2 2 2 2 1227 1229 1228
8260 2 2 2 2 2738 2743 2742
8261 2 2 2 2 1516 1679 1503
8262 2 2 2 2 3692 4005 3690
8263 2 2 2 2 2942 2944 2943
8264 2 2 2 2 3201 8277 2609
8265 2 2 2 2 2308 2309 2129
8266 2 2 2 2 3483 3484 3482
8267 2 2 2 2 3970 4310 3969
8268 2 2 2 2 1504 1516 1503
8269 2 2 2 2 2747 2749 2746
8270 2 2 2 2 1802 7765 1800
8271 2 2 2 2 4820 6290 6226
8272 2 2 2 2 2110 2122 2085
8273 2 2 2 2 4796 8635 8633
8274 2 2 2 2 2944 2946 2945
8275 2 2 2 2 5040 5041 5010
8276 2 2 2 2 888 961 960
8277 2 2 2 2 559 7655 557
8278 2 2 2 2 3196 3738 3195
8279 2 2 2 2 2786 3231 2963
8280 2 2 2 2 4502 5942 1434
8281 2 2 2 2 621 623 622
8282 2 2 2 2 4659 5228 4024
8283 2 2 2 2 5110 5846 4248
8284 2 2 2 2 2747 2750 2749
8285 2 2 2 2 4417 7906 6991
8286 2 2 2 2 3288 3969 3287
8287 2 2 2 2 2950 2952 2951
8288 2 2 2 2 4604 5081 5080
8289 2 2 2 2 5318 6610 4101
8290 2 2 2 2 3532 3533 3140
8291 2 2 2 2 4899 4902 4901
8292 2 2 2 2 1933 1984 1983
8293 2 2 2 2 2948 2950 2949
8294 2 2 2 2 581 582 580
8295 2 2 2 2 934 6649 2851
8296 2 2 2 2 3843 4130 3516
8297 2 2 2 2 2601 2603 2602
8298 2 2 2 2 5268 8187 4687
8299 2 2 2 2 2671 3247 2670
8300 2 2 2 2 504 2601 506
8301 2 2 2 2 3288 3970 3969
8302 2 2 2 2 3765 3785 3784
8303 2 2 2 2 623 625 624
8304 2 2 2 2 3418 3419 3273
8305 2 2 2 2 3203 3716 3204
8306 2 2 2 2 8095 8096 8094
8307 2 2 2 2 3225 4086 4056
8308 2 2 2 2 5161 7788 7474
8309 2 2 2 2 1517 1649 1648
8310 2 2 2 2 5158 6749 5150
8311 2 2 2 2 4835 5102 4803
8312 2 2 2 2 4114 4850 3768
8313 2 2 2 2 578 584 579
8314 2 2 2 2 3934 4530 3933
8315 2 2 2 2 5292 5293 4042
8316 2 2 2 2 2637 5073 5072
8317 2 2 2 2 4065 8171 4767
8318 2 2 2 2 3418 3421 3419
8319 2 2 2 2 1804 7647 1798
8320 2 2 2 2 1904 1906 1905
8321 2 2 2 2 2942 2943 2941
8322 2 2 2 2 8092 8095 8094
8323 2 2 2 2 2940 2942 2941
8324 2 2 2 2 3244 3801 3793
8325 2 2 2 2 4687 8187 4703
8326 2 2 2 2 4232 5838 5837
8327 2 2 2 2 2603 2605 2604
8328 2 2 2 2 3652 4426 4425
8329 2 2 2 2 2391 3142 3088
8330 2 2 2 2 2605 2607 2606
8331 2 2 2 2 1891 7498 4485
8332 2 2 2 2 648 657 652
8333 2 2 2 2 711 7779 4391
8334 2 2 2 2 3675 3678 3677
8335 2 2 2 2 1799 1800 1798
8336 2 2 2 2 581 583 582
8337 2 2 2 2 2441 2958 2122
8338 2 2 2 2 1255 1256 1254
8339 2 2 2 2 2018 2137 2116
8340 2 2 2 2 3254 4270 3159
8341 2 2 2 2 2740 3288 3287
8342 2 2 2 2 3577 3579 3578
8343 2 2 2 2 4359 5099 4360
8344 2 2 2 2 4027 7248 3751
8345 2 2 2 2 2736 2738 2737
8346 2 2 2 2 2750 2751 2749
8347 2 2 2 2 2494 7747 2492
8348 2 2 2 2 3596 5191 3598
8349 2 2 2 2 2938 2940 2939
8350 2 2 2 2 3593 3600 3599
8351 2 2 2 2 999 1025 1000
8352 2 2 2 2 3150 3151 3149
8353 2 2 2 2 2936 2938 2937
8354 2 2 2 2 1465 6607 1518
8355 2 2 2 2 3532 3535 3534
8356 2 2 2 2 3608 8013 2490
8357 2 2 2 2 2567 8610 2565
8358 2 2 2 2 2021 8489 8172
8359 2 2 2 2 3789 7428 3661
8360 2 2 2 2 2750 2752 2751
8361 2 2 2 2 4111 8218 4280
8362 2 2 2 2 2016 2390 2013
8363 2 2 2 2 587 591 590
8364 2 2 2 2 3143 3146 3145
8365 2 2 2 2 1025 1091 1026
8366 2 2 2 2 1884 7796 1610
8367 2 2 2 2 4905 5014 5013
8368 2 2 2 2 3796 3797 3795
8369 2 2 2 2 3421 5856 3423
8370 2 2 2 2 3716 4687 3204
8371 2 2 2 2 2134 3225 2446
8372 2 2 2 2 1751 5543 1749
8373 2 2 2 2 4599 4873 4872
8374 2 2 2 2 5743 5744 5742
8375 2 2 2 2 583 587 586
8376 2 2 2 2 3889 4256 4255
8377 2 2 2 2 2199 3042 2333
8378 2 2 2 2 2295 2296 2293
8379 2 2 2 2 5098 5739 3884
8380 2 2 2 2 2547 6126 2546
8381 2 2 2 2 3571 3573 3572
8382 2 2 2 2 1937 2027 1994
8383 2 2 2 2 3947 3948 3797
8384 2 2 2 2 2938 2939 2937
8385 2 2 2 2 4883 7770 4594
8386 2 2 2 2 619 621 620
8387 2 2 2 2 3783 5110 4248
8388 2 2 2 2 5101 6300 4308
8389 2 2 2 2 2137 2644 2116
8390 2 2 2 2 562 564 563
8391 2 2 2 2 3680 4477 3985
8392 2 2 2 2 2870 7568 739
8393 2 2 2 2 3121 8449 2568
8394 2 2 2 2 3255 3795 3254
8395 2 2 2 2 1940 2097 1941
8396 2 2 2 2 3162 3176 2645
8397 2 2 2 2 4073 6284 5352
8398 2 2 2 2 4814 5334 4813
8399 2 2 2 2 4802 4803 4546
8400 2 2 2 2 1927 1937 1928
8401 2 2 2 2 2930 2932 2931
8402 2 2 2 2 4284 4308 3948
8403 2 2 2 2 650 651 646
8404 2 2 2 2 5741 5742 5740
8405 2 2 2 2 4384 5786 5785
8406 2 2 2 2 3573 3575 3574
8407 2 2 2 2 3915 4384 4237
8408 2 2 2 2 2940 2941 2939
8409 2 2 2 2 1968 6437 1972
8410 2 2 2 2 4056 4546 2446
8411 2 2 2 2 3170 3568 2633
8412 2 2 2 2 5672 5766 4225
8413 2 2 2 2 999 1000 983
8414 2 2 2 2 3723 8677 8543
8415 2 2 2 2 3577 7628 3579
8416 2 2 2 2 2968 3238 3237
8417 2 2 2 2 855 856 825
8418 2 2 2 2 2391 3087 2390
8419 2 2 2 2 2518 8460 2709
8420 2 2 2 2 4796 8633 4530
8421 2 2 2 2 3440 5831 1235
8422 2 2 2 2 4423 8658 4973
8423 2 2 2 2 2734 2736 2735
8424 2 2 2 2 4580 8124 1166
8425 2 2 2 2 975 3663 973
8426 2 2 2 2 2643 2928 2927
8427 2 2 2 2 1110 5379 4838
8428 2 2 2 2 2607 8277 3136
8429 2 2 2 2 750 8614 751
8430 2 2 2 2 3696 4028 3694
8431 2 2 2 2 5336 8047 3773
8432 2 2 2 2 2857 2858 2649
8433 2 2 2 2 3174 3197 3175
8434 2 2 2 2 1502 1503 1501
8435 2 2 2 2 771 5931 798
8436 2 2 2 2 4864 5245 4866
8437 2 2 2 2 1169 1171 1170
8438 2 2 2 2 3997 4355 3996
8439 2 2 2 2 2491 2492 2490
8440 2 2 2 2 8822 9034 5303
8441 2 2 2 2 1693 2013 2011
8442 2 2 2 2 2522 2552 2520
8443 2 2 2 2 2137 2650 2645
8444 2 2 2 2 1020 3124 1010
8445 2 2 2 2 1358 1368 1367
8446 2 2 2 2 2957 3210 2955
8447 2 2 2 2 3324 3724 2333
8448 2 2 2 2 3579 3581 3580
8449 2 2 2 2 1906 1940 1907
8450 2 2 2 2 3948 8149 8141
8451 2 2 2 2 2620 8615 2622
8452 2 2 2 2 754 755 753
8453 2 2 2 2 5046 5740 5045
8454 2 2 2 2 3202 3203 2858
8455 2 2 2 2 4646 5291 4645
8456 2 2 2 2 5370 8003 4843
8457 2 2 2 2 5063 5792 5062
8458 2 2 2 2 2134 2446 2445
8459 2 2 2 2 3297 4047 3740
8460 2 2 2 2 1933 8198 2674
8461 2 2 2 2 3152 3153 3151
8462 2 2 2 2 619 3635 621
8463 2 2 2 2 603 2022 607
8464 2 2 2 2 4884 5090 4263
8465 2 2 2 2 8014 8015 8013
8466 2 2 2 2 3154 3155 3153
8467 2 2 2 2 4596 4597 3943
8468 2 2 2 2 1814 1817 1816
8469 2 2 2 2 5361 5362 4766
8470 2 2 2 2 4103 4764 4240
8471 2 2 2 2 2594 2596 2595
8472 2 2 2 2 1608 1664 1609
8473 2 2 2 2 2888 5030 4224
8474 2 2 2 2 2328 2329 2218
8475 2 2 2 2 1814 1816 1815
8476 2 2 2 2 2380 7959 3390
8477 2 2 2 2 2752 2753 2751
8478 2 2 2 2 3995 3996 3163
8479 2 2 2 2 2934 2936 2935
8480 2 2 2 2 4000 8364 3074
8481 2 2 2 2 4827 8635 4796
8482 2 2 2 2 2871 3127 2870
8483 2 2 2 2 2078 2967 2079
8484 2 2 2 2 1540 6289 3766
8485 2 2 2 2 3562 4527 4526
8486 2 2 2 2 560 562 561
8487 2 2 2 2 2021 8172 583
8488 2 2 2 2 3800 5890 4889
8489 2 2 2 2 520 2778 518
8490 2 2 2 2 1789 8541 1055
8491 2 2 2 2 1984 2134 2133
8492 2 2 2 2 3797 5390 3795
8493 2 2 2 2 871 888 887
8494 2 2 2 2 1508 1530 1509
8495 2 2 2 2 1504 1517 1516
8496 2 2 2 2 1816 8143 1815
8497 2 2 2 2 4515 4516 3970
8498 2 2 2 2 2089 2163 2162
8499 2 2 2 2 3244 3245 2765
8500 2 2 2 2 2752 2754 2753
8501 2 2 2 2 2759 8361 2756
8502 2 2 2 2 4896 4897 4893
8503 2 2 2 2 741 796 742
8504 2 2 2 2 702 877 677
8505 2 2 2 2 1808 1809 1807
8506 2 2 2 2 4077 8360 4781
8507 2 2 2 2 2928 2930 2929
8508 2 2 2 2 3605 7698 3618
8509 2 2 2 2 3993 5385 3317
8510 2 2 2 2 2129 7987 1981
8511 2 2 2 2 841 1948 848
8512 2 2 2 2 676 5573 703
8513 2 2 2 2 1521 1541 1540
8514 2 2 2 2 2928 3624 2930
8515 2 2 2 2 3948 8141 3797
8516 2 2 2 2 4834 5316 4833
8517 2 2 2 2 2649 7747 2494
8518 2 2 2 2 4008 7990 7989
8519 2 2 2 2 2601 4551 2603
8520 2 2 2 2 2644 3181 3180
8521 2 2 2 2 5269 5270 4027
8522 2 2 2 2 4431 4433 4432
8523 2 2 2 2 3160 3254 3159
8524 2 2 2 2 548 8347 549
8525 2 2 2 2 2789 8980 4547
8526 2 2 2 2 2612 2613 2611
8527 2 2 2 2 3156 3157 3155
8528 2 2 2 2 2953 3212 2951
8529 2 2 2 2 3829 4370 3831
8530 2 2 2 2 3698 9052 3696
8531 2 2 2 2 7045 7046 4623
8532 2 2 2 2 1684 1685 1623
8533 2 2 2 2 3535 3537 3536
8534 2 2 2 2 3146 3148 3147
8535 2 2 2 2 2740 3287 2741
8536 2 2 2 2 2932 2934 2933
8537 2 2 2 2 5311 8211 4051
8538 2 2 2 2 2114 2120 2113
8539 2 2 2 2 805 813 806
8540 2 2 2 2 7462 7801 4469
8541 2 2 2 2 4219 4389 2461
8542 2 2 2 2 3181 3999 3998
8543 2 2 2 2 3284 3933 3932
8544 2 2 2 2 3589 3590 3588
8545 2 2 2 2 2614 2615 2613
8546 2 2 2 2 796 805 797
8547 2 2 2 2 1311 1360 1293
8548 2 2 2 2 4243 4692 4691
8549 2 2 2 2 2650 3163 3162
8550 2 2 2 2 2936 2937 2935
8551 2 2 2 2 1908 6564 4020
8552 2 2 2 2 2789 4547 1929
8553 2 2 2 2 4284 5101 4308
8554 2 2 2 2 3158 3159 3157
8555 2 2 2 2 2608 2609 2607
8556 2 2 2 2 3673 3675 3674
8557 2 2 2 2 3940 4359 4358
8558 2 2 2 2 8360 8739 4781
8559 2 2 2 2 1730 4553 1728
8560 2 2 2 2 3972 4042 3537
8561 2 2 2 2 2018 2116 1894
8562 2 2 2 2 2037 2203 2036
8563 2 2 2 2 4211 4225 3893
8564 2 2 2 2 1472 2706 1385
8565 2 2 2 2 2611 3201 2609
8566 2 2 2 2 2772 3317 2773
8567 2 2 2 2 1898 1929 1899
8568 2 2 2 2 1505 1891 1890
8569 2 2 2 2 1811 3596 1813
8570 2 2 2 2 3999 5190 5189
8571 2 2 2 2 2936 3172 2938
8572 2 2 2 2 3075 3474 3077
8573 2 2 2 2 2732 2734 2733
8574 2 2 2 2 576 578 577
8575 2 2 2 2 2754 2755 2753
8576 2 2 2 2 3673 3674 3672
8577 2 2 2 2 1518 2873 2651
8578 2 2 2 2 3600 3602 3601
8579 2 2 2 2 982 6645 989
8580 2 2 2 2 2603 2604 2602
8581 2 2 2 2 2932 3987 2934
8582 2 2 2 2 5327 7790 3740
8583 2 2 2 2 2645 8206 2644
8584 2 2 2 2 2770 2772 2771
8585 2 2 2 2 3203 3204 2858
8586 2 2 2 2 4834 7838 5342
8587 2 2 2 2 4355 4357 3996
8588 2 2 2 2 1488 7791 1486
8589 2 2 2 2 1844 1845 1842
8590 2 2 2 2 5841 6035 5043
8591 2 2 2 2 2091 6070 2090
8592 2 2 2 2 2744 3655 2742
8593 2 2 2 2 4399 9017 4403
8594 2 2 2 2 3473 5089 3471
8595 2 2 2 2 3995 3997 3996
8596 2 2 2 2 2826 8207 2796
8597 2 2 2 2 3596 3598 3597
8598 2 2 2 2 864 7466 867
8599 2 2 2 2 1836 8344 1835
8600 2 2 2 2 4549 4599 4550
8601 2 2 2 2 4043 5292 4042
8602 2 2 2 2 1891 1992 1892
8603 2 2 2 2 3796 3947 3797
8604 2 2 2 2 3058 3826 2987
8605 2 2 2 2 1933 2674 1984
8606 2 2 2 2 4531 5349 4319
8607 2 2 2 2 2784 8510 558
8608 2 2 2 2 1673 1674 1653
8609 2 2 2 2 4015 4556 4555
8610 2 2 2 2 1502 1504 1503
8611 2 2 2 2 2616 2618 2617
8612 2 2 2 2 2768 2770 2769
8613 2 2 2 2 2932 2933 2931
8614 2 2 2 2 2805 7828 2803
8615 2 2 2 2 2648 2649 2494
8616 2 2 2 2 4780 4836 3762
8617 2 2 2 2 3947 4284 3948
8618 2 2 2 2 572 574 571
8619 2 2 2 2 2756 8361 2755
8620 2 2 2 2 4111 4280 4057
8621 2 2 2 2 1249 1250 1248
8622 2 2 2 2 2493 2494 2492
8623 2 2 2 2 4095 4260 4231
8624 2 2 2 2 3255 3796 3795
8625 2 2 2 2 4066 4067 4065
8626 2 2 2 2 855 1735 856
8627 2 2 2 2 4908 6318 4909
8628 2 2 2 2 6711 6712 4880
8629 2 2 2 2 4204 5552 4205
8630 2 2 2 2 2903 3207 2824
8631 2 2 2 2 2725 2740 2728
8632 2 2 2 2 3447 3469 3124
8633 2 2 2 2 574 576 575
8634 2 2 2 2 4064 4065 4063
8635 2 2 2 2 4873 5356 5355
8636 2 2 2 2 1817 1818 1816
8637 2 2 2 2 4527 7151 4528
8638 2 2 2 2 4125 4210 4206
8639 2 2 2 2 2724 4576 2722
8640 2 2 2 2 2754 2756 2755
8641 2 2 2 2 2390 5656 2013
8642 2 2 2 2 1673 2639 1909
8643 2 2 2 2 839 841 840
8644 2 2 2 2 3997 4356 4355
8645 2 2 2 2 1930 1933 1932
8646 2 2 2 2 3277 3448 3279
8647 2 2 2 2 4412 4612 4411
8648 2 2 2 2 966 4457 968
8649 2 2 2 2 3575 3577 3576
8650 2 2 2 2 1076 5945 1073
8651 2 2 2 2 3148 3150 3149
8652 2 2 2 2 4809 8360 4077
8653 2 2 2 2 4849 8218 4111
8654 2 2 2 2 3093 3592 3078
8655 2 2 2 2 1757 7791 1488
8656 2 2 2 2 1933 1983 1932
8657 2 2 2 2 5043 6035 3907
8658 2 2 2 2 5791 5836 3607
8659 2 2 2 2 2610 2611 2609
8660 2 2 2 2 1340 8099 1431
8661 2 2 2 2 4069 4761 4067
8662 2 2 2 2 3993 5386 5385
8663 2 2 2 2 3423 5856 4226
8664 2 2 2 2 519 520 518
8665 2 2 2 2 2798 2800 2799
8666 2 2 2 2 1930 1932 1931
8667 2 2 2 2 1898 1899 1897
8668 2 2 2 2 1267 1268 1266
8669 2 2 2 2 3207 3630 3208
8670 2 2 2 2 2013 5656 2132
8671 2 2 2 2 3332 3334 3333
8672 2 2 2 2 3700 3737 3698
8673 2 2 2 2 3313 4111 4057
8674 2 2 2 2 2772 3993 3317
8675 2 2 2 2 3630 4645 4029
8676 2 2 2 2 4069 4762 4761
8677 2 2 2 2 2605 2608 2607
8678 2 2 2 2 549 552 551
8679 2 2 2 2 645 646 639
8680 2 2 2 2 1338 8099 1340
8681 2 2 2 2 3159 6195 3157
8682 2 2 2 2 7777 8980 2789
8683 2 2 2 2 3984 4456 3986
8684 2 2 2 2 2643 2927 2926
8685 2 2 2 2 4765 4766 4764
8686 2 2 2 2 4152 7963 3036
8687 2 2 2 2 2206 2207 2204
8688 2 2 2 2 2871 8342 4660
8689 2 2 2 2 3925 4244 3924
8690 2 2 2 2 8090 8093 8092
8691 2 2 2 2 1650 1651 1649
8692 2 2 2 2 1984 2133 1983
8693 2 2 2 2 4308 8149 3948
8694 2 2 2 2 1896 1898 1897
8695 2 2 2 2 2607 3136 2606
8696 2 2 2 2 3467 5062 2117
8697 2 2 2 2 4068 4069 4067
8698 2 2 2 2 3288 4515 3970
8699 2 2 2 2 3630 4646 4645
8700 2 2 2 2 2966 4052 1908
8701 2 2 2 2 2942 3171 2944
8702 2 2 2 2 4786 5114 4244
8703 2 2 2 2 3153 7923 3151
8704 2 2 2 2 3215 4063 4061
8705 2 2 2 2 2934 2935 2933
8706 2 2 2 2 1839 8344 1836
8707 2 2 2 2 3916 6757 3620
8708 2 2 2 2 2489 2490 1735
8709 2 2 2 2 548 549 547
8710 2 2 2 2 556 557 555
8711 2 2 2 2 2735 8140 2733
8712 2 2 2 2 4077 4781 4076
8713 2 2 2 2 3095 3924 3096
8714 2 2 2 2 8379 8380 8378
8715 2 2 2 2 3215 4064 4063
8716 2 2 2 2 4262 4263 3899
8717 2 2 2 2 2796 2798 2797
8718 2 2 2 2 1426 8590 625
8719 2 2 2 2 3222 4657 760
8720 2 2 2 2 1602 6075 1604
8721 2 2 2 2 4842 4843 4573
8722 2 2 2 2 5353 7723 3232
8723 2 2 2 2 4039 4041 3293
8724 2 2 2 2 3898 4262 3899
8725 2 2 2 2 2641 2643 2642
8726 2 2 2 2 3953 5116 5115
8727 2 2 2 2 4842 5370 4843
8728 2 2 2 2 2112 2113 1632
8729 2 2 2 2 4082 7788 5161
8730 2 2 2 2 2489 2491 2490
8731 2 2 2 2 4561 8361 7651
8732 2 2 2 2 4110 5372 4264
8733 2 2 2 2 2730 2732 2731
8734 2 2 2 2 3760 4558 2706
8735 2 2 2 2 4902 4906 4903
8736 2 2 2 2 650 659 651
8737 2 2 2 2 5241 5243 4577
8738 2 2 2 2 811 2854 828
8739 2 2 2 2 3765 3786 3785
8740 2 2 2 2 1294 7498 1505
8741 2 2 2 2 3504 4323 3959
8742 2 2 2 2 2648 2857 2649
8743 2 2 2 2 848 871 870
8744 2 2 2 2 4110 5373 5372
8745 2 2 2 2 4061 8253 4774
8746 2 2 2 2 2963 3282 2787
8747 2 2 2 2 733 741 734
8748 2 2 2 2 3160 3255 3254
8749 2 2 2 2 3313 4057 3311
8750 2 2 2 2 2213 7321 2273
8751 2 2 2 2 2775 3243 2961
8752 2 2 2 2 2320 3095 2321
8753 2 2 2 2 607 8059 611
8754 2 2 2 2 3203 5298 3716
8755 2 2 2 2 1801 1802 1800
8756 2 2 2 2 1485 1486 1484
8757 2 2 2 2 3903 4468 4209
8758 2 2 2 2 3761 4076 3760
8759 2 2 2 2 856 858 857
8760 2 2 2 2 1154 4288 4287
8761 2 2 2 2 1614 1615 1226
8762 2 2 2 2 527 528 525
8763 2 2 2 2 1058 1061 1060
8764 2 2 2 2 592 964 594
8765 2 2 2 2 2949 3216 2947
8766 2 2 2 2 2834 3215 3214
8767 2 2 2 2 4651 7320 4145
8768 2 2 2 2 2930 2931 2929
8769 2 2 2 2 1482 7027 1480
8770 2 2 2 2 1814 1815 1812
8771 2 2 2 2 1651 1673 1653
8772 2 2 2 2 645 6181 2019
8773 2 2 2 2 2605 2606 2604
8774 2 2 2 2 1693 2011 1314
8775 2 2 2 2 2751 3551 2749
8776 2 2 2 2 5291 8397 4645
8777 2 2 2 2 2647 2648 2494
8778 2 2 2 2 3305 8368 5344
8779 2 2 2 2 3761 4077 4076
8780 2 2 2 2 574 575 571
8781 2 2 2 2 645 2019 650
8782 2 2 2 2 1875 1876 1872
8783 2 2 2 2 2921 3311 2922
8784 2 2 2 2 1871 1872 1868
8785 2 2 2 2 505 8208 503
8786 2 2 2 2 3882 4921 4920
8787 2 2 2 2 3095 8453 3925
8788 2 2 2 2 2718 2725 2720
8789 2 2 2 2 4232 5837 3921
8790 2 2 2 2 556 559 557
8791 2 2 2 2 2770 2771 2769
8792 2 2 2 2 2528 2551 2526
8793 2 2 2 2 3095 3925 3924
8794 2 2 2 2 4645 8397 8396
8795 2 2 2 2 5419 5420 4156
8796 2 2 2 2 1867 1868 1864
8797 2 2 2 2 1930 1931 1899
8798 2 2 2 2 3207 3208 2824
8799 2 2 2 2 3072 3893 3073
8800 2 2 2 2 2768 4519 2770
8801 2 2 2 2 3432 5783 3433
8802 2 2 2 2 8422 8423 3219
8803 2 2 2 2 4064 4066 4065
8804 2 2 2 2 2144 2320 2145
8805 2 2 2 2 4679 4813 4658
8806 2 2 2 2 2758 2921 2759
8807 2 2 2 2 2772 2773 2771
8808 2 2 2 2 2823 2824 2821
8809 2 2 2 2 1930 8198 1933
8810 2 2 2 2 1996 2029 1997
8811 2 2 2 2 2755 8361 4561
8812 2 2 2 2 2906 2978 2673
8813 2 2 2 2 2618 2620 2619
8814 2 2 2 2 2768 2769 2767
8815 2 2 2 2 3520 3521 3506
8816 2 2 2 2 1573 1595 1575
8817 2 2 2 2 1545 1547 1546
8818 2 2 2 2 2491 2493 2492
8819 2 2 2 2 2308 3072 2309
8820 2 2 2 2 599 603 602
8821 2 2 2 2 1273 2591 1355
8822 2 2 2 2 4337 5441 4339
8823 2 2 2 2 2755 4561 3982
8824 2 2 2 2 2806 2807 2805
8825 2 2 2 2 2639 2641 2640
8826 2 2 2 2 4458 4459 3992
8827 2 2 2 2 2170 7220 1018
8828 2 2 2 2 725 733 726
8829 2 2 2 2 1848 1849 1846
8830 2 2 2 2 4280 6445 4876
8831 2 2 2 2 2601 2602 506
8832 2 2 2 2 2794 2796 2795
8833 2 2 2 2 2818 2820 2817
8834 2 2 2 2 1496 2112 1632
8835 2 2 2 2 3150 3152 3151
8836 2 2 2 2 3991 3992 3990
8837 2 2 2 2 2802 2803 2800
8838 2 2 2 2 3675 3677 3676
8839 2 2 2 2 4459 4538 4536
8840 2 2 2 2 3969 4031 3287
8841 2 2 2 2 1500 1501 1473
8842 2 2 2 2 2518 2709 2516
8843 2 2 2 2 3799 3910 3909
8844 2 2 2 2 3338 3340 3339
8845 2 2 2 2 3087 3901 3887
8846 2 2 2 2 8249 8250 5240
8847 2 2 2 2 7027 7028 1480
8848 2 2 2 2 3602 3605 3604
8849 2 2 2 2 2809 2810 2807
8850 2 2 2 2 5176 7045 4623
8851 2 2 2 2 2127 2183 1883
8852 2 2 2 2 2803 7828 2812
8853 2 2 2 2 542 543 541
8854 2 2 2 2 3900 8148 4500
8855 2 2 2 2 2804 2805 2803
8856 2 2 2 2 3569 3571 3570
8857 2 2 2 2 4515 4517 4516
8858 2 2 2 2 2915 3299 3298
8859 2 2 2 2 1541 6289 1540
8860 2 2 2 2 5208 8347 8346
8861 2 2 2 2 1673 1909 1674
8862 2 2 2 2 1932 2041 1931
8863 2 2 2 2 1822 1824 1823
8864 2 2 2 2 2144 2145 1991
8865 2 2 2 2 2143 2144 1991
8866 2 2 2 2 2128 2129 1981
8867 2 2 2 2 3115 4110 3956
8868 2 2 2 2 2816 2817 2815
8869 2 2 2 2 2921 2922 2759
8870 2 2 2 2 1929 1930 1899
8871 2 2 2 2 4065 4767 4063
8872 2 2 2 2 3152 3154 3153
8873 2 2 2 2 2757 2758 2756
8874 2 2 2 2 3591 3610 3590
8875 2 2 2 2 4687 4703 4688
8876 2 2 2 2 2758 2759 2756
8877 2 2 2 2 583 586 582
8878 2 2 2 2 2921 3313 3311
8879 2 2 2 2 905 7703 2777
8880 2 2 2 2 645 650 646
8881 2 2 2 2 3811 3813 3812
8882 2 2 2 2 2857 3202 2858
8883 2 2 2 2 3994 3995 3163
8884 2 2 2 2 1820 8262 1819
8885 2 2 2 2 4066 4068 4067
8886 2 2 2 2 2798 2802 2800
8887 2 2 2 2 2803 2812 2800
8888 2 2 2 2 2808 2809 2807
8889 2 2 2 2 2598 9089 2599
8890 2 2 2 2 1362 1432 1351
8891 2 2 2 2 3562 4526 3176
8892 2 2 2 2 3161 7923 3153
8893 2 2 2 2 3272 3420 3418
8894 2 2 2 2 4561 7651 4564
8895 2 2 2 2 1863 1864 1862
8896 2 2 2 2 4703 7235 4704
8897 2 2 2 2 2823 2903 2824
8898 2 2 2 2 562 5900 1423
8899 2 2 2 2 1879 1887 1876
8900 2 2 2 2 3128 3476 3475
8901 2 2 2 2 3989 3990 3179
8902 2 2 2 2 1818 1821 1820
8903 2 2 2 2 2928 2929 2927
8904 2 2 2 2 3311 3312 2922
8905 2 2 2 2 4270 6195 3159
8906 2 2 2 2 3289 8361 2759
8907 2 2 2 2 3925 4786 4244
8908 2 2 2 2 4569 4718 4568
8909 2 2 2 2 5241 8330 5243
8910 2 2 2 2 4242 5811 4241
8911 2 2 2 2 3972 4043 4042
8912 2 2 2 2 3977 4568 3134
8913 2 2 2 2 581 2021 583
8914 2 2 2 2 4080 4759 4081
8915 2 2 2 2 2550 6995 2532
8916 2 2 2 2 4459 4536 3992
8917 2 2 2 2 3098 3444 3100
8918 2 2 2 2 1500 1502 1501
8919 2 2 2 2 3625 3760 2706
8920 2 2 2 2 3442 4241 3441
8921 2 2 2 2 5372 8956 4264
8922 2 2 2 2 5572 5573 674
8923 2 2 2 2 4244 4560 3924
8924 2 2 2 2 4561 4564 4562
8925 2 2 2 2 1990 1991 1887
8926 2 2 2 2 2903 3293 3207
8927 2 2 2 2 2786 2787 2785
8928 2 2 2 2 4035 4549 4113
8929 2 2 2 2 1867 1871 1868
8930 2 2 2 2 1863 1867 1864
8931 2 2 2 2 5615 5616 5614
8932 2 2 2 2 1408 5738 1507
8933 2 2 2 2 1871 1875 1872
8934 2 2 2 2 1682 3639 1762
8935 2 2 2 2 3177 8140 2735
8936 2 2 2 2 2750 2761 2752
8937 2 2 2 2 2566 2568 2567
8938 2 2 2 2 4491 6446 4493
8939 2 2 2 2 2829 2834 2833
8940 2 2 2 2 2968 3236 2079
8941 2 2 2 2 591 596 595
8942 2 2 2 2 587 590 586
8943 2 2 2 2 1838 1839 1836
8944 2 2 2 2 4781 5312 4076
8945 2 2 2 2 962 963 961
8946 2 2 2 2 2809 2811 2810
8947 2 2 2 2 1796 1799 1798
8948 2 2 2 2 841 848 847
8949 2 2 2 2 574 3642 576
8950 2 2 2 2 2620 2621 2619
8951 2 2 2 2 4110 4264 3956
8952 2 2 2 2 864 867 862
8953 2 2 2 2 3521 4017 4016
8954 2 2 2 2 2757 3240 2758
8955 2 2 2 2 3158 3160 3159
8956 2 2 2 2 1122 1123 1120
8957 2 2 2 2 1640 1744 1639
8958 2 2 2 2 2816 2818 2817
8959 2 2 2 2 3583 3584 3582
8960 2 2 2 2 4043 5294 5292
8961 2 2 2 2 2798 2799 2797
8962 2 2 2 2 3285 3953 3952
8963 2 2 2 2 4211 5672 4225
8964 2 2 2 2 1895 2018 1894
8965 2 2 2 2 1080 2026 1059
8966 2 2 2 2 1517 1650 1649
8967 2 2 2 2 1896 1897 1895
8968 2 2 2 2 4896 4898 4897
8969 2 2 2 2 3154 3156 3155
8970 2 2 2 2 1831 6211 1878
8971 2 2 2 2 3209 8554 2689
8972 2 2 2 2 2320 8453 3095
8973 2 2 2 2 3605 3618 3617
8974 2 2 2 2 4500 5842 5022
8975 2 2 2 2 1455 4630 1353
8976 2 2 2 2 4601 4682 4600
8977 2 2 2 2 2366 2367 2305
8978 2 2 2 2 4458 7228 4459
8979 2 2 2 2 4495 6527 4497
8980 2 2 2 2 820 2115 818
8981 2 2 2 2 2796 2797 2795
8982 2 2 2 2 3991 4458 3992
8983 2 2 2 2 1386 1472 1385
8984 2 2 2 2 8376 8991 8379
8985 2 2 2 2 853 854 843
8986 2 2 2 2 2614 2616 2615
8987 2 2 2 2 4054 5313 4557
8988 2 2 2 2 4559 4849 4111
8989 2 2 2 2 5793 5840 5043
8990 2 2 2 2 1822 1825 1824
8991 2 2 2 2 4645 8396 4029
8992 2 2 2 2 596 599 598
8993 2 2 2 2 1844 1846 1845
8994 2 2 2 2 2818 2821 2820
8995 2 2 2 2 2799 2827 2801
8996 2 2 2 2 2128 2308 2129
8997 2 2 2 2 2330 2331 2121
8998 2 2 2 2 1818 1820 1819
8999 2 2 2 2 2792 2794 2793
9000 2 2 2 2 2320 2321 2145
9001 2 2 2 2 1821 1822 1820
9002 2 2 2 2 2773 2775 2774
9003 2 2 2 2 2681 2682 2680
9004 2 2 2 2 3237 4082 3236
9005 2 2 2 2 3630 4029 3208
9006 2 2 2 2 4595 4883 4594
9007 2 2 2 2 5332 8280 5331
9008 2 2 2 2 2970 3441 559
9009 2 2 2 2 2698 3182 2692
9010 2 2 2 2 3156 3158 3157
9011 2 2 2 2 3095 3096 2321
9012 2 2 2 2 1829 6211 1831
9013 2 2 2 2 913 6668 915
9014 2 2 2 2 911 936 913
9015 2 2 2 2 1728 8535 1343
9016 2 2 2 2 555 8510 554
9017 2 2 2 2 1825 1826 1824
9018 2 2 2 2 2742 7978 2737
9019 2 2 2 2 2814 2816 2815
9020 2 2 2 2 2817 2837 2815
9021 2 2 2 2 3627 3628 3307
9022 2 2 2 2 2775 2961 2776
9023 2 2 2 2 3901 5045 5017
9024 2 2 2 2 1996 1997 1773
9025 2 2 2 2 1898 2789 1929
9026 2 2 2 2 4241 5195 3441
9027 2 2 2 2 549 8347 552
9028 2 2 2 2 6084 6086 6085
9029 2 2 2 2 1843 1844 1842
9030 2 2 2 2 3989 8384 3991
9031 2 2 2 2 1936 2088 1996
9032 2 2 2 2 3627 3645 3628
9033 2 2 2 2 5171 5795 5794
9034 2 2 2 2 2794 2826 2796
9035 2 2 2 2 3625 3761 3760
9036 2 2 2 2 1422 7279 584
9037 2 2 2 2 4009 7989 4013
9038 2 2 2 2 2948 3167 2950
9039 2 2 2 2 2755 3982 2753
9040 2 2 2 2 4238 5043 3907
9041 2 2 2 2 2493 2647 2494
9042 2 2 2 2 545 548 547
9043 2 2 2 2 3907 6035 3274
9044 2 2 2 2 591 1034 596
9045 2 2 2 2 8248 8249 5240
9046 2 2 2 2 3274 3292 2973
9047 2 2 2 2 8281 8282 1874
9048 2 2 2 2 2814 2815 2811
9049 2 2 2 2 4117 4594 2971
9050 2 2 2 2 2677 2681 2680
9051 2 2 2 2 5224 8319 4584
9052 2 2 2 2 3306 3307 3305
9053 2 2 2 2 1289 1291 1290
9054 2 2 2 2 2822 2823 2821
9055 2 2 2 2 4095 4231 4230
9056 2 2 2 2 2952 3141 2954
9057 2 2 2 2 4023 4577 4019
9058 2 2 2 2 3054 4145 3810
9059 2 2 2 2 1315 6534 1630
9060 2 2 2 2 1247 1249 1248
9061 2 2 2 2 4474 4611 4476
9062 2 2 2 2 3297 3740 766
9063 2 2 2 2 1807 1873 1805
9064 2 2 2 2 1533 1925 1535
9065 2 2 2 2 1110 4838 1045
9066 2 2 2 2 3989 3991 3990
9067 2 2 2 2 4069 4763 4762
9068 2 2 2 2 837 2627 839
9069 2 2 2 2 3186 4019 3638
9070 2 2 2 2 5374 5848 4788
9071 2 2 2 2 4731 8400 5250
9072 2 2 2 2 3675 3676 3674
9073 2 2 2 2 2806 2808 2807
9074 2 2 2 2 1045 1046 1030
9075 2 2 2 2 3645 4266 3628
9076 2 2 2 2 3416 3790 2431
9077 2 2 2 2 3521 4016 3506
9078 2 2 2 2 2134 2445 2133
9079 2 2 2 2 5070 7686 3928
9080 2 2 2 2 3102 4095 3906
9081 2 2 2 2 5214 8419 4016
9082 2 2 2 2 2644 3180 2116
9083 2 2 2 2 3677 3966 3676
9084 2 2 2 2 1861 1863 1862
9085 2 2 2 2 556 2969 559
9086 2 2 2 2 680 6740 710
9087 2 2 2 2 2205 7920 2036
9088 2 2 2 2 2714 3616 2716
9089 2 2 2 2 2013 2132 2011
9090 2 2 2 2 2682 4589 2680
9091 2 2 2 2 3215 4061 3214
9092 2 2 2 2 2754 2757 2756
9093 2 2 2 2 3274 6035 3292
9094 2 2 2 2 5840 5841 5043
9095 2 2 2 2 2677 2680 1839
9096 2 2 2 2 3598 4046 3597
9097 2 2 2 2 3185 3305 3304
9098 2 2 2 2 1848 1850 1849
9099 2 2 2 2 3083 3903 3902
9100 2 2 2 2 5116 6440 6217
9101 2 2 2 2 2704 8453 2320
9102 2 2 2 2 3772 4881 3771
9103 2 2 2 2 2842 3186 2841
9104 2 2 2 2 2669 2670 2624
9105 2 2 2 2 4623 8023 1866
9106 2 2 2 2 3228 8203 4586
9107 2 2 2 2 3632 4571 3188
9108 2 2 2 2 4846 5793 4238
9109 2 2 2 2 3633 4451 3632
9110 2 2 2 2 4238 5793 5043
9111 2 2 2 2 2871 3504 3127
9112 2 2 2 2 905 2777 907
9113 2 2 2 2 5075 5209 5208
9114 2 2 2 2 2943 3217 2941
9115 2 2 2 2 565 8387 1354
9116 2 2 2 2 1472 3625 2706
9117 2 2 2 2 3338 3339 3337
9118 2 2 2 2 526 8951 527
9119 2 2 2 2 1315 1630 1317
9120 2 2 2 2 1875 1879 1876
9121 2 2 2 2 1876 1877 1872
9122 2 2 2 2 4846 5794 5793
9123 2 2 2 2 3305 5344 3304
9124 2 2 2 2 5265 8223 5458
9125 2 2 2 2 2804 2806 2805
9126 2 2 2 2 5387 7524 5386
9127 2 2 2 2 2807 7674 2805
9128 2 2 2 2 5074 5075 4807
9129 2 2 2 2 2792 2793 2791
9130 2 2 2 2 8283 8284 3645
9131 2 2 2 2 3238 3764 3239
9132 2 2 2 2 539 542 541
9133 2 2 2 2 4280 4876 4057
9134 2 2 2 2 1853 1855 1854
9135 2 2 2 2 5239 5240 4823
9136 2 2 2 2 1868 8281 1864
9137 2 2 2 2 5171 5794 4846
9138 2 2 2 2 1850 1853 1852
9139 2 2 2 2 3442 4242 4241
9140 2 2 2 2 2794 2795 2793
9141 2 2 2 2 615 619 618
9142 2 2 2 2 5210 5211 5209
9143 2 2 2 2 538 539 537
9144 2 2 2 2 3623 5187 4795
9145 2 2 2 2 2366 2368 2367
9146 2 2 2 2 1855 1857 1856
9147 2 2 2 2 1864 8281 1874
9148 2 2 2 2 5174 5249 4620
9149 2 2 2 2 1894 7848 1730
9150 2 2 2 2 2839 8422 3219
9151 2 2 2 2 3585 3586 3584
9152 2 2 2 2 2697 2698 2692
9153 2 2 2 2 3186 4023 4019
9154 2 2 2 2 5799 5807 5213
9155 2 2 2 2 2970 3442 3441
9156 2 2 2 2 1826 1828 1827
9157 2 2 2 2 1386 1473 1472
9158 2 2 2 2 5208 8346 4807
9159 2 2 2 2 1861 1862 1860
9160 2 2 2 2 2144 2704 2320
9161 2 2 2 2 2568 8449 2570
9162 2 2 2 2 4561 4562 3982
9163 2 2 2 2 2669 2671 2670
9164 2 2 2 2 4810 5328 4809
9165 2 2 2 2 2802 2804 2803
9166 2 2 2 2 1818 1819 1816
9167 2 2 2 2 4008 7989 4009
9168 2 2 2 2 2834 3214 2833
9169 2 2 2 2 3185 8244 3306
9170 2 2 2 2 1363 1385 1362
9171 2 2 2 2 971 2194 969
9172 2 2 2 2 1850 1852 1849
9173 2 2 2 2 1984 8202 2134
9174 2 2 2 2 584 7279 588
9175 2 2 2 2 4072 4220 3412
9176 2 2 2 2 8346 8347 548
9177 2 2 2 2 1617 1669 1668
9178 2 2 2 2 123 321 122
9179 2 2 2 2 1352 1362 1351
9180 2 2 2 2 3174 3175 2138
9181 2 2 2 2 907 6672 909
9182 2 2 2 2 2813 2814 2811
9183 2 2 2 2 3186 8433 4023
9184 2 2 2 2 2445 3128 2447
9185 2 2 2 2 1855 1856 1854
9186 2 2 2 2 1853 1854 1852
9187 2 2 2 2 3166 3672 3671
9188 2 2 2 2 2608 2610 2609
9189 2 2 2 2 2083 2084 2082
9190 2 2 2 2 674 5573 676
9191 2 2 2 2 3626 3627 3307
9192 2 2 2 2 3145 7558 3144
9193 2 2 2 2 3593 3599 3592
9194 2 2 2 2 2513 7332 2511
9195 2 2 2 2 4564 5169 4562
9196 2 2 2 2 936 6668 913
9197 2 2 2 2 5075 5210 5209
9198 2 2 2 2 3757 4051 3202
9199 2 2 2 2 3520 4334 3521
9200 2 2 2 2 1500 1527 1502
9201 2 2 2 2 1838 1840 1839
9202 2 2 2 2 2578 2580 2579
9203 2 2 2 2 921 937 924
9204 2 2 2 2 3185 3306 3305
9205 2 2 2 2 2875 2895 2877
9206 2 2 2 2 2818 2822 2821
9207 2 2 2 2 638 6181 645
9208 2 2 2 2 2972 2973 2698
9209 2 2 2 2 2840 2841 2836
9210 2 2 2 2 530 531 529
9211 2 2 2 2 1227 1228 1222
9212 2 2 2 2 1864 1874 1862
9213 2 2 2 2 2691 2692 2686
9214 2 2 2 2 1859 1860 1857
9215 2 2 2 2 901 938 903
9216 2 2 2 2 4067 8171 4065
9217 2 2 2 2 4806 5074 4807
9218 2 2 2 2 3299 4319 4318
9219 2 2 2 2 2647 3134 2648
9220 2 2 2 2 1251 5775 1248
9221 2 2 2 2 4023 5241 4577
9222 2 2 2 2 4402 5320 5319
9223 2 2 2 2 2809 2813 2811
9224 2 2 2 2 1815 7976 1812
9225 2 2 2 2 1483 1484 1482
9226 2 2 2 2 570 571 569
9227 2 2 2 2 5075 5208 4807
9228 2 2 2 2 2612 2614 2613
9229 2 2 2 2 1936 1996 1773
9230 2 2 2 2 2840 2842 2841
9231 2 2 2 2 5210 5853 5211
9232 2 2 2 2 3185 3304 2696
9233 2 2 2 2 6682 9053 6679
9234 2 2 2 2 5037 5038 4612
9235 2 2 2 2 5458 5492 5457
9236 2 2 2 2 3313 4559 4111
9237 2 2 2 2 1822 1823 1820
9238 2 2 2 2 2969 2970 559
9239 2 2 2 2 1826 1829 1828
9240 2 2 2 2 2743 2748 2745
9241 2 2 2 2 4093 4823 4333
9242 2 2 2 2 2740 2741 2728
9243 2 2 2 2 5445 6435 5420
9244 2 2 2 2 3596 3597 1813
9245 2 2 2 2 3186 3638 2841
9246 2 2 2 2 5239 8248 5240
9247 2 2 2 2 3181 3998 3180
9248 2 2 2 2 3709 6685 3703
9249 2 2 2 2 3903 4887 4468
9250 2 2 2 2 1936 2089 2088
9251 2 2 2 2 1981 7987 1882
9252 2 2 2 2 2961 3115 2962
9253 2 2 2 2 1879 1990 1887
9254 2 2 2 2 2883 4635 3927
9255 2 2 2 2 4744 5311 4051
9256 2 2 2 2 542 2676 543
9257 2 2 2 2 522 8890 523
9258 2 2 2 2 1386 8075 1499
9259 2 2 2 2 2775 2776 2774
9260 2 2 2 2 2680 8344 1839
9261 2 2 2 2 2922 3289 2759
9262 2 2 2 2 3184 8244 3185
9263 2 2 2 2 3984 3986 3679
9264 2 2 2 2 3433 3436 3435
9265 2 2 2 2 1799 1801 1800
9266 2 2 2 2 3662 8683 961
9267 2 2 2 2 2842 8433 3186
9268 2 2 2 2 2356 3048 2361
9269 2 2 2 2 2813 2819 2814
9270 2 2 2 2 553 555 554
9271 2 2 2 2 2694 2696 2695
9272 2 2 2 2 3184 3185 2696
9273 2 2 2 2 4539 4540 4068
9274 2 2 2 2 1898 7776 2789
9275 2 2 2 2 7884 8616 7883
9276 2 2 2 2 4543 6029 4001
9277 2 2 2 2 2939 3220 2937
9278 2 2 2 2 3307 8368 3305
9279 2 2 2 2 2704 8454 8453
9280 2 2 2 2 1803 1805 1802
9281 2 2 2 2 1168 4580 1166
9282 2 2 2 2 3040 3758 2200
9283 2 2 2 2 4468 5051 4209
9284 2 2 2 2 1126 1128 1127
9285 2 2 2 2 4093 5239 4823
9286 2 2 2 2 1823 8262 1820
9287 2 2 2 2 3115 3956 3116
9288 2 2 2 2 1896 7776 1898
9289 2 2 2 2 552 8174 553
9290 2 2 2 2 2839 2840 2836
9291 2 2 2 2 3977 4569 4568
9292 2 2 2 2 5450 5459 4176
9293 2 2 2 2 4721 5331 3746
9294 2 2 2 2 4456 5147 3986
9295 2 2 2 2 1990 2143 1991
9296 2 2 2 2 1819 8143 1816
9297 2 2 2 2 2691 2697 2692
9298 2 2 2 2 2701 2703 2702
9299 2 2 2 2 3777 3907 3274
9300 2 2 2 2 3971 3972 3537
9301 2 2 2 2 3388 3811 2983
9302 2 2 2 2 4019 4578 3638
9303 2 2 2 2 3230 3274 2973
9304 2 2 2 2 963 3662 961
9305 2 2 2 2 3004 7127 3002
9306 2 2 2 2 4099 4808 4806
9307 2 2 2 2 523 525 524
9308 2 2 2 2 3084 5213 2384
9309 2 2 2 2 3306 3626 3307
9310 2 2 2 2 1289 1290 1287
9311 2 2 2 2 1145 2434 1142
9312 2 2 2 2 3620 6757 3622
9313 2 2 2 2 557 560 558
9314 2 2 2 2 2578 2579 2577
9315 2 2 2 2 2690 2694 2693
9316 2 2 2 2 4403 9017 5158
9317 2 2 2 2 578 1422 584
9318 2 2 2 2 4552 7918 4086
9319 2 2 2 2 3235 5318 4101
9320 2 2 2 2 4806 4807 4588
9321 2 2 2 2 2799 2801 2797
9322 2 2 2 2 4074 4238 3907
9323 2 2 2 2 2694 2695 2693
9324 2 2 2 2 1840 2677 1839
9325 2 2 2 2 3999 5189 3998
9326 2 2 2 2 4807 8346 4588
9327 2 2 2 2 1863 1869 1867
9328 2 2 2 2 1766 8365 1765
9329 2 2 2 2 1375 1739 1738
9330 2 2 2 2 1826 1827 1824
9331 2 2 2 2 2614 8374 2616
9332 2 2 2 2 2141 2142 1993
9333 2 2 2 2 3628 8368 3307
9334 2 2 2 2 2810 7674 2807
9335 2 2 2 2 2694 3184 2696
9336 2 2 2 2 4569 5251 4718
9337 2 2 2 2 938 7703 903
9338 2 2 2 2 2703 3315 2702
9339 2 2 2 2 4029 8396 4731
9340 2 2 2 2 2697 2972 2698
9341 2 2 2 2 2610 2612 2611
9342 2 2 2 2 1229 1365 1230
9343 2 2 2 2 8396 8400 4731
9344 2 2 2 2 2011 2012 1314
9345 2 2 2 2 3627 8283 3645
9346 2 2 2 2 1859 1861 1860
9347 2 2 2 2 2681 2683 2682
9348 2 2 2 2 1875 1880 1879
9349 2 2 2 2 560 7655 5900
9350 2 2 2 2 4003 4620 3290
9351 2 2 2 2 1828 1870 1827
9352 2 2 2 2 4845 4846 4238
9353 2 2 2 2 1867 6987 1871
9354 2 2 2 2 1499 1500 1473
9355 2 2 2 2 2769 4587 2767
9356 2 2 2 2 2046 2443 2048
9357 2 2 2 2 2701 2702 2143
9358 2 2 2 2 534 535 533
9359 2 2 2 2 2795 3637 2793
9360 2 2 2 2 4329 6333 5122
9361 2 2 2 2 2822 3188 2823
9362 2 2 2 2 4527 4528 4526
9363 2 2 2 2 4660 6258 3504
9364 2 2 2 2 3944 6131 3279
9365 2 2 2 2 1869 6987 1867
9366 2 2 2 2 867 8009 862
9367 2 2 2 2 7482 8696 7481
9368 2 2 2 2 1694 1882 1690
9369 2 2 2 2 4554 8283 3627
9370 2 2 2 2 4146 8866 5002
9371 2 2 2 2 531 532 529
9372 2 2 2 2 3633 4452 4451
9373 2 2 2 2 3739 3751 3738
9374 2 2 2 2 2703 3643 3315
9375 2 2 2 2 2618 2619 2617
9376 2 2 2 2 3921 8148 3900
9377 2 2 2 2 4095 4230 3906
9378 2 2 2 2 3643 4093 4092
9379 2 2 2 2 3631 3633 3632
9380 2 2 2 2 3294 4039 3293
9381 2 2 2 2 915 2845 917
9382 2 2 2 2 8504 8505 8500
9383 2 2 2 2 2683 2684 2682
9384 2 2 2 2 8013 8017 1735
9385 2 2 2 2 1386 1499 1473
9386 2 2 2 2 552 553 551
9387 2 2 2 2 4632 4816 4815
9388 2 2 2 2 4017 4592 4016
9389 2 2 2 2 2650 3994 3163
9390 2 2 2 2 535 536 533
9391 2 2 2 2 4061 4774 4062
9392 2 2 2 2 4266 5053 3628
9393 2 2 2 2 7151 7525 4528
9394 2 2 2 2 2832 2839 2836
9395 2 2 2 2 2773 2774 2771
9396 2 2 2 2 3126 4596 3943
9397 2 2 2 2 7321 8821 2273
9398 2 2 2 2 3631 3632 3188
9399 2 2 2 2 7776 7777 2789
9400 2 2 2 2 4093 4333 4092
9401 2 2 2 2 2832 2836 2835
9402 2 2 2 2 3626 4554 3627
9403 2 2 2 2 3306 8244 4006
9404 2 2 2 2 4570 4809 4077
9405 2 2 2 2 2195 5572 668
9406 2 2 2 2 5053 8368 3628
9407 2 2 2 2 2675 3166 3165
9408 2 2 2 2 5073 5920 5072
9409 2 2 2 2 1926 4008 2077
9410 2 2 2 2 4556 8373 4555
9411 2 2 2 2 3903 4209 3902
9412 2 2 2 2 623 1426 625
9413 2 2 2 2 1870 2711 1827
9414 2 2 2 2 4092 4094 3315
9415 2 2 2 2 1618 1619 1498
9416 2 2 2 2 671 682 681
9417 2 2 2 2 1166 8124 1165
9418 2 2 2 2 4578 5197 4579
9419 2 2 2 2 1340 1351 1339
9420 2 2 2 2 1847 1848 1846
9421 2 2 2 2 1929 8198 1930
9422 2 2 2 2 4619 5096 5095
9423 2 2 2 2 1854 1865 1852
9424 2 2 2 2 1521 1540 1520
9425 2 2 2 2 2961 2962 2776
9426 2 2 2 2 2839 3219 2840
9427 2 2 2 2 4464 5003 4167
9428 2 2 2 2 5206 7230 2819
9429 2 2 2 2 4586 4825 4805
9430 2 2 2 2 1987 2960 2139
9431 2 2 2 2 3719 4684 3712
9432 2 2 2 2 3228 4586 4078
9433 2 2 2 2 3988 3989 3179
9434 2 2 2 2 2269 2270 2267
9435 2 2 2 2 4217 4218 4216
9436 2 2 2 2 4572 4573 3240
9437 2 2 2 2 1926 1927 1766
9438 2 2 2 2 607 611 610
9439 2 2 2 2 3637 8183 2793
9440 2 2 2 2 1888 7027 1482
9441 2 2 2 2 4761 8171 4067
9442 2 2 2 2 3643 4092 3315
9443 2 2 2 2 1829 1830 1828
9444 2 2 2 2 2972 3230 2973
9445 2 2 2 2 1793 8117 3723
9446 2 2 2 2 1862 8390 1860
9447 2 2 2 2 8794 8795 8280
9448 2 2 2 2 1340 1431 1352
9449 2 2 2 2 3096 3098 3097
9450 2 2 2 2 2832 2835 2831
9451 2 2 2 2 1810 2652 1809
9452 2 2 2 2 4029 4731 4566
9453 2 2 2 2 4099 4806 4588
9454 2 2 2 2 4589 8344 2680
9455 2 2 2 2 2827 2829 2828
9456 2 2 2 2 598 8526 878
9457 2 2 2 2 4063 8253 4061
9458 2 2 2 2 2688 3183 2690
9459 2 2 2 2 3076 4000 3074
9460 2 2 2 2 4621 4623 1866
9461 2 2 2 2 3340 3342 3341
9462 2 2 2 2 4001 6029 2711
9463 2 2 2 2 855 2489 1735
9464 2 2 2 2 1487 1488 1486
9465 2 2 2 2 2685 2686 2684
9466 2 2 2 2 4040 4680 4039
9467 2 2 2 2 2703 4018 3643
9468 2 2 2 2 4585 5224 4584
9469 2 2 2 2 1333 2710 1330
9470 2 2 2 2 1337 1341 1335
9471 2 2 2 2 4426 5162 4425
9472 2 2 2 2 2793 8183 2791
9473 2 2 2 2 3194 7883 2618
9474 2 2 2 2 3363 3380 3365
9475 2 2 2 2 3930 7612 3650
9476 2 2 2 2 5213 8426 2384
9477 2 2 2 2 3178 3179 2838
9478 2 2 2 2 2687 2691 2686
9479 2 2 2 2 3230 3777 3274
9480 2 2 2 2 2765 2766 2626
9481 2 2 2 2 2690 2693 2689
9482 2 2 2 2 4089 4632 4090
9483 2 2 2 2 1029 1030 1028
9484 2 2 2 2 1678 8012 1926
9485 2 2 2 2 2693 3209 2689
9486 2 2 2 2 5183 8384 3989
9487 2 2 2 2 4096 4326 4052
9488 2 2 2 2 2701 8404 2703
9489 2 2 2 2 4854 5235 4856
9490 2 2 2 2 2835 4583 2831
9491 2 2 2 2 2827 2828 2801
9492 2 2 2 2 3505 3520 3506
9493 2 2 2 2 1678 1926 1766
9494 2 2 2 2 1729 1730 1728
9495 2 2 2 2 1354 7539 563
9496 2 2 2 2 4966 5302 3725
9497 2 2 2 2 4098 4099 2676
9498 2 2 2 2 3115 3116 2962
9499 2 2 2 2 2691 8440 2697
9500 2 2 2 2 3777 4074 3907
9501 2 2 2 2 919 6662 921
9502 2 2 2 2 1987 8290 2960
9503 2 2 2 2 3423 4226 3425
9504 2 2 2 2 603 607 606
9505 2 2 2 2 3956 3957 3116
9506 2 2 2 2 2825 2838 2808
9507 2 2 2 2 1694 1893 1882
9508 2 2 2 2 1731 1894 1730
9509 2 2 2 2 4731 5250 4732
9510 2 2 2 2 4074 4845 4238
9511 2 2 2 2 5032 5033 3897
9512 2 2 2 2 4541 4543 4001
9513 2 2 2 2 5796 5947 5795
9514 2 2 2 2 4119 5383 5382
9515 2 2 2 2 494 2590 826
9516 2 2 2 2 2970 4053 3442
9517 2 2 2 2 1746 4685 1529
9518 2 2 2 2 2703 8404 4018
9519 2 2 2 2 3766 6284 4073
9520 2 2 2 2 1261 2708 1296
9521 2 2 2 2 2681 4565 2683
9522 2 2 2 2 4496 5166 4494
9523 2 2 2 2 1990 2701 2143
9524 2 2 2 2 1440 5820 1442
9525 2 2 2 2 2685 2687 2686
9526 2 2 2 2 1640 8642 1744
9527 2 2 2 2 2630 8374 2614
9528 2 2 2 2 3284 3932 3282
9529 2 2 2 2 1952 1954 1953
9530 2 2 2 2 2532 6995 2530
9531 2 2 2 2 5207 8423 8422
9532 2 2 2 2 2829 2833 2830
9533 2 2 2 2 2128 8426 2308
9534 2 2 2 2 3214 8421 2833
9535 2 2 2 2 4528 8466 4526
9536 2 2 2 2 4099 4588 2676
9537 2 2 2 2 1765 8365 3623
9538 2 2 2 2 1841 7690 2712
9539 2 2 2 2 3620 3622 3621
9540 2 2 2 2 5111 5182 4313
9541 2 2 2 2 2697 3314 2972
9542 2 2 2 2 5279 5281 5280
9543 2 2 2 2 4483 4484 4356
9544 2 2 2 2 2956 3548 3139
9545 2 2 2 2 3994 5186 3995
9546 2 2 2 2 4574 4842 4573
9547 2 2 2 2 2027 2110 2085
9548 2 2 2 2 8498 8499 8497
9549 2 2 2 2 2683 2685 2684
9550 2 2 2 2 962 992 963
9551 2 2 2 2 897 2844 899
9552 2 2 2 2 4102 4103 3787
9553 2 2 2 2 3073 7735 3075
9554 2 2 2 2 7990 7994 7989
9555 2 2 2 2 3993 5387 5386
9556 2 2 2 2 3106 4584 3104
9557 2 2 2 2 4066 4539 4068
9558 2 2 2 2 2576 2578 2577
9559 2 2 2 2 4884 5092 5090
9560 2 2 2 2 3655 7978 2742
9561 2 2 2 2 4397 9017 4399
9562 2 2 2 2 3098 3100 3099
9563 2 2 2 2 2445 2447 2133
9564 2 2 2 2 3505 3506 3129
9565 2 2 2 2 1549 1551 1550
9566 2 2 2 2 2813 5206 2819
9567 2 2 2 2 4578 4579 3638
9568 2 2 2 2 2725 2728 2720
9569 2 2 2 2 2697 8440 3314
9570 2 2 2 2 5170 5171 4846
9571 2 2 2 2 3306 4006 3626
9572 2 2 2 2 2606 2625 2604
9573 2 2 2 2 2131 2323 2322
9574 2 2 2 2 1859 8023 1861
9575 2 2 2 2 3894 4211 3893
9576 2 2 2 2 3504 6258 4323
9577 2 2 2 2 2131 2322 2130
9578 2 2 2 2 702 1261 877
9579 2 2 2 2 888 960 887
9580 2 2 2 2 1551 1553 1552
9581 2 2 2 2 4539 5192 4540
9582 2 2 2 2 3112 3320 3046
9583 2 2 2 2 2701 8405 8404
9584 2 2 2 2 1801 1988 1803
9585 2 2 2 2 1363 1386 1385
9586 2 2 2 2 1841 1842 1840
9587 2 2 2 2 1897 8225 1895
9588 2 2 2 2 5362 5828 5827
9589 2 2 2 2 1352 1363 1362
9590 2 2 2 2 4117 4595 4594
9591 2 2 2 2 1990 8405 2701
9592 2 2 2 2 757 7890 2462
9593 2 2 2 2 2163 3416 2431
9594 2 2 2 2 1874 8390 1862
9595 2 2 2 2 5197 5198 4579
9596 2 2 2 2 527 529 528
9597 2 2 2 2 1834 1835 1832
9598 2 2 2 2 5011 5012 4904
9599 2 2 2 2 2534 2550 2532
9600 2 2 2 2 3762 7491 3558
9601 2 2 2 2 961 8683 960
9602 2 2 2 2 1989 2131 2130
9603 2 2 2 2 995 6641 2867
9604 2 2 2 2 5170 8891 5171
9605 2 2 2 2 4072 4221 4220
9606 2 2 2 2 4262 4884 4263
9607 2 2 2 2 3087 3887 2390
9608 2 2 2 2 2903 3294 3293
9609 2 2 2 2 4831 4833 4832
9610 2 2 2 2 4416 4699 3980
9611 2 2 2 2 2935 3221 2933
9612 2 2 2 2 2830 2832 2831
9613 2 2 2 2 4023 8433 5242
9614 2 2 2 2 1329 1461 1331
9615 2 2 2 2 2769 8463 4587
9616 2 2 2 2 4312 5111 4313
9617 2 2 2 2 3925 8453 4787
9618 2 2 2 2 549 551 550
9619 2 2 2 2 4456 6772 5147
9620 2 2 2 2 5384 5587 4120
9621 2 2 2 2 598 878 595
9622 2 2 2 2 4595 6208 4883
9623 2 2 2 2 4061 4062 3214
9624 2 2 2 2 3587 3588 3586
9625 2 2 2 2 4851 8927 8006
9626 2 2 2 2 4009 4013 4011
9627 2 2 2 2 3310 4089 4088
9628 2 2 2 2 1992 1993 1892
9629 2 2 2 2 517 519 518
9630 2 2 2 2 5282 5284 5283
9631 2 2 2 2 3294 4040 4039
9632 2 2 2 2 1806 1807 1805
9633 2 2 2 2 3084 5799 5213
9634 2 2 2 2 3230 4105 3777
9635 2 2 2 2 1880 8405 1879
9636 2 2 2 2 4062 8421 3214
9637 2 2 2 2 2295 2297 2296
9638 2 2 2 2 2130 8426 2128
9639 2 2 2 2 3991 4463 4458
9640 2 2 2 2 2272 5876 2208
9641 2 2 2 2 1340 1352 1351
9642 2 2 2 2 2822 3631 3188
9643 2 2 2 2 1878 5267 2705
9644 2 2 2 2 926 2848 928
9645 2 2 2 2 527 8951 530
9646 2 2 2 2 5380 6632 5379
9647 2 2 2 2 910 2593 908
9648 2 2 2 2 2796 8207 2798
9649 2 2 2 2 4023 5242 5241
9650 2 2 2 2 2969 8357 2970
9651 2 2 2 2 1027 1028 996
9652 2 2 2 2 2639 2640 1909
9653 2 2 2 2 507 509 508
9654 2 2 2 2 1169 1170 1168
9655 2 2 2 2 3911 3912 3512
9656 2 2 2 2 5276 5278 5277
9657 2 2 2 2 4621 5176 4623
9658 2 2 2 2 3623 8365 5187
9659 2 2 2 2 3618 3620 3619
9660 2 2 2 2 543 545 544
9661 2 2 2 2 5171 5796 5795
9662 2 2 2 2 4013 4015 4014
9663 2 2 2 2 5374 8060 5848
9664 2 2 2 2 4559 8002 4849
9665 2 2 2 2 4836 7491 3762
9666 2 2 2 2 539 541 540
9667 2 2 2 2 2757 4572 3240
9668 2 2 2 2 4593 7981 4622
9669 2 2 2 2 3233 7558 3145
9670 2 2 2 2 2970 8357 4053
9671 2 2 2 2 1893 1981 1882
9672 2 2 2 2 1893 1989 1981
9673 2 2 2 2 3106 4585 4584
9674 2 2 2 2 513 515 514
9675 2 2 2 2 553 8174 556
9676 2 2 2 2 3096 3097 2321
9677 2 2 2 2 1829 1831 1830
9678 2 2 2 2 1837 1838 1836
9679 2 2 2 2 3783 4248 3781
9680 2 2 2 2 4585 5225 5224
9681 2 2 2 2 4011 4012 4010
9682 2 2 2 2 3953 5115 3952
9683 2 2 2 2 1334 2679 1336
9684 2 2 2 2 2830 2831 2828
9685 2 2 2 2 3991 8384 4463
9686 2 2 2 2 4774 5333 4777
9687 2 2 2 2 1870 4001 2711
9688 2 2 2 2 6849 6865 6851
9689 2 2 2 2 516 2768 2767
9690 2 2 2 2 1338 1339 1337
9691 2 2 2 2 1374 7028 1305
9692 2 2 2 2 568 569 567
9693 2 2 2 2 2806 2825 2808
9694 2 2 2 2 1858 1859 1857
9695 2 2 2 2 4687 4688 3204
9696 2 2 2 2 1831 1832 1830
9697 2 2 2 2 2708 6534 1296
9698 2 2 2 2 1171 1173 1172
9699 2 2 2 2 4767 8253 4063
9700 2 2 2 2 3100 3102 3101
9701 2 2 2 2 535 538 537
9702 2 2 2 2 1328 1332 1326
9703 2 2 2 2 3135 3977 3134
9704 2 2 2 2 4074 5371 4845
9705 2 2 2 2 3573 3574 3572
9706 2 2 2 2 460 2496 462
9707 2 2 2 2 3225 4552 4086
9708 2 2 2 2 3535 3971 3537
9709 2 2 2 2 3997 4483 4356
9710 2 2 2 2 4594 7773 2971
9711 2 2 2 2 2802 4567 2804
9712 2 2 2 2 4968 5471 5470
9713 2 2 2 2 4555 8373 4812
9714 2 2 2 2 1731 1896 1895
9715 2 2 2 2 4562 4563 3982
9716 2 2 2 2 4029 4566 3208
9717 2 2 2 2 4845 5170 4846
9718 2 2 2 2 3116 3117 2962
9719 2 2 2 2 3761 4570 4077
9720 2 2 2 2 4787 4788 4786
9721 2 2 2 2 546 2792 2791
9722 2 2 2 2 2641 2642 2640
9723 2 2 2 2 814 6781 817
9724 2 2 2 2 1489 1490 1488
9725 2 2 2 2 4744 7876 5311
9726 2 2 2 2 2322 2384 2130
9727 2 2 2 2 566 5790 3607
9728 2 2 2 2 8498 8500 8499
9729 2 2 2 2 4541 6034 4543
9730 2 2 2 2 1656 8675 654
9731 2 2 2 2 2951 8130 2949
9732 2 2 2 2 1547 1549 1548
9733 2 2 2 2 3197 3198 3175
9734 2 2 2 2 5188 7615 7614
9735 2 2 2 2 7387 7390 7385
9736 2 2 2 2 2322 3083 2384
9737 2 2 2 2 7887 7888 7886
9738 2 2 2 2 2776 3634 2774
9739 2 2 2 2 2780 4603 2778
9740 2 2 2 2 2514 2675 2541
9741 2 2 2 2 2384 8426 2130
9742 2 2 2 2 4004 4027 3751
9743 2 2 2 2 2643 2926 2642
9744 2 2 2 2 1797 2117 1795
9745 2 2 2 2 2871 4660 3504
9746 2 2 2 2 4592 5214 4016
9747 2 2 2 2 3332 3333 3331
9748 2 2 2 2 5790 5791 3607
9749 2 2 2 2 3633 4537 4452
9750 2 2 2 2 3788 5230 4874
9751 2 2 2 2 7382 7384 7383
9752 2 2 2 2 3569 3570 3568
9753 2 2 2 2 3520 4335 4334
9754 2 2 2 2 2158 3057 2156
9755 2 2 2 2 4842 8006 5370
9756 2 2 2 2 5180 7531 5181
9757 2 2 2 2 1553 1555 1554
9758 2 2 2 2 3600 3601 3599
9759 2 2 2 2 2736 2760 2738
9760 2 2 2 2 2829 2830 2828
9761 2 2 2 2 1047 1427 1107
9762 2 2 2 2 3102 3906 3103
9763 2 2 2 2 556 8174 2969
9764 2 2 2 2 5085 6040 6039
9765 2 2 2 2 2688 2690 2689
9766 2 2 2 2 3098 3099 3097
9767 2 2 2 2 1879 8405 1990
9768 2 2 2 2 2566 2567 2565
9769 2 2 2 2 4774 4777 4062
9770 2 2 2 2 4209 5803 3902
9771 2 2 2 2 1611 1689 1610
9772 2 2 2 2 2110 2441 2122
9773 2 2 2 2 2321 8988 2145
9774 2 2 2 2 3925 4787 4786
9775 2 2 2 2 5116 6217 5115
9776 2 2 2 2 3178 3988 3179
9777 2 2 2 2 995 996 990
9778 2 2 2 2 2729 2730 2727
9779 2 2 2 2 2647 3135 3134
9780 2 2 2 2 3103 5872 3105
9781 2 2 2 2 1336 1337 1335
9782 2 2 2 2 4016 8419 3506
9783 2 2 2 2 2441 3471 2958
9784 2 2 2 2 4054 4557 3533
9785 2 2 2 2 3757 4744 4051
9786 2 2 2 2 4731 4732 4566
9787 2 2 2 2 2962 8448 2776
9788 2 2 2 2 7885 7887 7886
9789 2 2 2 2 542 4098 2676
9790 2 2 2 2 3988 5183 3989
9791 2 2 2 2 1989 2130 2128
9792 2 2 2 2 1237 1239 1238
9793 2 2 2 2 2931 3223 2929
9794 2 2 2 2 2563 2566 2565
9795 2 2 2 2 4777 5207 4062
9796 2 2 2 2 4015 4555 4084
9797 2 2 2 2 3901 5017 3887
9798 2 2 2 2 1392 6132 1350
9799 2 2 2 2 1834 1836 1835
9800 2 2 2 2 591 595 590
9801 2 2 2 2 1208 3640 1200
9802 2 2 2 2 535 537 536
9803 2 2 2 2 4975 4976 4974
9804 2 2 2 2 2857 3757 3202
9805 2 2 2 2 1611 1690 1689
9806 2 2 2 2 1458 6045 1633
9807 2 2 2 2 4989 5401 4134
9808 2 2 2 2 2825 3178 2838
9809 2 2 2 2 751 8614 754
9810 2 2 2 2 4043 5295 5294
9811 2 2 2 2 3447 3898 3469
9812 2 2 2 2 1755 1974 1778
9813 2 2 2 2 1739 2966 1908
9814 2 2 2 2 1579 1605 1581
9815 2 2 2 2 3978 7025 1272
9816 2 2 2 2 3196 3739 3738
9817 2 2 2 2 2689 8554 2687
9818 2 2 2 2 4230 4249 3906
9819 2 2 2 2 531 534 533
9820 2 2 2 2 5415 8306 4969
9821 2 2 2 2 529 8331 528
9822 2 2 2 2 7489 7796 1884
9823 2 2 2 2 3100 3101 3099
9824 2 2 2 2 4215 4216 3529
9825 2 2 2 2 526 527 525
9826 2 2 2 2 7540 8626 2784
9827 2 2 2 2 531 533 532
9828 2 2 2 2 543 544 541
9829 2 2 2 2 4703 4704 4688
9830 2 2 2 2 472 473 471
9831 2 2 2 2 5019 5672 4211
9832 2 2 2 2 4789 5376 5375
9833 2 2 2 2 685 2849 683
9834 2 2 2 2 2666 4590 2664
9835 2 2 2 2 758 8747 3222
9836 2 2 2 2 3128 3129 2447
9837 2 2 2 2 2353 2356 2355
9838 2 2 2 2 549 550 547
9839 2 2 2 2 871 887 870
9840 2 2 2 2 2781 2843 2783
9841 2 2 2 2 3602 3604 3601
9842 2 2 2 2 2623 2626 2621
9843 2 2 2 2 1844 1847 1846
9844 2 2 2 2 5377 8483 5375
9845 2 2 2 2 4002 4542 4541
9846 2 2 2 2 5740 8335 5045
9847 2 2 2 2 4002 4541 4001
9848 2 2 2 2 817 830 819
9849 2 2 2 2 2712 2714 2713
9850 2 2 2 2 2570 8449 3126
9851 2 2 2 2 1833 1834 1832
9852 2 2 2 2 3146 3976 3148
9853 2 2 2 2 4002 5216 4542
9854 2 2 2 2 656 4644 663
9855 2 2 2 2 5186 7494 3995
9856 2 2 2 2 4205 4306 3501
9857 2 2 2 2 992 8189 1031
9858 2 2 2 2 1803 1806 1805
9859 2 2 2 2 613 7268 612
9860 2 2 2 2 510 2665 2664
9861 2 2 2 2 1218 6519 1667
9862 2 2 2 2 5161 7474 7309
9863 2 2 2 2 4229 5165 5036
9864 2 2 2 2 3097 8988 2321
9865 2 2 2 2 3971 4371 3972
9866 2 2 2 2 3083 3902 3084
9867 2 2 2 2 527 530 529
9868 2 2 2 2 3467 5063 5062
9869 2 2 2 2 4409 5125 4407
9870 2 2 2 2 3103 3104 3101
9871 2 2 2 2 3906 5872 3103
9872 2 2 2 2 2374 7955 3047
9873 2 2 2 2 930 977 932
9874 2 2 2 2 1989 2128 1981
9875 2 2 2 2 1338 1340 1339
9876 2 2 2 2 3796 3950 3947
9877 2 2 2 2 1855 1858 1857
9878 2 2 2 2 566 567 565
9879 2 2 2 2 6084 6092 6086
9880 2 2 2 2 8501 8504 8500
9881 2 2 2 2 988 990 987
9882 2 2 2 2 583 8172 587
9883 2 2 2 2 1850 2707 1853
9884 2 2 2 2 1731 1895 1894
9885 2 2 2 2 522 523 521
9886 2 2 2 2 3102 3103 3101
9887 2 2 2 2 8015 8017 8013
9888 2 2 2 2 4040 5258 4680
9889 2 2 2 2 1831 1833 1832
9890 2 2 2 2 5203 5205 5204
9891 2 2 2 2 1376 1728 1343
9892 2 2 2 2 4083 4890 1695
9893 2 2 2 2 4570 4810 4809
9894 2 2 2 2 2652 7976 4582
9895 2 2 2 2 4816 5335 4815
9896 2 2 2 2 2151 2918 2034
9897 2 2 2 2 3016 6993 3008
9898 2 2 2 2 520 2779 2778
9899 2 2 2 2 4777 5299 5207
9900 2 2 2 2 1334 1335 1333
9901 2 2 2 2 2774 8463 2771
9902 2 2 2 2 3105 3106 3104
9903 2 2 2 2 819 8517 821
9904 2 2 2 2 2802 8207 4567
9905 2 2 2 2 4497 6527 6412
9906 2 2 2 2 5045 5689 5017
9907 2 2 2 2 4572 4574 4573
9908 2 2 2 2 3099 4007 3097
9909 2 2 2 2 5220 5221 5219
9910 2 2 2 2 4012 5227 5226
9911 2 2 2 2 1926 2077 1927
9912 2 2 2 2 4596 4598 4597
9913 2 2 2 2 3634 8463 2774
9914 2 2 2 2 4892 4893 4221
9915 2 2 2 2 4790 7324 6019
9916 2 2 2 2 1229 1230 1228
9917 2 2 2 2 5333 8491 4777
9918 2 2 2 2 2568 2570 2569
9919 2 2 2 2 2798 8207 2802
9920 2 2 2 2 4789 5374 4788
9921 2 2 2 2 4553 8535 1728
9922 2 2 2 2 5171 8891 5796
9923 2 2 2 2 5207 8421 4062
9924 2 2 2 2 3506 8419 3129
9925 2 2 2 2 539 540 537
9926 2 2 2 2 2776 8448 3634
9927 2 2 2 2 5135 6209 5134
9928 2 2 2 2 3754 4522 3755
9929 2 2 2 2 1831 1878 1833
9930 2 2 2 2 4040 5259 5258
9931 2 2 2 2 3862 4182 3840
9932 2 2 2 2 2491 2629 2493
9933 2 2 2 2 3103 3105 3104
9934 2 2 2 2 611 615 614
9935 2 2 2 2 2411 2424 2423
9936 2 2 2 2 4787 4789 4788
9937 2 2 2 2 4483 7492 4484
9938 2 2 2 2 5258 7760 4680
9939 2 2 2 2 5155 5269 4027
9940 2 2 2 2 3129 8419 2447
9941 2 2 2 2 2116 7848 1894
9942 2 2 2 2 3083 3084 2384
9943 2 2 2 2 1866 8023 1859
9944 2 2 2 2 1870 4002 4001
9945 2 2 2 2 1493 1610 1492
9946 2 2 2 2 523 8890 526
9947 2 2 2 2 982 987 981
9948 2 2 2 2 3676 4665 3674
9949 2 2 2 2 3222 4679 4658
9950 2 2 2 2 2667 4021 2965
9951 2 2 2 2 4319 5324 4318
9952 2 2 2 2 8497 8499 2630
9953 2 2 2 2 2610 8497 2612
9954 2 2 2 2 4853 8927 4851
9955 2 2 2 2 2825 3641 3178
9956 2 2 2 2 1491 1492 1490
9957 2 2 2 2 2360 3510 2354
9958 2 2 2 2 3117 8448 2962
9959 2 2 2 2 1334 9038 2679
9960 2 2 2 2 2843 2855 2783
9961 2 2 2 2 5376 5377 5375
9962 2 2 2 2 7888 8665 7886
9963 2 2 2 2 5218 7822 5234
9964 2 2 2 2 590 6157 586
9965 2 2 2 2 1093 1094 1085
9966 2 2 2 2 2568 2569 2567
9967 2 2 2 2 2120 5345 4581
9968 2 2 2 2 2652 2971 1809
9969 2 2 2 2 2920 8833 842
9970 2 2 2 2 502 7857 499
9971 2 2 2 2 1164 4413 1101
9972 2 2 2 2 1801 1803 1802
9973 2 2 2 2 3902 5803 3904
9974 2 2 2 2 4789 5375 5374
9975 2 2 2 2 1331 1333 1330
9976 2 2 2 2 3801 5180 4895
9977 2 2 2 2 3176 8206 2645
9978 2 2 2 2 4312 4313 3477
9979 2 2 2 2 1075 1434 1433
9980 2 2 2 2 1336 1338 1337
9981 2 2 2 2 3150 3965 3152
9982 2 2 2 2 2967 2968 2079
9983 2 2 2 2 3128 3475 3129
9984 2 2 2 2 4524 4875 4525
9985 2 2 2 2 2612 2630 2614
9986 2 2 2 2 4186 4965 4131
9987 2 2 2 2 1047 1107 1048
9988 2 2 2 2 4871 8514 4116
9989 2 2 2 2 1031 1047 1032
9990 2 2 2 2 5286 5287 4049
9991 2 2 2 2 1324 1325 1322
9992 2 2 2 2 545 547 546
9993 2 2 2 2 8498 8501 8500
9994 2 2 2 2 3054 4650 4145
9995 2 2 2 2 3946 5238 3118
9996 2 2 2 2 7744 7805 5014
9997 2 2 2 2 3579 3580 3578
9998 2 2 2 2 980 981 979
9999 2 2 2 2 4116 4117 2971
10000 2 2 2 2 2172 2173 2171
10001 2 2 2 2 2771 8463 2769
10002 2 2 2 2 848 870 847
10003 2 2 2 2 533 8333 532
10004 2 2 2 2 3272 3273 3192
10005 2 2 2 2 5375 8482 5374
10006 2 2 2 2 1320 1323 1322
10007 2 2 2 2 1097 4633 1155
10008 2 2 2 2 2927 3228 2926
10009 2 2 2 2 3988 5184 5183
10010 2 2 2 2 4570 8157 6156
10011 2 2 2 2 569 5179 567
10012 2 2 2 2 992 1031 993
10013 2 2 2 2 1841 1843 1842
10014 2 2 2 2 2608 3594 2610
10015 2 2 2 2 643 1656 654
10016 2 2 2 2 720 2646 724
10017 2 2 2 2 1691 1694 1690
10018 2 2 2 2 4008 4009 2077
10019 2 2 2 2 3503 9056 2387
10020 2 2 2 2 5207 8422 8421
10021 2 2 2 2 1320 1321 1318
10022 2 2 2 2 3299 4318 3298
10023 2 2 2 2 841 847 840
10024 2 2 2 2 638 645 639
10025 2 2 2 2 3154 3961 3156
10026 2 2 2 2 1324 1327 1326
10027 2 2 2 2 5045 8335 5689
10028 2 2 2 2 5218 5219 1851
10029 2 2 2 2 1493 1611 1610
10030 2 2 2 2 6328 8414 5227
10031 2 2 2 2 3158 3480 3160
10032 2 2 2 2 2030 4471 1997
10033 2 2 2 2 1434 1436 1435
10034 2 2 2 2 3995 7494 3997
10035 2 2 2 2 1050 1051 1049
10036 2 2 2 2 4632 4815 4090
10037 2 2 2 2 4347 5175 4352
10038 2 2 2 2 2959 4627 2782
10039 2 2 2 2 5147 5148 3986
10040 2 2 2 2 1323 1324 1322
10041 2 2 2 2 1481 1482 1480
10042 2 2 2 2 2028 4736 1008
10043 2 2 2 2 860 861 859
10044 2 2 2 2 1838 7690 1841
10045 2 2 2 2 2131 3794 2323
10046 2 2 2 2 4347 8464 5175
10047 2 2 2 2 5267 6241 2705
10048 2 2 2 2 5375 8483 8482
10049 2 2 2 2 5282 5283 5280
10050 2 2 2 2 2726 2727 2724
10051 2 2 2 2 1838 1841 1840
10052 2 2 2 2 3575 3576 3574
10053 2 2 2 2 564 565 563
10054 2 2 2 2 1329 1330 1328
10055 2 2 2 2 4007 8988 3097
10056 2 2 2 2 4582 4882 4871
10057 2 2 2 2 8453 8454 4787
10058 2 2 2 2 1847 1851 1848
10059 2 2 2 2 962 7549 3556
10060 2 2 2 2 4493 6446 6385
10061 2 2 2 2 615 618 617
10062 2 2 2 2 4555 4812 4811
10063 2 2 2 2 4405 7206 7204
10064 2 2 2 2 4907 4908 4906
10065 2 2 2 2 3014 7581 7242
10066 2 2 2 2 3887 5656 2390
10067 2 2 2 2 3344 3346 3345
10068 2 2 2 2 956 3567 3196
10069 2 2 2 2 3672 4331 3671
10070 2 2 2 2 1479 6808 1758
10071 2 2 2 2 3658 4381 3614
10072 2 2 2 2 2576 2577 2575
10073 2 2 2 2 1334 1336 1335
10074 2 2 2 2 3556 8189 992
10075 2 2 2 2 3072 3894 3893
10076 2 2 2 2 1461 9038 1331
10077 2 2 2 2 1331 1334 1333
10078 2 2 2 2 2573 2576 2575
10079 2 2 2 2 2134 8202 3225
10080 2 2 2 2 743 8342 2871
10081 2 2 2 2 3813 3895 3812
10082 2 2 2 2 1431 8073 1352
10083 2 2 2 2 1020 3447 3124
10084 2 2 2 2 5299 8423 5207
10085 2 2 2 2 1327 1328 1326
10086 2 2 2 2 1213 1214 1163
10087 2 2 2 2 3799 3909 3245
10088 2 2 2 2 8525 8927 4853
10089 2 2 2 2 562 563 561
10090 2 2 2 2 4903 7744 4905
10091 2 2 2 2 2723 2724 2722
10092 2 2 2 2 664 2195 668
10093 2 2 2 2 3856 3858 3857
10094 2 2 2 2 627 2853 629
10095 2 2 2 2 1707 1708 1705
10096 2 2 2 2 1324 1326 1325
10097 2 2 2 2 4126 5369 5368
10098 2 2 2 2 2652 4582 4116
10099 2 2 2 2 2978 5336 3773
10100 2 2 2 2 1239 1240 1238
10101 2 2 2 2 541 8181 540
10102 2 2 2 2 4679 4814 4813
10103 2 2 2 2 3553 3554 2582
10104 2 2 2 2 2855 6154 2783
10105 2 2 2 2 889 4258 872
10106 2 2 2 2 1809 7773 1807
10107 2 2 2 2 1858 1866 1859
10108 2 2 2 2 1320 1322 1321
10109 2 2 2 2 506 507 505
10110 2 2 2 2 2022 8059 607
10111 2 2 2 2 3135 4309 3977
10112 2 2 2 2 2712 2713 1843
10113 2 2 2 2 5102 5104 4803
10114 2 2 2 2 4640 5229 4638
10115 2 2 2 2 3475 4307 3505
10116 2 2 2 2 5369 7810 5368
10117 2 2 2 2 3180 7848 2116
10118 2 2 2 2 3594 8497 2610
10119 2 2 2 2 824 855 825
10120 2 2 2 2 2625 8485 2604
10121 2 2 2 2 3342 3344 3343
10122 2 2 2 2 4089 4090 4088
10123 2 2 2 2 4046 4758 3597
10124 2 2 2 2 5230 5231 4874
10125 2 2 2 2 955 4671 3726
10126 2 2 2 2 4621 8564 5176
10127 2 2 2 2 1795 8117 1793
10128 2 2 2 2 7885 7886 7884
10129 2 2 2 2 1751 5545 5544
10130 2 2 2 2 1544 6289 1541
10131 2 2 2 2 3594 8498 8497
10132 2 2 2 2 560 561 558
10133 2 2 2 2 1834 1837 1836
10134 2 2 2 2 2741 4036 2762
10135 2 2 2 2 4116 8514 4117
10136 2 2 2 2 2612 8497 2630
10137 2 2 2 2 3075 7735 3474
10138 2 2 2 2 1108 6924 1160
10139 2 2 2 2 1878 2705 1833
10140 2 2 2 2 1483 1485 1484
10141 2 2 2 2 3767 4070 2977
10142 2 2 2 2 710 725 711
10143 2 2 2 2 4072 4892 4221
10144 2 2 2 2 3008 3009 3006
10145 2 2 2 2 3761 8157 4570
10146 2 2 2 2 3739 4004 3751
10147 2 2 2 2 1841 2712 1843
10148 2 2 2 2 3308 3309 2964
10149 2 2 2 2 1319 1320 1318
10150 2 2 2 2 2846 2923 2598
10151 2 2 2 2 1476 1602 1475
10152 2 2 2 2 3212 8130 2951
10153 2 2 2 2 4417 6991 6990
10154 2 2 2 2 631 958 633
10155 2 2 2 2 3475 3505 3129
10156 2 2 2 2 3605 3617 3604
10157 2 2 2 2 934 979 933
10158 2 2 2 2 1363 8075 1386
10159 2 2 2 2 1327 1329 1328
10160 2 2 2 2 1329 1331 1330
10161 2 2 2 2 891 893 892
10162 2 2 2 2 3952 4312 3477
10163 2 2 2 2 3902 3904 3084
10164 2 2 2 2 4777 8491 5299
10165 2 2 2 2 504 506 505
10166 2 2 2 2 4574 4851 4842
10167 2 2 2 2 3555 4293 3554
10168 2 2 2 2 4249 5872 3906
10169 2 2 2 2 1729 1731 1730
10170 2 2 2 2 3754 3755 3205
10171 2 2 2 2 4595 8389 6208
10172 2 2 2 2 4582 4871 4116
10173 2 2 2 2 3843 7456 4913
10174 2 2 2 2 537 8179 536
10175 2 2 2 2 596 598 595
10176 2 2 2 2 2059 6968 2057
10177 2 2 2 2 3997 7494 4483
10178 2 2 2 2 2581 7719 2579
10179 2 2 2 2 4012 6328 5227
10180 2 2 2 2 1611 1691 1690
10181 2 2 2 2 565 1354 563
10182 2 2 2 2 5217 7822 5218
10183 2 2 2 2 4071 4072 3412
10184 2 2 2 2 2273 2274 2215
10185 2 2 2 2 1676 8012 1678
10186 2 2 2 2 4607 4609 4608
10187 2 2 2 2 924 6657 926
10188 2 2 2 2 2406 2408 2407
10189 2 2 2 2 4892 4896 4893
10190 2 2 2 2 1545 1546 1544
10191 2 2 2 2 948 950 949
10192 2 2 2 2 5313 5314 4557
10193 2 2 2 2 2652 4116 2971
10194 2 2 2 2 1858 4593 1866
10195 2 2 2 2 586 2023 582
10196 2 2 2 2 2783 6154 2959
10197 2 2 2 2 2577 6166 3110
10198 2 2 2 2 1555 1557 1556
10199 2 2 2 2 4097 5330 5329
10200 2 2 2 2 1296 6534 1315
10201 2 2 2 2 2779 2780 2778
10202 2 2 2 2 2781 2783 2782
10203 2 2 2 2 4526 8206 3176
10204 2 2 2 2 1691 1695 1694
10205 2 2 2 2 516 2767 517
10206 2 2 2 2 2168 6519 1218
10207 2 2 2 2 599 602 598
10208 2 2 2 2 5374 8482 8060
10209 2 2 2 2 3581 3582 3580
10210 2 2 2 2 5189 7618 5199
10211 2 2 2 2 519 521 520
10212 2 2 2 2 3279 6131 4289
10213 2 2 2 2 2687 8554 2691
10214 2 2 2 2 2142 2786 2785
10215 2 2 2 2 2622 2623 2621
10216 2 2 2 2 3994 5193 5186
10217 2 2 2 2 5071 6068 939
10218 2 2 2 2 4363 4364 3941
10219 2 2 2 2 2563 2564 2561
10220 2 2 2 2 1352 8073 1363
10221 2 2 2 2 5220 7312 5221
10222 2 2 2 2 4975 5272 4976
10223 2 2 2 2 1376 1729 1728
10224 2 2 2 2 3285 3952 3477
10225 2 2 2 2 487 489 488
10226 2 2 2 2 1703 1705 1704
10227 2 2 2 2 1315 1317 1316
10228 2 2 2 2 1317 1318 1316
10229 2 2 2 2 3618 3619 3617
10230 2 2 2 2 3882 4922 4921
10231 2 2 2 2 1315 1316 1297
10232 2 2 2 2 4013 4014 4011
10233 2 2 2 2 2604 8485 2602
10234 2 2 2 2 4593 4621 1866
10235 2 2 2 2 1253 1254 1252
10236 2 2 2 2 2073 2904 2071
10237 2 2 2 2 4593 4622 4621
10238 2 2 2 2 1317 1319 1318
10239 2 2 2 2 4855 8525 4853
10240 2 2 2 2 1807 7773 1873
10241 2 2 2 2 8491 8492 5299
10242 2 2 2 2 536 8333 533
10243 2 2 2 2 4868 8750 4869
10244 2 2 2 2 544 8181 541
10245 2 2 2 2 3316 3412 3071
10246 2 2 2 2 2562 2563 2561
10247 2 2 2 2 1491 1493 1492
10248 2 2 2 2 4829 7671 4505
10249 2 2 2 2 2779 2781 2780
10250 2 2 2 2 1296 1315 1297
10251 2 2 2 2 4671 5266 4686
10252 2 2 2 2 7541 8626 7540
10253 2 2 2 2 3511 3512 3510
10254 2 2 2 2 956 7596 3567
10255 2 2 2 2 4227 5019 4211
10256 2 2 2 2 932 933 931
10257 2 2 2 2 4851 8006 4842
10258 2 2 2 2 2154 3033 2152
10259 2 2 2 2 5368 7810 5903
10260 2 2 2 2 2279 3192 3191
10261 2 2 2 2 2730 2739 2732
10262 2 2 2 2 4586 4805 4078
10263 2 2 2 2 1759 1936 1773
10264 2 2 2 2 1724 7154 722
10265 2 2 2 2 3571 3572 3570
10266 2 2 2 2 4146 4966 3725
10267 2 2 2 2 509 511 510
10268 2 2 2 2 696 2661 698
10269 2 2 2 2 3971 4372 4371
10270 2 2 2 2 1296 1297 1262
10271 2 2 2 2 3904 5799 3084
10272 2 2 2 2 4831 4832 4829
10273 2 2 2 2 930 931 929
10274 2 2 2 2 858 859 857
10275 2 2 2 2 2714 2716 2715
10276 2 2 2 2 3316 4126 4071
10277 2 2 2 2 3710 4677 3660
10278 2 2 2 2 5017 5654 3887
10279 2 2 2 2 4126 5367 4071
10280 2 2 2 2 3166 3671 3165
10281 2 2 2 2 4570 6156 4810
10282 2 2 2 2 1261 1262 877
10283 2 2 2 2 686 1424 688
10284 2 2 2 2 3498 5565 3495
10285 2 2 2 2 5659 5660 3399
10286 2 2 2 2 4669 7302 4720
10287 2 2 2 2 2279 8561 3271
10288 2 2 2 2 2120 4581 2113
10289 2 2 2 2 5368 5902 5367
10290 2 2 2 2 2781 2782 2780
10291 2 2 2 2 2783 2959 2782
10292 2 2 2 2 1261 1296 1262
10293 2 2 2 2 3577 3578 3576
10294 2 2 2 2 7182 7183 4532
10295 2 2 2 2 4482 6795 6335
10296 2 2 2 2 4004 5155 4027
10297 2 2 2 2 1485 1487 1486
10298 2 2 2 2 4009 4011 4010
10299 2 2 2 2 1578 2485 1576
10300 2 2 2 2 5379 6623 4838
10301 2 2 2 2 4785 6319 4087
10302 2 2 2 2 666 6174 991
10303 2 2 2 2 1489 1491 1490
10304 2 2 2 2 557 558 555
10305 2 2 2 2 4535 6055 5086
10306 2 2 2 2 3435 4269 4032
10307 2 2 2 2 2231 2872 2229
10308 2 2 2 2 3427 4271 3432
10309 2 2 2 2 2570 2571 2569
10310 2 2 2 2 4448 8570 3604
10311 2 2 2 2 1295 1429 1150
10312 2 2 2 2 2925 3071 2389
10313 2 2 2 2 3915 4575 4384
10314 2 2 2 2 3622 3650 3649
10315 2 2 2 2 2642 2678 2640
10316 2 2 2 2 3894 4227 4211
10317 2 2 2 2 5218 5220 5219
10318 2 2 2 2 245 359 244
10319 2 2 2 2 4617 4619 4618
10320 2 2 2 2 3707 4607 3931
10321 2 2 2 2 2915 3298 3137
10322 2 2 2 2 692 874 694
10323 2 2 2 2 4896 7684 4898
10324 2 2 2 2 3904 5800 5799
10325 2 2 2 2 1736 8523 1053
10326 2 2 2 2 2717 3609 2715
10327 2 2 2 2 2139 2915 2482
10328 2 2 2 2 2721 2722 2719
10329 2 2 2 2 2718 2720 2719
10330 2 2 2 2 2685 2688 2687
10331 2 2 2 2 2716 2718 2717
10332 2 2 2 2 4764 5088 4240
10333 2 2 2 2 2387 9056 2126
10334 2 2 2 2 2672 2673 2671
10335 2 2 2 2 2557 2558 2555
10336 2 2 2 2 3225 8202 4552
10337 2 2 2 2 3276 3277 2581
10338 2 2 2 2 7401 7407 7400
10339 2 2 2 2 856 857 825
10340 2 2 2 2 1375 1738 1376
10341 2 2 2 2 4009 4010 2077
10342 2 2 2 2 5189 8486 7618
10343 2 2 2 2 546 2791 544
10344 2 2 2 2 532 8331 529
10345 2 2 2 2 2854 7110 828
10346 2 2 2 2 561 2784 558
10347 2 2 2 2 1691 3788 1695
10348 2 2 2 2 2714 2715 2713
10349 2 2 2 2 1474 7736 1626
10350 2 2 2 2 928 6653 930
10351 2 2 2 2 5612 5615 5614
10352 2 2 2 2 4874 5365 4083
10353 2 2 2 2 1143 1417 1146
10354 2 2 2 2 1126 1127 1124
10355 2 2 2 2 4864 4866 4865
10356 2 2 2 2 4615 4617 4616
10357 2 2 2 2 2646 8363 724
10358 2 2 2 2 4574 4852 4851
10359 2 2 2 2 3239 7789 3237
10360 2 2 2 2 1131 1416 1133
10361 2 2 2 2 516 517 515
10362 2 2 2 2 1216 2168 1218
10363 2 2 2 2 3788 4083 1695
10364 2 2 2 2 567 8387 565
10365 2 2 2 2 2549 2556 2555
10366 2 2 2 2 2565 8610 3113
10367 2 2 2 2 2570 2572 2571
10368 2 2 2 2 7399 7400 7398
10369 2 2 2 2 3686 4470 3656
10370 2 2 2 2 3788 4874 4083
10371 2 2 2 2 2572 2573 2571
10372 2 2 2 2 928 929 927
10373 2 2 2 2 2616 3194 2618
10374 2 2 2 2 1331 9038 1334
10375 2 2 2 2 861 2637 1734
10376 2 2 2 2 4533 4535 4534
10377 2 2 2 2 8073 8075 1363
10378 2 2 2 2 1633 6041 1462
10379 2 2 2 2 4015 4084 4014
10380 2 2 2 2 501 504 503
10381 2 2 2 2 3137 6546 3973
10382 2 2 2 2 3433 5783 3436
10383 2 2 2 2 4084 4085 4014
10384 2 2 2 2 553 554 551
10385 2 2 2 2 4004 5156 5155
10386 2 2 2 2 523 526 525
10387 2 2 2 2 1538 1539 1536
10388 2 2 2 2 586 6157 2023
10389 2 2 2 2 2966 4096 4052
10390 2 2 2 2 4873 7557 5356
10391 2 2 2 2 3400 4166 4160
10392 2 2 2 2 5335 8905 4815
10393 2 2 2 2 7384 7385 7383
10394 2 2 2 2 5284 5410 5409
10395 2 2 2 2 2117 8117 1795
10396 2 2 2 2 4622 8564 4621
10397 2 2 2 2 684 8455 686
10398 2 2 2 2 4976 4977 4974
10399 2 2 2 2 5189 5199 3998
10400 2 2 2 2 2027 2140 2110
10401 2 2 2 2 695 2586 693
10402 2 2 2 2 3113 4533 4507
10403 2 2 2 2 2616 8374 3194
10404 2 2 2 2 4610 8707 3224
10405 2 2 2 2 4130 8061 3516
10406 2 2 2 2 1343 8535 1208
10407 2 2 2 2 3331 3974 3329
10408 2 2 2 2 2135 3779 2925
10409 2 2 2 2 836 1165 835
10410 2 2 2 2 821 4521 834
10411 2 2 2 2 2409 3392 2407
10412 2 2 2 2 678 6171 2899
10413 2 2 2 2 2596 2846 2598
10414 2 2 2 2 2923 9089 2598
10415 2 2 2 2 4126 5368 5367
10416 2 2 2 2 2135 2389 2127
10417 2 2 2 2 2856 5970 1571
10418 2 2 2 2 932 6649 934
10419 2 2 2 2 682 2852 684
10420 2 2 2 2 1209 2582 1210
10421 2 2 2 2 5190 8486 5189
10422 2 2 2 2 2721 2723 2722
10423 2 2 2 2 512 513 511
10424 2 2 2 2 2559 3281 2558
10425 2 2 2 2 3622 3649 3621
10426 2 2 2 2 3933 4790 3932
10427 2 2 2 2 2741 2762 2728
10428 2 2 2 2 5218 5234 5220
10429 2 2 2 2 4073 5352 4818
10430 2 2 2 2 3241 8942 467
10431 2 2 2 2 1847 5217 1851
10432 2 2 2 2 3919 5201 5200
10433 2 2 2 2 6157 6158 2023
10434 2 2 2 2 1800 7765 1804
10435 2 2 2 2 5064 5066 5063
10436 2 2 2 2 7194 8887 7195
10437 2 2 2 2 2575 6018 2574
10438 2 2 2 2 7397 7398 7396
10439 2 2 2 2 1222 2479 1199
10440 2 2 2 2 1559 1561 1560
10441 2 2 2 2 4090 6322 4088
10442 2 2 2 2 1837 7690 1838
10443 2 2 2 2 3228 4078 3229
10444 2 2 2 2 1287 5758 1285
10445 2 2 2 2 3194 7884 7883
10446 2 2 2 2 4265 4659 4024
10447 2 2 2 2 4862 4864 4863
10448 2 2 2 2 2560 2562 2561
10449 2 2 2 2 3416 3792 3790
10450 2 2 2 2 3285 3477 2905
10451 2 2 2 2 3316 4071 3412
10452 2 2 2 2 3310 4088 4087
10453 2 2 2 2 4103 4240 3787
10454 2 2 2 2 2675 3165 2541
10455 2 2 2 2 705 827 714
10456 2 2 2 2 4709 4711 4710
10457 2 2 2 2 2559 7842 3281
10458 2 2 2 2 3764 3765 3239
10459 2 2 2 2 707 6169 717
10460 2 2 2 2 955 3726 949
10461 2 2 2 2 2509 2513 2511
10462 2 2 2 2 4204 4205 3501
10463 2 2 2 2 638 639 617
10464 2 2 2 2 3279 4289 3278
10465 2 2 2 2 4815 5343 4090
10466 2 2 2 2 6120 9058 2558
10467 2 2 2 2 2723 2763 2726
10468 2 2 2 2 4859 5360 4857
10469 2 2 2 2 610 2020 606
10470 2 2 2 2 3620 3621 3619
10471 2 2 2 2 4787 8454 4789
10472 2 2 2 2 2560 2561 2559
10473 2 2 2 2 2665 2666 2664
10474 2 2 2 2 5217 5218 1851
10475 2 2 2 2 2665 2667 2666
10476 2 2 2 2 2548 2549 2547
10477 2 2 2 2 4741 5121 5120
10478 2 2 2 2 625 8590 627
10479 2 2 2 2 5179 8387 567
10480 2 2 2 2 4905 7744 5014
10481 2 2 2 2 2332 5296 3267
10482 2 2 2 2 545 546 544
10483 2 2 2 2 1487 1489 1488
10484 2 2 2 2 4088 6322 4785
10485 2 2 2 2 2965 3310 3308
10486 2 2 2 2 2573 2574 2571
10487 2 2 2 2 5482 5483 5029
10488 2 2 2 2 4262 5845 4884
10489 2 2 2 2 1365 1366 1230
10490 2 2 2 2 5234 7820 5220
10491 2 2 2 2 3922 4232 3921
10492 2 2 2 2 2929 8203 2927
10493 2 2 2 2 3223 8203 2929
10494 2 2 2 2 4011 6327 4012
10495 2 2 2 2 4396 7204 4395
10496 2 2 2 2 7395 7396 7394
10497 2 2 2 2 3308 6381 3309
10498 2 2 2 2 4866 4868 4867
10499 2 2 2 2 4852 4854 4853
10500 2 2 2 2 5345 5346 4581
10501 2 2 2 2 869 8662 2495
10502 2 2 2 2 3282 3283 2787
10503 2 2 2 2 4148 4998 4997
10504 2 2 2 2 2688 2689 2687
10505 2 2 2 2 8792 8798 1004
10506 2 2 2 2 926 927 925
10507 2 2 2 2 924 925 923
10508 2 2 2 2 2161 8464 4347
10509 2 2 2 2 3786 3787 3785
10510 2 2 2 2 3194 7885 7884
10511 2 2 2 2 4790 4791 3932
10512 2 2 2 2 1260 1279 1278
10513 2 2 2 2 2994 6225 2992
10514 2 2 2 2 1207 2638 1342
10515 2 2 2 2 4003 5174 4620
10516 2 2 2 2 2925 3316 3071
10517 2 2 2 2 5015 5671 5631
10518 2 2 2 2 2554 6126 2547
10519 2 2 2 2 1496 1632 1631
10520 2 2 2 2 4599 7697 4873
10521 2 2 2 2 2449 5599 1657
10522 2 2 2 2 4959 5456 4663
10523 2 2 2 2 1427 1496 1495
10524 2 2 2 2 513 516 515
10525 2 2 2 2 2971 7773 1809
10526 2 2 2 2 2563 2565 2564
10527 2 2 2 2 7393 7394 7392
10528 2 2 2 2 2726 2729 2727
10529 2 2 2 2 4555 4811 4084
10530 2 2 2 2 519 522 521
10531 2 2 2 2 7391 7392 7389
10532 2 2 2 2 606 5673 602
10533 2 2 2 2 3228 3229 2926
10534 2 2 2 2 2020 5673 606
10535 2 2 2 2 937 6657 924
10536 2 2 2 2 2556 2557 2555
10537 2 2 2 2 5076 5077 4659
10538 2 2 2 2 267 378 266
10539 2 2 2 2 4036 8898 2762
10540 2 2 2 2 4530 8470 3933
10541 2 2 2 2 4860 4862 4861
10542 2 2 2 2 2791 8183 8181
10543 2 2 2 2 682 683 681
10544 2 2 2 2 1243 1244 1242
10545 2 2 2 2 1093 1149 1094
10546 2 2 2 2 1048 1050 1049
10547 2 2 2 2 3604 8570 3601
10548 2 2 2 2 1987 2139 2136
10549 2 2 2 2 801 802 790
10550 2 2 2 2 3625 8157 3761
10551 2 2 2 2 2549 2554 2547
10552 2 2 2 2 2197 8725 868
10553 2 2 2 2 944 7167 7166
10554 2 2 2 2 8633 8634 4530
10555 2 2 2 2 1002 1266 945
10556 2 2 2 2 603 606 602
10557 2 2 2 2 1434 5942 1436
10558 2 2 2 2 934 2851 980
10559 2 2 2 2 1215 1216 1214
10560 2 2 2 2 5368 5903 5902
10561 2 2 2 2 1051 8523 2788
10562 2 2 2 2 3298 6546 3137
10563 2 2 2 2 7388 7389 7387
10564 2 2 2 2 1700 1701 1699
10565 2 2 2 2 4854 4856 4855
10566 2 2 2 2 3198 5307 3175
10567 2 2 2 2 751 754 753
10568 2 2 2 2 2667 2965 2964
10569 2 2 2 2 3238 3239 3237
10570 2 2 2 2 921 923 920
10571 2 2 2 2 2927 8203 3228
10572 2 2 2 2 2569 3280 2567
10573 2 2 2 2 501 503 502
10574 2 2 2 2 1259 1260 1258
10575 2 2 2 2 1540 3766 3224
10576 2 2 2 2 3467 5064 5063
10577 2 2 2 2 1931 7564 1899
10578 2 2 2 2 3650 7612 3652
10579 2 2 2 2 6158 6159 2023
10580 2 2 2 2 1797 3467 2117
10581 2 2 2 2 3923 4024 1734
10582 2 2 2 2 4218 4379 4378
10583 2 2 2 2 1557 1559 1558
10584 2 2 2 2 3765 3784 3239
10585 2 2 2 2 2558 9058 2555
10586 2 2 2 2 7386 7387 7385
10587 2 2 2 2 2723 2726 2724
10588 2 2 2 2 2667 2964 2666
10589 2 2 2 2 4474 4476 4475
10590 2 2 2 2 4243 4691 2427
10591 2 2 2 2 1173 1175 1174
10592 2 2 2 2 2637 5072 3923
10593 2 2 2 2 4858 4860 4859
10594 2 2 2 2 4790 8470 7324
10595 2 2 2 2 467 8942 465
10596 2 2 2 2 4405 7204 4396
10597 2 2 2 2 4398 4405 4396
10598 2 2 2 2 4902 4907 4906
10599 2 2 2 2 4852 4853 4851
10600 2 2 2 2 2544 2545 2543
10601 2 2 2 2 2512 6401 2510
10602 2 2 2 2 1481 1483 1482
10603 2 2 2 2 3938 9007 3708
10604 2 2 2 2 3922 5394 5393
10605 2 2 2 2 4331 5136 4373
10606 2 2 2 2 2691 8554 8440
10607 2 2 2 2 2113 8290 1632
10608 2 2 2 2 2135 2925 2389
10609 2 2 2 2 3756 3869 3742
10610 2 2 2 2 563 7539 561
10611 2 2 2 2 4791 7932 3932
10612 2 2 2 2 2580 2581 2579
10613 2 2 2 2 1149 1294 1150
10614 2 2 2 2 3878 5152 4991
10615 2 2 2 2 5357 5358 826
10616 2 2 2 2 2166 3732 2097
10617 2 2 2 2 3310 4087 3308
10618 2 2 2 2 2565 3113 2564
10619 2 2 2 2 3472 3473 3471
10620 2 2 2 2 2668 2669 2624
10621 2 2 2 2 5364 6711 4880
10622 2 2 2 2 4078 4079 3229
10623 2 2 2 2 540 8179 537
10624 2 2 2 2 1358 1367 1356
10625 2 2 2 2 1411 2888 1637
10626 2 2 2 2 2622 2624 2623
10627 2 2 2 2 2191 4709 2981
10628 2 2 2 2 1489 1528 1491
10629 2 2 2 2 1743 1917 1916
10630 2 2 2 2 4394 4395 4393
10631 2 2 2 2 3334 3335 3333
10632 2 2 2 2 4500 5022 4501
10633 2 2 2 2 5220 7820 7312
10634 2 2 2 2 4607 4608 3931
10635 2 2 2 2 3858 3859 3857
10636 2 2 2 2 4908 7221 6318
10637 2 2 2 2 3741 3742 3042
10638 2 2 2 2 2545 2548 2547
10639 2 2 2 2 2090 6070 2135
10640 2 2 2 2 1368 1623 1367
10641 2 2 2 2 3599 4462 3592
10642 2 2 2 2 1208 8535 3640
10643 2 2 2 2 2409 7463 3730
10644 2 2 2 2 5330 6447 5329
10645 2 2 2 2 3277 3279 3278
10646 2 2 2 2 4856 4858 4857
10647 2 2 2 2 2462 3285 2905
10648 2 2 2 2 3398 8688 3882
10649 2 2 2 2 509 512 511
10650 2 2 2 2 7384 7386 7385
10651 2 2 2 2 4581 8290 2113
10652 2 2 2 2 6327 6328 4012
10653 2 2 2 2 4533 4534 4507
10654 2 2 2 2 557 7655 560
10655 2 2 2 2 1063 6753 6752
10656 2 2 2 2 4088 4785 4087
10657 2 2 2 2 3281 6120 2558
10658 2 2 2 2 1759 1773 1670
10659 2 2 2 2 686 8455 1424
10660 2 2 2 2 2716 2717 2715
10661 2 2 2 2 5174 6937 5249
10662 2 2 2 2 3617 4448 3604
10663 2 2 2 2 1297 2193 1262
10664 2 2 2 2 1624 1684 1623
10665 2 2 2 2 602 8526 598
10666 2 2 2 2 4078 7139 4079
10667 2 2 2 2 7564 8225 1897
10668 2 2 2 2 7539 7540 2784
10669 2 2 2 2 3346 3348 3347
10670 2 2 2 2 1132 8293 1130
10671 2 2 2 2 3511 6609 3913
10672 2 2 2 2 2090 2127 1883
10673 2 2 2 2 7399 7401 7400
10674 2 2 2 2 1172 1380 1170
10675 2 2 2 2 1048 1049 1032
10676 2 2 2 2 1547 1548 1546
10677 2 2 2 2 5110 5847 5846
10678 2 2 2 2 919 920 918
10679 2 2 2 2 504 505 503
10680 2 2 2 2 4994 8261 4683
10681 2 2 2 2 1279 5749 1278
10682 2 2 2 2 2720 2721 2719
10683 2 2 2 2 2538 2539 2537
10684 2 2 2 2 1207 1342 1208
10685 2 2 2 2 2791 8181 544
10686 2 2 2 2 3919 5200 3109
10687 2 2 2 2 5040 5042 5041
10688 2 2 2 2 2718 2719 2717
10689 2 2 2 2 1947 6766 6560
10690 2 2 2 2 3650 3652 3651
10691 2 2 2 2 734 7526 1513
10692 2 2 2 2 470 472 471
10693 2 2 2 2 2965 3308 2964
10694 2 2 2 2 3670 4472 3473
10695 2 2 2 2 7397 7399 7398
10696 2 2 2 2 4482 6335 4481
10697 2 2 2 2 3432 3433 3428
10698 2 2 2 2 743 2871 2870
10699 2 2 2 2 7386 7388 7387
10700 2 2 2 2 699 712 697
10701 2 2 2 2 3570 5185 3568
10702 2 2 2 2 7732 8486 5190
10703 2 2 2 2 5673 8526 602
10704 2 2 2 2 3034 3860 2382
10705 2 2 2 2 1099 4392 1111
10706 2 2 2 2 3381 6889 3361
10707 2 2 2 2 3340 3341 3339
10708 2 2 2 2 6685 6688 3702
10709 2 2 2 2 4082 5160 3236
10710 2 2 2 2 980 6645 982
10711 2 2 2 2 1680 6075 1602
10712 2 2 2 2 3404 4143 4141
10713 2 2 2 2 3649 4418 3621
10714 2 2 2 2 917 918 916
10715 2 2 2 2 5362 5827 4766
10716 2 2 2 2 2557 2560 2559
10717 2 2 2 2 7388 7391 7389
10718 2 2 2 2 2208 2209 2087
10719 2 2 2 2 4476 5337 4817
10720 2 2 2 2 830 8517 819
10721 2 2 2 2 2307 8565 2287
10722 2 2 2 2 4854 4855 4853
10723 2 2 2 2 5064 5067 5066
10724 2 2 2 2 5065 8676 8117
10725 2 2 2 2 1632 1987 1631
10726 2 2 2 2 3785 4847 3784
10727 2 2 2 2 1002 1267 1266
10728 2 2 2 2 4601 4683 4682
10729 2 2 2 2 913 914 912
10730 2 2 2 2 3446 3917 3275
10731 2 2 2 2 4114 8935 4850
10732 2 2 2 2 4811 8575 4084
10733 2 2 2 2 3417 4524 4466
10734 2 2 2 2 4535 5086 4534
10735 2 2 2 2 4045 6826 1700
10736 2 2 2 2 3730 4179 4177
10737 2 2 2 2 915 916 914
10738 2 2 2 2 1175 1177 1176
10739 2 2 2 2 7391 7393 7392
10740 2 2 2 2 1549 1550 1548
10741 2 2 2 2 1551 1552 1550
10742 2 2 2 2 4805 7139 4078
10743 2 2 2 2 7395 7397 7396
10744 2 2 2 2 900 1671 898
10745 2 2 2 2 1342 1375 1343
10746 2 2 2 2 3461 4613 4276
10747 2 2 2 2 1358 2465 1368
10748 2 2 2 2 1247 1248 1246
10749 2 2 2 2 7393 7395 7394
10750 2 2 2 2 1165 8124 1207
10751 2 2 2 2 911 912 910
10752 2 2 2 2 797 7733 3644
10753 2 2 2 2 2080 4393 1951
10754 2 2 2 2 3126 8449 4596
10755 2 2 2 2 7942 7944 7943
10756 2 2 2 2 4832 7671 4829
10757 2 2 2 2 3222 8747 4679
10758 2 2 2 2 1561 1563 1562
10759 2 2 2 2 3652 4425 4424
10760 2 2 2 2 2549 2555 2554
10761 2 2 2 2 1496 1631 1495
10762 2 2 2 2 3281 6121 6120
10763 2 2 2 2 3298 6548 6546
10764 2 2 2 2 2289 2307 2287
10765 2 2 2 2 2620 2622 2621
10766 2 2 2 2 1171 1172 1170
10767 2 2 2 2 2539 2542 2537
10768 2 2 2 2 4619 5095 4618
10769 2 2 2 2 611 614 610
10770 2 2 2 2 1987 2136 1631
10771 2 2 2 2 607 610 606
10772 2 2 2 2 2539 2544 2543
10773 2 2 2 2 1075 4502 1434
10774 2 2 2 2 618 638 617
10775 2 2 2 2 4721 5332 5331
10776 2 2 2 2 2038 2087 2006
10777 2 2 2 2 4625 5178 5177
10778 2 2 2 2 3854 3856 3855
10779 2 2 2 2 2071 6252 2067
10780 2 2 2 2 4331 4373 3671
10781 2 2 2 2 5456 7604 4663
10782 2 2 2 2 896 2699 894
10783 2 2 2 2 1281 1359 1279
10784 2 2 2 2 1479 1612 1477
10785 2 2 2 2 946 8792 1004
10786 2 2 2 2 4886 8941 1965
10787 2 2 2 2 3113 4506 2564
10788 2 2 2 2 2966 4097 4096
10789 2 2 2 2 2142 2785 1993
10790 2 2 2 2 1719 1723 1720
10791 2 2 2 2 982 989 988
10792 2 2 2 2 2347 2348 2346
10793 2 2 2 2 2867 6639 1027
10794 2 2 2 2 725 726 711
10795 2 2 2 2 3132 4443 3514
10796 2 2 2 2 2139 2482 2136
10797 2 2 2 2 2915 3137 2482
10798 2 2 2 2 2237 2239 2238
10799 2 2 2 2 551 8515 550
10800 2 2 2 2 1375 1376 1343
10801 2 2 2 2 4693 4694 4282
10802 2 2 2 2 909 910 908
10803 2 2 2 2 3113 8610 4533
10804 2 2 2 2 470 471 469
10805 2 2 2 2 3467 7647 5064
10806 2 2 2 2 1553 1554 1552
10807 2 2 2 2 1312 7659 1393
10808 2 2 2 2 834 835 833
10809 2 2 2 2 1608 1609 1539
10810 2 2 2 2 4705 4706 4694
10811 2 2 2 2 7308 7311 5160
10812 2 2 2 2 6447 7725 5329
10813 2 2 2 2 497 500 499
10814 2 2 2 2 3923 4265 4024
10815 2 2 2 2 7167 7168 7166
10816 2 2 2 2 3913 6609 5138
10817 2 2 2 2 3708 3709 3703
10818 2 2 2 2 4143 8608 4253
10819 2 2 2 2 4314 6194 4315
10820 2 2 2 2 4613 4615 4614
10821 2 2 2 2 4815 8905 5343
10822 2 2 2 2 809 849 824
10823 2 2 2 2 1056 1058 1057
10824 2 2 2 2 1427 1495 1107
10825 2 2 2 2 907 908 906
10826 2 2 2 2 4055 5305 5304
10827 2 2 2 2 4402 5319 4400
10828 2 2 2 2 2126 9056 1980
10829 2 2 2 2 1264 1428 1384
10830 2 2 2 2 5162 7032 4425
10831 2 2 2 2 733 734 726
10832 2 2 2 2 4873 7697 7557
10833 2 2 2 2 4847 5109 4848
10834 2 2 2 2 2506 7093 2504
10835 2 2 2 2 2441 8410 3472
10836 2 2 2 2 3958 8556 6307
10837 2 2 2 2 1786 1788 1787
10838 2 2 2 2 4082 5161 5160
10839 2 2 2 2 1485 7518 2847
10840 2 2 2 2 2764 7545 3244
10841 2 2 2 2 487 3190 489
10842 2 2 2 2 2539 2543 2542
10843 2 2 2 2 5266 8659 4686
10844 2 2 2 2 2545 2546 2543
10845 2 2 2 2 4097 4826 4096
10846 2 2 2 2 6319 6381 4087
10847 2 2 2 2 4507 4508 4506
10848 2 2 2 2 4864 4865 4863
10849 2 2 2 2 1365 1387 1366
10850 2 2 2 2 4805 7140 7139
10851 2 2 2 2 2285 8565 2635
10852 2 2 2 2 2573 2575 2574
10853 2 2 2 2 2545 2547 2546
10854 2 2 2 2 2281 2284 2283
10855 2 2 2 2 4097 5329 4826
10856 2 2 2 2 2852 8455 684
10857 2 2 2 2 5109 5857 4848
10858 2 2 2 2 893 894 892
10859 2 2 2 2 3932 7932 3282
10860 2 2 2 2 3650 3651 3649
10861 2 2 2 2 615 617 614
10862 2 2 2 2 1632 8290 1987
10863 2 2 2 2 821 833 820
10864 2 2 2 2 3257 3258 2329
10865 2 2 2 2 1485 2847 1487
10866 2 2 2 2 741 742 734
10867 2 2 2 2 2669 2672 2671
10868 2 2 2 2 2637 3923 1734
10869 2 2 2 2 2090 2135 2127
10870 2 2 2 2 3291 4625 3981
10871 2 2 2 2 1020 4212 3447
10872 2 2 2 2 4856 4857 4855
10873 2 2 2 2 2517 2518 2516
10874 2 2 2 2 1240 1243 1242
10875 2 2 2 2 1758 1883 1612
10876 2 2 2 2 4817 5301 4475
10877 2 2 2 2 499 7857 498
10878 2 2 2 2 5202 5203 5201
10879 2 2 2 2 2848 6653 928
10880 2 2 2 2 3729 4693 4282
10881 2 2 2 2 3769 4114 3768
10882 2 2 2 2 682 684 683
10883 2 2 2 2 1006 2028 1008
10884 2 2 2 2 500 501 499
10885 2 2 2 2 2380 3390 2378
10886 2 2 2 2 2441 3472 3471
10887 2 2 2 2 1177 1179 1178
10888 2 2 2 2 4265 5076 4659
10889 2 2 2 2 3670 4474 4473
10890 2 2 2 2 5152 6528 5153
10891 2 2 2 2 3048 4654 4653
10892 2 2 2 2 4811 8578 8575
10893 2 2 2 2 3137 3290 2482
10894 2 2 2 2 1891 1892 1890
10895 2 2 2 2 3029 3768 2209
10896 2 2 2 2 3754 5146 4522
10897 2 2 2 2 2580 3276 2581
10898 2 2 2 2 905 906 904
10899 2 2 2 2 1260 1278 1258
10900 2 2 2 2 3708 9007 3709
10901 2 2 2 2 561 7539 2784
10902 2 2 2 2 1387 1388 1366
10903 2 2 2 2 4902 7681 4907
10904 2 2 2 2 1112 8651 2015
10905 2 2 2 2 2110 8410 2441
10906 2 2 2 2 796 797 742
10907 2 2 2 2 2519 2584 2521
10908 2 2 2 2 2285 2635 2283
10909 2 2 2 2 464 1634 466
10910 2 2 2 2 4858 4859 4857
10911 2 2 2 2 5015 5631 3885
10912 2 2 2 2 4899 7681 4902
10913 2 2 2 2 992 993 963
10914 2 2 2 2 3258 3260 3259
10915 2 2 2 2 5264 5265 4179
10916 2 2 2 2 4789 8454 5376
10917 2 2 2 2 4860 4861 4859
10918 2 2 2 2 4669 4670 3509
10919 2 2 2 2 2511 2514 2512
10920 2 2 2 2 2514 2541 2515
10921 2 2 2 2 3447 8934 3898
10922 2 2 2 2 4862 4863 4861
10923 2 2 2 2 808 2483 795
10924 2 2 2 2 5332 8794 8280
10925 2 2 2 2 4790 6019 4791
10926 2 2 2 2 3958 6307 5118
10927 2 2 2 2 790 2919 788
10928 2 2 2 2 1555 1556 1554
10929 2 2 2 2 2557 2559 2558
10930 2 2 2 2 1962 6012 1960
10931 2 2 2 2 2450 5256 5255
10932 2 2 2 2 4084 8575 4085
10933 2 2 2 2 3931 3938 3708
10934 2 2 2 2 903 904 902
10935 2 2 2 2 2236 2850 2235
10936 2 2 2 2 755 758 757
10937 2 2 2 2 817 818 816
10938 2 2 2 2 2035 2151 2034
10939 2 2 2 2 1540 3224 1520
10940 2 2 2 2 3224 8707 1520
10941 2 2 2 2 3707 3931 3708
10942 2 2 2 2 2428 3275 2425
10943 2 2 2 2 1179 1226 1204
10944 2 2 2 2 4087 6381 3308
10945 2 2 2 2 1090 1097 1096
10946 2 2 2 2 5088 5843 4240
10947 2 2 2 2 3472 3670 3473
10948 2 2 2 2 4868 4869 4867
10949 2 2 2 2 3766 4073 3224
10950 2 2 2 2 2515 2516 2512
10951 2 2 2 2 3664 3667 3665
10952 2 2 2 2 4671 4686 3726
10953 2 2 2 2 1025 1026 1000
10954 2 2 2 2 836 1166 1165
10955 2 2 2 2 3701 3707 3703
10956 2 2 2 2 4424 4656 3651
10957 2 2 2 2 2535 2537 2536
10958 2 2 2 2 2577 3110 2575
10959 2 2 2 2 3113 4507 4506
10960 2 2 2 2 819 820 818
10961 2 2 2 2 1047 1048 1032
10962 2 2 2 2 3697 3698 3696
10963 2 2 2 2 3350 3352 3351
10964 2 2 2 2 1031 1032 993
10965 2 2 2 2 4866 4867 4865
10966 2 2 2 2 3544 3545 3542
10967 2 2 2 2 2529 2583 2531
10968 2 2 2 2 870 9031 847
10969 2 2 2 2 3888 5708 3890
10970 2 2 2 2 2005 2006 1920
10971 2 2 2 2 3667 3681 3668
10972 2 2 2 2 2271 2890 2889
10973 2 2 2 2 4289 6144 4290
10974 2 2 2 2 3342 3343 3341
10975 2 2 2 2 1585 1741 1587
10976 2 2 2 2 1120 8651 1112
10977 2 2 2 2 3261 3872 3870
10978 2 2 2 2 3574 4427 3572
10979 2 2 2 2 1176 4529 1174
10980 2 2 2 2 1291 8684 3417
10981 2 2 2 2 3801 7545 5180
10982 2 2 2 2 1904 1905 1903
10983 2 2 2 2 805 806 797
10984 2 2 2 2 1895 8225 2018
10985 2 2 2 2 3871 4648 3629
10986 2 2 2 2 2523 2540 2525
10987 2 2 2 2 1478 1480 1374
10988 2 2 2 2 3165 3647 2541
10989 2 2 2 2 3436 6076 3435
10990 2 2 2 2 4271 5034 4272
10991 2 2 2 2 901 902 900
10992 2 2 2 2 2509 2511 2510
10993 2 2 2 2 4303 5009 4302
10994 2 2 2 2 2297 7457 2463
10995 2 2 2 2 1173 1174 1172
10996 2 2 2 2 3973 4003 3290
10997 2 2 2 2 1206 9015 1264
10998 2 2 2 2 5357 7063 5358
10999 2 2 2 2 813 814 806
11000 2 2 2 2 4686 5248 3726
11001 2 2 2 2 3277 3278 2581
11002 2 2 2 2 3344 3345 3343
11003 2 2 2 2 3415 3529 2423
11004 2 2 2 2 3922 5393 4232
11005 2 2 2 2 4014 6327 4011
11006 2 2 2 2 4318 6548 3298
11007 2 2 2 2 3137 3973 3290
11008 2 2 2 2 2533 2535 2534
11009 2 2 2 2 3652 4424 3651
11010 2 2 2 2 1276 1344 1186
11011 2 2 2 2 1707 1709 1708
11012 2 2 2 2 3933 8470 4790
11013 2 2 2 2 2585 7069 713
11014 2 2 2 2 954 7914 4025
11015 2 2 2 2 1389 1390 1388
11016 2 2 2 2 895 896 894
11017 2 2 2 2 2519 2520 2518
11018 2 2 2 2 1706 1707 1705
11019 2 2 2 2 2535 2538 2537
11020 2 2 2 2 5430 5498 5429
11021 2 2 2 2 2345 2346 2344
11022 2 2 2 2 4530 8634 8470
11023 2 2 2 2 657 5591 664
11024 2 2 2 2 4474 4475 4473
11025 2 2 2 2 1917 1965 1918
11026 2 2 2 2 899 900 898
11027 2 2 2 2 3131 4669 3509
11028 2 2 2 2 2330 3030 2331
11029 2 2 2 2 4947 5481 4666
11030 2 2 2 2 497 499 498
11031 2 2 2 2 4359 4360 4358
11032 2 2 2 2 2590 5357 826
11033 2 2 2 2 1053 8523 1051
11034 2 2 2 2 3395 4673 3896
11035 2 2 2 2 724 8363 731
11036 2 2 2 2 686 688 687
11037 2 2 2 2 3703 6685 3702
11038 2 2 2 2 5320 8754 5319
11039 2 2 2 2 688 690 689
11040 2 2 2 2 3900 4500 4499
11041 2 2 2 2 3894 5807 4227
11042 2 2 2 2 1936 5781 2089
11043 2 2 2 2 1495 7076 3168
11044 2 2 2 2 995 2867 1027
11045 2 2 2 2 1176 7606 4529
11046 2 2 2 2 3194 8374 7885
11047 2 2 2 2 4524 4525 4466
11048 2 2 2 2 4867 8921 4865
11049 2 2 2 2 3707 3708 3703
11050 2 2 2 2 469 3241 467
11051 2 2 2 2 5177 8611 3981
11052 2 2 2 2 8115 8116 4817
11053 2 2 2 2 5343 6322 4090
11054 2 2 2 2 903 7703 905
11055 2 2 2 2 934 980 979
11056 2 2 2 2 3291 3746 2906
11057 2 2 2 2 1532 2196 1512
11058 2 2 2 2 690 692 691
11059 2 2 2 2 713 7069 704
11060 2 2 2 2 897 898 896
11061 2 2 2 2 468 470 469
11062 2 2 2 2 3435 6076 4269
11063 2 2 2 2 1563 1565 1564
11064 2 2 2 2 1716 1718 1717
11065 2 2 2 2 7730 7732 5190
11066 2 2 2 2 831 2920 842
11067 2 2 2 2 2260 2263 2262
11068 2 2 2 2 1478 1481 1480
11069 2 2 2 2 684 686 685
11070 2 2 2 2 734 1513 726
11071 2 2 2 2 7944 7948 7947
11072 2 2 2 2 466 468 467
11073 2 2 2 2 1758 2090 1883
11074 2 2 2 2 1919 1920 1688
11075 2 2 2 2 988 6641 995
11076 2 2 2 2 4073 4818 4610
11077 2 2 2 2 3670 4473 4472
11078 2 2 2 2 1091 1092 1026
11079 2 2 2 2 4869 5347 4867
11080 2 2 2 2 3973 6574 4003
11081 2 2 2 2 3588 4387 3586
11082 2 2 2 2 496 497 495
11083 2 2 2 2 5186 7561 7494
11084 2 2 2 2 1505 7498 1891
11085 2 2 2 2 3023 8166 3653
11086 2 2 2 2 4750 4751 4730
11087 2 2 2 2 2505 2660 2507
11088 2 2 2 2 1342 1343 1208
11089 2 2 2 2 1206 1263 1205
11090 2 2 2 2 3697 3706 3699
11091 2 2 2 2 2672 2906 2673
11092 2 2 2 2 3681 4037 3682
11093 2 2 2 2 5654 5656 3887
11094 2 2 2 2 2784 8626 8510
11095 2 2 2 2 2521 2522 2520
11096 2 2 2 2 814 817 816
11097 2 2 2 2 997 6932 2076
11098 2 2 2 2 5286 8892 5287
11099 2 2 2 2 911 913 912
11100 2 2 2 2 1770 1771 1769
11101 2 2 2 2 1207 1208 1200
11102 2 2 2 2 928 930 929
11103 2 2 2 2 907 909 908
11104 2 2 2 2 1244 1247 1246
11105 2 2 2 2 3610 4652 3590
11106 2 2 2 2 464 466 465
11107 2 2 2 2 980 982 981
11108 2 2 2 2 3912 4351 4350
11109 2 2 2 2 6478 8922 4212
11110 2 2 2 2 2523 2524 2522
11111 2 2 2 2 8575 8576 4085
11112 2 2 2 2 893 895 894
11113 2 2 2 2 1706 1710 1707
11114 2 2 2 2 2525 2526 2524
11115 2 2 2 2 4707 4708 4706
11116 2 2 2 2 1447 6143 1449
11117 2 2 2 2 3282 7932 3283
11118 2 2 2 2 921 924 923
11119 2 2 2 2 5265 5425 4179
11120 2 2 2 2 3326 4149 3798
11121 2 2 2 2 2515 2517 2516
11122 2 2 2 2 1264 1383 1263
11123 2 2 2 2 2480 2983 2205
11124 2 2 2 2 4055 8742 5305
11125 2 2 2 2 1557 1558 1556
11126 2 2 2 2 909 911 910
11127 2 2 2 2 1631 7076 1495
11128 2 2 2 2 3578 4591 3576
11129 2 2 2 2 493 496 495
11130 2 2 2 2 3699 3700 3698
11131 2 2 2 2 4073 4610 3224
11132 2 2 2 2 913 915 914
11133 2 2 2 2 4729 4730 4708
11134 2 2 2 2 1583 5959 1585
11135 2 2 2 2 1720 1721 1718
11136 2 2 2 2 4476 4817 4475
11137 2 2 2 2 4898 7681 4899
11138 2 2 2 2 3168 7074 1107
11139 2 2 2 2 3395 3896 3396
11140 2 2 2 2 905 907 906
11141 2 2 2 2 903 905 904
11142 2 2 2 2 4617 4618 4616
11143 2 2 2 2 5178 8613 5177
11144 2 2 2 2 1011 1020 1010
11145 2 2 2 2 1165 1200 835
11146 2 2 2 2 4615 4616 4614
11147 2 2 2 2 1918 1946 1945
11148 2 2 2 2 982 988 987
11149 2 2 2 2 3396 3398 3397
11150 2 2 2 2 4869 8896 5347
11151 2 2 2 2 861 1734 859
11152 2 2 2 2 2535 2536 2534
11153 2 2 2 2 1384 1419 1383
11154 2 2 2 2 930 932 931
11155 2 2 2 2 1788 2034 1787
11156 2 2 2 2 6084 6085 6083
11157 2 2 2 2 654 8675 656
11158 2 2 2 2 915 917 916
11159 2 2 2 2 895 897 896
11160 2 2 2 2 3565 3809 3808
11161 2 2 2 2 1559 1560 1558
11162 2 2 2 2 684 685 683
11163 2 2 2 2 5337 8115 4817
11164 2 2 2 2 3895 5196 3812
11165 2 2 2 2 3981 4721 3746
11166 2 2 2 2 814 816 806
11167 2 2 2 2 1919 6559 2005
11168 2 2 2 2 1716 1717 1714
11169 2 2 2 2 924 926 925
11170 2 2 2 2 6862 6870 6863
11171 2 2 2 2 2361 7603 2362
11172 2 2 2 2 1020 6478 4212
11173 2 2 2 2 917 919 918
11174 2 2 2 2 797 3644 742
11175 2 2 2 2 2007 5084 3926
11176 2 2 2 2 1481 1524 1483
11177 2 2 2 2 3455 4151 3457
11178 2 2 2 2 1951 7165 1952
11179 2 2 2 2 4038 5288 5285
11180 2 2 2 2 2924 3664 3227
11181 2 2 2 2 1495 3168 1107
11182 2 2 2 2 4669 4720 4670
11183 2 2 2 2 1518 6607 2873
11184 2 2 2 2 2527 2528 2526
11185 2 2 2 2 988 995 990
11186 2 2 2 2 1587 5933 1589
11187 2 2 2 2 3693 3694 3692
11188 2 2 2 2 901 903 902
11189 2 2 2 2 1617 5653 1669
11190 2 2 2 2 4625 5177 3981
11191 2 2 2 2 688 689 687
11192 2 2 2 2 1561 1562 1560
11193 2 2 2 2 3967 8599 5124
11194 2 2 2 2 2517 2519 2518
11195 2 2 2 2 2533 2534 2532
11196 2 2 2 2 1162 1163 1092
11197 2 2 2 2 1420 1421 1419
11198 2 2 2 2 2507 2509 2508
11199 2 2 2 2 919 921 920
11200 2 2 2 2 3094 3922 3921
11201 2 2 2 2 1165 1207 1200
11202 2 2 2 2 3582 4624 3580
11203 2 2 2 2 932 934 933
11204 2 2 2 2 1479 1758 1612
11205 2 2 2 2 4424 7024 4656
11206 2 2 2 2 926 928 927
11207 2 2 2 2 1204 1205 1178
11208 2 2 2 2 4512 5465 4944
11209 2 2 2 2 468 469 467
11210 2 2 2 2 4752 4753 4751
11211 2 2 2 2 8896 8915 5347
11212 2 2 2 2 1359 5749 1279
11213 2 2 2 2 2514 2515 2512
11214 2 2 2 2 1951 1952 1935
11215 2 2 2 2 466 467 465
11216 2 2 2 2 899 901 900
11217 2 2 2 2 4875 5732 4525
11218 2 2 2 2 686 687 685
11219 2 2 2 2 2529 2530 2528
11220 2 2 2 2 4163 4164 4162
11221 2 2 2 2 4212 8934 3447
11222 2 2 2 2 3244 7545 3801
11223 2 2 2 2 995 1027 996
11224 2 2 2 2 3348 3350 3349
11225 2 2 2 2 3108 8556 3958
11226 2 2 2 2 462 464 463
11227 2 2 2 2 1100 7257 1001
11228 2 2 2 2 3940 4358 3119
11229 2 2 2 2 1687 1688 1621
11230 2 2 2 2 690 691 689
11231 2 2 2 2 4085 6327 4014
11232 2 2 2 2 4349 6550 4345
11233 2 2 2 2 1372 5709 1369
11234 2 2 2 2 1063 6754 6753
11235 2 2 2 2 2362 7603 2982
11236 2 2 2 2 3346 3347 3345
11237 2 2 2 2 4675 4676 4353
11238 2 2 2 2 2072 2429 2074
11239 2 2 2 2 1458 1459 1421
11240 2 2 2 2 5120 6472 4726
11241 2 2 2 2 1702 1703 1701
11242 2 2 2 2 1393 7659 2883
11243 2 2 2 2 1481 8897 1524
11244 2 2 2 2 2462 2905 756
11245 2 2 2 2 3701 3702 3700
11246 2 2 2 2 897 899 898
11247 2 2 2 2 2622 2668 2624
11248 2 2 2 2 3417 8684 4524
11249 2 2 2 2 464 465 463
11250 2 2 2 2 3701 3703 3702
11251 2 2 2 2 5319 8607 8606
11252 2 2 2 2 977 6649 932
11253 2 2 2 2 2374 3047 2372
11254 2 2 2 2 2519 2521 2520
11255 2 2 2 2 547 8457 546
11256 2 2 2 2 4999 5000 4178
11257 2 2 2 2 1917 3714 1965
11258 2 2 2 2 3164 7093 2506
11259 2 2 2 2 1623 5563 1367
11260 2 2 2 2 489 491 490
11261 2 2 2 2 1620 1621 1463
11262 2 2 2 2 3546 3547 3545
11263 2 2 2 2 1462 1463 1459
11264 2 2 2 2 1155 1223 1156
11265 2 2 2 2 4817 8116 5301
11266 2 2 2 2 821 834 833
11267 2 2 2 2 664 5591 2195
11268 2 2 2 2 801 6082 822
11269 2 2 2 2 1029 1110 1045
11270 2 2 2 2 2622 8615 2668
11271 2 2 2 2 1946 2037 2036
11272 2 2 2 2 3841 4294 3863
11273 2 2 2 2 4306 5565 3501
11274 2 2 2 2 1027 1029 1028
11275 2 2 2 2 2924 3226 2923
11276 2 2 2 2 3693 3705 3695
11277 2 2 2 2 1666 4689 1217
11278 2 2 2 2 1002 9004 1267
11279 2 2 2 2 4289 4290 3278
11280 2 2 2 2 7784 7785 1457
11281 2 2 2 2 834 836 835
11282 2 2 2 2 4157 5436 5432
11283 2 2 2 2 4206 4214 4124
11284 2 2 2 2 1719 1720 1718
11285 2 2 2 2 4693 4705 4694
11286 2 2 2 2 5095 6106 4618
11287 2 2 2 2 6020 6040 5085
11288 2 2 2 2 3090 6608 2452
11289 2 2 2 2 4770 4771 4753
11290 2 2 2 2 4847 4848 3784
11291 2 2 2 2 1175 1176 1174
11292 2 2 2 2 906 1044 904
11293 2 2 2 2 4711 4712 4710
11294 2 2 2 2 4990 5451 5431
11295 2 2 2 2 1097 1155 1098
11296 2 2 2 2 3554 4661 2582
11297 2 2 2 2 1720 1722 1721
11298 2 2 2 2 1934 1951 1935
11299 2 2 2 2 2525 2527 2526
11300 2 2 2 2 2672 3291 2906
11301 2 2 2 2 4818 4819 4610
11302 2 2 2 2 3291 3981 3746
11303 2 2 2 2 1565 1567 1566
11304 2 2 2 2 1223 1224 1156
11305 2 2 2 2 3164 7095 7093
11306 2 2 2 2 2279 3191 2040
11307 2 2 2 2 1716 1719 1718
11308 2 2 2 2 2523 2525 2524
11309 2 2 2 2 2531 2533 2532
11310 2 2 2 2 1201 1789 1055
11311 2 2 2 2 2511 2512 2510
11312 2 2 2 2 4177 4178 3392
11313 2 2 2 2 819 821 820
11314 2 2 2 2 6870 6873 6871
11315 2 2 2 2 2521 2523 2522
11316 2 2 2 2 817 819 818
11317 2 2 2 2 3695 3697 3696
11318 2 2 2 2 1483 7518 1485
11319 2 2 2 2 761 764 763
11320 2 2 2 2 3840 6392 3838
11321 2 2 2 2 1235 5850 1232
11322 2 2 2 2 4125 4206 4124
11323 2 2 2 2 4709 4710 2981
11324 2 2 2 2 3278 7719 2581
11325 2 2 2 2 1348 1938 1382
11326 2 2 2 2 3388 3877 3811
11327 2 2 2 2 2212 2213 2095
11328 2 2 2 2 4218 4378 4216
11329 2 2 2 2 3695 3696 3694
11330 2 2 2 2 2531 2532 2530
11331 2 2 2 2 1373 1479 1477
11332 2 2 2 2 1029 1045 1030
11333 2 2 2 2 4429 4431 4430
11334 2 2 2 2 3227 4080 3226
11335 2 2 2 2 2135 6070 3779
11336 2 2 2 2 1759 5781 1936
11337 2 2 2 2 2846 2924 2923
11338 2 2 2 2 4721 8819 5332
11339 2 2 2 2 627 8590 2853
11340 2 2 2 2 1154 5031 4288
11341 2 2 2 2 3509 3754 3205
11342 2 2 2 2 1223 1356 1224
11343 2 2 2 2 3389 4167 3815
11344 2 2 2 2 5022 5691 4501
11345 2 2 2 2 3697 3699 3698
11346 2 2 2 2 2883 7659 4635
11347 2 2 2 2 2669 8637 2672
11348 2 2 2 2 1915 2461 1742
11349 2 2 2 2 4772 4773 4771
11350 2 2 2 2 2239 2240 2238
11351 2 2 2 2 822 8823 831
11352 2 2 2 2 4696 5433 4955
11353 2 2 2 2 3459 4273 3462
11354 2 2 2 2 4271 4272 3432
11355 2 2 2 2 659 6174 666
11356 2 2 2 2 2471 8643 3508
11357 2 2 2 2 2529 2531 2530
11358 2 2 2 2 3192 8641 3191
11359 2 2 2 2 5161 7309 7308
11360 2 2 2 2 719 2585 713
11361 2 2 2 2 3811 3812 2983
11362 2 2 2 2 1113 1148 1147
11363 2 2 2 2 1774 1775 1771
11364 2 2 2 2 1356 1357 1224
11365 2 2 2 2 1563 1564 1562
11366 2 2 2 2 3369 3383 3371
11367 2 2 2 2 6855 6869 6858
11368 2 2 2 2 2297 2463 2296
11369 2 2 2 2 3813 4134 3895
11370 2 2 2 2 2527 2529 2528
11371 2 2 2 2 3110 6018 2575
11372 2 2 2 2 4499 8561 2385
11373 2 2 2 2 1999 2000 1775
11374 2 2 2 2 4080 4760 4759
11375 2 2 2 2 3860 7959 2382
11376 2 2 2 2 5412 8930 5477
11377 2 2 2 2 5124 6717 5123
11378 2 2 2 2 3981 8611 4721
11379 2 2 2 2 4429 4430 4428
11380 2 2 2 2 3501 5565 3498
11381 2 2 2 2 5279 5280 5278
11382 2 2 2 2 1177 1178 1176
11383 2 2 2 2 2416 2421 2418
11384 2 2 2 2 2089 3431 2163
11385 2 2 2 2 1560 2503 1558
11386 2 2 2 2 4132 4291 4187
11387 2 2 2 2 4161 4162 3401
11388 2 2 2 2 5265 5457 5425
11389 2 2 2 2 3926 7237 1953
11390 2 2 2 2 1205 7606 1178
11391 2 2 2 2 5039 5040 5010
11392 2 2 2 2 1377 1378 1345
11393 2 2 2 2 750 751 744
11394 2 2 2 2 2408 2411 2410
11395 2 2 2 2 1570 2469 1568
11396 2 2 2 2 1569 1571 1570
11397 2 2 2 2 1264 9015 1428
11398 2 2 2 2 842 843 832
11399 2 2 2 2 4500 4501 4499
11400 2 2 2 2 2910 3193 2909
11401 2 2 2 2 4793 4844 4773
11402 2 2 2 2 3689 3690 3687
11403 2 2 2 2 2410 7463 2409
11404 2 2 2 2 1703 1706 1705
11405 2 2 2 2 3416 5736 3792
11406 2 2 2 2 2440 6763 762
11407 2 2 2 2 4705 4707 4706
11408 2 2 2 2 1219 8756 2392
11409 2 2 2 2 2051 2907 2049
11410 2 2 2 2 2231 5157 2872
11411 2 2 2 2 1078 6927 3731
11412 2 2 2 2 4146 5002 4966
11413 2 2 2 2 269 425 268
11414 2 2 2 2 1906 1907 1905
11415 2 2 2 2 4729 8731 4750
11416 2 2 2 2 1684 1913 1685
11417 2 2 2 2 3819 4157 4147
11418 2 2 2 2 3967 5124 5123
11419 2 2 2 2 5084 6020 5085
11420 2 2 2 2 3042 3324 2333
11421 2 2 2 2 2104 5140 2334
11422 2 2 2 2 231 366 230
11423 2 2 2 2 4707 4729 4708
11424 2 2 2 2 3699 3701 3700
11425 2 2 2 2 692 694 693
11426 2 2 2 2 5161 7308 5160
11427 2 2 2 2 4038 4049 3682
11428 2 2 2 2 2037 2204 2203
11429 2 2 2 2 5275 5276 4960
11430 2 2 2 2 1179 1204 1178
11431 2 2 2 2 760 761 759
11432 2 2 2 2 2043 2044 1986
11433 2 2 2 2 4707 5273 4729
11434 2 2 2 2 3714 4886 1965
11435 2 2 2 2 1980 9056 5608
11436 2 2 2 2 742 7526 734
11437 2 2 2 2 4613 4614 4276
11438 2 2 2 2 5347 8921 4867
11439 2 2 2 2 1420 6045 1458
11440 2 2 2 2 2404 2406 2405
11441 2 2 2 2 5034 5760 4272
11442 2 2 2 2 1149 1150 1094
11443 2 2 2 2 1218 1666 1217
11444 2 2 2 2 3094 3921 3900
11445 2 2 2 2 2207 2328 2218
11446 2 2 2 2 2509 2510 2508
11447 2 2 2 2 1639 6771 1412
11448 2 2 2 2 916 7402 914
11449 2 2 2 2 5277 8801 4960
11450 2 2 2 2 1565 1566 1564
11451 2 2 2 2 4696 8261 5433
11452 2 2 2 2 2368 3261 2367
11453 2 2 2 2 5285 5286 4049
11454 2 2 2 2 4123 4880 3802
11455 2 2 2 2 692 693 691
11456 2 2 2 2 3023 3653 2918
11457 2 2 2 2 3668 3763 3665
11458 2 2 2 2 767 770 769
11459 2 2 2 2 2420 2914 2913
11460 2 2 2 2 1207 8124 2638
11461 2 2 2 2 2078 2079 1963
11462 2 2 2 2 3350 3351 3349
11463 2 2 2 2 3681 3682 3668
11464 2 2 2 2 7942 7943 3872
11465 2 2 2 2 3667 3668 3665
11466 2 2 2 2 1668 1759 1670
11467 2 2 2 2 2508 3164 2506
11468 2 2 2 2 1698 1699 1697
11469 2 2 2 2 2047 2069 2045
11470 2 2 2 2 4729 4750 4730
11471 2 2 2 2 1913 2032 1914
11472 2 2 2 2 2266 3389 2268
11473 2 2 2 2 1567 1569 1568
11474 2 2 2 2 6843 6844 6842
11475 2 2 2 2 202 334 201
11476 2 2 2 2 3348 3349 3347
11477 2 2 2 2 1218 1667 1666
11478 2 2 2 2 5288 8628 5285
11479 2 2 2 2 4342 4510 4340
11480 2 2 2 2 694 696 695
11481 2 2 2 2 3919 5202 5201
11482 2 2 2 2 4354 4675 4353
11483 2 2 2 2 4168 4169 3053
11484 2 2 2 2 5281 5282 5280
11485 2 2 2 2 4136 5149 4199
11486 2 2 2 2 6873 6875 6874
11487 2 2 2 2 1940 1941 1907
11488 2 2 2 2 4750 4752 4751
11489 2 2 2 2 2163 5735 3416
11490 2 2 2 2 4037 4038 3682
11491 2 2 2 2 1181 1209 1203
11492 2 2 2 2 1387 1389 1388
11493 2 2 2 2 3792 5048 5047
11494 2 2 2 2 696 698 697
11495 2 2 2 2 1952 1953 1935
11496 2 2 2 2 672 6171 678
11497 2 2 2 2 824 825 810
11498 2 2 2 2 2475 8599 3967
11499 2 2 2 2 4956 8858 4734
11500 2 2 2 2 2089 5781 3431
11501 2 2 2 2 1913 1914 1685
11502 2 2 2 2 3352 3354 3353
11503 2 2 2 2 2249 2250 2248
11504 2 2 2 2 3691 3693 3692
11505 2 2 2 2 730 732 723
11506 2 2 2 2 853 889 872
11507 2 2 2 2 3664 3665 3227
11508 2 2 2 2 1667 1901 1900
11509 2 2 2 2 1469 1470 1392
11510 2 2 2 2 2032 2033 1914
11511 2 2 2 2 4038 5285 4049
11512 2 2 2 2 1667 1900 1666
11513 2 2 2 2 4712 4713 4710
11514 2 2 2 2 4752 4770 4753
11515 2 2 2 2 1569 1570 1568
11516 2 2 2 2 2668 8637 2669
11517 2 2 2 2 3668 7161 3763
11518 2 2 2 2 1668 1670 1618
11519 2 2 2 2 75 365 74
11520 2 2 2 2 3693 3695 3694
11521 2 2 2 2 888 7549 962
11522 2 2 2 2 3871 4649 4648
11523 2 2 2 2 1291 3417 1290
11524 2 2 2 2 2279 3271 3192
11525 2 2 2 2 4985 5423 4986
11526 2 2 2 2 1901 2024 1900
11527 2 2 2 2 462 463 461
11528 2 2 2 2 3684 4118 3683
11529 2 2 2 2 1567 1568 1566
11530 2 2 2 2 3917 5050 4026
11531 2 2 2 2 1571 1572 1570
11532 2 2 2 2 806 7733 797
11533 2 2 2 2 4398 8606 4405
11534 2 2 2 2 1954 2007 1953
11535 2 2 2 2 1425 8709 1309
11536 2 2 2 2 5285 7530 5286
11537 2 2 2 2 758 3222 760
11538 2 2 2 2 1458 1633 1462
11539 2 2 2 2 3691 3692 3690
11540 2 2 2 2 2227 2425 2228
11541 2 2 2 2 491 493 492
11542 2 2 2 2 1591 1944 1597
11543 2 2 2 2 1571 1573 1572
11544 2 2 2 2 4163 4165 4164
11545 2 2 2 2 2124 2223 2222
11546 2 2 2 2 2505 2507 2506
11547 2 2 2 2 5735 5736 3416
11548 2 2 2 2 1075 5945 4502
11549 2 2 2 2 4216 6945 3529
11550 2 2 2 2 3565 3566 3564
11551 2 2 2 2 2212 7321 2213
11552 2 2 2 2 5402 5403 4314
11553 2 2 2 2 2924 3227 3226
11554 2 2 2 2 1603 1680 1602
11555 2 2 2 2 1107 7074 1048
11556 2 2 2 2 3808 3867 3566
11557 2 2 2 2 757 2462 756
11558 2 2 2 2 4272 5783 3432
11559 2 2 2 2 3388 3878 3877
11560 2 2 2 2 2332 3267 3032
11561 2 2 2 2 4654 7604 4655
11562 2 2 2 2 1204 1206 1205
11563 2 2 2 2 1638 5730 1641
11564 2 2 2 2 4362 6261 4363
11565 2 2 2 2 2917 3866 3053
11566 2 2 2 2 3267 4173 3814
11567 2 2 2 2 2588 7704 1105
11568 2 2 2 2 6860 6862 6861
11569 2 2 2 2 4380 6745 4378
11570 2 2 2 2 1092 1733 1026
11571 2 2 2 2 4352 4354 4353
11572 2 2 2 2 2984 3303 3302
11573 2 2 2 2 4822 4963 4712
11574 2 2 2 2 723 7296 719
11575 2 2 2 2 4770 4772 4771
11576 2 2 2 2 2037 2206 2204
11577 2 2 2 2 3131 3509 3205
11578 2 2 2 2 4772 4793 4773
11579 2 2 2 2 1687 1947 1919
11580 2 2 2 2 1497 5653 1617
11581 2 2 2 2 3417 4466 4465
11582 2 2 2 2 2470 4674 2472
11583 2 2 2 2 2224 2227 2226
11584 2 2 2 2 3131 3205 2910
11585 2 2 2 2 493 495 494
11586 2 2 2 2 1747 1748 1636
11587 2 2 2 2 7481 8696 7485
11588 2 2 2 2 694 695 693
11589 2 2 2 2 3882 4920 3397
11590 2 2 2 2 3352 3353 3351
11591 2 2 2 2 1246 5775 2400
11592 2 2 2 2 2140 8410 2110
11593 2 2 2 2 4200 5402 4314
11594 2 2 2 2 4155 5004 4154
11595 2 2 2 2 1137 1265 1139
11596 2 2 2 2 2258 8784 2256
11597 2 2 2 2 2984 3301 2319
11598 2 2 2 2 3417 4465 1290
11599 2 2 2 2 3303 7054 4461
11600 2 2 2 2 2038 2272 2208
11601 2 2 2 2 4255 5708 3888
11602 2 2 2 2 3029 3770 3769
11603 2 2 2 2 2975 6629 3684
11604 2 2 2 2 4683 4695 4682
11605 2 2 2 2 2268 2269 2267
11606 2 2 2 2 3303 3875 3302
11607 2 2 2 2 2851 6645 980
11608 2 2 2 2 5287 7161 4049
11609 2 2 2 2 2307 8856 8565
11610 2 2 2 2 4667 4668 3881
11611 2 2 2 2 4173 5485 4931
11612 2 2 2 2 4439 4440 4438
11613 2 2 2 2 4716 4768 4715
11614 2 2 2 2 4793 6147 4844
11615 2 2 2 2 2463 3565 3564
11616 2 2 2 2 3026 3395 3394
11617 2 2 2 2 1524 7518 1483
11618 2 2 2 2 5009 5558 4302
11619 2 2 2 2 3409 3824 3410
11620 2 2 2 2 4400 8606 4398
11621 2 2 2 2 1762 1934 1763
11622 2 2 2 2 2177 7078 2314
11623 2 2 2 2 7235 8725 2197
11624 2 2 2 2 4163 4925 4165
11625 2 2 2 2 1573 1574 1572
11626 2 2 2 2 4973 4975 4974
11627 2 2 2 2 2451 2476 2245
11628 2 2 2 2 4159 4979 4961
11629 2 2 2 2 696 697 695
11630 2 2 2 2 2507 2508 2506
11631 2 2 2 2 1681 6063 1680
11632 2 2 2 2 1113 7704 1148
11633 2 2 2 2 3267 3814 3032
11634 2 2 2 2 8917 8918 4963
11635 2 2 2 2 2463 3564 2296
11636 2 2 2 2 2850 3405 3056
11637 2 2 2 2 5319 8606 4400
11638 2 2 2 2 659 6177 6174
11639 2 2 2 2 2409 3730 3392
11640 2 2 2 2 2902 2909 2901
11641 2 2 2 2 3565 3808 3566
11642 2 2 2 2 2203 2205 2036
11643 2 2 2 2 984 1099 1001
11644 2 2 2 2 5003 8567 4167
11645 2 2 2 2 1250 1253 1252
11646 2 2 2 2 2505 2506 2504
11647 2 2 2 2 1105 7704 1113
11648 2 2 2 2 3900 4499 2385
11649 2 2 2 2 3486 4344 3484
11650 2 2 2 2 1027 6639 1029
11651 2 2 2 2 2984 3302 3301
11652 2 2 2 2 4161 4163 4162
11653 2 2 2 2 1206 1264 1263
11654 2 2 2 2 4151 7150 3457
11655 2 2 2 2 1905 3540 1903
11656 2 2 2 2 4379 4380 4378
11657 2 2 2 2 4393 7165 1951
11658 2 2 2 2 2450 5255 5254
11659 2 2 2 2 2191 2981 2192
11660 2 2 2 2 1178 7606 1176
11661 2 2 2 2 2328 3257 2329
11662 2 2 2 2 4716 6047 4769
11663 2 2 2 2 3882 8688 4922
11664 2 2 2 2 4189 5141 4915
11665 2 2 2 2 1683 1881 1681
11666 2 2 2 2 5273 8731 4729
11667 2 2 2 2 5040 5094 5042
11668 2 2 2 2 2672 8637 3291
11669 2 2 2 2 2064 2311 2066
11670 2 2 2 2 698 700 699
11671 2 2 2 2 4466 4467 4465
11672 2 2 2 2 1457 5681 1398
11673 2 2 2 2 2005 2038 2006
11674 2 2 2 2 3060 4667 3881
11675 2 2 2 2 1589 5917 1591
11676 2 2 2 2 1477 1478 1374
11677 2 2 2 2 1264 1384 1383
11678 2 2 2 2 4173 4931 3814
11679 2 2 2 2 3094 3900 2385
11680 2 2 2 2 3359 6893 3381
11681 2 2 2 2 831 832 823
11682 2 2 2 2 3029 3769 3768
11683 2 2 2 2 2866 3269 3268
11684 2 2 2 2 2243 2244 2242
11685 2 2 2 2 180 5497 179
11686 2 2 2 2 3335 3963 3333
11687 2 2 2 2 1512 7090 1083
11688 2 2 2 2 764 3297 766
11689 2 2 2 2 2465 6585 1368
11690 2 2 2 2 5256 5257 5255
11691 2 2 2 2 2136 7076 1631
11692 2 2 2 2 3917 4026 3275
11693 2 2 2 2 940 3560 885
11694 2 2 2 2 3856 3857 3855
11695 2 2 2 2 2332 3032 2212
11696 2 2 2 2 2868 2869 2255
11697 2 2 2 2 3552 8584 1062
11698 2 2 2 2 3389 3815 2268
11699 2 2 2 2 5300 8858 4956
11700 2 2 2 2 3022 3400 3023
11701 2 2 2 2 1935 7237 1763
11702 2 2 2 2 1941 7012 1943
11703 2 2 2 2 2394 3079 2396
11704 2 2 2 2 3826 4337 4336
11705 2 2 2 2 4122 5366 4885
11706 2 2 2 2 3683 3782 2980
11707 2 2 2 2 6945 6946 3529
11708 2 2 2 2 4157 5432 4147
11709 2 2 2 2 3962 5194 5130
11710 2 2 2 2 2328 4122 3257
11711 2 2 2 2 3526 4330 3538
11712 2 2 2 2 3644 7526 742
11713 2 2 2 2 743 2870 739
11714 2 2 2 2 4303 5010 5009
11715 2 2 2 2 3689 3691 3690
11716 2 2 2 2 700 705 704
11717 2 2 2 2 2038 2208 2087
11718 2 2 2 2 1130 8295 1128
11719 2 2 2 2 2208 5876 3029
11720 2 2 2 2 2902 2910 2909
11721 2 2 2 2 4925 8937 4926
11722 2 2 2 2 5186 7562 7561
11723 2 2 2 2 5255 8805 5254
11724 2 2 2 2 3291 8637 4625
11725 2 2 2 2 2917 3053 2893
11726 2 2 2 2 5257 8841 5255
11727 2 2 2 2 3400 4160 3401
11728 2 2 2 2 5289 5290 3866
11729 2 2 2 2 2151 3022 2918
11730 2 2 2 2 5050 5247 4026
11731 2 2 2 2 1384 1420 1419
11732 2 2 2 2 1449 6143 1453
11733 2 2 2 2 2257 2258 2256
11734 2 2 2 2 816 7733 806
11735 2 2 2 2 3918 3919 3109
11736 2 2 2 2 4716 4769 4768
11737 2 2 2 2 4168 4193 4169
11738 2 2 2 2 6847 6848 6846
11739 2 2 2 2 5715 5716 1157
11740 2 2 2 2 3373 3822 3378
11741 2 2 2 2 705 714 713
11742 2 2 2 2 7944 7947 7943
11743 2 2 2 2 3460 3849 3323
11744 2 2 2 2 3912 4350 3512
11745 2 2 2 2 4167 4197 3815
11746 2 2 2 2 5193 7562 5186
11747 2 2 2 2 2411 2423 2412
11748 2 2 2 2 1373 1477 1374
11749 2 2 2 2 1635 1636 1600
11750 2 2 2 2 2450 5254 2261
11751 2 2 2 2 763 2440 762
11752 2 2 2 2 4193 4194 4169
11753 2 2 2 2 3689 3704 3691
11754 2 2 2 2 5285 8628 7530
11755 2 2 2 2 2902 3131 2910
11756 2 2 2 2 2394 2395 2276
11757 2 2 2 2 650 6177 659
11758 2 2 2 2 5149 5444 4199
11759 2 2 2 2 3326 3798 3256
11760 2 2 2 2 3005 3007 3006
11761 2 2 2 2 3405 4190 3844
11762 2 2 2 2 8611 8819 4721
11763 2 2 2 2 4122 4885 3257
11764 2 2 2 2 5439 5440 5438
11765 2 2 2 2 3958 4257 3918
11766 2 2 2 2 946 1002 945
11767 2 2 2 2 153 364 152
11768 2 2 2 2 5276 5277 4960
11769 2 2 2 2 3866 4168 3053
11770 2 2 2 2 1478 8897 1481
11771 2 2 2 2 698 699 697
11772 2 2 2 2 8567 8569 8568
11773 2 2 2 2 2161 4347 4346
11774 2 2 2 2 3271 3272 3192
11775 2 2 2 2 5144 5145 5143
11776 2 2 2 2 4690 4940 4668
11777 2 2 2 2 4941 5438 4940
11778 2 2 2 2 1119 1494 1121
11779 2 2 2 2 6870 6871 6863
11780 2 2 2 2 3529 6946 2423
11781 2 2 2 2 2370 7941 2368
11782 2 2 2 2 4048 4170 3869
11783 2 2 2 2 3826 4336 2987
11784 2 2 2 2 5465 8672 4944
11785 2 2 2 2 4299 4304 4301
11786 2 2 2 2 3688 3689 3687
11787 2 2 2 2 4351 5117 4350
11788 2 2 2 2 5284 5409 5283
11789 2 2 2 2 1048 7074 1050
11790 2 2 2 2 5255 8841 8805
11791 2 2 2 2 2208 3029 2209
11792 2 2 2 2 4160 4917 4161
11793 2 2 2 2 1494 2505 2504
11794 2 2 2 2 3261 3870 3629
11795 2 2 2 2 3014 7242 3015
11796 2 2 2 2 1635 2096 1747
11797 2 2 2 2 1494 2504 1121
11798 2 2 2 2 4302 4305 4300
11799 2 2 2 2 3400 3401 3023
11800 2 2 2 2 1785 2031 1786
11801 2 2 2 2 3258 4129 3260
11802 2 2 2 2 1305 3978 1272
11803 2 2 2 2 3022 3023 2918
11804 2 2 2 2 4290 7719 3278
11805 2 2 2 2 3958 5118 4257
11806 2 2 2 2 1420 1458 1421
11807 2 2 2 2 2067 6252 2165
11808 2 2 2 2 1947 6559 1919
11809 2 2 2 2 5366 7444 4885
11810 2 2 2 2 3870 3871 3629
11811 2 2 2 2 4352 4353 4348
11812 2 2 2 2 4437 4438 4435
11813 2 2 2 2 4208 5233 5232
11814 2 2 2 2 2196 7090 1512
11815 2 2 2 2 1573 1575 1574
11816 2 2 2 2 1476 7505 1603
11817 2 2 2 2 1589 1590 1588
11818 2 2 2 2 4160 4161 3401
11819 2 2 2 2 1919 2005 1920
11820 2 2 2 2 1462 6041 1620
11821 2 2 2 2 6862 6863 6861
11822 2 2 2 2 1698 1700 1699
11823 2 2 2 2 1575 1576 1574
11824 2 2 2 2 1548 1910 1546
11825 2 2 2 2 1581 1582 1580
11826 2 2 2 2 822 823 802
11827 2 2 2 2 470 1306 472
11828 2 2 2 2 914 922 912
11829 2 2 2 2 3851 8713 3850
11830 2 2 2 2 1591 1592 1590
11831 2 2 2 2 4134 5021 3895
11832 2 2 2 2 1617 1668 1618
11833 2 2 2 2 2404 7642 2406
11834 2 2 2 2 3657 3688 3687
11835 2 2 2 2 2213 2273 2215
11836 2 2 2 2 2310 3094 2385
11837 2 2 2 2 1899 7564 1897
11838 2 2 2 2 2210 2211 2175
11839 2 2 2 2 4347 4352 4348
11840 2 2 2 2 4342 4511 4510
11841 2 2 2 2 2406 2407 2405
11842 2 2 2 2 1597 1598 1592
11843 2 2 2 2 3409 3410 3408
11844 2 2 2 2 2368 7941 3261
11845 2 2 2 2 3449 4321 2473
11846 2 2 2 2 2007 8902 5084
11847 2 2 2 2 1216 1217 1214
11848 2 2 2 2 2039 2278 2040
11849 2 2 2 2 2411 2412 2410
11850 2 2 2 2 3461 4276 3929
11851 2 2 2 2 5142 5144 5143
11852 2 2 2 2 1209 1210 1203
11853 2 2 2 2 4667 4690 4668
11854 2 2 2 2 1579 1580 1578
11855 2 2 2 2 1583 1584 1582
11856 2 2 2 2 1599 1600 1598
11857 2 2 2 2 1256 1259 1258
11858 2 2 2 2 5897 5898 4201
11859 2 2 2 2 3354 3356 3355
11860 2 2 2 2 4223 5764 5763
11861 2 2 2 2 4155 5006 5005
11862 2 2 2 2 3354 3355 3353
11863 2 2 2 2 3870 4916 3871
11864 2 2 2 2 1687 1919 1688
11865 2 2 2 2 6847 6849 6848
11866 2 2 2 2 1587 1588 1586
11867 2 2 2 2 3682 7161 3668
11868 2 2 2 2 4296 4327 3478
11869 2 2 2 2 3730 4177 3392
11870 2 2 2 2 1080 2039 2026
11871 2 2 2 2 1934 1935 1763
11872 2 2 2 2 1216 1218 1217
11873 2 2 2 2 3049 3326 3256
11874 2 2 2 2 1458 1462 1459
11875 2 2 2 2 1617 1618 1498
11876 2 2 2 2 2094 2332 2212
11877 2 2 2 2 700 704 699
11878 2 2 2 2 4382 5388 4121
11879 2 2 2 2 2310 2385 2278
11880 2 2 2 2 6873 6874 6871
11881 2 2 2 2 1585 1586 1584
11882 2 2 2 2 1966 2265 1968
11883 2 2 2 2 1577 1578 1576
11884 2 2 2 2 3270 4155 4154
11885 2 2 2 2 4177 4999 4178
11886 2 2 2 2 3108 3958 3918
11887 2 2 2 2 2982 7603 3325
11888 2 2 2 2 5142 5143 4915
11889 2 2 2 2 5403 6194 4314
11890 2 2 2 2 4378 6945 4216
11891 2 2 2 2 3112 3321 3320
11892 2 2 2 2 3261 3629 2367
11893 2 2 2 2 1237 1238 1236
11894 2 2 2 2 2891 2917 2893
11895 2 2 2 2 4301 4303 4302
11896 2 2 2 2 3356 3359 3358
11897 2 2 2 2 1683 7832 1881
11898 2 2 2 2 3859 8733 3857
11899 2 2 2 2 5117 6512 4350
11900 2 2 2 2 1122 1125 1124
11901 2 2 2 2 4274 4275 3453
11902 2 2 2 2 4167 8567 4197
11903 2 2 2 2 3431 5735 2163
11904 2 2 2 2 6871 6872 6863
11905 2 2 2 2 2356 8512 3048
11906 2 2 2 2 4202 5016 3547
11907 2 2 2 2 2236 8741 2850
11908 2 2 2 2 4272 5874 5783
11909 2 2 2 2 1462 1620 1463
11910 2 2 2 2 4437 4943 4439
11911 2 2 2 2 2261 8784 2258
11912 2 2 2 2 794 3296 807
11913 2 2 2 2 3050 6384 3049
11914 2 2 2 2 463 749 461
11915 2 2 2 2 914 7402 922
11916 2 2 2 2 1110 6639 5380
11917 2 2 2 2 4951 4953 4952
11918 2 2 2 2 1046 1101 1030
11919 2 2 2 2 3404 8608 4143
11920 2 2 2 2 3387 3453 3385
11921 2 2 2 2 3488 5576 3486
11922 2 2 2 2 705 713 704
11923 2 2 2 2 1774 2199 1999
11924 2 2 2 2 4944 4945 4513
11925 2 2 2 2 4342 4512 4511
11926 2 2 2 2 989 6641 988
11927 2 2 2 2 1233 1234 1232
11928 2 2 2 2 3356 3358 3355
11929 2 2 2 2 1102 1164 1101
11930 2 2 2 2 3378 3384 3379
11931 2 2 2 2 2019 6177 650
11932 2 2 2 2 6875 6876 6874
11933 2 2 2 2 714 720 719
11934 2 2 2 2 4346 4349 4345
11935 2 2 2 2 739 7568 730
11936 2 2 2 2 758 759 757
11937 2 2 2 2 2338 2340 2339
11938 2 2 2 2 5470 5524 4967
11939 2 2 2 2 3784 7789 3239
11940 2 2 2 2 4375 4716 4715
11941 2 2 2 2 3005 3006 3004
11942 2 2 2 2 1508 1509 1469
11943 2 2 2 2 4135 4180 3402
11944 2 2 2 2 3803 4125 4124
11945 2 2 2 2 1147 8629 1159
11946 2 2 2 2 4944 4946 4945
11947 2 2 2 2 1373 1374 1305
11948 2 2 2 2 4337 4339 4338
11949 2 2 2 2 2278 2279 2040
11950 2 2 2 2 4512 4513 4511
11951 2 2 2 2 4512 4944 4513
11952 2 2 2 2 985 6932 997
11953 2 2 2 2 1370 8774 1454
11954 2 2 2 2 4690 4941 4940
11955 2 2 2 2 1476 1603 1602
11956 2 2 2 2 4155 5005 5004
11957 2 2 2 2 1136 8297 1134
11958 2 2 2 2 1306 2911 472
11959 2 2 2 2 3450 4261 3449
11960 2 2 2 2 2247 2248 2246
11961 2 2 2 2 5006 5531 5005
11962 2 2 2 2 4295 4296 3478
11963 2 2 2 2 1620 1687 1621
11964 2 2 2 2 210 408 209
11965 2 2 2 2 925 935 923
11966 2 2 2 2 8696 8698 7485
11967 2 2 2 2 1744 3413 1639
11968 2 2 2 2 460 462 461
11969 2 2 2 2 2266 2268 2267
11970 2 2 2 2 865 2197 868
11971 2 2 2 2 3061 3402 2476
11972 2 2 2 2 4337 4338 4336
11973 2 2 2 2 2191 2192 2190
11974 2 2 2 2 1004 1006 1005
11975 2 2 2 2 720 724 723
11976 2 2 2 2 1267 1269 1268
11977 2 2 2 2 3852 3854 3853
11978 2 2 2 2 3880 4968 4967
11979 2 2 2 2 1119 1121 1120
11980 2 2 2 2 3015 3045 3044
11981 2 2 2 2 1575 1577 1576
11982 2 2 2 2 2444 3108 2432
11983 2 2 2 2 4339 4341 4340
11984 2 2 2 2 4434 4724 4436
11985 2 2 2 2 3854 3855 3853
11986 2 2 2 2 3454 4274 3453
11987 2 2 2 2 4941 5439 5438
11988 2 2 2 2 1126 1129 1128
11989 2 2 2 2 1467 1469 1392
11990 2 2 2 2 1012 1021 1013
11991 2 2 2 2 1520 8707 1515
11992 2 2 2 2 1454 1466 1372
11993 2 2 2 2 4423 4973 4972
11994 2 2 2 2 1474 1625 1466
11995 2 2 2 2 3595 6428 1745
11996 2 2 2 2 3461 7242 4613
11997 2 2 2 2 1579 1581 1580
11998 2 2 2 2 1390 7476 1629
11999 2 2 2 2 4276 5083 3929
12000 2 2 2 2 1682 1762 1683
12001 2 2 2 2 8567 8568 4197
12002 2 2 2 2 724 731 730
12003 2 2 2 2 4601 4994 4683
12004 2 2 2 2 1304 1373 1305
12005 2 2 2 2 4299 4301 4300
12006 2 2 2 2 3455 3457 3456
12007 2 2 2 2 4341 4342 4340
12008 2 2 2 2 546 8457 2792
12009 2 2 2 2 1599 5910 1635
12010 2 2 2 2 3061 4136 4135
12011 2 2 2 2 2392 5714 1158
12012 2 2 2 2 1886 7416 7078
12013 2 2 2 2 1285 5758 2399
12014 2 2 2 2 3853 4933 3851
12015 2 2 2 2 2209 2324 2087
12016 2 2 2 2 5439 6822 5440
12017 2 2 2 2 3819 4147 3820
12018 2 2 2 2 869 2495 866
12019 2 2 2 2 1626 1742 1625
12020 2 2 2 2 6881 6882 3822
12021 2 2 2 2 2237 2238 2236
12022 2 2 2 2 2256 8784 2868
12023 2 2 2 2 2002 2083 2082
12024 2 2 2 2 2316 2912 2457
12025 2 2 2 2 2039 2040 2026
12026 2 2 2 2 5338 5339 3818
12027 2 2 2 2 1953 7237 1935
12028 2 2 2 2 4985 4986 4150
12029 2 2 2 2 2262 2450 2261
12030 2 2 2 2 1947 6560 6559
12031 2 2 2 2 1040 1088 1041
12032 2 2 2 2 2227 2228 2226
12033 2 2 2 2 3962 5130 4454
12034 2 2 2 2 1305 7028 3978
12035 2 2 2 2 4973 4974 4972
12036 2 2 2 2 3345 3951 3343
12037 2 2 2 2 1463 2160 1459
12038 2 2 2 2 714 719 713
12039 2 2 2 2 1114 1157 1106
12040 2 2 2 2 2471 3508 1885
12041 2 2 2 2 4339 4340 4338
12042 2 2 2 2 3266 4480 2869
12043 2 2 2 2 4613 7581 4615
12044 2 2 2 2 4145 7320 4184
12045 2 2 2 2 3359 3360 3358
12046 2 2 2 2 1918 8944 1946
12047 2 2 2 2 3108 3918 3109
12048 2 2 2 2 4347 4348 4346
12049 2 2 2 2 2223 2224 2222
12050 2 2 2 2 2250 2252 2251
12051 2 2 2 2 4301 4302 4300
12052 2 2 2 2 1743 1915 1742
12053 2 2 2 2 1464 6607 1465
12054 2 2 2 2 1577 1579 1578
12055 2 2 2 2 2039 2310 2278
12056 2 2 2 2 3062 5896 3861
12057 2 2 2 2 3465 3850 3463
12058 2 2 2 2 2273 8821 7054
12059 2 2 2 2 3792 5736 5048
12060 2 2 2 2 1246 2400 1245
12061 2 2 2 2 1111 1119 1112
12062 2 2 2 2 3431 5779 5735
12063 2 2 2 2 1715 1716 1714
12064 2 2 2 2 1203 5870 1202
12065 2 2 2 2 3339 3513 3337
12066 2 2 2 2 4193 5475 5474
12067 2 2 2 2 1419 1601 1383
12068 2 2 2 2 1581 1583 1582
12069 2 2 2 2 3010 3014 3013
12070 2 2 2 2 7419 8860 2388
12071 2 2 2 2 2228 2230 2229
12072 2 2 2 2 3873 4158 3874
12073 2 2 2 2 731 740 739
12074 2 2 2 2 3384 4144 3386
12075 2 2 2 2 1021 1040 1022
12076 2 2 2 2 656 8675 4644
12077 2 2 2 2 5896 5897 4201
12078 2 2 2 2 2224 2226 2225
12079 2 2 2 2 4136 4199 4135
12080 2 2 2 2 3045 3461 3111
12081 2 2 2 2 2402 4283 2404
12082 2 2 2 2 4650 4651 4145
12083 2 2 2 2 1133 1135 1134
12084 2 2 2 2 4439 8843 4938
12085 2 2 2 2 2269 2271 2270
12086 2 2 2 2 4664 4960 4959
12087 2 2 2 2 5083 5244 3929
12088 2 2 2 2 1762 1763 1683
12089 2 2 2 2 3880 4967 3879
12090 2 2 2 2 1700 1702 1701
12091 2 2 2 2 3264 3880 3879
12092 2 2 2 2 1497 1498 1378
12093 2 2 2 2 1497 1617 1498
12094 2 2 2 2 6851 6853 6852
12095 2 2 2 2 2043 2046 2045
12096 2 2 2 2 3879 6580 4171
12097 2 2 2 2 1211 5870 1203
12098 2 2 2 2 4049 7161 3682
12099 2 2 2 2 1121 1122 1120
12100 2 2 2 2 3108 3109 2432
12101 2 2 2 2 1603 1681 1680
12102 2 2 2 2 3361 3362 3360
12103 2 2 2 2 2228 2229 2226
12104 2 2 2 2 2233 2234 2232
12105 2 2 2 2 1139 1141 1140
12106 2 2 2 2 1454 1474 1466
12107 2 2 2 2 2224 2225 2222
12108 2 2 2 2 3005 3122 3007
12109 2 2 2 2 720 723 719
12110 2 2 2 2 4303 5039 5010
12111 2 2 2 2 4135 8724 4180
12112 2 2 2 2 6745 6945 4378
12113 2 2 2 2 4149 4985 4150
12114 2 2 2 2 2314 2444 2432
12115 2 2 2 2 5106 5478 4170
12116 2 2 2 2 5141 5142 4915
12117 2 2 2 2 2068 2072 2071
12118 2 2 2 2 2230 2232 2231
12119 2 2 2 2 1658 2908 1753
12120 2 2 2 2 1119 1120 1112
12121 2 2 2 2 5413 5414 4983
12122 2 2 2 2 1212 1232 1231
12123 2 2 2 2 1035 6927 1078
12124 2 2 2 2 3014 3015 3013
12125 2 2 2 2 4944 8672 4946
12126 2 2 2 2 1143 1146 1145
12127 2 2 2 2 2161 4346 4345
12128 2 2 2 2 2314 2432 2179
12129 2 2 2 2 1099 1111 1100
12130 2 2 2 2 1029 6639 1110
12131 2 2 2 2 1181 1203 1202
12132 2 2 2 2 3657 3687 3686
12133 2 2 2 2 4959 5496 5456
12134 2 2 2 2 1370 1454 1372
12135 2 2 2 2 7296 7297 2585
12136 2 2 2 2 2331 8742 4055
12137 2 2 2 2 873 882 881
12138 2 2 2 2 2884 6012 1962
12139 2 2 2 2 3359 3361 3360
12140 2 2 2 2 2230 2231 2229
12141 2 2 2 2 1285 2399 1283
12142 2 2 2 2 5760 5874 4272
12143 2 2 2 2 1474 1626 1625
12144 2 2 2 2 3045 3046 3044
12145 2 2 2 2 2405 4647 2403
12146 2 2 2 2 991 6171 672
12147 2 2 2 2 4299 4300 4298
12148 2 2 2 2 2850 4388 3405
12149 2 2 2 2 5412 5477 5410
12150 2 2 2 2 4208 5232 3413
12151 2 2 2 2 2191 7418 4709
12152 2 2 2 2 3007 3008 3006
12153 2 2 2 2 719 7296 2585
12154 2 2 2 2 1141 1143 1142
12155 2 2 2 2 2349 2352 2350
12156 2 2 2 2 2066 2068 2067
12157 2 2 2 2 3857 4949 3855
12158 2 2 2 2 1137 1139 1138
12159 2 2 2 2 2124 2222 2221
12160 2 2 2 2 948 949 943
12161 2 2 2 2 1583 1585 1584
12162 2 2 2 2 724 730 723
12163 2 2 2 2 4180 8724 5442
12164 2 2 2 2 868 8725 879
12165 2 2 2 2 1436 5942 1782
12166 2 2 2 2 1131 1133 1132
12167 2 2 2 2 946 1003 1002
12168 2 2 2 2 4709 8867 4711
12169 2 2 2 2 145 386 144
12170 2 2 2 2 3048 4662 4654
12171 2 2 2 2 1135 1137 1136
12172 2 2 2 2 3349 3949 3347
12173 2 2 2 2 7418 8867 4709
12174 2 2 2 2 3461 3929 3111
12175 2 2 2 2 5444 5460 4199
12176 2 2 2 2 4933 8713 3851
12177 2 2 2 2 1554 1760 1552
12178 2 2 2 2 1370 1372 1369
12179 2 2 2 2 2388 7784 1402
12180 2 2 2 2 3361 3363 3362
12181 2 2 2 2 4980 4982 4981
12182 2 2 2 2 1626 1743 1742
12183 2 2 2 2 1153 1181 1180
12184 2 2 2 2 2058 2312 2060
12185 2 2 2 2 2470 2472 2471
12186 2 2 2 2 1269 2182 1271
12187 2 2 2 2 1369 1371 1308
12188 2 2 2 2 3460 8711 3849
12189 2 2 2 2 3045 3111 3046
12190 2 2 2 2 1304 1305 1272
12191 2 2 2 2 4438 4442 4435
12192 2 2 2 2 1587 1589 1588
12193 2 2 2 2 1220 8723 1425
12194 2 2 2 2 1941 1942 1907
12195 2 2 2 2 6851 6852 6850
12196 2 2 2 2 4187 4189 4188
12197 2 2 2 2 1046 1102 1101
12198 2 2 2 2 8709 8774 1370
12199 2 2 2 2 1146 1153 1152
12200 2 2 2 2 1972 3028 2101
12201 2 2 2 2 2240 2242 2241
12202 2 2 2 2 5130 5131 4454
12203 2 2 2 2 740 744 743
12204 2 2 2 2 1881 6063 1681
12205 2 2 2 2 2975 3684 3683
12206 2 2 2 2 2068 2071 2067
12207 2 2 2 2 3405 6618 4190
12208 2 2 2 2 4180 5442 5407
12209 2 2 2 2 7242 7581 4613
12210 2 2 2 2 1099 1100 1001
12211 2 2 2 2 1037 1201 1055
12212 2 2 2 2 3401 8166 3023
12213 2 2 2 2 1743 1916 1915
12214 2 2 2 2 1111 1112 1100
12215 2 2 2 2 946 1004 1003
12216 2 2 2 2 1159 8723 1220
12217 2 2 2 2 4157 7150 5437
12218 2 2 2 2 1599 5914 5910
12219 2 2 2 2 2240 2241 2238
12220 2 2 2 2 1129 1131 1130
12221 2 2 2 2 1603 1682 1681
12222 2 2 2 2 2240 2243 2242
12223 2 2 2 2 2458 2902 2901
12224 2 2 2 2 4662 4663 4654
12225 2 2 2 2 2004 2172 2171
12226 2 2 2 2 2244 2247 2246
12227 2 2 2 2 3657 3686 3656
12228 2 2 2 2 3861 5896 4201
12229 2 2 2 2 1377 1497 1378
12230 2 2 2 2 2891 2892 2890
12231 2 2 2 2 2458 2901 2317
12232 2 2 2 2 2244 2246 2245
12233 2 2 2 2 764 765 763
12234 2 2 2 2 8672 9050 4946
12235 2 2 2 2 3363 3364 3362
12236 2 2 2 2 4939 5058 5057
12237 2 2 2 2 6849 6850 6848
12238 2 2 2 2 3391 8848 8609
12239 2 2 2 2 2063 6980 2061
12240 2 2 2 2 2451 3061 2476
12241 2 2 2 2 3967 5123 3968
12242 2 2 2 2 142 358 141
12243 2 2 2 2 1309 8709 1370
12244 2 2 2 2 751 753 752
12245 2 2 2 2 2074 2124 2123
12246 2 2 2 2 1454 8774 1506
12247 2 2 2 2 717 6169 729
12248 2 2 2 2 1585 1587 1586
12249 2 2 2 2 1637 5730 1638
12250 2 2 2 2 3365 3366 3364
12251 2 2 2 2 4375 4715 4714
12252 2 2 2 2 1073 5945 1075
12253 2 2 2 2 3462 3464 3463
12254 2 2 2 2 6763 7890 762
12255 2 2 2 2 3465 3852 3851
12256 2 2 2 2 1725 1985 1726
12257 2 2 2 2 2064 2066 2065
12258 2 2 2 2 2062 2064 2063
12259 2 2 2 2 2238 8741 2236
12260 2 2 2 2 880 8662 869
12261 2 2 2 2 5489 5490 5277
12262 2 2 2 2 3803 4124 4123
12263 2 2 2 2 1629 1698 1697
12264 2 2 2 2 1210 1212 1211
12265 2 2 2 2 1270 2014 1268
12266 2 2 2 2 731 739 730
12267 2 2 2 2 1220 1425 1309
12268 2 2 2 2 3850 8712 8711
12269 2 2 2 2 1271 1304 1272
12270 2 2 2 2 4933 8715 8713
12271 2 2 2 2 2072 2074 2073
12272 2 2 2 2 3111 3112 3046
12273 2 2 2 2 3803 4123 3802
12274 2 2 2 2 3962 4454 2995
12275 2 2 2 2 2914 3802 2913
12276 2 2 2 2 2230 2233 2232
12277 2 2 2 2 2111 2169 2081
12278 2 2 2 2 3457 3458 3456
12279 2 2 2 2 4741 5120 4726
12280 2 2 2 2 2052 2313 2054
12281 2 2 2 2 1252 2398 1251
12282 2 2 2 2 4059 4060 3050
12283 2 2 2 2 2396 3025 2395
12284 2 2 2 2 4725 4741 4726
12285 2 2 2 2 3054 3810 2459
12286 2 2 2 2 1748 1770 1769
12287 2 2 2 2 67 384 66
12288 2 2 2 2 223 383 222
12289 2 2 2 2 2499 4376 3189
12290 2 2 2 2 301 385 300
12291 2 2 2 2 1135 1136 1134
12292 2 2 2 2 3387 3454 3453
12293 2 2 2 2 1589 1591 1590
12294 2 2 2 2 5310 5515 5309
12295 2 2 2 2 1133 1134 1132
12296 2 2 2 2 4664 4959 4663
12297 2 2 2 2 2234 2236 2235
12298 2 2 2 2 1139 1140 1138
12299 2 2 2 2 213 331 212
12300 2 2 2 2 57 330 56
12301 2 2 2 2 291 332 290
12302 2 2 2 2 2435 5078 2318
12303 2 2 2 2 1141 1142 1140
12304 2 2 2 2 1625 5696 1627
12305 2 2 2 2 740 743 739
12306 2 2 2 2 3967 3968 3450
12307 2 2 2 2 1234 1236 1235
12308 2 2 2 2 4434 4436 4432
12309 2 2 2 2 2083 2094 2084
12310 2 2 2 2 1125 1126 1124
12311 2 2 2 2 6805 8821 7321
12312 2 2 2 2 4848 7789 3784
12313 2 2 2 2 1143 1145 1142
12314 2 2 2 2 3269 5338 3818
12315 2 2 2 2 161 327 3
12316 2 2 2 2 2860 6824 2862
12317 2 2 2 2 3026 3393 3025
12318 2 2 2 2 3459 3462 3460
12319 2 2 2 2 1240 1242 1241
12320 2 2 2 2 990 994 987
12321 2 2 2 2 1181 1202 1180
12322 2 2 2 2 1006 1008 1007
12323 2 2 2 2 1881 6065 6063
12324 2 2 2 2 2234 2235 2232
12325 2 2 2 2 4961 7016 3846
12326 2 2 2 2 8629 8723 1159
12327 2 2 2 2 2060 2062 2061
12328 2 2 2 2 2454 2896 2455
12329 2 2 2 2 4189 4915 4914
12330 2 2 2 2 2444 8556 3108
12331 2 2 2 2 2058 2060 2059
12332 2 2 2 2 2234 2237 2236
12333 2 2 2 2 1021 6726 1040
12334 2 2 2 2 1276 1345 1344
12335 2 2 2 2 1009 1012 1011
12336 2 2 2 2 730 7568 732
12337 2 2 2 2 2192 7197 2364
12338 2 2 2 2 3048 8512 4662
12339 2 2 2 2 1146 1152 1145
12340 2 2 2 2 4662 4664 4663
12341 2 2 2 2 63 356 62
12342 2 2 2 2 219 355 218
12343 2 2 2 2 1210 1211 1203
12344 2 2 2 2 1137 1138 1136
12345 2 2 2 2 297 357 296
12346 2 2 2 2 3455 3456 3454
12347 2 2 2 2 2266 2267 2102
12348 2 2 2 2 3061 4135 3402
12349 2 2 2 2 2066 2067 2065
12350 2 2 2 2 1682 1683 1681
12351 2 2 2 2 3367 3368 3366
12352 2 2 2 2 3365 3367 3366
12353 2 2 2 2 1153 1180 1152
12354 2 2 2 2 4189 4914 4188
12355 2 2 2 2 954 4025 952
12356 2 2 2 2 2072 2073 2071
12357 2 2 2 2 4182 6392 3840
12358 2 2 2 2 4663 7604 4654
12359 2 2 2 2 2475 3967 3450
12360 2 2 2 2 846 6084 6083
12361 2 2 2 2 2353 8512 2356
12362 2 2 2 2 2893 2894 2892
12363 2 2 2 2 4437 4439 4438
12364 2 2 2 2 1786 1787 1784
12365 2 2 2 2 2250 2251 2248
12366 2 2 2 2 5319 8754 8607
12367 2 2 2 2 6849 6851 6850
12368 2 2 2 2 6860 6861 6859
12369 2 2 2 2 125 439 124
12370 2 2 2 2 1131 1132 1130
12371 2 2 2 2 3378 3379 3374
12372 2 2 2 2 3322 3459 3323
12373 2 2 2 2 4162 8166 3401
12374 2 2 2 2 1943 1950 1942
12375 2 2 2 2 2124 2221 2123
12376 2 2 2 2 4443 4681 4444
12377 2 2 2 2 4724 5097 4725
12378 2 2 2 2 2244 2245 2242
12379 2 2 2 2 2254 2255 2252
12380 2 2 2 2 3465 3851 3850
12381 2 2 2 2 4283 7642 2404
12382 2 2 2 2 4429 4441 4431
12383 2 2 2 2 1129 1130 1128
12384 2 2 2 2 3445 8608 3039
12385 2 2 2 2 4184 5448 5422
12386 2 2 2 2 2914 3803 3802
12387 2 2 2 2 1086 2588 1105
12388 2 2 2 2 2060 2061 2059
12389 2 2 2 2 7788 7789 4848
12390 2 2 2 2 2275 7662 3054
12391 2 2 2 2 1763 7832 1683
12392 2 2 2 2 1591 1597 1592
12393 2 2 2 2 941 945 940
12394 2 2 2 2 2345 6464 2347
12395 2 2 2 2 2396 8797 3026
12396 2 2 2 2 2177 2314 2179
12397 2 2 2 2 2094 2212 2095
12398 2 2 2 2 3112 3322 3321
12399 2 2 2 2 2342 2345 2344
12400 2 2 2 2 1056 1057 1038
12401 2 2 2 2 2850 8741 4388
12402 2 2 2 2 1212 1231 1211
12403 2 2 2 2 3462 3463 3460
12404 2 2 2 2 6853 6854 6852
12405 2 2 2 2 2996 2999 2998
12406 2 2 2 2 2404 2405 2403
12407 2 2 2 2 886 940 885
12408 2 2 2 2 3852 3853 3851
12409 2 2 2 2 4184 5422 4185
12410 2 2 2 2 2394 2396 2395
12411 2 2 2 2 4330 5119 4369
12412 2 2 2 2 1234 1235 1232
12413 2 2 2 2 2423 6946 2412
12414 2 2 2 2 2069 6716 2045
12415 2 2 2 2 3363 3365 3364
12416 2 2 2 2 4223 8642 5764
12417 2 2 2 2 3523 7456 3517
12418 2 2 2 2 4199 8724 4135
12419 2 2 2 2 755 8747 758
12420 2 2 2 2 3819 3820 3458
12421 2 2 2 2 1272 7025 1270
12422 2 2 2 2 1224 1361 1156
12423 2 2 2 2 2985 8062 3058
12424 2 2 2 2 751 752 744
12425 2 2 2 2 755 757 756
12426 2 2 2 2 3837 4733 3839
12427 2 2 2 2 1369 5709 1371
12428 2 2 2 2 3003 3005 3004
12429 2 2 2 2 1271 1272 1270
12430 2 2 2 2 1941 1943 1942
12431 2 2 2 2 1308 8756 1219
12432 2 2 2 2 3833 4719 3835
12433 2 2 2 2 4966 5303 5302
12434 2 2 2 2 985 8683 6932
12435 2 2 2 2 886 3750 941
12436 2 2 2 2 2149 2326 2325
12437 2 2 2 2 4967 6580 3879
12438 2 2 2 2 7235 8726 8725
12439 2 2 2 2 261 426 260
12440 2 2 2 2 3459 3460 3323
12441 2 2 2 2 2347 2349 2348
12442 2 2 2 2 3464 3465 3463
12443 2 2 2 2 2064 2065 2063
12444 2 2 2 2 4481 8556 2444
12445 2 2 2 2 4132 4187 4186
12446 2 2 2 2 1240 1241 1238
12447 2 2 2 2 5112 5113 4606
12448 2 2 2 2 5113 5522 5521
12449 2 2 2 2 3833 3835 3834
12450 2 2 2 2 4388 6618 3405
12451 2 2 2 2 2180 3657 3656
12452 2 2 2 2 3857 8733 4949
12453 2 2 2 2 1599 1635 1600
12454 2 2 2 2 7237 7832 1763
12455 2 2 2 2 770 771 769
12456 2 2 2 2 3322 3323 3321
12457 2 2 2 2 2056 2058 2057
12458 2 2 2 2 1744 8642 4223
12459 2 2 2 2 3249 4382 4121
12460 2 2 2 2 1219 2392 1158
12461 2 2 2 2 3879 4171 3266
12462 2 2 2 2 2074 2123 2073
12463 2 2 2 2 1525 7214 1228
12464 2 2 2 2 884 886 885
12465 2 2 2 2 1244 1246 1245
12466 2 2 2 2 4159 4961 3846
12467 2 2 2 2 1269 1271 1270
12468 2 2 2 2 1004 8798 1006
12469 2 2 2 2 3032 7321 2212
12470 2 2 2 2 5876 5877 3770
12471 2 2 2 2 4187 4188 4186
12472 2 2 2 2 740 750 744
12473 2 2 2 2 2396 3026 3025
12474 2 2 2 2 2659 4058 3050
12475 2 2 2 2 2054 2056 2055
12476 2 2 2 2 4223 5763 5018
12477 2 2 2 2 2475 3450 3449
12478 2 2 2 2 2457 3206 2458
12479 2 2 2 2 2271 2891 2890
12480 2 2 2 2 1964 7311 2885
12481 2 2 2 2 1966 1967 1950
12482 2 2 2 2 1212 1233 1232
12483 2 2 2 2 3384 3385 3379
12484 2 2 2 2 2062 2063 2061
12485 2 2 2 2 2274 2984 2319
12486 2 2 2 2 3369 3370 3368
12487 2 2 2 2 3386 3387 3385
12488 2 2 2 2 2454 2455 2150
12489 2 2 2 2 3039 8608 3404
12490 2 2 2 2 1597 1599 1598
12491 2 2 2 2 208 367 207
12492 2 2 2 2 3026 3394 3393
12493 2 2 2 2 8733 8734 4949
12494 2 2 2 2 2161 4345 2042
12495 2 2 2 2 879 8725 7596
12496 2 2 2 2 1564 1761 1562
12497 2 2 2 2 766 767 765
12498 2 2 2 2 3029 5876 3770
12499 2 2 2 2 2475 3449 2473
12500 2 2 2 2 3264 3266 2869
12501 2 2 2 2 1269 1270 1268
12502 2 2 2 2 1128 8295 1144
12503 2 2 2 2 5254 8784 2261
12504 2 2 2 2 5422 6295 4185
12505 2 2 2 2 4191 5467 5466
12506 2 2 2 2 4433 4437 4435
12507 2 2 2 2 3393 4159 3846
12508 2 2 2 2 941 8792 946
12509 2 2 2 2 1886 2176 1696
12510 2 2 2 2 3371 3372 3370
12511 2 2 2 2 3264 3879 3266
12512 2 2 2 2 2241 8741 2238
12513 2 2 2 2 2172 2174 2173
12514 2 2 2 2 1628 6960 1388
12515 2 2 2 2 2058 2059 2057
12516 2 2 2 2 755 756 753
12517 2 2 2 2 4960 8801 4959
12518 2 2 2 2 1770 1774 1771
12519 2 2 2 2 2655 8645 3528
12520 2 2 2 2 3863 3865 3864
12521 2 2 2 2 4193 5474 4194
12522 2 2 2 2 2180 3656 2178
12523 2 2 2 2 2868 3264 2869
12524 2 2 2 2 3865 4132 4131
12525 2 2 2 2 5524 6580 4967
12526 2 2 2 2 2999 3000 2998
12527 2 2 2 2 2247 2249 2248
12528 2 2 2 2 4388 6913 6618
12529 2 2 2 2 3865 4131 3864
12530 2 2 2 2 3850 8711 3463
12531 2 2 2 2 1635 1747 1636
12532 2 2 2 2 1774 1999 1775
12533 2 2 2 2 3367 3369 3368
12534 2 2 2 2 873 883 882
12535 2 2 2 2 758 760 759
12536 2 2 2 2 238 427 237
12537 2 2 2 2 5105 5106 4170
12538 2 2 2 2 4224 5730 1637
12539 2 2 2 2 316 445 315
12540 2 2 2 2 1087 3552 1062
12541 2 2 2 2 2889 4375 4374
12542 2 2 2 2 2189 4295 3478
12543 2 2 2 2 6853 6855 6854
12544 2 2 2 2 1244 1245 1242
12545 2 2 2 2 3360 3939 3358
12546 2 2 2 2 2174 2175 2173
12547 2 2 2 2 5709 5710 1371
12548 2 2 2 2 2993 2994 2992
12549 2 2 2 2 2052 2054 2053
12550 2 2 2 2 3486 5576 4344
12551 2 2 2 2 3463 8711 3460
12552 2 2 2 2 5278 5489 5277
12553 2 2 2 2 1009 1011 1010
12554 2 2 2 2 5460 8724 4199
12555 2 2 2 2 1943 1966 1950
12556 2 2 2 2 4725 4726 4436
12557 2 2 2 2 3373 3374 3372
12558 2 2 2 2 865 866 864
12559 2 2 2 2 2345 2347 2346
12560 2 2 2 2 2499 3189 2500
12561 2 2 2 2 4714 6797 4374
12562 2 2 2 2 2187 2191 2190
12563 2 2 2 2 1470 6132 1392
12564 2 2 2 2 761 763 762
12565 2 2 2 2 3003 3004 3002
12566 2 2 2 2 2050 2052 2051
12567 2 2 2 2 2274 7054 2984
12568 2 2 2 2 2254 2256 2255
12569 2 2 2 2 2975 3683 2980
12570 2 2 2 2 1920 1982 1688
12571 2 2 2 2 1158 5714 1114
12572 2 2 2 2 1968 1969 1967
12573 2 2 2 2 809 810 808
12574 2 2 2 2 4295 4297 4296
12575 2 2 2 2 3030 8742 2331
12576 2 2 2 2 1709 6299 1712
12577 2 2 2 2 1234 1237 1236
12578 2 2 2 2 2111 2975 2169
12579 2 2 2 2 941 946 945
12580 2 2 2 2 3808 4924 3867
12581 2 2 2 2 1751 5544 5543
12582 2 2 2 2 3353 3479 3351
12583 2 2 2 2 1113 1147 1114
12584 2 2 2 2 801 822 802
12585 2 2 2 2 3841 3863 3862
12586 2 2 2 2 2980 3955 2169
12587 2 2 2 2 102 417 101
12588 2 2 2 2 5018 5636 3886
12589 2 2 2 2 1985 2161 2042
12590 2 2 2 2 2048 2050 2049
12591 2 2 2 2 1597 5914 1599
12592 2 2 2 2 4297 4298 4296
12593 2 2 2 2 1147 1159 1158
12594 2 2 2 2 2056 2057 2055
12595 2 2 2 2 1113 1114 1106
12596 2 2 2 2 6082 8823 822
12597 2 2 2 2 2402 2404 2403
12598 2 2 2 2 1105 1113 1106
12599 2 2 2 2 809 824 810
12600 2 2 2 2 1147 1158 1114
12601 2 2 2 2 4724 4725 4436
12602 2 2 2 2 1060 8584 1080
12603 2 2 2 2 2413 7463 2410
12604 2 2 2 2 1159 1220 1219
12605 2 2 2 2 2473 8643 2471
12606 2 2 2 2 1985 2042 1986
12607 2 2 2 2 764 766 765
12608 2 2 2 2 831 8823 2920
12609 2 2 2 2 1159 1219 1158
12610 2 2 2 2 2336 2337 2211
12611 2 2 2 2 5174 7657 7499
12612 2 2 2 2 2457 2458 2317
12613 2 2 2 2 1055 8541 1056
12614 2 2 2 2 794 795 771
12615 2 2 2 2 2159 4127 2202
12616 2 2 2 2 1886 2177 2176
12617 2 2 2 2 886 941 940
12618 2 2 2 2 2052 2053 2051
12619 2 2 2 2 112 373 111
12620 2 2 2 2 1220 1309 1308
12621 2 2 2 2 4433 4434 4432
12622 2 2 2 2 4321 8643 2473
12623 2 2 2 2 2470 2471 1885
12624 2 2 2 2 766 7790 767
12625 2 2 2 2 4274 5056 4275
12626 2 2 2 2 822 831 823
12627 2 2 2 2 2185 7418 2187
12628 2 2 2 2 5304 5306 4748
12629 2 2 2 2 1404 7419 2388
12630 2 2 2 2 5490 8801 5277
12631 2 2 2 2 846 6082 801
12632 2 2 2 2 5113 5521 4606
12633 2 2 2 2 1309 1370 1369
12634 2 2 2 2 1038 7914 954
12635 2 2 2 2 2316 2457 2317
12636 2 2 2 2 5857 7788 4848
12637 2 2 2 2 3731 6924 1108
12638 2 2 2 2 4330 4369 3538
12639 2 2 2 2 1220 1308 1219
12640 2 2 2 2 4982 5413 4983
12641 2 2 2 2 1096 1154 1095
12642 2 2 2 2 831 842 832
12643 2 2 2 2 1371 8756 1308
12644 2 2 2 2 460 461 459
12645 2 2 2 2 2891 2893 2892
12646 2 2 2 2 2189 3478 2186
12647 2 2 2 2 4132 4186 4131
12648 2 2 2 2 767 769 768
12649 2 2 2 2 5714 5715 1157
12650 2 2 2 2 1972 1973 1969
12651 2 2 2 2 842 853 843
12652 2 2 2 2 4223 5018 3886
12653 2 2 2 2 2032 6588 2033
12654 2 2 2 2 1624 1783 1686
12655 2 2 2 2 3364 3936 3362
12656 2 2 2 2 2054 2055 2053
12657 2 2 2 2 807 808 795
12658 2 2 2 2 3371 3373 3372
12659 2 2 2 2 3823 4139 4075
12660 2 2 2 2 4297 4299 4298
12661 2 2 2 2 1309 1369 1308
12662 2 2 2 2 3517 7456 3843
12663 2 2 2 2 2991 2993 2992
12664 2 2 2 2 5266 8783 8659
12665 2 2 2 2 3001 3003 3002
12666 2 2 2 2 2046 2048 2047
12667 2 2 2 2 1966 1968 1967
12668 2 2 2 2 2260 2262 2261
12669 2 2 2 2 6855 6856 6854
12670 2 2 2 2 4443 4444 3514
12671 2 2 2 2 3835 3837 3836
12672 2 2 2 2 2042 2043 1986
12673 2 2 2 2 2364 3409 3408
12674 2 2 2 2 148 319 147
12675 2 2 2 2 1744 3886 3413
12676 2 2 2 2 2999 3130 3001
12677 2 2 2 2 2254 2257 2256
12678 2 2 2 2 951 952 950
12679 2 2 2 2 8375 8991 8376
12680 2 2 2 2 761 762 759
12681 2 2 2 2 304 318 303
12682 2 2 2 2 2172 6453 2174
12683 2 2 2 2 70 317 69
12684 2 2 2 2 226 320 225
12685 2 2 2 2 1105 1106 1087
12686 2 2 2 2 2993 3962 2995
12687 2 2 2 2 770 794 771
12688 2 2 2 2 2101 2102 1973
12689 2 2 2 2 2046 2047 2045
12690 2 2 2 2 3369 3371 3370
12691 2 2 2 2 865 868 866
12692 2 2 2 2 4912 8842 8840
12693 2 2 2 2 883 939 884
12694 2 2 2 2 2179 2180 2178
12695 2 2 2 2 2177 2179 2178
12696 2 2 2 2 6258 6751 5182
12697 2 2 2 2 3837 3839 3838
12698 2 2 2 2 1250 1252 1251
12699 2 2 2 2 3839 3841 3840
12700 2 2 2 2 3863 3864 3862
12701 2 2 2 2 1230 1525 1228
12702 2 2 2 2 2082 2111 2081
12703 2 2 2 2 1574 1764 1572
12704 2 2 2 2 3886 4208 3413
12705 2 2 2 2 4375 4714 4374
12706 2 2 2 2 868 869 866
12707 2 2 2 2 2260 2261 2258
12708 2 2 2 2 794 807 795
12709 2 2 2 2 1144 8295 3727
12710 2 2 2 2 48 393 47
12711 2 2 2 2 2050 2051 2049
12712 2 2 2 2 2991 2992 2989
12713 2 2 2 2 4674 8599 2472
12714 2 2 2 2 3297 8770 4047
12715 2 2 2 2 2975 2980 2169
12716 2 2 2 2 1056 8542 1058
12717 2 2 2 2 1985 1986 1726
12718 2 2 2 2 6858 6859 6856
12719 2 2 2 2 2275 3054 2459
12720 2 2 2 2 807 809 808
12721 2 2 2 2 7474 7788 5857
12722 2 2 2 2 3839 3840 3838
12723 2 2 2 2 868 879 869
12724 2 2 2 2 4194 4428 4169
12725 2 2 2 2 3373 6881 3822
12726 2 2 2 2 1114 5714 1157
12727 2 2 2 2 205 394 204
12728 2 2 2 2 767 768 765
12729 2 2 2 2 853 872 854
12730 2 2 2 2 1270 7025 2014
12731 2 2 2 2 2413 8224 7463
12732 2 2 2 2 2472 2473 2471
12733 2 2 2 2 879 942 880
12734 2 2 2 2 879 880 869
12735 2 2 2 2 3886 5636 4208
12736 2 2 2 2 942 947 943
12737 2 2 2 2 2033 2188 2185
12738 2 2 2 2 54 396 53
12739 2 2 2 2 2325 2454 2150
12740 2 2 2 2 951 953 952
12741 2 2 2 2 3393 3846 3025
12742 2 2 2 2 3835 3836 3834
12743 2 2 2 2 133 400 132
12744 2 2 2 2 2472 8599 2475
12745 2 2 2 2 1250 1251 1248
12746 2 2 2 2 942 943 880
12747 2 2 2 2 2024 2316 2025
12748 2 2 2 2 2281 2283 2282
12749 2 2 2 2 2319 2435 2318
12750 2 2 2 2 2439 6439 787
12751 2 2 2 2 842 8833 853
12752 2 2 2 2 1968 1972 1969
12753 2 2 2 2 3001 3002 3000
12754 2 2 2 2 767 7790 770
12755 2 2 2 2 4376 4377 3189
12756 2 2 2 2 1985 8464 2161
12757 2 2 2 2 2999 3001 3000
12758 2 2 2 2 5538 6568 3041
12759 2 2 2 2 1712 1715 1714
12760 2 2 2 2 947 948 943
12761 2 2 2 2 1390 1628 1388
12762 2 2 2 2 1062 8584 1060
12763 2 2 2 2 1744 4223 3886
12764 2 2 2 2 1061 1062 1060
12765 2 2 2 2 5474 8786 4194
12766 2 2 2 2 2316 2317 2025
12767 2 2 2 2 2048 2049 2047
12768 2 2 2 2 216 389 215
12769 2 2 2 2 4165 4804 4164
12770 2 2 2 2 2352 8512 2353
12771 2 2 2 2 2076 6927 1035
12772 2 2 2 2 5396 6467 4127
12773 2 2 2 2 4433 4435 4434
12774 2 2 2 2 3387 3455 3454
12775 2 2 2 2 6971 6980 6972
12776 2 2 2 2 2111 6629 2975
12777 2 2 2 2 2993 2995 2994
12778 2 2 2 2 2995 2996 2994
12779 2 2 2 2 953 1037 954
12780 2 2 2 2 1404 2388 1402
12781 2 2 2 2 1886 7078 2177
12782 2 2 2 2 3373 3378 3374
12783 2 2 2 2 953 954 952
12784 2 2 2 2 8803 8829 4168
12785 2 2 2 2 1589 5933 5917
12786 2 2 2 2 1256 1258 1257
12787 2 2 2 2 754 8747 755
12788 2 2 2 2 2325 2456 2454
12789 2 2 2 2 2472 2475 2473
12790 2 2 2 2 6855 6858 6856
12791 2 2 2 2 1390 1629 1628
12792 2 2 2 2 1037 1055 1038
12793 2 2 2 2 127 379 126
12794 2 2 2 2 7196 8881 4937
12795 2 2 2 2 1783 1785 1784
12796 2 2 2 2 3026 8797 3395
12797 2 2 2 2 314 322 313
12798 2 2 2 2 4058 4782 4059
12799 2 2 2 2 5738 6771 5232
12800 2 2 2 2 1629 1697 1696
12801 2 2 2 2 1061 1086 1062
12802 2 2 2 2 3841 3862 3840
12803 2 2 2 2 1410 6771 5738
12804 2 2 2 2 2402 2403 458
12805 2 2 2 2 2024 2025 1900
12806 2 2 2 2 2281 2282 2264
12807 2 2 2 2 3054 7662 4650
12808 2 2 2 2 2274 2318 2215
12809 2 2 2 2 1697 1886 1696
12810 2 2 2 2 1011 6478 1020
12811 2 2 2 2 1682 7505 3639
12812 2 2 2 2 1625 1627 1466
12813 2 2 2 2 311 432 310
12814 2 2 2 2 3750 8792 941
12815 2 2 2 2 6858 6860 6859
12816 2 2 2 2 4194 4429 4428
12817 2 2 2 2 1037 1038 954
12818 2 2 2 2 1629 1696 1628
12819 2 2 2 2 221 442 220
12820 2 2 2 2 7054 8821 4461
12821 2 2 2 2 1086 1105 1087
12822 2 2 2 2 2497 4518 3249
12823 2 2 2 2 1972 2101 1973
12824 2 2 2 2 4128 5398 5397
12825 2 2 2 2 3249 4121 3248
12826 2 2 2 2 4158 5310 5309
12827 2 2 2 2 1055 1056 1038
12828 2 2 2 2 2177 2178 2176
12829 2 2 2 2 2097 7012 1941
12830 2 2 2 2 3522 4361 3524
12831 2 2 2 2 1256 1257 1254
12832 2 2 2 2 2336 2338 2337
12833 2 2 2 2 1783 1784 1686
12834 2 2 2 2 873 6317 883
12835 2 2 2 2 3017 6222 2989
12836 2 2 2 2 2149 2325 2150
12837 2 2 2 2 4746 6448 6414
12838 2 2 2 2 108 342 107
12839 2 2 2 2 4055 5304 4748
12840 2 2 2 2 3798 4891 3256
12841 2 2 2 2 234 409 233
12842 2 2 2 2 3410 8940 3408
12843 2 2 2 2 3837 3838 3836
12844 2 2 2 2 8798 8799 4739
12845 2 2 2 2 1086 1087 1062
12846 2 2 2 2 3395 8797 4673
12847 2 2 2 2 2101 2266 2102
12848 2 2 2 2 78 410 77
12849 2 2 2 2 4959 8801 5496
12850 2 2 2 2 2331 3295 2121
12851 2 2 2 2 3457 3819 3458
12852 2 2 2 2 6437 6438 3028
12853 2 2 2 2 1057 7914 1038
12854 2 2 2 2 8843 8844 4938
12855 2 2 2 2 3384 3386 3385
12856 2 2 2 2 6854 6857 6852
12857 2 2 2 2 1725 8464 1985
12858 2 2 2 2 2331 4055 3295
12859 2 2 2 2 2415 8224 2413
12860 2 2 2 2 2172 8870 6453
12861 2 2 2 2 1785 1786 1784
12862 2 2 2 2 2388 8860 7786
12863 2 2 2 2 1603 7505 1682
12864 2 2 2 2 4055 4748 3295
12865 2 2 2 2 1967 2118 1950
12866 2 2 2 2 60 388 59
12867 2 2 2 2 2274 2319 2318
12868 2 2 2 2 4316 8902 5079
12869 2 2 2 2 2174 2210 2175
12870 2 2 2 2 3059 8224 2415
12871 2 2 2 2 3741 5271 3756
12872 2 2 2 2 3269 3818 3268
12873 2 2 2 2 787 6439 789
12874 2 2 2 2 1972 6437 3028
12875 2 2 2 2 65 443 64
12876 2 2 2 2 1722 1912 1721
12877 2 2 2 2 46 447 45
12878 2 2 2 2 3732 7012 2097
12879 2 2 2 2 7462 8659 3429
12880 2 2 2 2 2004 8870 2172
12881 2 2 2 2 2984 7054 3303
12882 2 2 2 2 4660 6751 6258
12883 2 2 2 2 3368 3468 3366
12884 2 2 2 2 1412 6771 1410
12885 2 2 2 2 4127 4987 2202
12886 2 2 2 2 2269 6986 2271
12887 2 2 2 2 156 406 155
12888 2 2 2 2 1944 5914 1597
12889 2 2 2 2 3058 8062 4970
12890 2 2 2 2 4058 4059 3050
12891 2 2 2 2 3457 7150 3819
12892 2 2 2 2 191 376 190
12893 2 2 2 2 2187 2190 2189
12894 2 2 2 2 4935 4954 4936
12895 2 2 2 2 2146 2147 1912
12896 2 2 2 2 846 6083 6082
12897 2 2 2 2 2497 3249 3248
12898 2 2 2 2 2146 2916 2147
12899 2 2 2 2 3408 3411 3065
12900 2 2 2 2 2149 2150 2148
12901 2 2 2 2 3429 8783 3424
12902 2 2 2 2 8062 8063 4970
12903 2 2 2 2 8890 8891 526
12904 2 2 2 2 2860 7586 6824
12905 2 2 2 2 1722 2146 1912
12906 2 2 2 2 1058 8542 1061
12907 2 2 2 2 1697 7416 1886
12908 2 2 2 2 2192 2363 2190
12909 2 2 2 2 1006 8798 2028
12910 2 2 2 2 6360 7095 4779
12911 2 2 2 2 1713 2470 1885
12912 2 2 2 2 2187 2189 2186
12913 2 2 2 2 2497 3248 2031
12914 2 2 2 2 8725 8726 7596
12915 2 2 2 2 5466 6822 4192
12916 2 2 2 2 1912 6735 1721
12917 2 2 2 2 2364 3065 2363
12918 2 2 2 2 4128 5397 5396
12919 2 2 2 2 3408 8940 3411
12920 2 2 2 2 51 361 50
12921 2 2 2 2 2033 2184 1914
12922 2 2 2 2 150 421 149
12923 2 2 2 2 2336 2359 2338
12924 2 2 2 2 6679 9053 6677
12925 2 2 2 2 8887 8888 8886
12926 2 2 2 2 2147 2149 2148
12927 2 2 2 2 6335 8644 4481
12928 2 2 2 2 4127 6467 4987
12929 2 2 2 2 7195 8887 8886
12930 2 2 2 2 2028 8798 4739
12931 2 2 2 2 3819 7150 4157
12932 2 2 2 2 3424 8783 3422
12933 2 2 2 2 2185 2186 2184
12934 2 2 2 2 4749 8166 4162
12935 2 2 2 2 1785 2497 2031
12936 2 2 2 2 2188 7418 2185
12937 2 2 2 2 8659 8783 3429
12938 2 2 2 2 8223 8224 3059
12939 2 2 2 2 457 460 459
12940 2 2 2 2 853 8833 889
12941 2 2 2 2 459 2402 458
12942 2 2 2 2 1711 6796 1708
12943 2 2 2 2 1699 7416 1697
12944 2 2 2 2 4937 8881 5428
12945 2 2 2 2 2364 3408 3065
12946 2 2 2 2 2185 2187 2186
12947 2 2 2 2 4060 6384 3050
12948 2 2 2 2 3880 8805 4968
12949 2 2 2 2 2147 2148 1912
12950 2 2 2 2 8613 8665 803
12951 2 2 2 2 7596 8726 3567
12952 2 2 2 2 8792 8799 8798
12953 2 2 2 2 2192 2364 2363
12954 2 2 2 2 8622 8824 4030
12955 2 2 2 2 4030 8824 8641
12956 2 2 2 2 3567 8726 8187
12957 2 2 2 2 2188 8867 7418
12958 2 2 2 2 2200 8870 2004
12959 2 2 2 2 1709 1711 1708
12960 2 2 2 2 3758 8870 2200
12961 2 2 2 2 2033 2185 2184
12962 2 2 2 2 130 363 129
12963 2 2 2 2 7195 8885 8848
12964 2 2 2 2 2 329 82
12965 2 2 2 2 184 403 183
12966 2 2 2 2 1712 1714 1713
12967 2 2 2 2 8805 8841 4968
12968 2 2 2 2 4970 8063 5416
12969 2 2 2 2 1709 1712 1711
12970 2 2 2 2 8363 8915 731
12971 2 2 2 2 2981 7197 2192
12972 2 2 2 2 4695 8856 4682
12973 2 2 2 2 3300 6726 1021
12974 2 2 2 2 872 6317 873
12975 2 2 2 2 236 324 235
12976 2 2 2 2 4128 5396 4127
12977 2 2 2 2 1712 1713 1711
12978 2 2 2 2 80 325 79
12979 2 2 2 2 1713 1885 1711
12980 2 2 2 2 2859 7762 7760
12981 2 2 2 2 2159 4128 4127
12982 2 2 2 2 4258 6317 872
12983 2 2 2 2 5354 6448 4746
12984 2 2 2 2 8063 8840 5416
12985 2 2 2 2 4968 8841 5471
12986 2 2 2 2 6440 8450 3121
12987 2 2 2 2 5796 8891 8890
12988 2 2 2 2 4164 4749 4162
12989 2 2 2 2 139 381 138
12990 2 2 2 2 7195 8886 8885
12991 2 2 2 2 7530 8628 2198
12992 2 2 2 2 165 370 164
12993 2 2 2 2 5347 8915 8363
12994 2 2 2 2 2981 8880 7197
12995 2 2 2 2 8848 8885 5493
12996 2 2 2 2 158 323 157
12997 2 2 2 2 8526 8924 878
12998 2 2 2 2 1947 7008 6766
12999 2 2 2 2 3750 8799 8792
13000 2 2 2 2 4197 8872 3815
13001 2 2 2 2 7098 8628 5288
13002 2 2 2 2 4598 8450 8010
13003 2 2 2 2 4710 8880 2981
13004 2 2 2 2 1737 8892 7209
13005 2 2 2 2 4414 8576 4413
13006 2 2 2 2 4713 8880 4710
13007 2 2 2 2 3284 7727 3934
13008 2 2 2 2 4172 5515 5449
13009 2 2 2 2 8917 8919 8918
13010 2 2 2 2 457 459 458
13011 2 2 2 2 8010 8450 6440
13012 2 2 2 2 5348 6319 4794
13013 2 2 2 2 5403 8736 6194
13014 2 2 2 2 4713 8881 8880
13015 2 2 2 2 5348 6381 6319
13016 2 2 2 2 4379 6365 4380
13017 2 2 2 2 2977 8795 2911
13018 2 2 2 2 5845 8540 2979
13019 2 2 2 2 4247 6147 5054
13020 2 2 2 2 6719 6721 6141
13021 2 2 2 2 1736 8754 8523
13022 2 2 2 2 663 8221 671
13023 2 2 2 2 8607 8754 1736
13024 2 2 2 2 4797 7725 6447
13025 2 2 2 2 4797 6447 4827
13026 2 2 2 2 5326 8898 5325
13027 2 2 2 2 4724 6766 5097
13028 2 2 2 2 7325 7326 5016
13029 2 2 2 2 1432 8492 8491
13030 2 2 2 2 4926 8937 8919
13031 2 2 2 2 2897 8115 7183
13032 2 2 2 2 5016 7326 3547
13033 2 2 2 2 7183 8115 5337
13034 2 2 2 2 8433 8739 5242
13035 2 2 2 2 3231 7727 2963
13036 2 2 2 2 750 8896 8614
13037 2 2 2 2 6324 8905 1648
13038 2 2 2 2 2037 5891 2206
13039 2 2 2 2 4926 8919 8917
13040 2 2 2 2 8633 8635 1380
13041 2 2 2 2 750 8915 8896
13042 2 2 2 2 5343 8905 6324
13043 2 2 2 2 465 6214 463
13044 2 2 2 2 6766 7008 5097
13045 2 2 2 2 4776 8414 6328
13046 2 2 2 2 740 8915 750
13047 2 2 2 2 4824 8923 8047
13048 2 2 2 2 5345 7918 5346
13049 2 2 2 2 731 8915 740
13050 2 2 2 2 2206 5891 5888
13051 2 2 2 2 2963 7727 3284
13052 2 2 2 2 4888 8923 4824
13053 2 2 2 2 5839 8148 5837
13054 2 2 2 2 7725 7727 3231
13055 2 2 2 2 457 458 455
13056 2 2 2 2 8363 8921 5347
13057 2 2 2 2 3304 5854 2696
13058 2 2 2 2 6445 8675 1656
13059 2 2 2 2 2646 8921 8363
13060 2 2 2 2 7134 7135 5359
13061 2 2 2 2 1761 7853 7852
13062 2 2 2 2 6610 7063 4101
13063 2 2 2 2 8545 8890 522
13064 2 2 2 2 7836 8489 2021
13065 2 2 2 2 682 8221 2852
13066 2 2 2 2 5372 9011 8262
13067 2 2 2 2 1668 5935 1759
13068 2 2 2 2 1669 5935 1668
13069 2 2 2 2 8262 9011 1819
13070 2 2 2 2 8935 8936 6767
13071 2 2 2 2 5859 5860 2695
13072 2 2 2 2 2695 5860 2693
13073 2 2 2 2 5890 7582 5366
13074 2 2 2 2 8032 8034 8033
13075 2 2 2 2 671 8221 682
13076 2 2 2 2 8006 8927 874
13077 2 2 2 2 8179 8180 8178
13078 2 2 2 2 5862 8554 3209
13079 2 2 2 2 5366 7582 7444
13080 2 2 2 2 2852 8221 8220
13081 2 2 2 2 5854 5859 2695
13082 2 2 2 2 4953 8953 4952
13083 2 2 2 2 7444 7582 3804
13084 2 2 2 2 1823 8956 8262
13085 2 2 2 2 1424 8007 8003
13086 2 2 2 2 8262 8956 5372
13087 2 2 2 2 1424 8455 8007
13088 2 2 2 2 2696 5854 2695
13089 2 2 2 2 6767 8936 3064
13090 2 2 2 2 8007 8455 8219
13091 2 2 2 2 5861 5862 3209
13092 2 2 2 2 8060 8482 3635
13093 2 2 2 2 8219 8455 2852
13094 2 2 2 2 465 8942 6214
13095 2 2 2 2 5860 5861 3209
13096 2 2 2 2 2852 8220 8219
13097 2 2 2 2 6214 8942 6213
13098 2 2 2 2 1819 9011 8143
13099 2 2 2 2 1998 8698 4332
13100 2 2 2 2 4332 8698 8696
13101 2 2 2 2 6567 6748 5381
13102 2 2 2 2 5170 8951 8891
13103 2 2 2 2 5369 7811 7810
13104 2 2 2 2 2693 5860 3209
13105 2 2 2 2 8891 8951 526
13106 2 2 2 2 8440 8554 5862
13107 2 2 2 2 5842 8148 5839
13108 2 2 2 2 7524 8389 5386
13109 2 2 2 2 6492 6493 6485
13110 2 2 2 2 8074 8107 8106
13111 2 2 2 2 6318 7221 7220
13112 2 2 2 2 1425 8723 7713
13113 2 2 2 2 6318 7220 2170
13114 2 2 2 2 456 457 455
13115 2 2 2 2 7533 8774 8709
13116 2 2 2 2 5395 8941 4888
13117 2 2 2 2 1024 7096 1019
13118 2 2 2 2 5395 8944 8941
13119 2 2 2 2 4468 8924 5051
13120 2 2 2 2 7810 7811 3250
13121 2 2 2 2 5891 8944 5395
13122 2 2 2 2 5288 7099 7098
13123 2 2 2 2 5006 7440 5531
13124 2 2 2 2 1946 8944 5891
13125 2 2 2 2 6113 8923 4886
13126 2 2 2 2 5051 8924 8526
13127 2 2 2 2 8923 8941 4886
13128 2 2 2 2 4952 8953 6712
13129 2 2 2 2 5531 7440 2496
13130 2 2 2 2 1946 5891 2037
13131 2 2 2 2 4888 8941 8923
13132 2 2 2 2 8032 8033 8031
13133 2 2 2 2 4685 8597 8596
13134 2 2 2 2 1064 7096 1024
13135 2 2 2 2 7515 7516 7514
13136 2 2 2 2 6486 6492 6485
13137 2 2 2 2 8068 8069 8067
13138 2 2 2 2 8074 8106 8066
13139 2 2 2 2 7899 7901 7900
13140 2 2 2 2 453 456 455
13141 2 2 2 2 455 5535 454
13142 2 2 2 2 5853 8370 5211
13143 2 2 2 2 8180 8183 8182
13144 2 2 2 2 6535 6536 4371
13145 2 2 2 2 8357 8370 4053
13146 2 2 2 2 7364 7369 7363
13147 2 2 2 2 7363 7368 7365
13148 2 2 2 2 5701 5702 5700
13149 2 2 2 2 8028 8032 8031
13150 2 2 2 2 959 8055 893
13151 2 2 2 2 628 6305 626
13152 2 2 2 2 4002 8356 5216
13153 2 2 2 2 7763 8162 5067
13154 2 2 2 2 7512 7515 7514
13155 2 2 2 2 7880 7882 4568
13156 2 2 2 2 7003 7006 2460
13157 2 2 2 2 5334 8589 4813
13158 2 2 2 2 5211 8370 8357
13159 2 2 2 2 1650 7898 7817
13160 2 2 2 2 6485 6487 6484
13161 2 2 2 2 6483 6486 6485
13162 2 2 2 2 4580 9013 8126
13163 2 2 2 2 7453 7454 2291
13164 2 2 2 2 3624 7902 2930
13165 2 2 2 2 8085 8100 8082
13166 2 2 2 2 8065 8068 8067
13167 2 2 2 2 8067 8074 8066
13168 2 2 2 2 893 8055 895
13169 2 2 2 2 5378 5886 5882
13170 2 2 2 2 626 6305 644
13171 2 2 2 2 8212 8213 5298
13172 2 2 2 2 7899 7900 7898
13173 2 2 2 2 4053 8370 8369
13174 2 2 2 2 453 455 454
13175 2 2 2 2 454 4911 452
13176 2 2 2 2 6809 6811 6807
13177 2 2 2 2 4813 8589 8048
13178 2 2 2 2 3442 6959 4242
13179 2 2 2 2 8101 8112 8072
13180 2 2 2 2 6811 6812 5091
13181 2 2 2 2 6759 6761 6760
13182 2 2 2 2 7361 7364 7363
13183 2 2 2 2 7363 7365 7362
13184 2 2 2 2 5699 5701 5700
13185 2 2 2 2 5700 5703 5698
13186 2 2 2 2 5752 5753 5751
13187 2 2 2 2 8028 8031 8029
13188 2 2 2 2 8029 8030 8027
13189 2 2 2 2 5194 6431 6429
13190 2 2 2 2 5228 7718 7717
13191 2 2 2 2 2795 8185 3637
13192 2 2 2 2 1492 7797 1490
13193 2 2 2 2 1142 8728 1140
13194 2 2 2 2 7512 7514 7511
13195 2 2 2 2 7131 7535 4800
13196 2 2 2 2 7677 7678 7676
13197 2 2 2 2 1910 6287 6286
13198 2 2 2 2 661 7149 648
13199 2 2 2 2 7002 7003 2460
13200 2 2 2 2 2027 8138 2140
13201 2 2 2 2 3908 7450 6602
13202 2 2 2 2 8274 8275 4890
13203 2 2 2 2 7270 7285 7269
13204 2 2 2 2 6483 6485 6484
13205 2 2 2 2 6073 6074 2979
13206 2 2 2 2 6462 8832 6461
13207 2 2 2 2 6760 6761 2919
13208 2 2 2 2 5359 7136 4102
13209 2 2 2 2 1173 6476 1616
13210 2 2 2 2 7821 7823 4576
13211 2 2 2 2 2837 8476 7677
13212 2 2 2 2 8065 8067 8066
13213 2 2 2 2 8386 8387 8385
13214 2 2 2 2 1491 8581 1493
13215 2 2 2 2 3621 8566 3619
13216 2 2 2 2 7897 7899 7898
13217 2 2 2 2 1534 9084 1532
13218 2 2 2 2 7796 7797 1492
13219 2 2 2 2 453 454 452
13220 2 2 2 2 2434 8728 1142
13221 2 2 2 2 7283 7286 7285
13222 2 2 2 2 8471 8472 2721
13223 2 2 2 2 7552 7554 7553
13224 2 2 2 2 8487 9018 1034
13225 2 2 2 2 2831 8186 2828
13226 2 2 2 2 7717 7718 810
13227 2 2 2 2 5592 7149 661
13228 2 2 2 2 7879 7880 4718
13229 2 2 2 2 4692 7590 7588
13230 2 2 2 2 5878 8916 6994
13231 2 2 2 2 8600 9046 3341
13232 2 2 2 2 1937 8138 2027
13233 2 2 2 2 7897 7898 1650
13234 2 2 2 2 7538 8386 5183
13235 2 2 2 2 4679 8748 4814
13236 2 2 2 2 754 8748 8747
13237 2 2 2 2 5746 7519 5743
13238 2 2 2 2 4242 6959 6149
13239 2 2 2 2 8071 8077 8076
13240 2 2 2 2 8076 8101 8072
13241 2 2 2 2 6046 6378 5121
13242 2 2 2 2 5882 5886 5883
13243 2 2 2 2 890 7552 891
13244 2 2 2 2 2595 7554 7552
13245 2 2 2 2 5004 5529 5007
13246 2 2 2 2 2084 6630 2082
13247 2 2 2 2 532 8333 8332
13248 2 2 2 2 8441 8442 3314
13249 2 2 2 2 7361 7363 7362
13250 2 2 2 2 5699 5700 5698
13251 2 2 2 2 6216 6755 6754
13252 2 2 2 2 2827 7831 2829
13253 2 2 2 2 5164 7612 6755
13254 2 2 2 2 2809 8383 2813
13255 2 2 2 2 2838 8383 2808
13256 2 2 2 2 7167 7173 7171
13257 2 2 2 2 5748 5752 5751
13258 2 2 2 2 2228 7997 2230
13259 2 2 2 2 8028 8029 8027
13260 2 2 2 2 5605 5634 5633
13261 2 2 2 2 5365 7926 6195
13262 2 2 2 2 3310 8315 4089
13263 2 2 2 2 2077 8139 1927
13264 2 2 2 2 5391 7709 5392
13265 2 2 2 2 7627 8910 7851
13266 2 2 2 2 7706 8677 5810
13267 2 2 2 2 5111 6255 5182
13268 2 2 2 2 4981 6454 6452
13269 2 2 2 2 6044 6046 5121
13270 2 2 2 2 6564 7778 4020
13271 2 2 2 2 1528 8581 1491
13272 2 2 2 2 4418 8566 3621
13273 2 2 2 2 2853 9028 8338
13274 2 2 2 2 5269 7254 7252
13275 2 2 2 2 1532 9084 2196
13276 2 2 2 2 8239 8242 8241
13277 2 2 2 2 8251 8252 8250
13278 2 2 2 2 4007 8324 8319
13279 2 2 2 2 3101 8324 3099
13280 2 2 2 2 5872 5873 5811
13281 2 2 2 2 8308 8309 4603
13282 2 2 2 2 3152 9022 3154
13283 2 2 2 2 3160 8456 3255
13284 2 2 2 2 8344 8354 1835
13285 2 2 2 2 5167 6495 5168
13286 2 2 2 2 7979 7983 7980
13287 2 2 2 2 7924 9070 7923
13288 2 2 2 2 5215 7211 7065
13289 2 2 2 2 1037 8686 1201
13290 2 2 2 2 2702 8136 2143
13291 2 2 2 2 7509 7512 7511
13292 2 2 2 2 4770 8729 8702
13293 2 2 2 2 4537 7227 4452
13294 2 2 2 2 8355 8356 1830
13295 2 2 2 2 1271 6809 1304
13296 2 2 2 2 4230 5791 5789
13297 2 2 2 2 4352 6615 4354
13298 2 2 2 2 2837 7677 7676
13299 2 2 2 2 1499 8075 8065
13300 2 2 2 2 1937 8139 8138
13301 2 2 2 2 599 5901 603
13302 2 2 2 2 5571 7808 5574
13303 2 2 2 2 1835 8355 1832
13304 2 2 2 2 1616 6476 6474
13305 2 2 2 2 7001 7002 2460
13306 2 2 2 2 8738 8871 2855
13307 2 2 2 2 5251 7881 7878
13308 2 2 2 2 7829 7831 7830
13309 2 2 2 2 4249 5899 5873
13310 2 2 2 2 6967 6970 3865
13311 2 2 2 2 4427 8057 8053
13312 2 2 2 2 8359 8999 4583
13313 2 2 2 2 4517 7472 7471
13314 2 2 2 2 2662 8868 7975
13315 2 2 2 2 6087 6089 3704
13316 2 2 2 2 8747 8748 4679
13317 2 2 2 2 6555 6556 6526
13318 2 2 2 2 8236 8239 8238
13319 2 2 2 2 8272 8274 4890
13320 2 2 2 2 5929 5932 5222
13321 2 2 2 2 4748 8597 3295
13322 2 2 2 2 5811 5812 3105
13323 2 2 2 2 6405 6406 5398
13324 2 2 2 2 4569 6242 6210
13325 2 2 2 2 8240 8459 4565
13326 2 2 2 2 2595 7552 890
13327 2 2 2 2 8354 8355 1835
13328 2 2 2 2 4547 8980 8201
13329 2 2 2 2 7749 7759 1727
13330 2 2 2 2 6483 6484 6482
13331 2 2 2 2 4890 8273 8272
13332 2 2 2 2 2017 7134 1890
13333 2 2 2 2 8325 8334 2779
13334 2 2 2 2 5350 8201 5349
13335 2 2 2 2 2753 8391 2751
13336 2 2 2 2 4563 8391 3982
13337 2 2 2 2 4083 8273 4890
13338 2 2 2 2 3657 6433 3688
13339 2 2 2 2 2247 7595 2401
13340 2 2 2 2 5209 8175 5208
13341 2 2 2 2 5164 6755 6216
13342 2 2 2 2 2808 8383 2809
13343 2 2 2 2 8752 8753 2739
13344 2 2 2 2 2732 8753 2734
13345 2 2 2 2 3020 6008 2882
13346 2 2 2 2 575 7975 571
13347 2 2 2 2 2425 7997 2228
13348 2 2 2 2 5789 5899 4249
13349 2 2 2 2 5169 7650 6987
13350 2 2 2 2 4564 7651 7649
13351 2 2 2 2 3704 6089 3691
13352 2 2 2 2 4983 6455 6454
13353 2 2 2 2 1832 8355 1830
13354 2 2 2 2 2131 8276 3794
13355 2 2 2 2 1927 8139 1937
13356 2 2 2 2 6107 6109 6108
13357 2 2 2 2 5777 5778 5038
13358 2 2 2 2 6368 6370 5132
13359 2 2 2 2 4887 8269 8149
13360 2 2 2 2 8236 8238 8233
13361 2 2 2 2 8065 8066 8064
13362 2 2 2 2 5378 8698 5886
13363 2 2 2 2 1339 8900 1337
13364 2 2 2 2 7851 8910 2503
13365 2 2 2 2 4074 8444 5371
13366 2 2 2 2 3255 8983 3796
13367 2 2 2 2 539 8144 542
13368 2 2 2 2 1671 7375 7372
13369 2 2 2 2 4868 8751 8750
13370 2 2 2 2 7093 7094 7092
13371 2 2 2 2 2677 8234 2681
13372 2 2 2 2 3003 6494 3005
13373 2 2 2 2 1501 8158 1473
13374 2 2 2 2 1694 8275 1893
13375 2 2 2 2 1893 8276 1989
13376 2 2 2 2 5880 9018 4560
13377 2 2 2 2 6343 6344 5341
13378 2 2 2 2 1656 8252 8251
13379 2 2 2 2 5110 5882 5847
13380 2 2 2 2 3099 8324 4007
13381 2 2 2 2 4249 5873 5872
13382 2 2 2 2 3154 9022 3961
13383 2 2 2 2 3480 8456 3160
13384 2 2 2 2 7887 8811 7888
13385 2 2 2 2 4411 7068 3437
13386 2 2 2 2 451 453 452
13387 2 2 2 2 1991 8316 1887
13388 2 2 2 2 2145 8988 8316
13389 2 2 2 2 5869 5871 1202
13390 2 2 2 2 2468 7668 979
13391 2 2 2 2 7034 7035 1266
13392 2 2 2 2 3315 8134 2702
13393 2 2 2 2 1168 9013 4580
13394 2 2 2 2 1380 9013 1170
13395 2 2 2 2 4242 6149 5812
13396 2 2 2 2 4890 8275 1695
13397 2 2 2 2 3689 6404 3704
13398 2 2 2 2 2706 8266 1385
13399 2 2 2 2 4558 8492 8266
13400 2 2 2 2 953 8686 1037
13401 2 2 2 2 6742 6743 6425
13402 2 2 2 2 8250 8762 8336
13403 2 2 2 2 7283 7285 7270
13404 2 2 2 2 535 8150 538
13405 2 2 2 2 5335 8906 8905
13406 2 2 2 2 1865 8246 8237
13407 2 2 2 2 3707 6099 4607
13408 2 2 2 2 7109 7110 7108
13409 2 2 2 2 2182 6809 1271
13410 2 2 2 2 5376 8133 5377
13411 2 2 2 2 8326 8327 5243
13412 2 2 2 2 5281 6462 6461
13413 2 2 2 2 637 8762 8252
13414 2 2 2 2 5175 6615 4352
13415 2 2 2 2 4118 6624 6623
13416 2 2 2 2 4230 5789 4249
13417 2 2 2 2 8379 8991 8515
13418 2 2 2 2 2794 8375 2826
13419 2 2 2 2 2792 8457 8375
13420 2 2 2 2 6184 6186 4699
13421 2 2 2 2 799 7104 811
13422 2 2 2 2 4248 6637 3781
13423 2 2 2 2 7135 7136 5359
13424 2 2 2 2 8232 8234 2677
13425 2 2 2 2 8182 8999 8178
13426 2 2 2 2 7791 7798 7700
13427 2 2 2 2 7701 7798 4418
13428 2 2 2 2 5836 7835 7834
13429 2 2 2 2 573 7835 581
13430 2 2 2 2 4961 7020 7017
13431 2 2 2 2 3551 7050 7045
13432 2 2 2 2 2819 7232 2814
13433 2 2 2 2 7630 7637 7631
13434 2 2 2 2 6479 6551 4349
13435 2 2 2 2 6550 6551 6332
13436 2 2 2 2 5392 7709 7705
13437 2 2 2 2 6474 6475 4670
13438 2 2 2 2 7750 7751 7749
13439 2 2 2 2 7071 7073 5249
13440 2 2 2 2 2084 6635 6630
13441 2 2 2 2 8447 8951 5170
13442 2 2 2 2 7878 7879 4718
13443 2 2 2 2 3961 8511 3156
13444 2 2 2 2 3158 8511 3480
13445 2 2 2 2 4459 7228 7222
13446 2 2 2 2 2427 7594 2239
13447 2 2 2 2 6627 6634 5384
13448 2 2 2 2 3233 7513 7508
13449 2 2 2 2 2435 9064 5585
13450 2 2 2 2 4781 8894 5312
13451 2 2 2 2 1506 7738 7736
13452 2 2 2 2 854 6415 843
13453 2 2 2 2 1805 7772 1802
13454 2 2 2 2 2830 8420 2832
13455 2 2 2 2 8420 8422 2839
13456 2 2 2 2 8362 9016 3223
13457 2 2 2 2 698 8538 700
13458 2 2 2 2 8071 8076 8072
13459 2 2 2 2 4242 5812 5811
13460 2 2 2 2 5623 9072 5622
13461 2 2 2 2 7244 7246 7245
13462 2 2 2 2 2011 5596 2012
13463 2 2 2 2 7438 7446 7439
13464 2 2 2 2 7158 7160 7159
13465 2 2 2 2 4115 6994 4984
13466 2 2 2 2 3770 6994 3769
13467 2 2 2 2 2948 8100 3167
13468 2 2 2 2 5261 9080 6985
13469 2 2 2 2 6100 6193 5786
13470 2 2 2 2 6421 6981 5136
13471 2 2 2 2 5882 5883 3955
13472 2 2 2 2 6474 6476 6475
13473 2 2 2 2 3794 8274 8271
13474 2 2 2 2 5339 6345 6342
13475 2 2 2 2 534 8446 8445
13476 2 2 2 2 4257 5939 5937
13477 2 2 2 2 6926 6928 5253
13478 2 2 2 2 578 7289 1422
13479 2 2 2 2 5216 8354 8353
13480 2 2 2 2 1651 7817 1673
13481 2 2 2 2 7181 7507 4470
13482 2 2 2 2 3656 7507 2178
13483 2 2 2 2 7827 7828 5192
13484 2 2 2 2 8201 8980 5349
13485 2 2 2 2 8321 8988 4007
13486 2 2 2 2 8316 8321 8317
13487 2 2 2 2 8215 8216 5268
13488 2 2 2 2 2312 5956 5955
13489 2 2 2 2 6015 7715 4315
13490 2 2 2 2 1890 7134 1889
13491 2 2 2 2 5595 5597 4900
13492 2 2 2 2 8211 8214 4758
13493 2 2 2 2 4317 6016 3858
13494 2 2 2 2 3982 8391 2753
13495 2 2 2 2 1517 7897 1650
13496 2 2 2 2 7108 7110 2854
13497 2 2 2 2 8147 8441 3314
13498 2 2 2 2 528 8331 8328
13499 2 2 2 2 7361 7362 7360
13500 2 2 2 2 8286 8390 8285
13501 2 2 2 2 5697 5699 5698
13502 2 2 2 2 738 6791 6193
13503 2 2 2 2 6977 6978 6976
13504 2 2 2 2 3163 7264 3162
13505 2 2 2 2 8472 8913 8473
13506 2 2 2 2 8446 8447 5371
13507 2 2 2 2 4720 6474 4670
13508 2 2 2 2 6598 6607 1464
13509 2 2 2 2 6189 6935 5212
13510 2 2 2 2 6068 8883 7343
13511 2 2 2 2 7232 7234 7233
13512 2 2 2 2 7223 7226 7225
13513 2 2 2 2 2739 8753 2732
13514 2 2 2 2 7472 8408 7471
13515 2 2 2 2 3502 5604 5603
13516 2 2 2 2 5748 5751 5750
13517 2 2 2 2 2662 7975 575
13518 2 2 2 2 4354 6615 6357
13519 2 2 2 2 7753 7754 4646
13520 2 2 2 2 8178 8999 5198
13521 2 2 2 2 4266 7585 6149
13522 2 2 2 2 8026 8028 8027
13523 2 2 2 2 5800 5808 5801
13524 2 2 2 2 8380 8627 8626
13525 2 2 2 2 1267 9004 6814
13526 2 2 2 2 589 7224 585
13527 2 2 2 2 1663 9005 6238
13528 2 2 2 2 6300 8925 4308
13529 2 2 2 2 5356 7621 7121
13530 2 2 2 2 4468 8925 8924
13531 2 2 2 2 6973 6974 6966
13532 2 2 2 2 7424 7425 7422
13533 2 2 2 2 4517 7471 6241
13534 2 2 2 2 8567 8966 8569
13535 2 2 2 2 6661 6663 4381
13536 2 2 2 2 8527 8620 4852
13537 2 2 2 2 1337 8900 1341
13538 2 2 2 2 8109 8110 1527
13539 2 2 2 2 1989 8276 2131
13540 2 2 2 2 3796 8983 3950
13541 2 2 2 2 4979 7021 7020
13542 2 2 2 2 538 8144 539
13543 2 2 2 2 8445 8446 5371
13544 2 2 2 2 8750 8751 5334
13545 2 2 2 2 7584 8284 5225
13546 2 2 2 2 6322 6323 6321
13547 2 2 2 2 7222 7223 4538
13548 2 2 2 2 7092 7094 1125
13549 2 2 2 2 7765 7772 7766
13550 2 2 2 2 601 7217 597
13551 2 2 2 2 6086 6090 6088
13552 2 2 2 2 3706 8639 6098
13553 2 2 2 2 7584 7585 4266
13554 2 2 2 2 5857 5858 2324
13555 2 2 2 2 8239 8241 8240
13556 2 2 2 2 2766 8431 8430
13557 2 2 2 2 5847 5882 3955
13558 2 2 2 2 5603 5633 5632
13559 2 2 2 2 694 8524 696
13560 2 2 2 2 874 8927 8524
13561 2 2 2 2 5605 5633 5604
13562 2 2 2 2 7888 8811 3190
13563 2 2 2 2 6624 6625 5383
13564 2 2 2 2 1695 8275 1694
13565 2 2 2 2 3476 6179 3475
13566 2 2 2 2 6158 6160 6159
13567 2 2 2 2 3947 6160 4284
13568 2 2 2 2 4752 8730 8729
13569 2 2 2 2 760 8769 761
13570 2 2 2 2 4657 8770 8769
13571 2 2 2 2 3637 8185 8184
13572 2 2 2 2 2145 8316 1991
13573 2 2 2 2 7140 7668 2468
13574 2 2 2 2 6239 6240 4309
13575 2 2 2 2 8378 8946 8381
13576 2 2 2 2 4876 8251 8249
13577 2 2 2 2 8316 8988 8321
13578 2 2 2 2 1656 8251 6445
13579 2 2 2 2 5884 5886 1998
13580 2 2 2 2 5152 6531 6529
13581 2 2 2 2 4094 8134 3315
13582 2 2 2 2 1170 9013 1168
13583 2 2 2 2 4558 8266 2706
13584 2 2 2 2 5371 8447 4845
13585 2 2 2 2 4516 6239 3970
13586 2 2 2 2 7724 7725 3231
13587 2 2 2 2 7215 7225 957
13588 2 2 2 2 1842 8232 1840
13589 2 2 2 2 3215 8226 4064
13590 2 2 2 2 7509 7511 7510
13591 2 2 2 2 7510 7519 5746
13592 2 2 2 2 3531 8931 8142
13593 2 2 2 2 8320 8323 8322
13594 2 2 2 2 8248 8970 3312
13595 2 2 2 2 1361 5554 5553
13596 2 2 2 2 1850 7984 2707
13597 2 2 2 2 4120 5586 3772
13598 2 2 2 2 5851 5870 1211
13599 2 2 2 2 8150 8445 8152
13600 2 2 2 2 4583 8999 8184
13601 2 2 2 2 534 8150 535
13602 2 2 2 2 1804 7763 7647
13603 2 2 2 2 5064 7763 5067
13604 2 2 2 2 4076 8204 3760
13605 2 2 2 2 8283 8285 8282
13606 2 2 2 2 8285 8390 1874
13607 2 2 2 2 3292 7716 2973
13608 2 2 2 2 5326 8913 8898
13609 2 2 2 2 3648 7299 7298
13610 2 2 2 2 6230 6237 6229
13611 2 2 2 2 5282 6461 6460
13612 2 2 2 2 3903 8268 4887
13613 2 2 2 2 2322 8268 3083
13614 2 2 2 2 1663 9031 9030
13615 2 2 2 2 608 7271 613
13616 2 2 2 2 5095 6110 6109
13617 2 2 2 2 8457 8991 8375
13618 2 2 2 2 2792 8375 2794
13619 2 2 2 2 6096 6098 6091
13620 2 2 2 2 8185 8186 8184
13621 2 2 2 2 5966 8993 8992
13622 2 2 2 2 2837 7676 7675
13623 2 2 2 2 3100 8137 3102
13624 2 2 2 2 631 8341 958
13625 2 2 2 2 4844 7575 7574
13626 2 2 2 2 4227 5807 5798
13627 2 2 2 2 4631 8438 8437
13628 2 2 2 2 3794 8271 8270
13629 2 2 2 2 1655 7240 579
13630 2 2 2 2 6813 6815 4311
13631 2 2 2 2 3922 8582 5394
13632 2 2 2 2 2310 8582 3094
13633 2 2 2 2 1500 8064 1527
13634 2 2 2 2 6196 6300 5101
13635 2 2 2 2 590 6196 6157
13636 2 2 2 2 7290 9027 7281
13637 2 2 2 2 3706 6098 6097
13638 2 2 2 2 6361 6362 6360
13639 2 2 2 2 7700 7798 7701
13640 2 2 2 2 7834 7835 573
13641 2 2 2 2 8385 8868 4463
13642 2 2 2 2 7130 7131 7129
13643 2 2 2 2 8205 8492 4558
13644 2 2 2 2 7705 7706 5810
13645 2 2 2 2 4098 8146 4099
13646 2 2 2 2 5183 8386 8384
13647 2 2 2 2 4979 7020 4961
13648 2 2 2 2 7282 9025 7280
13649 2 2 2 2 7045 7050 7046
13650 2 2 2 2 1275 6633 2436
13651 2 2 2 2 1185 6620 1275
13652 2 2 2 2 2448 6620 1117
13653 2 2 2 2 4119 6633 5383
13654 2 2 2 2 6428 6430 2100
13655 2 2 2 2 2451 7239 3061
13656 2 2 2 2 4549 7815 7814
13657 2 2 2 2 4349 6551 6550
13658 2 2 2 2 4774 8254 5333
13659 2 2 2 2 7993 8373 4556
13660 2 2 2 2 5699 5704 5701
13661 2 2 2 2 2220 6430 2991
13662 2 2 2 2 2991 6431 2993
13663 2 2 2 2 690 8005 692
13664 2 2 2 2 4183 8776 4198
13665 2 2 2 2 9002 9003 3221
13666 2 2 2 2 3156 8511 3158
13667 2 2 2 2 4459 7222 4538
13668 2 2 2 2 5792 8432 3909
13669 2 2 2 2 1865 9001 8246
13670 2 2 2 2 8083 8104 8086
13671 2 2 2 2 7324 8926 2484
13672 2 2 2 2 8634 8926 8470
13673 2 2 2 2 3962 6431 5194
13674 2 2 2 2 2095 6635 2084
13675 2 2 2 2 1323 9096 9095
13676 2 2 2 2 8236 8246 8239
13677 2 2 2 2 1701 7236 1699
13678 2 2 2 2 1704 7556 7236
13679 2 2 2 2 8194 8195 4871
13680 2 2 2 2 2194 7356 7355
13681 2 2 2 2 3476 7940 6179
13682 2 2 2 2 6705 6706 6701
13683 2 2 2 2 6701 6703 6702
13684 2 2 2 2 1663 9030 9005
13685 2 2 2 2 8239 8240 8238
13686 2 2 2 2 881 6415 854
13687 2 2 2 2 5928 5929 5222
13688 2 2 2 2 882 6371 881
13689 2 2 2 2 2832 8420 2839
13690 2 2 2 2 3560 6371 885
13691 2 2 2 2 5384 6634 5587
13692 2 2 2 2 2661 8538 698
13693 2 2 2 2 4665 6426 6424
13694 2 2 2 2 8381 8946 3641
13695 2 2 2 2 2780 8311 4603
13696 2 2 2 2 2596 8392 2846
13697 2 2 2 2 5184 7540 7538
13698 2 2 2 2 2214 6635 2095
13699 2 2 2 2 3635 8574 621
13700 2 2 2 2 623 8574 1426
13701 2 2 2 2 5903 8955 5902
13702 2 2 2 2 5692 5726 5723
13703 2 2 2 2 8425 8434 3294
13704 2 2 2 2 4583 8186 2831
13705 2 2 2 2 4020 7778 7775
13706 2 2 2 2 5926 5928 5927
13707 2 2 2 2 2812 7830 2800
13708 2 2 2 2 1152 8701 1145
13709 2 2 2 2 3769 6994 4115
13710 2 2 2 2 3532 8142 3535
13711 2 2 2 2 6527 8602 2584
13712 2 2 2 2 2521 8602 2523
13713 2 2 2 2 7231 7232 2819
13714 2 2 2 2 554 8627 8515
13715 2 2 2 2 6031 8956 6032
13716 2 2 2 2 4264 6031 6030
13717 2 2 2 2 8233 8234 8232
13718 2 2 2 2 6174 6177 6176
13719 2 2 2 2 936 6669 6668
13720 2 2 2 2 6422 6427 4665
13721 2 2 2 2 3739 8216 4004
13722 2 2 2 2 7281 9027 7282
13723 2 2 2 2 4744 7879 7876
13724 2 2 2 2 4636 8838 6336
13725 2 2 2 2 532 8332 8331
13726 2 2 2 2 8654 8655 4676
13727 2 2 2 2 5937 5939 4258
13728 2 2 2 2 2211 6138 2175
13729 2 2 2 2 5596 5597 5595
13730 2 2 2 2 1471 8165 8164
13731 2 2 2 2 1304 6810 1373
13732 2 2 2 2 2040 8690 2026
13733 2 2 2 2 1849 8235 1846
13734 2 2 2 2 1650 7817 1651
13735 2 2 2 2 6927 6928 6926
13736 2 2 2 2 3641 8946 7580
13737 2 2 2 2 4470 7507 3656
13738 2 2 2 2 7682 7685 1925
13739 2 2 2 2 4539 7827 5192
13740 2 2 2 2 5843 5844 1982
13741 2 2 2 2 4752 8729 4770
13742 2 2 2 2 1364 6483 6482
13743 2 2 2 2 3978 7026 7024
13744 2 2 2 2 3411 5548 3065
13745 2 2 2 2 8157 8158 8156
13746 2 2 2 2 4764 8534 5088
13747 2 2 2 2 5827 8534 4766
13748 2 2 2 2 7985 9040 3212
13749 2 2 2 2 4560 8982 8167
13750 2 2 2 2 6106 6109 6107
13751 2 2 2 2 6483 6491 6486
13752 2 2 2 2 2966 8121 4097
13753 2 2 2 2 7978 7983 7979
13754 2 2 2 2 4261 6581 5946
13755 2 2 2 2 1545 5996 1622
13756 2 2 2 2 4750 8730 4752
13757 2 2 2 2 2323 8269 8268
13758 2 2 2 2 6240 6242 4309
13759 2 2 2 2 1845 8233 8232
13760 2 2 2 2 7793 7794 4448
13761 2 2 2 2 3619 7793 3617
13762 2 2 2 2 4609 6097 6096
13763 2 2 2 2 7774 8555 1729
13764 2 2 2 2 1504 7897 1517
13765 2 2 2 2 2692 8350 2686
13766 2 2 2 2 5317 6383 6379
13767 2 2 2 2 3230 8442 4105
13768 2 2 2 2 5225 8320 5224
13769 2 2 2 2 6093 6096 6091
13770 2 2 2 2 6987 6988 5169
13771 2 2 2 2 8184 8186 4583
13772 2 2 2 2 5718 5721 5720
13773 2 2 2 2 7049 8563 2746
13774 2 2 2 2 2857 7882 3757
13775 2 2 2 2 3439 7587 4236
13776 2 2 2 2 7240 7241 2662
13777 2 2 2 2 5211 8357 8173
13778 2 2 2 2 7219 8435 5259
13779 2 2 2 2 3134 7882 2648
13780 2 2 2 2 8328 8331 8329
13781 2 2 2 2 8067 8111 8074
13782 2 2 2 2 4046 8212 4758
13783 2 2 2 2 4845 8447 5170
13784 2 2 2 2 6176 6178 4307
13785 2 2 2 2 4875 5688 5687
13786 2 2 2 2 4101 7860 4100
13787 2 2 2 2 1821 7877 1822
13788 2 2 2 2 7367 9103 7364
13789 2 2 2 2 2557 6220 2560
13790 2 2 2 2 5237 7826 7825
13791 2 2 2 2 8410 8411 8409
13792 2 2 2 2 5206 8383 7910
13793 2 2 2 2 3690 8367 3687
13794 2 2 2 2 4718 7880 4568
13795 2 2 2 2 7215 7216 4451
13796 2 2 2 2 3314 8442 2972
13797 2 2 2 2 2290 5822 2292
13798 2 2 2 2 2014 7036 7032
13799 2 2 2 2 4425 7036 4424
13800 2 2 2 2 550 8991 8457
13801 2 2 2 2 3178 7580 3988
13802 2 2 2 2 5673 5674 5051
13803 2 2 2 2 3980 6186 3197
13804 2 2 2 2 6229 6237 4608
13805 2 2 2 2 585 7224 1655
13806 2 2 2 2 8924 8925 6300
13807 2 2 2 2 6956 6958 6957
13808 2 2 2 2 1845 8235 8233
13809 2 2 2 2 3695 8639 3697
13810 2 2 2 2 3444 8490 8137
13811 2 2 2 2 2641 7903 2643
13812 2 2 2 2 1609 8664 1539
13813 2 2 2 2 3950 8985 6160
13814 2 2 2 2 5259 8437 5258
13815 2 2 2 2 8406 8981 8970
13816 2 2 2 2 6241 7471 2705
13817 2 2 2 2 1431 8099 8078
13818 2 2 2 2 6211 7881 5251
13819 2 2 2 2 1499 8065 8064
13820 2 2 2 2 7047 7048 7046
13821 2 2 2 2 1351 8267 1339
13822 2 2 2 2 1432 8491 8267
13823 2 2 2 2 7916 8201 5350
13824 2 2 2 2 7216 8165 7218
13825 2 2 2 2 5621 5626 5625
13826 2 2 2 2 5592 5593 5590
13827 2 2 2 2 534 8445 8150
13828 2 2 2 2 543 8345 545
13829 2 2 2 2 4588 8345 2676
13830 2 2 2 2 7282 8983 8456
13831 2 2 2 2 994 8580 8579
13832 2 2 2 2 2940 8101 2942
13833 2 2 2 2 8976 8977 8288
13834 2 2 2 2 4373 8593 3671
13835 2 2 2 2 3165 8593 3647
13836 2 2 2 2 7691 7692 2725
13837 2 2 2 2 4585 7584 5225
13838 2 2 2 2 5114 5901 5881
13839 2 2 2 2 6282 6283 4050
13840 2 2 2 2 4269 7464 4032
13841 2 2 2 2 8626 8627 8510
13842 2 2 2 2 6134 6136 6135
13843 2 2 2 2 4585 7585 7584
13844 2 2 2 2 5046 7617 7616
13845 2 2 2 2 5785 5788 4237
13846 2 2 2 2 6025 6026 3280
13847 2 2 2 2 4597 6119 6117
13848 2 2 2 2 587 8487 591
13849 2 2 2 2 4387 6675 6670
13850 2 2 2 2 4489 6369 5132
13851 2 2 2 2 4244 5880 4560
13852 2 2 2 2 597 7217 957
13853 2 2 2 2 6210 6211 5251
13854 2 2 2 2 6088 6090 3705
13855 2 2 2 2 3909 7833 5792
13856 2 2 2 2 5062 7833 5065
13857 2 2 2 2 6342 6343 5341
13858 2 2 2 2 4452 7227 7225
13859 2 2 2 2 6032 8956 1823
13860 2 2 2 2 4264 6030 3956
13861 2 2 2 2 5109 5858 5857
13862 2 2 2 2 894 8548 892
13863 2 2 2 2 824 7477 855
13864 2 2 2 2 8243 9029 8244
13865 2 2 2 2 5302 8855 8721
13866 2 2 2 2 1179 7305 1614
13867 2 2 2 2 874 8524 694
13868 2 2 2 2 2931 8362 3223
13869 2 2 2 2 3221 8362 2933
13870 2 2 2 2 715 6540 701
13871 2 2 2 2 5865 5866 4271
13872 2 2 2 2 4543 6033 6028
13873 2 2 2 2 1854 8976 1865
13874 2 2 2 2 3638 8366 2841
13875 2 2 2 2 1225 6108 1161
13876 2 2 2 2 5216 8353 4542
13877 2 2 2 2 2713 8403 8402
13878 2 2 2 2 5353 7726 7723
13879 2 2 2 2 3479 9093 7714
13880 2 2 2 2 8717 8718 4690
13881 2 2 2 2 8534 8947 5088
13882 2 2 2 2 4284 6160 6158
13883 2 2 2 2 5827 5829 2160
13884 2 2 2 2 5768 7905 7734
13885 2 2 2 2 449 3031 451
13886 2 2 2 2 451 452 450
13887 2 2 2 2 6433 6449 5200
13888 2 2 2 2 2379 5649 3089
13889 2 2 2 2 4657 8769 760
13890 2 2 2 2 2323 8270 8269
13891 2 2 2 2 8701 9020 8702
13892 2 2 2 2 1771 5884 1769
13893 2 2 2 2 5844 8947 1621
13894 2 2 2 2 5385 8514 8195
13895 2 2 2 2 8467 8485 2625
13896 2 2 2 2 5387 8467 7524
13897 2 2 2 2 2522 6786 2552
13898 2 2 2 2 2829 7831 2834
13899 2 2 2 2 4516 6240 6239
13900 2 2 2 2 5383 6625 5382
13901 2 2 2 2 6445 8251 4876
13902 2 2 2 2 3924 8167 3096
13903 2 2 2 2 4673 8797 5697
13904 2 2 2 2 582 7293 580
13905 2 2 2 2 2707 8458 1853
13906 2 2 2 2 1855 8458 1858
13907 2 2 2 2 958 8762 633
13908 2 2 2 2 8288 9029 9001
13909 2 2 2 2 5745 7616 7558
13910 2 2 2 2 3970 6239 4310
13911 2 2 2 2 2180 6433 3657
13912 2 2 2 2 3281 7842 7841
13913 2 2 2 2 8967 8968 2587
13914 2 2 2 2 8435 8437 5259
13915 2 2 2 2 1845 8232 1842
13916 2 2 2 2 6266 9078 6265
13917 2 2 2 2 2834 8226 3215
13918 2 2 2 2 2528 6337 2551
13919 2 2 2 2 1781 7360 7358
13920 2 2 2 2 7272 7283 7270
13921 2 2 2 2 3649 8603 4418
13922 2 2 2 2 4656 8603 3651
13923 2 2 2 2 8756 8757 2392
13924 2 2 2 2 5239 8970 8248
13925 2 2 2 2 4013 7991 4015
13926 2 2 2 2 7989 7994 7991
13927 2 2 2 2 1477 7619 1478
13928 2 2 2 2 7335 9006 7337
13929 2 2 2 2 8072 8111 8069
13930 2 2 2 2 5328 8871 4809
13931 2 2 2 2 2855 8871 6154
13932 2 2 2 2 3772 5586 4881
13933 2 2 2 2 8433 8894 8739
13934 2 2 2 2 2960 8291 7782
13935 2 2 2 2 7647 7763 5064
13936 2 2 2 2 5312 8204 4076
13937 2 2 2 2 8282 8285 1874
13938 2 2 2 2 6122 8877 4509
13939 2 2 2 2 7895 8189 7908
13940 2 2 2 2 8244 9029 4006
13941 2 2 2 2 7600 7601 7598
13942 2 2 2 2 7939 8001 4546
13943 2 2 2 2 5687 5733 4875
13944 2 2 2 2 5382 6626 5384
13945 2 2 2 2 6034 7716 3292
13946 2 2 2 2 1863 7048 1869
13947 2 2 2 2 4451 7218 3632
13948 2 2 2 2 2467 8580 996
13949 2 2 2 2 8310 8452 8308
13950 2 2 2 2 3393 5551 4159
13951 2 2 2 2 7250 8986 7251
13952 2 2 2 2 8384 8385 4463
13953 2 2 2 2 5330 8125 6447
13954 2 2 2 2 8078 8099 8079
13955 2 2 2 2 8898 8913 2762
13956 2 2 2 2 6935 6936 5212
13957 2 2 2 2 2935 8227 3221
13958 2 2 2 2 3220 8227 2937
13959 2 2 2 2 7924 7925 5231
13960 2 2 2 2 7752 7759 7749
13961 2 2 2 2 792 9023 6544
13962 2 2 2 2 3794 8270 2323
13963 2 2 2 2 1743 8706 1917
13964 2 2 2 2 7986 9040 7985
13965 2 2 2 2 3083 8268 3903
13966 2 2 2 2 8318 8320 1877
13967 2 2 2 2 865 8806 2197
13968 2 2 2 2 4560 9018 8982
13969 2 2 2 2 1852 8237 1849
13970 2 2 2 2 5675 5805 5804
13971 2 2 2 2 1116 8914 8513
13972 2 2 2 2 6101 6102 2010
13973 2 2 2 2 4452 7215 4451
13974 2 2 2 2 5145 8903 5462
13975 2 2 2 2 7045 7049 3551
13976 2 2 2 2 5771 5772 2398
13977 2 2 2 2 7225 7226 957
13978 2 2 2 2 8134 8136 2702
13979 2 2 2 2 3173 7907 7906
13980 2 2 2 2 6814 9004 6815
13981 2 2 2 2 3188 8425 2823
13982 2 2 2 2 3918 6139 3919
13983 2 2 2 2 973 7356 971
13984 2 2 2 2 1329 8417 1461
13985 2 2 2 2 3688 6404 3689
13986 2 2 2 2 4566 8475 8231
13987 2 2 2 2 3444 8137 3100
13988 2 2 2 2 2761 8382 2752
13989 2 2 2 2 2754 8382 2757
13990 2 2 2 2 1705 7555 1704
13991 2 2 2 2 6796 7555 1708
13992 2 2 2 2 6234 9005 6236
13993 2 2 2 2 4021 8315 2965
13994 2 2 2 2 3518 5787 5785
13995 2 2 2 2 778 5787 776
13996 2 2 2 2 4544 6129 4545
13997 2 2 2 2 1817 8214 7875
13998 2 2 2 2 2940 8112 8101
13999 2 2 2 2 7736 7738 7737
14000 2 2 2 2 2481 5950 5949
14001 2 2 2 2 5231 7925 4874
14002 2 2 2 2 7228 7240 1655
14003 2 2 2 2 3094 8582 3922
14004 2 2 2 2 6160 8985 6159
14005 2 2 2 2 1499 8064 1500
14006 2 2 2 2 4590 8209 8208
14007 2 2 2 2 503 8209 502
14008 2 2 2 2 6404 6432 5204
14009 2 2 2 2 4264 8956 6031
14010 2 2 2 2 3718 8852 8727
14011 2 2 2 2 6157 6196 5101
14012 2 2 2 2 5102 6170 5104
14013 2 2 2 2 1298 6490 1192
14014 2 2 2 2 1869 7047 6988
14015 2 2 2 2 1493 8581 8465
14016 2 2 2 2 3680 9079 4477
14017 2 2 2 2 6350 6354 4361
14018 2 2 2 2 6181 6183 6180
14019 2 2 2 2 605 8164 601
14020 2 2 2 2 7769 7771 7768
14021 2 2 2 2 4641 6471 5129
14022 2 2 2 2 2818 7233 2822
14023 2 2 2 2 2436 6633 4119
14024 2 2 2 2 1117 6620 1185
14025 2 2 2 2 4410 6793 5151
14026 2 2 2 2 2401 7595 7587
14027 2 2 2 2 1503 8156 1501
14028 2 2 2 2 6156 8156 1679
14029 2 2 2 2 8173 8175 5209
14030 2 2 2 2 4632 8314 4816
14031 2 2 2 2 3400 8045 4166
14032 2 2 2 2 4557 7414 3533
14033 2 2 2 2 2100 6430 2220
14034 2 2 2 2 8253 8254 4774
14035 2 2 2 2 2939 8190 3220
14036 2 2 2 2 3217 8190 2941
14037 2 2 2 2 3688 6433 6432
14038 2 2 2 2 5303 9034 8962
14039 2 2 2 2 8404 8474 7654
14040 2 2 2 2 5417 8776 4183
14041 2 2 2 2 8483 8943 1426
14042 2 2 2 2 4021 8452 8310
14043 2 2 2 2 4812 7142 7141
14044 2 2 2 2 7227 7229 4538
14045 2 2 2 2 3567 8217 3196
14046 2 2 2 2 1611 8465 1691
14047 2 2 2 2 2993 6431 3962
14048 2 2 2 2 8470 8926 7324
14049 2 2 2 2 6682 9054 9053
14050 2 2 2 2 4344 6515 3484
14051 2 2 2 2 6080 6081 5205
14052 2 2 2 2 2965 8315 3310
14053 2 2 2 2 5901 8188 2022
14054 2 2 2 2 4564 7649 7648
14055 2 2 2 2 7648 7650 5169
14056 2 2 2 2 836 8480 1167
14057 2 2 2 2 4521 8480 834
14058 2 2 2 2 1880 8474 8405
14059 2 2 2 2 3168 7076 7075
14060 2 2 2 2 5727 5728 5726
14061 2 2 2 2 1426 8943 8590
14062 2 2 2 2 2667 8452 4021
14063 2 2 2 2 6626 6627 5384
14064 2 2 2 2 7166 7487 782
14065 2 2 2 2 780 7487 1414
14066 2 2 2 2 2056 7578 5956
14067 2 2 2 2 746 6791 738
14068 2 2 2 2 3518 6791 774
14069 2 2 2 2 3196 8217 3739
14070 2 2 2 2 2606 8388 2625
14071 2 2 2 2 6208 8388 3136
14072 2 2 2 2 2020 5675 5674
14073 2 2 2 2 1129 6362 6361
14074 2 2 2 2 7218 8165 7219
14075 2 2 2 2 1704 7236 1701
14076 2 2 2 2 3183 8245 2690
14077 2 2 2 2 8253 8255 8254
14078 2 2 2 2 1932 8358 2041
14079 2 2 2 2 2750 8371 2761
14080 2 2 2 2 6521 6523 6522
14081 2 2 2 2 1844 8402 1847
14082 2 2 2 2 2713 8402 1843
14083 2 2 2 2 5805 5806 5804
14084 2 2 2 2 506 7843 507
14085 2 2 2 2 2602 8485 7843
14086 2 2 2 2 5213 8427 8426
14087 2 2 2 2 2308 8427 3072
14088 2 2 2 2 2182 6811 6809
14089 2 2 2 2 5766 7734 4225
14090 2 2 2 2 4462 8529 7488
14091 2 2 2 2 3601 8529 3599
14092 2 2 2 2 4756 8461 4754
14093 2 2 2 2 6280 6281 3169
14094 2 2 2 2 7652 7654 7649
14095 2 2 2 2 5086 6058 4534
14096 2 2 2 2 7075 7077 4620
14097 2 2 2 2 6538 6541 5295
14098 2 2 2 2 8799 8883 4747
14099 2 2 2 2 4799 8883 6068
14100 2 2 2 2 885 6371 882
14101 2 2 2 2 9019 9070 7515
14102 2 2 2 2 491 8768 8506
14103 2 2 2 2 6302 6303 6301
14104 2 2 2 2 5312 8424 8204
14105 2 2 2 2 4390 6000 5999
14106 2 2 2 2 2074 7570 2124
14107 2 2 2 2 8982 9018 8488
14108 2 2 2 2 2594 8392 2596
14109 2 2 2 2 4767 8255 8253
14110 2 2 2 2 8070 8078 8071
14111 2 2 2 2 8071 8072 8069
14112 2 2 2 2 8412 8413 8411
14113 2 2 2 2 8123 8126 8125
14114 2 2 2 2 5184 7538 5183
14115 2 2 2 2 1077 7313 1082
14116 2 2 2 2 2943 8168 3217
14117 2 2 2 2 9005 9014 6236
14118 2 2 2 2 3201 8996 8277
14119 2 2 2 2 5270 7249 7248
14120 2 2 2 2 2748 8372 2745
14121 2 2 2 2 5197 8333 8177
14122 2 2 2 2 538 8151 8144
14123 2 2 2 2 8317 8321 8318
14124 2 2 2 2 7925 7926 5365
14125 2 2 2 2 7230 7909 4536
14126 2 2 2 2 5398 6406 6207
14127 2 2 2 2 7983 8564 4622
14128 2 2 2 2 621 8574 623
14129 2 2 2 2 8180 8182 8178
14130 2 2 2 2 6383 8209 4590
14131 2 2 2 2 8739 8894 4781
14132 2 2 2 2 6625 6626 5382
14133 2 2 2 2 8003 8004 1424
14134 2 2 2 2 1834 8407 1837
14135 2 2 2 2 2705 8407 1833
14136 2 2 2 2 4458 7241 7228
14137 2 2 2 2 3704 6404 6403
14138 2 2 2 2 8397 8398 1321
14139 2 2 2 2 6170 6172 5104
14140 2 2 2 2 1307 8701 1152
14141 2 2 2 2 7156 7162 7158
14142 2 2 2 2 7158 7159 7157
14143 2 2 2 2 2938 8112 2940
14144 2 2 2 2 3531 8142 3532
14145 2 2 2 2 2584 8602 2521
14146 2 2 2 2 2638 8122 8120
14147 2 2 2 2 8288 9001 8976
14148 2 2 2 2 7635 7636 7634
14149 2 2 2 2 4309 6243 6239
14150 2 2 2 2 5133 6077 6076
14151 2 2 2 2 6077 6078 4269
14152 2 2 2 2 5261 6985 6982
14153 2 2 2 2 8281 8323 8282
14154 2 2 2 2 3419 8621 4030
14155 2 2 2 2 3422 8783 8621
14156 2 2 2 2 4767 8256 8255
14157 2 2 2 2 7831 8226 2834
14158 2 2 2 2 2391 8154 3142
14159 2 2 2 2 7082 8154 2016
14160 2 2 2 2 1201 8686 7244
14161 2 2 2 2 3480 9025 8456
14162 2 2 2 2 6041 6042 5097
14163 2 2 2 2 3216 8170 2947
14164 2 2 2 2 4646 7755 7753
14165 2 2 2 2 4404 6933 4401
14166 2 2 2 2 6159 8985 7291
14167 2 2 2 2 2018 8263 2137
14168 2 2 2 2 5193 8263 8225
14169 2 2 2 2 9005 9030 9014
14170 2 2 2 2 2400 8963 1245
14171 2 2 2 2 7102 7104 7103
14172 2 2 2 2 6338 6339 5122
14173 2 2 2 2 3191 8690 2040
14174 2 2 2 2 4542 8351 7837
14175 2 2 2 2 1846 8235 1845
14176 2 2 2 2 7723 7724 7722
14177 2 2 2 2 1802 7772 7765
14178 2 2 2 2 703 5574 716
14179 2 2 2 2 8242 9029 8243
14180 2 2 2 2 2358 8863 8807
14181 2 2 2 2 3572 8532 3570
14182 2 2 2 2 3642 7292 7291
14183 2 2 2 2 6097 6098 6096
14184 2 2 2 2 5088 5844 5843
14185 2 2 2 2 5976 9075 7449
14186 2 2 2 2 8398 8879 1316
14187 2 2 2 2 2508 6402 3164
14188 2 2 2 2 8171 8256 4767
14189 2 2 2 2 4681 6938 6520
14190 2 2 2 2 7024 7026 4656
14191 2 2 2 2 2734 8753 8451
14192 2 2 2 2 5258 8438 7760
14193 2 2 2 2 5162 7033 7032
14194 2 2 2 2 8106 8107 3987
14195 2 2 2 2 4704 8014 7746
14196 2 2 2 2 3187 7819 7818
14197 2 2 2 2 6233 6235 6230
14198 2 2 2 2 1601 7934 6019
14199 2 2 2 2 1101 7198 1030
14200 2 2 2 2 4766 8534 4764
14201 2 2 2 2 6234 6236 6235
14202 2 2 2 2 4097 8121 5330
14203 2 2 2 2 7653 8981 7652
14204 2 2 2 2 2615 8159 2613
14205 2 2 2 2 7679 7683 7680
14206 2 2 2 2 7477 7480 7478
14207 2 2 2 2 3204 7919 2858
14208 2 2 2 2 5192 7674 7673
14209 2 2 2 2 5946 6581 5071
14210 2 2 2 2 2743 8393 2748
14211 2 2 2 2 2760 8393 2738
14212 2 2 2 2 1506 7739 7738
14213 2 2 2 2 5066 8431 5063
14214 2 2 2 2 5342 8895 5317
14215 2 2 2 2 502 8895 7857
14216 2 2 2 2 900 7375 1671
14217 2 2 2 2 8268 8269 4887
14218 2 2 2 2 1818 7875 1821
14219 2 2 2 2 6234 6235 6233
14220 2 2 2 2 6747 6943 6748
14221 2 2 2 2 4893 8964 4221
14222 2 2 2 2 8171 8257 8256
14223 2 2 2 2 1790 7244 2181
14224 2 2 2 2 5879 8916 5878
14225 2 2 2 2 2327 6073 2979
14226 2 2 2 2 809 8703 849
14227 2 2 2 2 3296 8703 807
14228 2 2 2 2 3250 7811 6073
14229 2 2 2 2 5848 8188 4788
14230 2 2 2 2 3617 7793 4448
14231 2 2 2 2 3009 8727 3006
14232 2 2 2 2 8501 8507 8504
14233 2 2 2 2 496 8507 497
14234 2 2 2 2 6576 6577 4171
14235 2 2 2 2 3182 8350 2692
14236 2 2 2 2 6118 6119 2440
14237 2 2 2 2 1869 6988 6987
14238 2 2 2 2 4089 8315 8313
14239 2 2 2 2 7361 7367 7364
14240 2 2 2 2 1259 6060 6058
14241 2 2 2 2 1781 7361 7360
14242 2 2 2 2 8145 8146 4098
14243 2 2 2 2 1860 8978 1857
14244 2 2 2 2 7937 8537 5307
14245 2 2 2 2 2480 6531 3388
14246 2 2 2 2 5387 8468 8467
14247 2 2 2 2 6596 6605 6595
14248 2 2 2 2 5561 5562 4327
14249 2 2 2 2 2896 6718 6717
14250 2 2 2 2 5697 5698 5694
14251 2 2 2 2 949 7523 943
14252 2 2 2 2 5248 7523 3726
14253 2 2 2 2 660 5832 1415
14254 2 2 2 2 1326 8401 1325
14255 2 2 2 2 8400 8401 5250
14256 2 2 2 2 4719 6977 6976
14257 2 2 2 2 8235 8237 8236
14258 2 2 2 2 6173 7940 6172
14259 2 2 2 2 7751 7752 7749
14260 2 2 2 2 6199 7193 4293
14261 2 2 2 2 4761 8257 8171
14262 2 2 2 2 2401 7587 3439
14263 2 2 2 2 8510 8627 554
14264 2 2 2 2 5023 5686 5685
14265 2 2 2 2 2648 7882 2857
14266 2 2 2 2 5211 8173 5209
14267 2 2 2 2 7559 7779 7151
14268 2 2 2 2 615 8176 619
14269 2 2 2 2 1677 7988 1675
14270 2 2 2 2 3635 8176 8060
14271 2 2 2 2 2715 8403 2713
14272 2 2 2 2 7328 7329 7327
14273 2 2 2 2 6188 6189 5212
14274 2 2 2 2 5553 5559 5557
14275 2 2 2 2 2972 8442 3230
14276 2 2 2 2 2719 7823 2717
14277 2 2 2 2 6155 8906 5335
14278 2 2 2 2 3130 6502 6501
14279 2 2 2 2 3739 8217 8216
14280 2 2 2 2 498 7856 7855
14281 2 2 2 2 8226 8987 4064
14282 2 2 2 2 7876 7877 1821
14283 2 2 2 2 2556 6221 6220
14284 2 2 2 2 4607 6099 6097
14285 2 2 2 2 6686 9014 6687
14286 2 2 2 2 3130 6496 3001
14287 2 2 2 2 6751 6958 6956
14288 2 2 2 2 7766 7772 7769
14289 2 2 2 2 4642 7298 7056
14290 2 2 2 2 3672 6427 4331
14291 2 2 2 2 5748 5750 5033
14292 2 2 2 2 2806 8481 2825
14293 2 2 2 2 4567 8481 2804
14294 2 2 2 2 8069 8111 8067
14295 2 2 2 2 4005 8367 3690
14296 2 2 2 2 5608 9056 5634
14297 2 2 2 2 728 6193 2010
14298 2 2 2 2 5600 5833 1939
14299 2 2 2 2 4564 7648 5169
14300 2 2 2 2 8026 8027 8025
14301 2 2 2 2 2292 5822 3082
14302 2 2 2 2 4761 8258 8257
14303 2 2 2 2 3276 5925 5924
14304 2 2 2 2 7032 7036 4425
14305 2 2 2 2 2169 7267 2081
14306 2 2 2 2 8501 8503 8502
14307 2 2 2 2 5623 9048 9047
14308 2 2 2 2 7181 8816 7507
14309 2 2 2 2 3641 7580 3178
14310 2 2 2 2 3123 5925 2580
14311 2 2 2 2 2736 8451 2760
14312 2 2 2 2 8204 8424 8205
14313 2 2 2 2 6950 8961 6951
14314 2 2 2 2 2617 8428 3218
14315 2 2 2 2 4437 8759 4943
14316 2 2 2 2 4431 8759 4433
14317 2 2 2 2 1746 8979 4685
14318 2 2 2 2 2121 8979 1971
14319 2 2 2 2 4699 6186 3980
14320 2 2 2 2 2020 5674 5673
14321 2 2 2 2 7093 7095 7094
14322 2 2 2 2 3496 5651 3493
14323 2 2 2 2 6005 9045 5991
14324 2 2 2 2 2586 6421 693
14325 2 2 2 2 6159 7293 2023
14326 2 2 2 2 2447 8419 8418
14327 2 2 2 2 2133 8418 1983
14328 2 2 2 2 6674 6940 4387
14329 2 2 2 2 1792 7251 1794
14330 2 2 2 2 2894 6377 2892
14331 2 2 2 2 489 8768 491
14332 2 2 2 2 3697 8639 3706
14333 2 2 2 2 2953 7985 3212
14334 2 2 2 2 3210 7985 2955
14335 2 2 2 2 1278 5762 1258
14336 2 2 2 2 6330 6815 4292
14337 2 2 2 2 747 6544 735
14338 2 2 2 2 1311 5685 1360
14339 2 2 2 2 4520 7903 2641
14340 2 2 2 2 4733 6973 6966
14341 2 2 2 2 6809 6810 1304
14342 2 2 2 2 1414 7169 5788
14343 2 2 2 2 7423 7424 7422
14344 2 2 2 2 1675 6325 1653
14345 2 2 2 2 8204 8205 4558
14346 2 2 2 2 5808 6744 5801
14347 2 2 2 2 3561 7683 7679
14348 2 2 2 2 4628 7112 7109
14349 2 2 2 2 939 7343 884
14350 2 2 2 2 7170 7802 4514
14351 2 2 2 2 4816 8314 6153
14352 2 2 2 2 620 7761 618
14353 2 2 2 2 7280 9025 7278
14354 2 2 2 2 8384 8386 8385
14355 2 2 2 2 6362 7094 6360
14356 2 2 2 2 5883 7267 3955
14357 2 2 2 2 4762 8258 4761
14358 2 2 2 2 6297 8649 8648
14359 2 2 2 2 4041 7755 3293
14360 2 2 2 2 5358 7059 7058
14361 2 2 2 2 1432 8267 1351
14362 2 2 2 2 4686 8660 5248
14363 2 2 2 2 7462 8660 8659
14364 2 2 2 2 2727 7818 2724
14365 2 2 2 2 6659 6661 4381
14366 2 2 2 2 8456 9025 7282
14367 2 2 2 2 6172 7940 5104
14368 2 2 2 2 2676 8345 543
14369 2 2 2 2 4874 7925 5365
14370 2 2 2 2 1007 6329 1005
14371 2 2 2 2 3124 6329 1010
14372 2 2 2 2 1429 7132 7131
14373 2 2 2 2 5086 6055 6054
14374 2 2 2 2 3069 5649 2377
14375 2 2 2 2 2140 8412 8411
14376 2 2 2 2 4625 8638 5178
14377 2 2 2 2 2668 8638 8637
14378 2 2 2 2 7634 7637 7630
14379 2 2 2 2 6087 6403 6081
14380 2 2 2 2 4457 6774 968
14381 2 2 2 2 8541 8543 7708
14382 2 2 2 2 6534 6535 6533
14383 2 2 2 2 1031 8189 7893
14384 2 2 2 2 1047 7893 1427
14385 2 2 2 2 2179 6449 2180
14386 2 2 2 2 794 8771 3296
14387 2 2 2 2 7790 8771 770
14388 2 2 2 2 4946 9050 8965
14389 2 2 2 2 3671 8593 3165
14390 2 2 2 2 964 7277 7276
14391 2 2 2 2 8551 8710 5322
14392 2 2 2 2 1530 8681 1756
14393 2 2 2 2 2824 8231 2821
14394 2 2 2 2 4566 8231 3208
14395 2 2 2 2 6078 7464 4269
14396 2 2 2 2 1756 8680 8679
14397 2 2 2 2 4040 8434 5259
14398 2 2 2 2 4319 8912 5324
14399 2 2 2 2 5349 8980 8912
14400 2 2 2 2 8243 8245 8241
14401 2 2 2 2 4773 5893 5052
14402 2 2 2 2 5691 5723 4501
14403 2 2 2 2 1740 7186 7184
14404 2 2 2 2 8749 8750 4814
14405 2 2 2 2 1994 7840 1928
14406 2 2 2 2 1738 7774 1376
14407 2 2 2 2 591 8487 1034
14408 2 2 2 2 7771 8997 8996
14409 2 2 2 2 5114 5880 4244
14410 2 2 2 2 4856 8685 4858
14411 2 2 2 2 5198 8359 4579
14412 2 2 2 2 4907 7683 4908
14413 2 2 2 2 4569 6210 5251
14414 2 2 2 2 5792 7833 5062
14415 2 2 2 2 5194 6429 6375
14416 2 2 2 2 3956 6030 3957
14417 2 2 2 2 2115 8486 8155
14418 2 2 2 2 818 8155 816
14419 2 2 2 2 2219 6396 2099
14420 2 2 2 2 2699 8548 894
14421 2 2 2 2 849 7477 824
14422 2 2 2 2 3636 5808 5804
14423 2 2 2 2 5858 8952 2006
14424 2 2 2 2 652 8571 641
14425 2 2 2 2 1109 6676 1079
14426 2 2 2 2 3481 6676 1183
14427 2 2 2 2 781 6228 815
14428 2 2 2 2 9007 9014 6686
14429 2 2 2 2 8461 8462 8460
14430 2 2 2 2 8359 8366 4579
14431 2 2 2 2 5731 5734 4525
14432 2 2 2 2 3172 8112 2938
14433 2 2 2 2 3755 7977 3205
14434 2 2 2 2 7337 7342 7340
14435 2 2 2 2 7122 8942 3241
14436 2 2 2 2 8338 8341 2853
14437 2 2 2 2 3631 7234 3633
14438 2 2 2 2 480 8820 481
14439 2 2 2 2 8611 8820 8819
14440 2 2 2 2 2933 8362 2931
14441 2 2 2 2 8614 8749 8748
14442 2 2 2 2 4033 6532 6443
14443 2 2 2 2 3920 5604 3499
14444 2 2 2 2 1081 5950 2481
14445 2 2 2 2 7521 9019 7513
14446 2 2 2 2 1856 8976 1854
14447 2 2 2 2 2744 8563 3655
14448 2 2 2 2 4579 8366 3638
14449 2 2 2 2 1122 7092 1125
14450 2 2 2 2 2504 7092 1121
14451 2 2 2 2 4542 7837 4541
14452 2 2 2 2 6529 6530 2217
14453 2 2 2 2 6974 6976 6975
14454 2 2 2 2 3144 7617 3088
14455 2 2 2 2 7982 7984 5219
14456 2 2 2 2 4519 7847 7846
14457 2 2 2 2 5414 8930 6457
14458 2 2 2 2 2729 8589 8439
14459 2 2 2 2 3267 8721 4173
14460 2 2 2 2 2477 9059 7265
14461 2 2 2 2 2720 8471 2721
14462 2 2 2 2 2762 8471 2728
14463 2 2 2 2 3190 8811 8768
14464 2 2 2 2 877 7757 7756
14465 2 2 2 2 3985 6778 3984
14466 2 2 2 2 3966 6742 6426
14467 2 2 2 2 4751 5952 5061
14468 2 2 2 2 1714 6566 1713
14469 2 2 2 2 5828 5829 5827
14470 2 2 2 2 1217 8557 1214
14471 2 2 2 2 3987 8107 2934
14472 2 2 2 2 4699 6189 6187
14473 2 2 2 2 2586 6983 6982
14474 2 2 2 2 2730 8439 2739
14475 2 2 2 2 7441 7469 468
14476 2 2 2 2 1198 6481 1221
14477 2 2 2 2 1769 5884 1998
14478 2 2 2 2 5385 8195 3317
14479 2 2 2 2 7574 7575 7571
14480 2 2 2 2 5804 5808 5802
14481 2 2 2 2 4006 9029 8288
14482 2 2 2 2 5688 8684 1360
14483 2 2 2 2 4897 5597 4893
14484 2 2 2 2 7524 8467 2625
14485 2 2 2 2 5622 9072 5629
14486 2 2 2 2 5370 8005 8004
14487 2 2 2 2 5156 8215 8213
14488 2 2 2 2 3148 7286 3150
14489 2 2 2 2 4560 8167 3924
14490 2 2 2 2 5548 6273 3066
14491 2 2 2 2 4665 6427 3674
14492 2 2 2 2 7677 8477 4763
14493 2 2 2 2 6665 6667 6666
14494 2 2 2 2 3767 8278 4070
14495 2 2 2 2 8047 8278 4824
14496 2 2 2 2 8237 8246 8236
14497 2 2 2 2 5708 8757 5707
14498 2 2 2 2 1853 8458 1855
14499 2 2 2 2 633 8762 637
14500 2 2 2 2 6570 6925 5252
14501 2 2 2 2 7829 7830 2812
14502 2 2 2 2 5930 9088 5927
14503 2 2 2 2 2493 6250 2647
14504 2 2 2 2 2726 8588 2729
14505 2 2 2 2 3731 6927 6926
14506 2 2 2 2 6325 7988 6321
14507 2 2 2 2 7901 8998 7902
14508 2 2 2 2 2790 6107 1347
14509 2 2 2 2 8517 8518 8516
14510 2 2 2 2 7558 7616 3144
14511 2 2 2 2 186 5526 185
14512 2 2 2 2 1322 8399 1321
14513 2 2 2 2 8397 8399 8396
14514 2 2 2 2 4691 7594 2427
14515 2 2 2 2 1628 8816 6960
14516 2 2 2 2 5581 5583 5579
14517 2 2 2 2 8177 8178 5198
14518 2 2 2 2 3281 7841 6121
14519 2 2 2 2 6001 6002 5998
14520 2 2 2 2 8242 8243 8241
14521 2 2 2 2 5086 6054 6053
14522 2 2 2 2 1414 5788 5787
14523 2 2 2 2 4603 8309 2778
14524 2 2 2 2 835 8019 833
14525 2 2 2 2 3640 8019 1200
14526 2 2 2 2 7508 7513 7509
14527 2 2 2 2 7509 7510 5746
14528 2 2 2 2 2589 7274 7273
14529 2 2 2 2 4517 7688 7472
14530 2 2 2 2 8312 8315 4021
14531 2 2 2 2 3957 6030 6028
14532 2 2 2 2 5269 7252 5270
14533 2 2 2 2 6383 8895 8209
14534 2 2 2 2 7168 7171 7170
14535 2 2 2 2 5198 8999 8359
14536 2 2 2 2 3651 8603 3649
14537 2 2 2 2 7841 8877 6121
14538 2 2 2 2 6595 6598 6597
14539 2 2 2 2 7989 7991 4013
14540 2 2 2 2 1612 7619 1477
14541 2 2 2 2 6528 6529 3051
14542 2 2 2 2 6033 6035 5841
14543 2 2 2 2 2603 7936 2605
14544 2 2 2 2 5717 5719 3896
14545 2 2 2 2 6154 8871 5328
14546 2 2 2 2 4537 7231 7229
14547 2 2 2 2 8150 8152 8151
14548 2 2 2 2 1497 6367 5653
14549 2 2 2 2 3931 6237 3938
14550 2 2 2 2 7439 7446 7443
14551 2 2 2 2 6815 9004 4292
14552 2 2 2 2 3288 7692 4515
14553 2 2 2 2 1849 8237 8235
14554 2 2 2 2 4454 6502 2995
14555 2 2 2 2 1969 8884 1967
14556 2 2 2 2 8322 8323 8281
14557 2 2 2 2 6121 8877 6122
14558 2 2 2 2 6180 6182 6178
14559 2 2 2 2 4705 8296 4707
14560 2 2 2 2 1157 8624 1106
14561 2 2 2 2 3177 7979 7312
14562 2 2 2 2 8165 8435 7219
14563 2 2 2 2 7449 9075 3355
14564 2 2 2 2 7902 8998 3987
14565 2 2 2 2 4365 5948 4364
14566 2 2 2 2 3945 5921 5920
14567 2 2 2 2 8578 8580 2467
14568 2 2 2 2 4066 8987 4539
14569 2 2 2 2 8505 8811 8508
14570 2 2 2 2 1658 8808 2908
14571 2 2 2 2 4110 8197 5373
14572 2 2 2 2 3643 8406 4093
14573 2 2 2 2 5687 5688 5686
14574 2 2 2 2 772 6936 837
14575 2 2 2 2 2937 8227 2935
14576 2 2 2 2 6983 6984 6982
14577 2 2 2 2 3505 6182 3520
14578 2 2 2 2 749 6451 6450
14579 2 2 2 2 8156 8158 1501
14580 2 2 2 2 6323 6325 6321
14581 2 2 2 2 4607 6097 4609
14582 2 2 2 2 2207 5889 2328
14583 2 2 2 2 4574 8527 4852
14584 2 2 2 2 7907 7908 6991
14585 2 2 2 2 1917 8706 3714
14586 2 2 2 2 5411 6460 6459
14587 2 2 2 2 9024 9093 5981
14588 2 2 2 2 5253 6933 4404
14589 2 2 2 2 6805 8862 8821
14590 2 2 2 2 8477 8478 4763
14591 2 2 2 2 863 8806 865
14592 2 2 2 2 6174 6176 6173
14593 2 2 2 2 613 7269 7268
14594 2 2 2 2 8696 8697 4332
14595 2 2 2 2 6442 6443 5089
14596 2 2 2 2 5599 5600 1939
14597 2 2 2 2 984 7064 1099
14598 2 2 2 2 2478 7064 976
14599 2 2 2 2 4471 6442 6312
14600 2 2 2 2 6939 6941 4624
14601 2 2 2 2 3584 6939 3582
14602 2 2 2 2 6755 6756 6754
14603 2 2 2 2 3164 6402 6399
14604 2 2 2 2 5176 7049 7045
14605 2 2 2 2 3974 6008 3329
14606 2 2 2 2 6169 6175 729
14607 2 2 2 2 7277 7278 7276
14608 2 2 2 2 3904 5803 5802
14609 2 2 2 2 1324 9095 1327
14610 2 2 2 2 7906 7907 6991
14611 2 2 2 2 4571 8425 3188
14612 2 2 2 2 1286 6057 3451
14613 2 2 2 2 3919 6139 5202
14614 2 2 2 2 971 7356 2194
14615 2 2 2 2 8770 8809 4047
14616 2 2 2 2 6235 6237 6230
14617 2 2 2 2 8976 9001 1865
14618 2 2 2 2 3276 5923 3277
14619 2 2 2 2 5023 5685 5684
14620 2 2 2 2 1327 8417 1329
14621 2 2 2 2 1193 6699 6697
14622 2 2 2 2 3957 6028 5841
14623 2 2 2 2 5724 5726 3420
14624 2 2 2 2 2773 8193 2775
14625 2 2 2 2 2752 8382 2754
14626 2 2 2 2 1708 7555 1705
14627 2 2 2 2 7216 7218 4451
14628 2 2 2 2 7358 7359 2486
14629 2 2 2 2 3865 6970 4132
14630 2 2 2 2 5240 8336 4823
14631 2 2 2 2 776 5787 3518
14632 2 2 2 2 669 7748 1727
14633 2 2 2 2 6125 6127 6126
14634 2 2 2 2 2076 6932 6929
14635 2 2 2 2 3459 8572 4273
14636 2 2 2 2 4685 8596 8595
14637 2 2 2 2 1717 7781 6733
14638 2 2 2 2 8208 8209 503
14639 2 2 2 2 7737 7738 4879
14640 2 2 2 2 7636 7639 7638
14641 2 2 2 2 1869 7048 7047
14642 2 2 2 2 5994 6005 5991
14643 2 2 2 2 6015 6016 4317
14644 2 2 2 2 6756 6758 6753
14645 2 2 2 2 7289 7290 7281
14646 2 2 2 2 4281 6164 5100
14647 2 2 2 2 6283 7641 4050
14648 2 2 2 2 7899 8110 8109
14649 2 2 2 2 1552 8562 1550
14650 2 2 2 2 2600 7685 7684
14651 2 2 2 2 1995 7809 3250
14652 2 2 2 2 4296 5556 4327
14653 2 2 2 2 5392 7705 5810
14654 2 2 2 2 6985 8593 4373
14655 2 2 2 2 5376 8135 8133
14656 2 2 2 2 3678 9079 3680
14657 2 2 2 2 1471 8164 605
14658 2 2 2 2 6958 8342 752
14659 2 2 2 2 7274 7275 7273
14660 2 2 2 2 6783 6784 6780
14661 2 2 2 2 5439 8720 6822
14662 2 2 2 2 2822 7233 3631
14663 2 2 2 2 7568 7569 7567
14664 2 2 2 2 5031 5601 4288
14665 2 2 2 2 3612 6666 3610
14666 2 2 2 2 5817 5819 4775
14667 2 2 2 2 6486 6491 6490
14668 2 2 2 2 2248 7238 2246
14669 2 2 2 2 8068 8073 8070
14670 2 2 2 2 4732 8477 8475
14671 2 2 2 2 1679 8156 1503
14672 2 2 2 2 4597 6116 3943
14673 2 2 2 2 3667 7112 4628
14674 2 2 2 2 5294 7366 5292
14675 2 2 2 2 2056 5956 2058
14676 2 2 2 2 5968 8993 5966
14677 2 2 2 2 8983 9027 3950
14678 2 2 2 2 3507 7486 1088
14679 2 2 2 2 4633 7486 6911
14680 2 2 2 2 3729 8292 4693
14681 2 2 2 2 3727 8295 8292
14682 2 2 2 2 2941 8190 2939
14683 2 2 2 2 4745 6726 6724
14684 2 2 2 2 5282 6460 5284
14685 2 2 2 2 1606 6263 1509
14686 2 2 2 2 3676 6426 4665
14687 2 2 2 2 5114 5881 5880
14688 2 2 2 2 4785 6320 6319
14689 2 2 2 2 4794 6320 1911
14690 2 2 2 2 7517 7522 7516
14691 2 2 2 2 7447 7448 4129
14692 2 2 2 2 1718 7781 1717
14693 2 2 2 2 6735 7781 1721
14694 2 2 2 2 4864 8732 5245
14695 2 2 2 2 3329 6008 3020
14696 2 2 2 2 1614 7305 3648
14697 2 2 2 2 3143 7288 3146
14698 2 2 2 2 7253 8986 7250
14699 2 2 2 2 6034 7837 7716
14700 2 2 2 2 6306 6554 6305
14701 2 2 2 2 8126 9013 8635
14702 2 2 2 2 6538 6543 6541
14703 2 2 2 2 6039 6151 5246
14704 2 2 2 2 6065 6151 6150
14705 2 2 2 2 2905 6957 756
14706 2 2 2 2 7896 7907 3173
14707 2 2 2 2 2901 7344 2317
14708 2 2 2 2 4484 6554 6553
14709 2 2 2 2 1493 8465 1611
14710 2 2 2 2 1193 6697 1191
14711 2 2 2 2 7160 7163 4760
14712 2 2 2 2 4587 8544 2767
14713 2 2 2 2 517 8544 519
14714 2 2 2 2 1529 8595 1389
14715 2 2 2 2 1664 8954 1923
14716 2 2 2 2 6111 7152 6110
14717 2 2 2 2 6287 7640 6283
14718 2 2 2 2 1255 6061 6060
14719 2 2 2 2 5149 6576 5444
14720 2 2 2 2 5815 5816 1446
14721 2 2 2 2 2786 7722 3231
14722 2 2 2 2 3232 7722 2142
14723 2 2 2 2 7022 7023 4376
14724 2 2 2 2 2098 7022 2499
14725 2 2 2 2 6602 6604 6603
14726 2 2 2 2 834 8480 836
14727 2 2 2 2 3082 5754 5734
14728 2 2 2 2 8405 8474 8404
14729 2 2 2 2 6181 7761 6183
14730 2 2 2 2 3541 6789 3543
14731 2 2 2 2 6275 6277 4821
14732 2 2 2 2 2665 8452 2667
14733 2 2 2 2 8241 8245 3183
14734 2 2 2 2 782 7487 780
14735 2 2 2 2 6593 6596 6595
14736 2 2 2 2 774 6791 746
14737 2 2 2 2 6480 9026 4322
14738 2 2 2 2 7005 9076 7004
14739 2 2 2 2 6100 6101 2010
14740 2 2 2 2 5782 5874 5070
14741 2 2 2 2 3136 8388 2606
14742 2 2 2 2 5019 5855 5672
14743 2 2 2 2 1033 5855 673
14744 2 2 2 2 4772 9020 4793
14745 2 2 2 2 501 7720 504
14746 2 2 2 2 3269 6613 5338
14747 2 2 2 2 3079 5704 5699
14748 2 2 2 2 8809 8907 8473
14749 2 2 2 2 6179 7940 6173
14750 2 2 2 2 2843 8334 8330
14751 2 2 2 2 3313 8265 4559
14752 2 2 2 2 1983 8358 1932
14753 2 2 2 2 1415 6744 651
14754 2 2 2 2 8002 8264 4843
14755 2 2 2 2 4573 8264 3240
14756 2 2 2 2 2747 8371 2750
14757 2 2 2 2 2448 6622 6621
14758 2 2 2 2 2725 7692 2740
14759 2 2 2 2 1526 6705 6701
14760 2 2 2 2 6701 6702 6700
14761 2 2 2 2 3714 8706 7737
14762 2 2 2 2 4379 6366 6365
14763 2 2 2 2 1672 6036 5902
14764 2 2 2 2 2517 6583 6582
14765 2 2 2 2 1843 8402 1844
14766 2 2 2 2 4661 7191 2582
14767 2 2 2 2 8943 9028 8590
14768 2 2 2 2 7843 8485 7845
14769 2 2 2 2 2602 7843 506
14770 2 2 2 2 8258 8479 1332
14771 2 2 2 2 9022 9065 3961
14772 2 2 2 2 8426 8427 2308
14773 2 2 2 2 2229 8716 2226
14774 2 2 2 2 7479 7480 6246
14775 2 2 2 2 987 7137 981
14776 2 2 2 2 2312 5954 5953
14777 2 2 2 2 3031 5527 451
14778 2 2 2 2 5768 7734 5766
14779 2 2 2 2 6190 6192 2542
14780 2 2 2 2 1506 8774 7739
14781 2 2 2 2 4861 8495 4859
14782 2 2 2 2 3599 8529 4462
14783 2 2 2 2 5541 5547 3411
14784 2 2 2 2 7572 7573 7571
14785 2 2 2 2 3162 7264 3549
14786 2 2 2 2 7997 8000 7998
14787 2 2 2 2 4616 6105 4614
14788 2 2 2 2 2683 8459 2685
14789 2 2 2 2 3596 7611 5191
14790 2 2 2 2 4803 7939 4546
14791 2 2 2 2 1563 5980 5977
14792 2 2 2 2 1803 7610 1806
14793 2 2 2 2 8294 8296 4705
14794 2 2 2 2 4422 6524 4995
14795 2 2 2 2 7885 8509 7887
14796 2 2 2 2 4747 8883 4799
14797 2 2 2 2 8500 8508 8499
14798 2 2 2 2 4854 8620 5235
14799 2 2 2 2 7805 7806 7030
14800 2 2 2 2 7615 8119 7987
14801 2 2 2 2 1689 8119 5188
14802 2 2 2 2 6318 7806 4909
14803 2 2 2 2 3169 6281 4050
14804 2 2 2 2 2747 8372 8371
14805 2 2 2 2 5130 6504 5131
14806 2 2 2 2 4416 6189 4699
14807 2 2 2 2 2218 7052 3051
14808 2 2 2 2 8331 8332 8329
14809 2 2 2 2 8337 8341 8338
14810 2 2 2 2 4883 8997 7771
14811 2 2 2 2 7434 9094 7432
14812 2 2 2 2 8406 8970 5239
14813 2 2 2 2 2429 7570 2074
14814 2 2 2 2 904 7409 902
14815 2 2 2 2 7335 9012 9006
14816 2 2 2 2 3987 8998 8106
14817 2 2 2 2 4452 7225 7215
14818 2 2 2 2 6011 7715 6015
14819 2 2 2 2 4322 7313 1077
14820 2 2 2 2 8162 8989 5067
14821 2 2 2 2 5272 8854 4976
14822 2 2 2 2 2945 8168 2943
14823 2 2 2 2 6176 6179 6173
14824 2 2 2 2 8126 8635 4827
14825 2 2 2 2 5104 7940 7939
14826 2 2 2 2 7480 8705 6246
14827 2 2 2 2 2708 6535 6534
14828 2 2 2 2 4156 7053 3265
14829 2 2 2 2 7282 9027 8983
14830 2 2 2 2 2023 7293 582
14831 2 2 2 2 3063 7715 6013
14832 2 2 2 2 5202 6139 5938
14833 2 2 2 2 2745 8372 2747
14834 2 2 2 2 5197 8177 5198
14835 2 2 2 2 4603 8311 8310
14836 2 2 2 2 7331 7333 3673
14837 2 2 2 2 3190 8666 7888
14838 2 2 2 2 8665 8666 803
14839 2 2 2 2 1041 6293 1022
14840 2 2 2 2 4287 6293 1095
14841 2 2 2 2 8317 8318 1877
14842 2 2 2 2 5206 7909 7230
14843 2 2 2 2 2272 6562 6561
14844 2 2 2 2 4690 8718 4941
14845 2 2 2 2 5013 7808 5571
14846 2 2 2 2 940 7035 3560
14847 2 2 2 2 4031 6248 3287
14848 2 2 2 2 8431 8432 5792
14849 2 2 2 2 5370 8004 8003
14850 2 2 2 2 2377 5649 2379
14851 2 2 2 2 4020 7775 7774
14852 2 2 2 2 4763 8478 4762
14853 2 2 2 2 8538 8928 5360
14854 2 2 2 2 1833 8407 1834
14855 2 2 2 2 521 8325 520
14856 2 2 2 2 3276 5924 5923
14857 2 2 2 2 5291 8398 8397
14858 2 2 2 2 999 8623 1025
14859 2 2 2 2 7257 8623 1001
14860 2 2 2 2 7886 8667 7884
14861 2 2 2 2 8613 8667 8665
14862 2 2 2 2 3526 6354 4330
14863 2 2 2 2 2945 8170 8168
14864 2 2 2 2 1422 7289 7281
14865 2 2 2 2 1361 5567 1156
14866 2 2 2 2 7503 8166 4749
14867 2 2 2 2 788 7175 786
14868 2 2 2 2 5147 6563 5148
14869 2 2 2 2 1558 8619 1556
14870 2 2 2 2 6076 6077 4269
14871 2 2 2 2 8150 8151 538
14872 2 2 2 2 3422 8621 3419
14873 2 2 2 2 3266 6577 4480
14874 2 2 2 2 6566 6733 4674
14875 2 2 2 2 2449 5826 5598
14876 2 2 2 2 2016 8154 2391
14877 2 2 2 2 1345 6922 1344
14878 2 2 2 2 1633 6042 6041
14879 2 2 2 2 1555 5986 2700
14880 2 2 2 2 2947 8170 2945
14881 2 2 2 2 8690 8825 7913
14882 2 2 2 2 6816 7177 2302
14883 2 2 2 2 3856 7576 4316
14884 2 2 2 2 6020 7576 3854
14885 2 2 2 2 1297 8879 2193
14886 2 2 2 2 7121 7621 7122
14887 2 2 2 2 8653 8654 4676
14888 2 2 2 2 8225 8263 2018
14889 2 2 2 2 4537 7229 7227
14890 2 2 2 2 1338 8102 8099
14891 2 2 2 2 9000 9037 6304
14892 2 2 2 2 8538 8929 700
14893 2 2 2 2 8330 8737 2843
14894 2 2 2 2 7845 8485 8467
14895 2 2 2 2 1266 7035 945
14896 2 2 2 2 4542 8353 8351
14897 2 2 2 2 5312 8894 8893
14898 2 2 2 2 1255 6060 1256
14899 2 2 2 2 1732 6739 6738
14900 2 2 2 2 1559 5983 1594
14901 2 2 2 2 5411 6459 6458
14902 2 2 2 2 2503 8910 8619
14903 2 2 2 2 8413 8415 4611
14904 2 2 2 2 1675 7988 6325
14905 2 2 2 2 5573 5574 703
14906 2 2 2 2 6184 6187 6175
14907 2 2 2 2 4763 7678 7677
14908 2 2 2 2 8437 8438 5258
14909 2 2 2 2 5963 8992 5964
14910 2 2 2 2 2406 7642 7266
14911 2 2 2 2 2408 7266 2411
14912 2 2 2 2 3198 7938 5307
14913 2 2 2 2 4056 7937 4802
14914 2 2 2 2 2877 6604 2880
14915 2 2 2 2 5295 6541 5294
14916 2 2 2 2 4427 8532 3572
14917 2 2 2 2 6114 6116 6115
14918 2 2 2 2 902 7375 900
14919 2 2 2 2 8311 8312 8310
14920 2 2 2 2 3513 9046 9045
14921 2 2 2 2 1364 6482 6481
14922 2 2 2 2 6379 6382 3309
14923 2 2 2 2 2844 8054 8053
14924 2 2 2 2 8690 8775 2026
14925 2 2 2 2 1961 7199 2078
14926 2 2 2 2 6822 8720 4192
14927 2 2 2 2 524 8327 8326
14928 2 2 2 2 4804 6589 6587
14929 2 2 2 2 6947 6950 6949
14930 2 2 2 2 825 7717 810
14931 2 2 2 2 5030 6200 5728
14932 2 2 2 2 4704 7746 4688
14933 2 2 2 2 7493 7563 4592
14934 2 2 2 2 2041 7563 7561
14935 2 2 2 2 4323 6334 3959
14936 2 2 2 2 3078 8008 3076
14937 2 2 2 2 4462 8008 3592
14938 2 2 2 2 4413 7198 1101
14939 2 2 2 2 6070 6071 3779
14940 2 2 2 2 7746 7919 4688
14941 2 2 2 2 7244 8686 7246
14942 2 2 2 2 3549 7264 7263
14943 2 2 2 2 7995 7996 1909
14944 2 2 2 2 3218 8159 2615
14945 2 2 2 2 5103 6175 6168
14946 2 2 2 2 6605 6606 6598
14947 2 2 2 2 6812 6813 4311
14948 2 2 2 2 4178 5537 3392
14949 2 2 2 2 4688 7919 3204
14950 2 2 2 2 2359 8832 2338
14951 2 2 2 2 5192 7673 4540
14952 2 2 2 2 2738 8393 2743
14953 2 2 2 2 493 8506 496
14954 2 2 2 2 2968 7490 3238
14955 2 2 2 2 3558 7490 2967
14956 2 2 2 2 5726 5728 3420
14957 2 2 2 2 7857 8895 5342
14958 2 2 2 2 4646 7754 5291
14959 2 2 2 2 7577 7921 3550
14960 2 2 2 2 5760 7687 5874
14961 2 2 2 2 7633 7635 7634
14962 2 2 2 2 7069 7089 5166
14963 2 2 2 2 4494 7089 4492
14964 2 2 2 2 2627 6935 6934
14965 2 2 2 2 6487 6499 6484
14966 2 2 2 2 1817 7875 1818
14967 2 2 2 2 850 7699 875
14968 2 2 2 2 8310 8312 4021
14969 2 2 2 2 4598 6119 4597
14970 2 2 2 2 6078 7468 7464
14971 2 2 2 2 3092 7904 3915
14972 2 2 2 2 4941 8719 5439
14973 2 2 2 2 2870 7569 7568
14974 2 2 2 2 1201 7244 1790
14975 2 2 2 2 2153 7644 2155
14976 2 2 2 2 3250 6073 2327
14977 2 2 2 2 807 8703 809
14978 2 2 2 2 1562 7850 1560
14979 2 2 2 2 1761 7852 7850
14980 2 2 2 2 6422 6423 706
14981 2 2 2 2 5653 6367 6366
14982 2 2 2 2 8525 8928 2661
14983 2 2 2 2 2022 8188 5848
14984 2 2 2 2 3878 6531 5152
14985 2 2 2 2 1535 7685 1537
14986 2 2 2 2 3765 7534 3786
14987 2 2 2 2 4800 7534 3764
14988 2 2 2 2 7351 8531 7352
14989 2 2 2 2 3718 8727 3009
14990 2 2 2 2 5596 8964 5597
14991 2 2 2 2 4503 5943 5941
14992 2 2 2 2 8504 8507 496
14993 2 2 2 2 6136 6573 6138
14994 2 2 2 2 1023 7495 1042
14995 2 2 2 2 1511 7495 3561
14996 2 2 2 2 4551 8503 7936
14997 2 2 2 2 2171 6267 1779
14998 2 2 2 2 5304 6823 5306
14999 2 2 2 2 3211 6823 6612
15000 2 2 2 2 5718 5720 5719
15001 2 2 2 2 2779 8334 2781
15002 2 2 2 2 6205 8957 5397
15003 2 2 2 2 8143 8521 8520
15004 2 2 2 2 4628 7109 7108
15005 2 2 2 2 1857 8978 1856
15006 2 2 2 2 2566 8163 3121
15007 2 2 2 2 2562 8163 2563
15008 2 2 2 2 8424 8893 3219
15009 2 2 2 2 811 7104 2854
15010 2 2 2 2 1608 8955 8954
15011 2 2 2 2 6717 6718 5123
15012 2 2 2 2 3726 7523 949
15013 2 2 2 2 667 5832 660
15014 2 2 2 2 4697 7467 4722
15015 2 2 2 2 1325 8401 8400
15016 2 2 2 2 1188 7152 1190
15017 2 2 2 2 2054 7578 2056
15018 2 2 2 2 705 8929 827
15019 2 2 2 2 655 7259 653
15020 2 2 2 2 5536 9107 4911
15021 2 2 2 2 2636 6737 6563
15022 2 2 2 2 4527 7559 7151
15023 2 2 2 2 619 8176 3635
15024 2 2 2 2 1911 7988 1677
15025 2 2 2 2 2768 7847 4519
15026 2 2 2 2 1710 6586 1707
15027 2 2 2 2 7671 7672 2086
15028 2 2 2 2 2717 7823 3609
15029 2 2 2 2 3976 7287 7285
15030 2 2 2 2 3317 8195 8193
15031 2 2 2 2 1401 8605 1692
15032 2 2 2 2 7452 8605 1399
15033 2 2 2 2 1151 8294 8293
15034 2 2 2 2 5555 5559 5554
15035 2 2 2 2 2562 6218 6217
15036 2 2 2 2 6218 6220 6219
15037 2 2 2 2 7708 8677 7706
15038 2 2 2 2 4509 6061 1255
15039 2 2 2 2 7081 7287 7083
15040 2 2 2 2 8161 8995 8160
15041 2 2 2 2 1361 5553 5552
15042 2 2 2 2 4460 8654 8652
15043 2 2 2 2 2856 5971 5970
15044 2 2 2 2 4629 8650 5756
15045 2 2 2 2 4191 6617 5467
15046 2 2 2 2 5530 5532 456
15047 2 2 2 2 5168 6489 6111
15048 2 2 2 2 3574 8057 4427
15049 2 2 2 2 7517 9070 7924
15050 2 2 2 2 2804 8481 2806
15051 2 2 2 2 4346 8631 4349
15052 2 2 2 2 4354 6357 6356
15053 2 2 2 2 6828 6829 3510
15054 2 2 2 2 4525 5734 4466
15055 2 2 2 2 1856 8978 8977
15056 2 2 2 2 738 6193 728
15057 2 2 2 2 4644 8675 8222
15058 2 2 2 2 8220 8222 8218
15059 2 2 2 2 7636 7638 7634
15060 2 2 2 2 7228 7241 7240
15061 2 2 2 2 7743 8741 2241
15062 2 2 2 2 3955 7267 2169
15063 2 2 2 2 7897 8110 7899
15064 2 2 2 2 8502 8503 4551
15065 2 2 2 2 4799 6067 6066
15066 2 2 2 2 2734 8451 2736
15067 2 2 2 2 2414 6946 6944
15068 2 2 2 2 2416 6944 2421
15069 2 2 2 2 5802 5808 5800
15070 2 2 2 2 2619 8428 2617
15071 2 2 2 2 4433 8759 4437
15072 2 2 2 2 2772 8128 3993
15073 2 2 2 2 4361 6354 3524
15074 2 2 2 2 1971 8979 1746
15075 2 2 2 2 6807 6811 5091
15076 2 2 2 2 8476 8477 7677
15077 2 2 2 2 5317 8895 6383
15078 2 2 2 2 7714 9024 3949
15079 2 2 2 2 693 6421 691
15080 2 2 2 2 7904 7905 4575
15081 2 2 2 2 2447 8418 2133
15082 2 2 2 2 2892 6377 3125
15083 2 2 2 2 4839 8914 8909
15084 2 2 2 2 3190 8768 489
15085 2 2 2 2 2955 7985 2953
15086 2 2 2 2 735 6544 3669
15087 2 2 2 2 2983 7922 2205
15088 2 2 2 2 5221 7982 5219
15089 2 2 2 2 5206 7910 7909
15090 2 2 2 2 958 8341 8337
15091 2 2 2 2 6722 6727 4792
15092 2 2 2 2 1536 8663 1534
15093 2 2 2 2 4227 5798 5797
15094 2 2 2 2 6068 7343 939
15095 2 2 2 2 3954 7761 620
15096 2 2 2 2 6451 7643 4283
15097 2 2 2 2 6728 6729 5354
15098 2 2 2 2 6255 6257 5182
15099 2 2 2 2 6999 7484 7000
15100 2 2 2 2 2548 6256 6255
15101 2 2 2 2 4356 6553 6526
15102 2 2 2 2 4222 5683 5682
15103 2 2 2 2 2118 8884 6955
15104 2 2 2 2 3147 7521 3233
15105 2 2 2 2 7058 7059 2164
15106 2 2 2 2 7352 9097 1733
15107 2 2 2 2 4762 8479 8258
15108 2 2 2 2 511 8307 510
15109 2 2 2 2 8659 8660 4686
15110 2 2 2 2 3180 7849 7848
15111 2 2 2 2 2724 7818 4576
15112 2 2 2 2 3937 7715 3063
15113 2 2 2 2 5063 8431 5792
15114 2 2 2 2 1498 6308 1378
15115 2 2 2 2 9030 9031 6819
15116 2 2 2 2 8308 8452 8307
15117 2 2 2 2 5095 6109 6106
15118 2 2 2 2 6734 8599 4674
15119 2 2 2 2 3210 7414 7413
15120 2 2 2 2 1010 6329 1007
15121 2 2 2 2 3234 7670 2122
15122 2 2 2 2 4505 7671 7670
15123 2 2 2 2 6520 6521 4681
15124 2 2 2 2 670 7155 662
15125 2 2 2 2 4391 7155 709
15126 2 2 2 2 4325 6199 4293
15127 2 2 2 2 8279 8280 4070
15128 2 2 2 2 6129 6130 5238
15129 2 2 2 2 8543 8677 7708
15130 2 2 2 2 8637 8638 4625
15131 2 2 2 2 8641 8825 3191
15132 2 2 2 2 3325 7599 7598
15133 2 2 2 2 1428 6050 6049
15134 2 2 2 2 2544 6256 2545
15135 2 2 2 2 6772 6774 4457
15136 2 2 2 2 8478 8479 4762
15137 2 2 2 2 6694 9052 3737
15138 2 2 2 2 7893 8189 7895
15139 2 2 2 2 1531 7679 1533
15140 2 2 2 2 7302 7306 3206
15141 2 2 2 2 2458 7306 2902
15142 2 2 2 2 1031 7893 1047
15143 2 2 2 2 7273 9065 7284
15144 2 2 2 2 5181 7799 4895
15145 2 2 2 2 7533 8709 7799
15146 2 2 2 2 770 8771 794
15147 2 2 2 2 7238 7239 2451
15148 2 2 2 2 4262 8539 5845
15149 2 2 2 2 3898 8934 8539
15150 2 2 2 2 1310 7824 1460
15151 2 2 2 2 6281 6282 4050
15152 2 2 2 2 4922 8975 5512
15153 2 2 2 2 7015 8681 1508
15154 2 2 2 2 3208 8231 2824
15155 2 2 2 2 3655 7983 7978
15156 2 2 2 2 5303 8962 8855
15157 2 2 2 2 3294 8434 4040
15158 2 2 2 2 5349 8912 4319
15159 2 2 2 2 8719 8720 5439
15160 2 2 2 2 7923 9070 3242
15161 2 2 2 2 3674 6427 3672
15162 2 2 2 2 5132 6369 6368
15163 2 2 2 2 5692 5723 5691
15164 2 2 2 2 5055 5949 5948
15165 2 2 2 2 7492 9000 4484
15166 2 2 2 2 2140 8411 8410
15167 2 2 2 2 6772 6775 6774
15168 2 2 2 2 8066 8108 8064
15169 2 2 2 2 2086 7840 1994
15170 2 2 2 2 1059 8775 1057
15171 2 2 2 2 6024 6025 3280
15172 2 2 2 2 6352 6521 1661
15173 2 2 2 2 4020 7774 1738
15174 2 2 2 2 1195 6699 1193
15175 2 2 2 2 2549 6254 2556
15176 2 2 2 2 4575 6100 4384
15177 2 2 2 2 6019 7323 1601
15178 2 2 2 2 1383 7323 1263
15179 2 2 2 2 2446 8001 2445
15180 2 2 2 2 5235 8685 4856
15181 2 2 2 2 5456 7605 7604
15182 2 2 2 2 5274 7193 6197
15183 2 2 2 2 3089 5639 5638
15184 2 2 2 2 7275 9065 7273
15185 2 2 2 2 7689 8408 7472
15186 2 2 2 2 8135 8136 8134
15187 2 2 2 2 4456 6775 6772
15188 2 2 2 2 2115 8155 818
15189 2 2 2 2 2990 6396 2219
15190 2 2 2 2 6677 6698 6676
15191 2 2 2 2 2859 8571 652
15192 2 2 2 2 1183 6676 1109
15193 2 2 2 2 2996 6502 2999
15194 2 2 2 2 7111 7699 852
15195 2 2 2 2 4779 7095 6399
15196 2 2 2 2 1151 8296 8294
15197 2 2 2 2 7750 7758 7751
15198 2 2 2 2 5010 5650 5009
15199 2 2 2 2 1066 8764 1064
15200 2 2 2 2 8628 8764 2198
15201 2 2 2 2 2420 6914 2914
15202 2 2 2 2 2421 6914 2418
15203 2 2 2 2 8106 8998 8108
15204 2 2 2 2 4331 6419 5136
15205 2 2 2 2 827 8494 8493
15206 2 2 2 2 4602 7977 3755
15207 2 2 2 2 4801 7535 7133
15208 2 2 2 2 6332 7475 2443
15209 2 2 2 2 2048 7475 2050
15210 2 2 2 2 5846 6636 4248
15211 2 2 2 2 5380 6636 6632
15212 2 2 2 2 4628 7108 7107
15213 2 2 2 2 2180 6449 6433
15214 2 2 2 2 2548 6255 6254
15215 2 2 2 2 7934 7935 5828
15216 2 2 2 2 1572 7334 1570
15217 2 2 2 2 4974 8656 4972
15218 2 2 2 2 5260 9080 5261
15219 2 2 2 2 8819 8820 480
15220 2 2 2 2 4456 6778 6775
15221 2 2 2 2 5764 5835 5833
15222 2 2 2 2 8748 8749 4814
15223 2 2 2 2 8710 8754 5320
15224 2 2 2 2 3135 6243 4309
15225 2 2 2 2 500 8502 7720
15226 2 2 2 2 3499 5604 3502
15227 2 2 2 2 6247 6249 6248
15228 2 2 2 2 1357 5554 1224
15229 2 2 2 2 3665 8673 3227
15230 2 2 2 2 2746 8563 2744
15231 2 2 2 2 1121 7092 1122
15232 2 2 2 2 5569 5602 5031
15233 2 2 2 2 4541 7837 6034
15234 2 2 2 2 5999 6000 5998
15235 2 2 2 2 4649 7864 7863
15236 2 2 2 2 7980 7982 5221
15237 2 2 2 2 6119 8011 2440
15238 2 2 2 2 6964 6965 2070
15239 2 2 2 2 1260 6053 1280
15240 2 2 2 2 5412 6458 6457
15241 2 2 2 2 7141 7142 7138
15242 2 2 2 2 5411 6458 5412
15243 2 2 2 2 8702 9020 4772
15244 2 2 2 2 5296 8721 3267
15245 2 2 2 2 2728 8471 2720
15246 2 2 2 2 7979 7980 5221
15247 2 2 2 2 8718 8719 4941
15248 2 2 2 2 3984 6778 4456
15249 2 2 2 2 8496 8921 2646
15250 2 2 2 2 5357 7860 7063
15251 2 2 2 2 7071 7072 7070
15252 2 2 2 2 1717 6566 1714
15253 2 2 2 2 1214 8557 1163
15254 2 2 2 2 449 451 450
15255 2 2 2 2 2729 8439 2730
15256 2 2 2 2 1364 6481 1198
15257 2 2 2 2 5322 8552 8551
15258 2 2 2 2 5323 8552 5322
15259 2 2 2 2 3135 6250 6243
15260 2 2 2 2 4971 6525 6524
15261 2 2 2 2 4037 8882 4038
15262 2 2 2 2 8661 8662 5248
15263 2 2 2 2 5288 8882 7099
15264 2 2 2 2 6107 6108 1225
15265 2 2 2 2 4457 7721 6773
15266 2 2 2 2 3664 7112 3667
15267 2 2 2 2 4649 7863 4648
15268 2 2 2 2 3334 7497 3382
15269 2 2 2 2 3584 6940 6939
15270 2 2 2 2 8109 8998 7901
15271 2 2 2 2 5223 6114 5930
15272 2 2 2 2 2326 6728 2325
15273 2 2 2 2 4057 8247 3311
15274 2 2 2 2 4876 8249 8247
15275 2 2 2 2 6461 8832 2359
15276 2 2 2 2 706 6420 6419
15277 2 2 2 2 1665 8289 2009
15278 2 2 2 2 8717 8744 2225
15279 2 2 2 2 8338 8339 4333
15280 2 2 2 2 4824 8278 3767
15281 2 2 2 2 1348 6923 1938
15282 2 2 2 2 9038 9039 8104
15283 2 2 2 2 2626 8994 2621
15284 2 2 2 2 7100 7106 7102
15285 2 2 2 2 699 7318 712
15286 2 2 2 2 5077 9088 8800
15287 2 2 2 2 4496 7317 5166
15288 2 2 2 2 4313 6956 3477
15289 2 2 2 2 2647 6250 3135
15290 2 2 2 2 2763 8588 2726
15291 2 2 2 2 5864 5868 1662
15292 2 2 2 2 1556 8619 7632
15293 2 2 2 2 6541 6542 5294
15294 2 2 2 2 4236 7590 5044
15295 2 2 2 2 6106 6107 2790
15296 2 2 2 2 6001 6008 3974
15297 2 2 2 2 1321 8399 8397
15298 2 2 2 2 4858 8395 4860
15299 2 2 2 2 7839 8279 5336
15300 2 2 2 2 5394 8950 8949
15301 2 2 2 2 6960 8816 7181
15302 2 2 2 2 4595 8945 8389
15303 2 2 2 2 8514 8945 4117
15304 2 2 2 2 1939 5835 1644
15305 2 2 2 2 6683 6684 6682
15306 2 2 2 2 5087 6123 6120
15307 2 2 2 2 4545 6123 3942
15308 2 2 2 2 5327 8772 8771
15309 2 2 2 2 8970 8981 7653
15310 2 2 2 2 1200 8019 835
15311 2 2 2 2 5787 5788 5785
15312 2 2 2 2 5601 5602 3502
15313 2 2 2 2 2266 7113 3389
15314 2 2 2 2 3028 7113 2101
15315 2 2 2 2 514 8309 8308
15316 2 2 2 2 8327 8328 5243
15317 2 2 2 2 4204 5602 5569
15318 2 2 2 2 7271 7272 7270
15319 2 2 2 2 6053 6054 1280
15320 2 2 2 2 3704 6403 6087
15321 2 2 2 2 2043 6549 2046
15322 2 2 2 2 4345 6549 2042
15323 2 2 2 2 5023 5684 5683
15324 2 2 2 2 714 8493 720
15325 2 2 2 2 5088 8947 5844
15326 2 2 2 2 2012 5593 5592
15327 2 2 2 2 3681 7107 4037
15328 2 2 2 2 5152 6529 6528
15329 2 2 2 2 4551 7936 2603
15330 2 2 2 2 6420 6421 5136
15331 2 2 2 2 5718 5719 5717
15332 2 2 2 2 5552 5569 5567
15333 2 2 2 2 1948 7874 6989
15334 2 2 2 2 839 7874 841
15335 2 2 2 2 777 6231 2464
15336 2 2 2 2 4121 6746 3248
15337 2 2 2 2 7385 9071 7383
15338 2 2 2 2 3749 6644 3747
15339 2 2 2 2 7430 7431 7429
15340 2 2 2 2 6556 7261 4357
15341 2 2 2 2 2654 6203 1723
15342 2 2 2 2 6591 9072 2438
15343 2 2 2 2 8143 8520 1815
15344 2 2 2 2 7976 8520 4582
15345 2 2 2 2 4391 9059 7155
15346 2 2 2 2 5346 7917 7915
15347 2 2 2 2 6588 7504 6587
15348 2 2 2 2 6984 7317 4498
15349 2 2 2 2 3343 8600 3341
15350 2 2 2 2 1967 8884 2118
15351 2 2 2 2 7599 7600 7598
15352 2 2 2 2 7189 7192 5274
15353 2 2 2 2 7248 7249 7245
15354 2 2 2 2 5716 8624 1157
15355 2 2 2 2 7978 7979 3177
15356 2 2 2 2 1245 8963 7314
15357 2 2 2 2 2714 7689 3616
15358 2 2 2 2 7753 7755 4041
15359 2 2 2 2 5364 9099 9064
15360 2 2 2 2 5055 5948 4365
15361 2 2 2 2 5804 5806 3636
15362 2 2 2 2 3448 5921 3945
15363 2 2 2 2 6819 9031 6820
15364 2 2 2 2 5000 5536 5534
15365 2 2 2 2 4383 6519 6518
15366 2 2 2 2 4064 8987 4066
15367 2 2 2 2 1647 8808 1658
15368 2 2 2 2 4093 8406 5239
15369 2 2 2 2 8123 8125 8122
15370 2 2 2 2 4329 6334 6333
15371 2 2 2 2 7379 9040 7377
15372 2 2 2 2 6590 8867 6589
15373 2 2 2 2 3130 6499 6496
15374 2 2 2 2 3688 6432 6404
15375 2 2 2 2 814 6782 6781
15376 2 2 2 2 4069 7678 4763
15377 2 2 2 2 2584 6582 6412
15378 2 2 2 2 2517 6582 2519
15379 2 2 2 2 5327 8773 8772
15380 2 2 2 2 2489 7478 2491
15381 2 2 2 2 2328 5889 4122
15382 2 2 2 2 4572 8527 4574
15383 2 2 2 2 6326 8576 4414
15384 2 2 2 2 4776 6328 6326
15385 2 2 2 2 7211 7213 7212
15386 2 2 2 2 5642 8861 5640
15387 2 2 2 2 2118 6955 6948
15388 2 2 2 2 5032 5749 5747
15389 2 2 2 2 2032 7504 6588
15390 2 2 2 2 8048 8907 4784
15391 2 2 2 2 5607 5634 5605
15392 2 2 2 2 3448 5923 5921
15393 2 2 2 2 4932 8862 6805
15394 2 2 2 2 7298 7299 7056
15395 2 2 2 2 6585 8791 1783
15396 2 2 2 2 1785 8791 2497
15397 2 2 2 2 7794 7797 7795
15398 2 2 2 2 4354 6356 4675
15399 2 2 2 2 468 7469 470
15400 2 2 2 2 4228 5761 5032
15401 2 2 2 2 7268 7269 7081
15402 2 2 2 2 7482 8697 8696
15403 2 2 2 2 5809 7833 3910
15404 2 2 2 2 7245 7249 2181
15405 2 2 2 2 1856 8977 8976
15406 2 2 2 2 7795 8570 4448
15407 2 2 2 2 7309 7473 4850
15408 2 2 2 2 3768 7473 2209
15409 2 2 2 2 7525 7731 4528
15410 2 2 2 2 5190 7731 7730
15411 2 2 2 2 7183 8416 4532
15412 2 2 2 2 2535 6338 2538
15413 2 2 2 2 976 7064 984
15414 2 2 2 2 1781 7367 7361
15415 2 2 2 2 2030 6442 4471
15416 2 2 2 2 1523 6907 1725
15417 2 2 2 2 5603 5632 5630
15418 2 2 2 2 1731 8555 1896
15419 2 2 2 2 2044 6349 1986
15420 2 2 2 2 3420 6200 3418
15421 2 2 2 2 7722 7724 3231
15422 2 2 2 2 7427 7435 7428
15423 2 2 2 2 2350 6829 2348
15424 2 2 2 2 3582 6939 4624
15425 2 2 2 2 4778 8462 4756
15426 2 2 2 2 5770 5771 2398
15427 2 2 2 2 8289 9049 2009
15428 2 2 2 2 3904 5802 5800
15429 2 2 2 2 5692 5729 5727
15430 2 2 2 2 1323 9095 1324
15431 2 2 2 2 8703 8705 849
15432 2 2 2 2 1909 7996 1674
15433 2 2 2 2 2486 9023 800
15434 2 2 2 2 2551 6337 6336
15435 2 2 2 2 4784 8809 8770
15436 2 2 2 2 6523 8971 4630
15437 2 2 2 2 4372 8932 6533
15438 2 2 2 2 4412 5776 5774
15439 2 2 2 2 3277 5923 3448
15440 2 2 2 2 7338 7854 1566
15441 2 2 2 2 3380 6886 3365
15442 2 2 2 2 3175 8536 2138
15443 2 2 2 2 2120 8536 5345
15444 2 2 2 2 6673 6674 6672
15445 2 2 2 2 3966 6426 3676
15446 2 2 2 2 3317 8193 2773
15447 2 2 2 2 7179 7180 1525
15448 2 2 2 2 1582 7422 1580
15449 2 2 2 2 877 7756 677
15450 2 2 2 2 8250 8336 5240
15451 2 2 2 2 1320 9105 1323
15452 2 2 2 2 4221 8964 5655
15453 2 2 2 2 6450 6451 4283
15454 2 2 2 2 675 7748 669
15455 2 2 2 2 7712 8629 7710
15456 2 2 2 2 8590 9028 2853
15457 2 2 2 2 4227 5797 5019
15458 2 2 2 2 8645 8646 3528
15459 2 2 2 2 7622 7625 3778
15460 2 2 2 2 5367 6037 4071
15461 2 2 2 2 1233 7191 7190
15462 2 2 2 2 6095 6096 6093
15463 2 2 2 2 4307 6182 3505
15464 2 2 2 2 5542 5549 5543
15465 2 2 2 2 1949 7101 1015
15466 2 2 2 2 7102 7103 7101
15467 2 2 2 2 7276 9044 9032
15468 2 2 2 2 7993 8519 3229
15469 2 2 2 2 8838 8839 2551
15470 2 2 2 2 2846 8984 2924
15471 2 2 2 2 3322 8572 3459
15472 2 2 2 2 3677 8118 3966
15473 2 2 2 2 3986 8118 3679
15474 2 2 2 2 6943 7728 6748
15475 2 2 2 2 4222 5682 3891
15476 2 2 2 2 2529 6368 2583
15477 2 2 2 2 6754 6756 6753
15478 2 2 2 2 4964 6921 3816
15479 2 2 2 2 2740 7692 3288
15480 2 2 2 2 3388 6531 3878
15481 2 2 2 2 5077 8800 4659
15482 2 2 2 2 3066 6271 6270
15483 2 2 2 2 2543 6191 2542
15484 2 2 2 2 1244 7660 1247
15485 2 2 2 2 4754 8461 6785
15486 2 2 2 2 4285 6190 5093
15487 2 2 2 2 1760 8562 1552
15488 2 2 2 2 7522 8581 1528
15489 2 2 2 2 7063 7860 4101
15490 2 2 2 2 5125 8899 4407
15491 2 2 2 2 2550 8899 6995
15492 2 2 2 2 5780 5935 5934
15493 2 2 2 2 6689 6692 6688
15494 2 2 2 2 4217 5934 4218
15495 2 2 2 2 9014 9030 6687
15496 2 2 2 2 6930 6933 5253
15497 2 2 2 2 7210 7211 5215
15498 2 2 2 2 7284 9022 3965
15499 2 2 2 2 1923 7809 1995
15500 2 2 2 2 3347 8229 3345
15501 2 2 2 2 1429 7131 7130
15502 2 2 2 2 4298 5556 4296
15503 2 2 2 2 6990 7550 7087
15504 2 2 2 2 7549 7550 3556
15505 2 2 2 2 3938 6237 6235
15506 2 2 2 2 6072 7812 6071
15507 2 2 2 2 8307 8452 2665
15508 2 2 2 2 5263 8654 4460
15509 2 2 2 2 4034 6532 4033
15510 2 2 2 2 4324 6610 6532
15511 2 2 2 2 6500 6503 6482
15512 2 2 2 2 7702 8603 4656
15513 2 2 2 2 2551 8839 2526
15514 2 2 2 2 5073 8009 7468
15515 2 2 2 2 6009 6010 2092
15516 2 2 2 2 833 8021 820
15517 2 2 2 2 3414 9033 2365
15518 2 2 2 2 2366 9033 2369
15519 2 2 2 2 6309 6310 4473
15520 2 2 2 2 8708 8952 5109
15521 2 2 2 2 7262 7265 4453
15522 2 2 2 2 4833 7551 4832
15523 2 2 2 2 2246 7238 2451
15524 2 2 2 2 3554 7192 4661
15525 2 2 2 2 3943 6116 4278
15526 2 2 2 2 4515 7688 4517
15527 2 2 2 2 3130 6501 6499
15528 2 2 2 2 8133 8135 8134
15529 2 2 2 2 3331 6007 3974
15530 2 2 2 2 6911 7486 3507
15531 2 2 2 2 3727 8292 3729
15532 2 2 2 2 2552 6786 6785
15533 2 2 2 2 1437 7156 1737
15534 2 2 2 2 1750 6263 1606
15535 2 2 2 2 7616 7617 3144
15536 2 2 2 2 2631 8343 7554
15537 2 2 2 2 3568 8343 2633
15538 2 2 2 2 6319 6320 4794
15539 2 2 2 2 7206 8914 4839
15540 2 2 2 2 3301 6713 2319
15541 2 2 2 2 5364 6713 6711
15542 2 2 2 2 1721 7781 1718
15543 2 2 2 2 4862 8732 4864
15544 2 2 2 2 8575 8577 8576
15545 2 2 2 2 2525 6370 2527
15546 2 2 2 2 1302 6202 1303
15547 2 2 2 2 2560 6220 6218
15548 2 2 2 2 6220 6221 6219
15549 2 2 2 2 6021 6201 6022
15550 2 2 2 2 4359 6201 5099
15551 2 2 2 2 4847 8708 5109
15552 2 2 2 2 495 7855 494
15553 2 2 2 2 8931 8932 4372
15554 2 2 2 2 4638 8838 4636
15555 2 2 2 2 6150 6151 6039
15556 2 2 2 2 7751 7758 7753
15557 2 2 2 2 6889 6890 6888
15558 2 2 2 2 7856 7858 7855
15559 2 2 2 2 3685 7344 2901
15560 2 2 2 2 6553 6554 6306
15561 2 2 2 2 8102 8103 8079
15562 2 2 2 2 3089 5638 5637
15563 2 2 2 2 5369 7813 7812
15564 2 2 2 2 2227 7573 2428
15565 2 2 2 2 8511 9044 3480
15566 2 2 2 2 8640 9094 1764
15567 2 2 2 2 2767 8544 517
15568 2 2 2 2 5594 5595 4900
15569 2 2 2 2 4685 8595 1529
15570 2 2 2 2 1608 8954 1664
15571 2 2 2 2 3961 9032 8511
15572 2 2 2 2 6079 6080 5205
15573 2 2 2 2 6308 6309 5301
15574 2 2 2 2 5801 6744 1415
15575 2 2 2 2 7233 7234 3631
15576 2 2 2 2 6371 6373 881
15577 2 2 2 2 3082 5822 5754
15578 2 2 2 2 2142 7722 2786
15579 2 2 2 2 2499 7022 4376
15580 2 2 2 2 6874 6884 6871
15581 2 2 2 2 3655 8564 7983
15582 2 2 2 2 998 6817 986
15583 2 2 2 2 4480 7417 7255
15584 2 2 2 2 3543 6789 4385
15585 2 2 2 2 8429 8989 3218
15586 2 2 2 2 6110 7152 3666
15587 2 2 2 2 2591 6614 1355
15588 2 2 2 2 8428 8429 3218
15589 2 2 2 2 2438 9026 6480
15590 2 2 2 2 2340 8832 8831
15591 2 2 2 2 5069 5782 5070
15592 2 2 2 2 5672 5855 1033
15593 2 2 2 2 7027 7702 7026
15594 2 2 2 2 2465 6909 6585
15595 2 2 2 2 6564 6565 5324
15596 2 2 2 2 4326 6565 4052
15597 2 2 2 2 3339 9046 3513
15598 2 2 2 2 2466 7163 7162
15599 2 2 2 2 2215 6714 2214
15600 2 2 2 2 5078 6714 2318
15601 2 2 2 2 500 7720 501
15602 2 2 2 2 4575 6101 6100
15603 2 2 2 2 4457 6773 6772
15604 2 2 2 2 5601 5630 4288
15605 2 2 2 2 2332 9092 5296
15606 2 2 2 2 2083 9092 2094
15607 2 2 2 2 4860 8395 8394
15608 2 2 2 2 4681 6352 4444
15609 2 2 2 2 4843 8264 4573
15610 2 2 2 2 5695 5696 4389
15611 2 2 2 2 8313 8314 4632
15612 2 2 2 2 6263 6267 6266
15613 2 2 2 2 6167 7826 5237
15614 2 2 2 2 2600 6036 1672
15615 2 2 2 2 5109 8952 5858
15616 2 2 2 2 5541 8940 5008
15617 2 2 2 2 5603 5630 5601
15618 2 2 2 2 4159 5551 5550
15619 2 2 2 2 5400 8889 4953
15620 2 2 2 2 1539 8664 8663
15621 2 2 2 2 7194 8889 8887
15622 2 2 2 2 1237 7187 2553
15623 2 2 2 2 1233 7187 1234
15624 2 2 2 2 830 8518 8517
15625 2 2 2 2 4490 7297 7295
15626 2 2 2 2 6602 6603 6601
15627 2 2 2 2 2872 8716 2229
15628 2 2 2 2 7757 7758 7750
15629 2 2 2 2 6128 6129 5238
15630 2 2 2 2 4678 7247 7246
15631 2 2 2 2 1259 6058 6053
15632 2 2 2 2 994 7137 987
15633 2 2 2 2 5670 5689 3071
15634 2 2 2 2 4220 5670 3412
15635 2 2 2 2 1405 5867 1407
15636 2 2 2 2 1762 7607 1934
15637 2 2 2 2 7059 7062 2164
15638 2 2 2 2 3669 6543 721
15639 2 2 2 2 4882 8194 4871
15640 2 2 2 2 6537 6538 5295
15641 2 2 2 2 4620 7077 3290
15642 2 2 2 2 2926 8519 2642
15643 2 2 2 2 4565 8459 2683
15644 2 2 2 2 5104 7939 4803
15645 2 2 2 2 1988 7610 1803
15646 2 2 2 2 1576 8640 1574
15647 2 2 2 2 4749 7504 7503
15648 2 2 2 2 3351 7714 3349
15649 2 2 2 2 4971 6524 4422
15650 2 2 2 2 8505 8508 8500
15651 2 2 2 2 7588 7589 4691
15652 2 2 2 2 4852 8620 4854
15653 2 2 2 2 5188 8119 7615
15654 2 2 2 2 4909 7806 7805
15655 2 2 2 2 2088 7816 1996
15656 2 2 2 2 1671 7372 7371
15657 2 2 2 2 8143 9011 8521
15658 2 2 2 2 8596 8598 4045
15659 2 2 2 2 8737 8738 2855
15660 2 2 2 2 4509 8625 6122
15661 2 2 2 2 1250 8625 1253
15662 2 2 2 2 1421 7935 1419
15663 2 2 2 2 5092 6071 6069
15664 2 2 2 2 6909 6912 4518
15665 2 2 2 2 951 8969 953
15666 2 2 2 2 2590 7859 5357
15667 2 2 2 2 6028 6033 5841
15668 2 2 2 2 5953 5954 5061
15669 2 2 2 2 6513 6515 6514
15670 2 2 2 2 7083 7288 3142
15671 2 2 2 2 6738 6741 6736
15672 2 2 2 2 3589 7342 3591
15673 2 2 2 2 2057 6979 2055
15674 2 2 2 2 3125 6378 6047
15675 2 2 2 2 5966 8992 5963
15676 2 2 2 2 8070 8071 8069
15677 2 2 2 2 4741 6043 5121
15678 2 2 2 2 4946 8965 8869
15679 2 2 2 2 5821 6162 4504
15680 2 2 2 2 4597 6117 6116
15681 2 2 2 2 4652 6675 3590
15682 2 2 2 2 6784 7355 4728
15683 2 2 2 2 6197 7193 6198
15684 2 2 2 2 1153 7536 1181
15685 2 2 2 2 3839 6961 3841
15686 2 2 2 2 4476 8415 5337
15687 2 2 2 2 7516 7522 1528
15688 2 2 2 2 4624 8058 3580
15689 2 2 2 2 6541 6543 3669
15690 2 2 2 2 6941 8049 4624
15691 2 2 2 2 938 8049 7703
15692 2 2 2 2 3578 8058 4591
15693 2 2 2 2 4089 8313 4632
15694 2 2 2 2 1508 8681 1530
15695 2 2 2 2 7104 7105 2854
15696 2 2 2 2 5660 5666 5662
15697 2 2 2 2 2277 7415 5712
15698 2 2 2 2 5394 8949 5393
15699 2 2 2 2 7888 8666 8665
15700 2 2 2 2 3889 8948 4256
15701 2 2 2 2 6681 6683 6682
15702 2 2 2 2 1537 7685 2600
15703 2 2 2 2 8019 8021 833
15704 2 2 2 2 5041 5651 5650
15705 2 2 2 2 3553 7537 3555
15706 2 2 2 2 3636 5806 639
15707 2 2 2 2 1095 6293 1041
15708 2 2 2 2 2183 5765 1883
15709 2 2 2 2 3876 6710 3302
15710 2 2 2 2 6741 6742 3966
15711 2 2 2 2 5745 7558 7508
15712 2 2 2 2 4952 6712 6710
15713 2 2 2 2 1186 8114 1118
15714 2 2 2 2 1344 8116 8114
15715 2 2 2 2 2253 7068 7067
15716 2 2 2 2 2679 8104 8103
15717 2 2 2 2 6609 6821 6608
15718 2 2 2 2 2452 6821 2357
15719 2 2 2 2 520 8325 2779
15720 2 2 2 2 7766 7769 7768
15721 2 2 2 2 5151 6793 6792
15722 2 2 2 2 613 7271 7270
15723 2 2 2 2 5626 9084 8663
15724 2 2 2 2 1001 8623 999
15725 2 2 2 2 7156 7158 7157
15726 2 2 2 2 4106 7431 7430
15727 2 2 2 2 8051 8052 8050
15728 2 2 2 2 8665 8667 7886
15729 2 2 2 2 8160 8995 3201
15730 2 2 2 2 5552 5567 1361
15731 2 2 2 2 5336 8279 8278
15732 2 2 2 2 8159 8161 8160
15733 2 2 2 2 7536 7537 3553
15734 2 2 2 2 4218 5934 5652
15735 2 2 2 2 2034 7500 1787
15736 2 2 2 2 3653 7500 2918
15737 2 2 2 2 6770 7502 5297
15738 2 2 2 2 4932 8864 8862
15739 2 2 2 2 6178 6182 4307
15740 2 2 2 2 1914 6410 1685
15741 2 2 2 2 2503 8619 1558
15742 2 2 2 2 5013 5571 5570
15743 2 2 2 2 6380 7243 5316
15744 2 2 2 2 7243 7551 4833
15745 2 2 2 2 5686 5688 1360
15746 2 2 2 2 4453 7263 7262
15747 2 2 2 2 6698 9053 2008
15748 2 2 2 2 3521 9037 4017
15749 2 2 2 2 6678 6690 6680
15750 2 2 2 2 1139 6794 1141
15751 2 2 2 2 7598 9083 7597
15752 2 2 2 2 4171 6577 3266
15753 2 2 2 2 945 7035 940
15754 2 2 2 2 7551 7672 4832
15755 2 2 2 2 5117 6473 6261
15756 2 2 2 2 1378 6922 1345
15757 2 2 2 2 4409 6336 5125
15758 2 2 2 2 4335 6301 4334
15759 2 2 2 2 6279 9089 2923
15760 2 2 2 2 4722 8661 8660
15761 2 2 2 2 1242 7314 1241
15762 2 2 2 2 4460 8652 7315
15763 2 2 2 2 3854 7576 3856
15764 2 2 2 2 1316 8879 1297
15765 2 2 2 2 6046 6049 4769
15766 2 2 2 2 2397 7040 7038
15767 2 2 2 2 2781 8334 2843
15768 2 2 2 2 6932 8683 6931
15769 2 2 2 2 2619 8994 8428
15770 2 2 2 2 4977 8657 8656
15771 2 2 2 2 6247 6248 4031
15772 2 2 2 2 6761 7175 2919
15773 2 2 2 2 5644 7787 7786
15774 2 2 2 2 2501 6508 2167
15775 2 2 2 2 3936 8974 7153
15776 2 2 2 2 1342 8120 1375
15777 2 2 2 2 7287 7288 7083
15778 2 2 2 2 2843 8737 2855
15779 2 2 2 2 1256 6060 1259
15780 2 2 2 2 1149 7072 2592
15781 2 2 2 2 2249 7068 2250
15782 2 2 2 2 6589 8867 2188
15783 2 2 2 2 3745 7115 4841
15784 2 2 2 2 2125 7117 1975
15785 2 2 2 2 5023 5683 4222
15786 2 2 2 2 7174 7175 6761
15787 2 2 2 2 1756 9035 1607
15788 2 2 2 2 1751 9035 5545
15789 2 2 2 2 3660 6660 3658
15790 2 2 2 2 2406 7266 2408
15791 2 2 2 2 6547 7726 5353
15792 2 2 2 2 4086 7937 4056
15793 2 2 2 2 4676 8655 4353
15794 2 2 2 2 3588 6675 4387
15795 2 2 2 2 6152 6155 5335
15796 2 2 2 2 2159 6405 4128
15797 2 2 2 2 3246 6405 2157
15798 2 2 2 2 1433 7527 1072
15799 2 2 2 2 2995 6502 2996
15800 2 2 2 2 6356 7258 4675
15801 2 2 2 2 2351 7007 2344
15802 2 2 2 2 2343 7007 3120
15803 2 2 2 2 849 7480 7477
15804 2 2 2 2 6301 6303 4334
15805 2 2 2 2 1636 6575 1600
15806 2 2 2 2 4332 6575 1768
15807 2 2 2 2 1319 9106 9105
15808 2 2 2 2 4443 6938 4681
15809 2 2 2 2 1959 7199 1961
15810 2 2 2 2 4732 8475 4566
15811 2 2 2 2 1643 5729 1924
15812 2 2 2 2 857 7717 825
15813 2 2 2 2 8612 8820 8611
15814 2 2 2 2 1776 5549 2003
15815 2 2 2 2 6112 6113 4886
15816 2 2 2 2 2531 6339 2533
15817 2 2 2 2 7407 9109 4825
15818 2 2 2 2 7401 9109 7407
15819 2 2 2 2 5337 8416 7183
15820 2 2 2 2 8973 8993 5968
15821 2 2 2 2 8417 9090 1461
15822 2 2 2 2 4748 8598 8597
15823 2 2 2 2 6928 6930 5253
15824 2 2 2 2 5129 6471 6470
15825 2 2 2 2 7815 7816 7814
15826 2 2 2 2 5985 8230 5984
15827 2 2 2 2 2060 5953 2062
15828 2 2 2 2 7561 7563 7493
15829 2 2 2 2 7994 7995 2678
15830 2 2 2 2 3592 8008 3078
15831 2 2 2 2 4640 6785 5229
15832 2 2 2 2 7251 8986 1794
15833 2 2 2 2 2257 7066 3091
15834 2 2 2 2 2253 7066 2254
15835 2 2 2 2 7515 7517 7516
15836 2 2 2 2 5129 6364 6363
15837 2 2 2 2 1416 6364 1133
15838 2 2 2 2 6929 6932 6931
15839 2 2 2 2 3193 7977 7353
15840 2 2 2 2 3089 5637 2381
15841 2 2 2 2 2507 7329 2509
15842 2 2 2 2 1084 8513 1736
15843 2 2 2 2 3437 7068 2249
15844 2 2 2 2 5850 5852 5849
15845 2 2 2 2 2298 7745 3081
15846 2 2 2 2 2294 7745 2295
15847 2 2 2 2 491 8506 493
15848 2 2 2 2 1549 5993 5990
15849 2 2 2 2 7187 7190 7188
15850 2 2 2 2 2967 7490 2968
15851 2 2 2 2 7169 7170 4514
15852 2 2 2 2 4220 5655 5654
15853 2 2 2 2 3358 7449 3355
15854 2 2 2 2 3712 6656 3710
15855 2 2 2 2 5167 6497 6495
15856 2 2 2 2 7920 7921 7577
15857 2 2 2 2 1692 7687 5760
15858 2 2 2 2 4245 5831 5830
15859 2 2 2 2 4243 5830 4692
15860 2 2 2 2 5166 7089 4494
15861 2 2 2 2 5050 5851 5849
15862 2 2 2 2 852 7699 850
15863 2 2 2 2 2166 6507 3732
15864 2 2 2 2 5391 7710 7709
15865 2 2 2 2 5035 5762 5761
15866 2 2 2 2 3524 6354 3526
15867 2 2 2 2 7859 7860 5357
15868 2 2 2 2 4617 7128 6498
15869 2 2 2 2 3016 7128 6993
15870 2 2 2 2 488 6942 486
15871 2 2 2 2 3915 7904 4575
15872 2 2 2 2 6496 6499 6487
15873 2 2 2 2 829 7358 812
15874 2 2 2 2 3513 6006 3337
15875 2 2 2 2 5325 8773 5327
15876 2 2 2 2 8210 8212 5298
15877 2 2 2 2 7613 7644 2153
15878 2 2 2 2 1761 7850 1562
15879 2 2 2 2 2173 6573 3964
15880 2 2 2 2 3664 8984 7112
15881 2 2 2 2 6264 6266 6265
15882 2 2 2 2 5381 7728 4550
15883 2 2 2 2 7340 7342 3589
15884 2 2 2 2 6011 6015 6009
15885 2 2 2 2 3764 7534 3765
15886 2 2 2 2 7710 8629 1148
15887 2 2 2 2 4176 8594 4060
15888 2 2 2 2 8079 8103 8080
15889 2 2 2 2 8995 8996 3201
15890 2 2 2 2 1740 6291 6290
15891 2 2 2 2 2346 6827 2351
15892 2 2 2 2 1042 7495 1511
15893 2 2 2 2 6265 9078 6134
15894 2 2 2 2 7557 7697 7696
15895 2 2 2 2 3791 7696 2431
15896 2 2 2 2 2190 6270 2189
15897 2 2 2 2 3066 6270 2363
15898 2 2 2 2 3443 7560 4245
15899 2 2 2 2 1671 7405 898
15900 2 2 2 2 9026 9072 5623
15901 2 2 2 2 6198 7193 6199
15902 2 2 2 2 6612 6823 5304
15903 2 2 2 2 4450 7999 7560
15904 2 2 2 2 6533 6535 4371
15905 2 2 2 2 6746 7646 3975
15906 2 2 2 2 2563 8163 2566
15907 2 2 2 2 5314 7413 4557
15908 2 2 2 2 7148 8722 5296
15909 2 2 2 2 3319 8957 6203
15910 2 2 2 2 7038 7040 7037
15911 2 2 2 2 3597 8131 1813
15912 2 2 2 2 4330 6347 5119
15913 2 2 2 2 7782 8291 7915
15914 2 2 2 2 7915 7916 5350
15915 2 2 2 2 7184 7185 2466
15916 2 2 2 2 5560 5561 4327
15917 2 2 2 2 5831 5852 5850
15918 2 2 2 2 4275 7043 7042
15919 2 2 2 2 9039 9090 8088
15920 2 2 2 2 4673 5697 5694
15921 2 2 2 2 7512 9019 7515
15922 2 2 2 2 472 8793 473
15923 2 2 2 2 2911 8795 8793
15924 2 2 2 2 3721 6652 3719
15925 2 2 2 2 7543 7545 7544
15926 2 2 2 2 5137 6574 6545
15927 2 2 2 2 6780 6784 4727
15928 2 2 2 2 3666 7152 1188
15929 2 2 2 2 4413 8577 7198
15930 2 2 2 2 1979 7119 2106
15931 2 2 2 2 5316 7243 4833
15932 2 2 2 2 2313 7578 2054
15933 2 2 2 2 8860 8861 5642
15934 2 2 2 2 700 8929 705
15935 2 2 2 2 6963 6967 4294
15936 2 2 2 2 5244 8573 3929
15937 2 2 2 2 3549 7263 4453
15938 2 2 2 2 2477 7259 655
15939 2 2 2 2 7374 7986 7413
15940 2 2 2 2 7334 9012 7335
15941 2 2 2 2 3031 5529 5528
15942 2 2 2 2 3296 8772 8704
15943 2 2 2 2 7920 7922 7921
15944 2 2 2 2 1416 6361 6359
15945 2 2 2 2 1129 6361 1131
15946 2 2 2 2 4044 6586 1710
15947 2 2 2 2 3670 8409 4474
15948 2 2 2 2 8122 8125 5330
15949 2 2 2 2 4832 7672 7671
15950 2 2 2 2 2312 5955 5954
15951 2 2 2 2 6168 6170 5102
15952 2 2 2 2 4759 7186 4820
15953 2 2 2 2 3090 6599 6592
15954 2 2 2 2 2232 8522 2231
15955 2 2 2 2 6560 6765 4442
15956 2 2 2 2 4435 6765 4434
15957 2 2 2 2 7339 7854 7338
15958 2 2 2 2 5147 6773 6563
15959 2 2 2 2 2661 8928 8538
15960 2 2 2 2 5765 7619 1612
15961 2 2 2 2 6261 6262 5117
15962 2 2 2 2 1399 8605 1401
15963 2 2 2 2 2560 6218 2562
15964 2 2 2 2 4205 5557 4306
15965 2 2 2 2 3037 7780 3445
15966 2 2 2 2 4478 7327 7210
15967 2 2 2 2 5542 5547 5541
15968 2 2 2 2 7252 7254 1988
15969 2 2 2 2 5552 5553 4205
15970 2 2 2 2 3911 5818 3912
15971 2 2 2 2 3122 6497 3007
15972 2 2 2 2 978 6820 887
15973 2 2 2 2 7819 7821 4576
15974 2 2 2 2 4190 6617 4191
15975 2 2 2 2 5747 5748 5033
15976 2 2 2 2 1670 6314 6313
15977 2 2 2 2 1950 6947 1942
15978 2 2 2 2 3735 6648 3733
15979 2 2 2 2 7943 7947 7946
15980 2 2 2 2 4348 8631 4346
15981 2 2 2 2 3951 8230 5992
15982 2 2 2 2 6285 6288 6286
15983 2 2 2 2 7377 7986 7374
15984 2 2 2 2 5712 7415 5705
15985 2 2 2 2 5203 6079 5205
15986 2 2 2 2 5584 9099 4214
15987 2 2 2 2 4644 8222 8220
15988 2 2 2 2 3033 8026 8025
15989 2 2 2 2 5710 8758 1371
15990 2 2 2 2 6963 6979 6968
15991 2 2 2 2 4473 6310 4472
15992 2 2 2 2 5317 6379 5316
15993 2 2 2 2 1753 8761 1755
15994 2 2 2 2 1974 8761 4698
15995 2 2 2 2 3235 6444 5318
15996 2 2 2 2 6595 6597 6594
15997 2 2 2 2 3362 7153 3360
15998 2 2 2 2 2414 6944 2416
15999 2 2 2 2 6643 6646 4717
16000 2 2 2 2 3993 8128 5387
16001 2 2 2 2 8203 8349 4586
16002 2 2 2 2 4793 6148 6147
16003 2 2 2 2 5752 9082 5755
16004 2 2 2 2 4996 8864 4932
16005 2 2 2 2 7390 8169 8168
16006 2 2 2 2 6647 6650 4700
16007 2 2 2 2 4126 7813 5369
16008 2 2 2 2 2890 7031 2889
16009 2 2 2 2 6047 7031 3125
16010 2 2 2 2 1633 6043 6042
16011 2 2 2 2 5702 8758 5710
16012 2 2 2 2 2205 7922 7920
16013 2 2 2 2 7632 7637 1760
16014 2 2 2 2 1767 7423 7422
16015 2 2 2 2 7567 7569 4486
16016 2 2 2 2 3300 6725 6723
16017 2 2 2 2 4440 6557 4438
16018 2 2 2 2 675 7756 7748
16019 2 2 2 2 1554 7632 1760
16020 2 2 2 2 3778 7625 7341
16021 2 2 2 2 6263 6266 6264
16022 2 2 2 2 6651 6654 4684
16023 2 2 2 2 464 7437 1634
16024 2 2 2 2 2496 7437 462
16025 2 2 2 2 6616 6618 5408
16026 2 2 2 2 1539 8663 1536
16027 2 2 2 2 902 7409 7375
16028 2 2 2 2 5276 8863 5279
16029 2 2 2 2 1283 7891 1281
16030 2 2 2 2 5685 5686 1360
16031 2 2 2 2 6593 6599 6596
16032 2 2 2 2 1143 6792 1417
16033 2 2 2 2 7284 9065 9022
16034 2 2 2 2 4355 6556 4357
16035 2 2 2 2 4187 7693 4189
16036 2 2 2 2 4598 8011 6119
16037 2 2 2 2 4882 8196 8194
16038 2 2 2 2 7100 7102 7101
16039 2 2 2 2 4356 6526 4355
16040 2 2 2 2 4107 9076 7005
16041 2 2 2 2 5073 7468 6078
16042 2 2 2 2 6655 6658 4677
16043 2 2 2 2 3202 8210 3203
16044 2 2 2 2 6759 7698 6762
16045 2 2 2 2 6526 6556 4355
16046 2 2 2 2 6536 6537 5295
16047 2 2 2 2 7221 7683 3561
16048 2 2 2 2 5597 8964 4893
16049 2 2 2 2 510 8307 2665
16050 2 2 2 2 3057 8046 2156
16051 2 2 2 2 7848 7849 4553
16052 2 2 2 2 4315 7715 3937
16053 2 2 2 2 1577 5967 5965
16054 2 2 2 2 3481 6691 6678
16055 2 2 2 2 7423 9068 7427
16056 2 2 2 2 1440 6161 5820
16057 2 2 2 2 1619 6308 1498
16058 2 2 2 2 2066 5894 2068
16059 2 2 2 2 6567 8859 478
16060 2 2 2 2 6468 8859 5355
16061 2 2 2 2 6929 6930 6928
16062 2 2 2 2 4505 7670 3234
16063 2 2 2 2 785 6094 2439
16064 2 2 2 2 1150 8699 1094
16065 2 2 2 2 7629 8910 7627
16066 2 2 2 2 7130 8699 1429
16067 2 2 2 2 2600 7684 6038
16068 2 2 2 2 709 7155 670
16069 2 2 2 2 1052 7070 1054
16070 2 2 2 2 6116 6117 6115
16071 2 2 2 2 2878 5679 2881
16072 2 2 2 2 4387 6940 3586
16073 2 2 2 2 4758 8214 8131
16074 2 2 2 2 827 8495 8494
16075 2 2 2 2 5893 7574 2429
16076 2 2 2 2 5925 5926 5076
16077 2 2 2 2 4609 6227 4608
16078 2 2 2 2 6212 6451 749
16079 2 2 2 2 7557 7621 5356
16080 2 2 2 2 6132 6133 5099
16081 2 2 2 2 7633 7634 7630
16082 2 2 2 2 3510 6829 2354
16083 2 2 2 2 7604 7605 7602
16084 2 2 2 2 5752 5755 5753
16085 2 2 2 2 6124 9058 6123
16086 2 2 2 2 2149 8765 2326
16087 2 2 2 2 2916 8765 2147
16088 2 2 2 2 4945 8869 7114
16089 2 2 2 2 8068 8070 8069
16090 2 2 2 2 2545 6256 2548
16091 2 2 2 2 6489 6490 1298
16092 2 2 2 2 3776 7629 7628
16093 2 2 2 2 3561 7679 1531
16094 2 2 2 2 3206 7306 2458
16095 2 2 2 2 4159 5550 4979
16096 2 2 2 2 6603 6605 6596
16097 2 2 2 2 5352 6280 6278
16098 2 2 2 2 4372 6533 4371
16099 2 2 2 2 7533 7799 5181
16100 2 2 2 2 1756 8681 8680
16101 2 2 2 2 456 5532 457
16102 2 2 2 2 5589 5590 5012
16103 2 2 2 2 3821 6441 6398
16104 2 2 2 2 1210 7191 1212
16105 2 2 2 2 3898 8539 4262
16106 2 2 2 2 1292 7824 1310
16107 2 2 2 2 4711 8867 6590
16108 2 2 2 2 2222 8744 2221
16109 2 2 2 2 5904 5905 4147
16110 2 2 2 2 5432 8901 5904
16111 2 2 2 2 5776 8963 2400
16112 2 2 2 2 4599 7814 7697
16113 2 2 2 2 6913 7741 4181
16114 2 2 2 2 3402 7741 2476
16115 2 2 2 2 2868 8785 3264
16116 2 2 2 2 5254 8785 8784
16117 2 2 2 2 2234 7164 2237
16118 2 2 2 2 2479 6705 1199
16119 2 2 2 2 4660 6958 6751
16120 2 2 2 2 2576 5929 2578
16121 2 2 2 2 3959 6334 4329
16122 2 2 2 2 4664 8810 5275
16123 2 2 2 2 8512 8810 4662
16124 2 2 2 2 4017 9000 7492
16125 2 2 2 2 7601 9083 7598
16126 2 2 2 2 1452 8911 1450
16127 2 2 2 2 815 6228 6227
16128 2 2 2 2 2026 8775 1059
16129 2 2 2 2 5629 9072 6591
16130 2 2 2 2 6216 6584 2433
16131 2 2 2 2 832 6584 823
16132 2 2 2 2 8103 8104 8083
16133 2 2 2 2 1137 6470 1265
16134 2 2 2 2 7858 7859 2590
16135 2 2 2 2 2548 6254 2549
16136 2 2 2 2 4384 6100 5786
16137 2 2 2 2 4026 8000 3275
16138 2 2 2 2 6368 6369 2583
16139 2 2 2 2 7156 7157 1737
16140 2 2 2 2 938 8051 8050
16141 2 2 2 2 1601 7323 1383
16142 2 2 2 2 1733 9097 1026
16143 2 2 2 2 4546 8001 2446
16144 2 2 2 2 2076 6929 6928
16145 2 2 2 2 4816 6152 5335
16146 2 2 2 2 3366 6906 3364
16147 2 2 2 2 7515 9070 7517
16148 2 2 2 2 8106 8108 8066
16149 2 2 2 2 5633 5634 3503
16150 2 2 2 2 837 6936 2627
16151 2 2 2 2 1973 6801 1969
16152 2 2 2 2 2900 6802 6801
16153 2 2 2 2 858 8016 860
16154 2 2 2 2 2572 5932 2573
16155 2 2 2 2 5013 5570 5011
16156 2 2 2 2 7863 7864 7458
16157 2 2 2 2 5131 6504 6503
16158 2 2 2 2 5621 9085 5626
16159 2 2 2 2 6677 9053 6698
16160 2 2 2 2 5154 7889 6763
16161 2 2 2 2 3285 7889 3953
16162 2 2 2 2 5819 5821 4775
16163 2 2 2 2 2849 9055 683
16164 2 2 2 2 5136 6981 4373
16165 2 2 2 2 4488 7567 4486
16166 2 2 2 2 6914 6916 2914
16167 2 2 2 2 4779 6399 4778
16168 2 2 2 2 7589 7594 4691
16169 2 2 2 2 983 8530 975
16170 2 2 2 2 5041 5650 5010
16171 2 2 2 2 2198 8764 1066
16172 2 2 2 2 2418 6914 2420
16173 2 2 2 2 5545 6274 5546
16174 2 2 2 2 4453 9077 3562
16175 2 2 2 2 6468 7123 474
16176 2 2 2 2 2443 7475 2048
16177 2 2 2 2 7712 8723 8629
16178 2 2 2 2 5576 5577 4344
16179 2 2 2 2 4727 6784 4728
16180 2 2 2 2 2476 7742 2245
16181 2 2 2 2 7336 7341 7339
16182 2 2 2 2 5222 5932 3654
16183 2 2 2 2 5887 5890 5366
16184 2 2 2 2 5379 6631 6623
16185 2 2 2 2 4118 6631 3683
16186 2 2 2 2 6632 6636 5846
16187 2 2 2 2 8411 8413 4611
16188 2 2 2 2 5228 8800 7718
16189 2 2 2 2 5146 8967 8516
16190 2 2 2 2 6010 6014 1956
16191 2 2 2 2 7167 7171 7168
16192 2 2 2 2 1764 7334 1572
16193 2 2 2 2 4977 8656 4974
16194 2 2 2 2 6050 9015 6051
16195 2 2 2 2 1127 7315 1124
16196 2 2 2 2 4460 7315 2315
16197 2 2 2 2 5228 8601 4024
16198 2 2 2 2 1734 8601 859
16199 2 2 2 2 4254 5826 5823
16200 2 2 2 2 5322 8710 5320
16201 2 2 2 2 6134 9078 6136
16202 2 2 2 2 3842 6452 3758
16203 2 2 2 2 4756 8462 8461
16204 2 2 2 2 3539 6569 3829
16205 2 2 2 2 4369 6569 3538
16206 2 2 2 2 1224 5554 1361
16207 2 2 2 2 7991 7994 7992
16208 2 2 2 2 3763 8673 3665
16209 2 2 2 2 2906 7839 2978
16210 2 2 2 2 5562 6410 2184
16211 2 2 2 2 5042 5577 5575
16212 2 2 2 2 5158 9017 7608
16213 2 2 2 2 6749 7506 6750
16214 2 2 2 2 7505 7506 3639
16215 2 2 2 2 1259 6053 1260
16216 2 2 2 2 4203 5542 5541
16217 2 2 2 2 1372 5711 5709
16218 2 2 2 2 6455 6457 6456
16219 2 2 2 2 5645 7787 5644
16220 2 2 2 2 919 6664 6662
16221 2 2 2 2 2895 6605 6603
16222 2 2 2 2 7680 7682 1925
16223 2 2 2 2 3142 7288 3143
16224 2 2 2 2 7299 9021 7056
16225 2 2 2 2 7756 7757 7750
16226 2 2 2 2 8039 8041 8034
16227 2 2 2 2 5177 8613 8612
16228 2 2 2 2 3525 8546 3817
16229 2 2 2 2 3827 8546 3527
16230 2 2 2 2 5458 8847 5493
16231 2 2 2 2 3059 8847 8223
16232 2 2 2 2 7246 7247 7245
16233 2 2 2 2 6982 6984 5261
16234 2 2 2 2 3479 9075 9074
16235 2 2 2 2 7308 7310 3318
16236 2 2 2 2 7310 8935 6767
16237 2 2 2 2 3191 8825 8690
16238 2 2 2 2 6517 6520 4377
16239 2 2 2 2 1049 8549 1032
16240 2 2 2 2 8549 8551 8550
16241 2 2 2 2 1627 5711 1466
16242 2 2 2 2 4038 8882 5288
16243 2 2 2 2 3844 7470 3056
16244 2 2 2 2 5312 8893 8424
16245 2 2 2 2 5622 5629 5628
16246 2 2 2 2 5052 5893 5892
16247 2 2 2 2 6463 6464 6462
16248 2 2 2 2 1187 6691 3481
16249 2 2 2 2 4969 8298 3826
16250 2 2 2 2 4337 8298 5441
16251 2 2 2 2 8851 8852 5272
16252 2 2 2 2 4670 8586 3509
16253 2 2 2 2 3754 8586 5146
16254 2 2 2 2 4876 8247 4057
16255 2 2 2 2 7209 8892 7529
16256 2 2 2 2 1794 8986 1796
16257 2 2 2 2 1239 7661 1240
16258 2 2 2 2 1922 8289 1665
16259 2 2 2 2 6736 6741 5148
16260 2 2 2 2 4198 8779 6441
16261 2 2 2 2 2399 9082 7891
16262 2 2 2 2 7891 9082 7892
16263 2 2 2 2 1938 6923 6570
16264 2 2 2 2 4374 7542 2270
16265 2 2 2 2 2267 7542 2102
16266 2 2 2 2 2621 8994 2619
16267 2 2 2 2 6923 6925 6570
16268 2 2 2 2 2787 7927 2785
16269 2 2 2 2 5068 6140 6131
16270 2 2 2 2 4635 6140 3927
16271 2 2 2 2 7187 7188 2553
16272 2 2 2 2 5830 7593 4692
16273 2 2 2 2 4498 7317 4496
16274 2 2 2 2 3082 5734 5731
16275 2 2 2 2 5168 6111 5096
16276 2 2 2 2 6333 9069 2538
16277 2 2 2 2 2539 9069 2544
16278 2 2 2 2 6751 6956 4313
16279 2 2 2 2 3566 8817 3564
16280 2 2 2 2 5369 7812 7811
16281 2 2 2 2 1910 9087 6287
16282 2 2 2 2 7464 7468 7465
16283 2 2 2 2 8020 8021 8019
16284 2 2 2 2 6379 6380 5316
16285 2 2 2 2 1750 6267 6263
16286 2 2 2 2 6513 6514 1468
16287 2 2 2 2 5546 6274 6273
16288 2 2 2 2 7587 7589 7588
16289 2 2 2 2 6000 6001 5998
16290 2 2 2 2 7347 8560 7346
16291 2 2 2 2 6228 6229 6227
16292 2 2 2 2 4117 8945 4595
16293 2 2 2 2 6636 6637 4248
16294 2 2 2 2 3963 6006 6004
16295 2 2 2 2 1910 6288 1546
16296 2 2 2 2 5828 7935 5829
16297 2 2 2 2 3616 7689 7472
16298 2 2 2 2 3942 6123 5087
16299 2 2 2 2 7066 7067 7039
16300 2 2 2 2 7818 7819 4576
16301 2 2 2 2 8771 8772 3296
16302 2 2 2 2 7508 7509 5746
16303 2 2 2 2 5024 7450 3807
16304 2 2 2 2 3438 7450 3908
16305 2 2 2 2 2101 7113 2266
16306 2 2 2 2 6732 6734 6733
16307 2 2 2 2 3262 7597 3806
16308 2 2 2 2 4719 6973 3835
16309 2 2 2 2 2342 8831 2345
16310 2 2 2 2 5969 8974 8973
16311 2 2 2 2 5103 6168 5102
16312 2 2 2 2 6528 7051 6435
16313 2 2 2 2 4629 5756 5750
16314 2 2 2 2 5613 9049 8289
16315 2 2 2 2 4780 8909 5351
16316 2 2 2 2 7956 7957 7953
16317 2 2 2 2 5564 5565 4306
16318 2 2 2 2 5009 5564 5558
16319 2 2 2 2 4197 8876 8872
16320 2 2 2 2 2042 6549 2043
16321 2 2 2 2 720 8493 2646
16322 2 2 2 2 6231 6233 6230
16323 2 2 2 2 7379 9041 9040
16324 2 2 2 2 7502 7503 5297
16325 2 2 2 2 4628 7107 3681
16326 2 2 2 2 1550 9087 1548
16327 2 2 2 2 1584 7006 1767
16328 2 2 2 2 5970 5971 5969
16329 2 2 2 2 841 7874 1948
16330 2 2 2 2 3248 6746 3975
16331 2 2 2 2 6400 8462 4778
16332 2 2 2 2 7439 7443 7442
16333 2 2 2 2 1445 7184 1443
16334 2 2 2 2 6678 6691 6690
16335 2 2 2 2 5156 8213 6505
16336 2 2 2 2 7133 7134 5359
16337 2 2 2 2 6606 6607 6598
16338 2 2 2 2 3319 6203 2654
16339 2 2 2 2 7118 8948 4841
16340 2 2 2 2 2460 7006 1586
16341 2 2 2 2 1598 6996 1592
16342 2 2 2 2 5332 8819 8818
16343 2 2 2 2 8794 8818 476
16344 2 2 2 2 1815 8520 7976
16345 2 2 2 2 3862 8693 4182
16346 2 2 2 2 5644 8860 5642
16347 2 2 2 2 2349 8807 2352
16348 2 2 2 2 7782 7915 5350
16349 2 2 2 2 6227 6229 4608
16350 2 2 2 2 5556 5560 4327
16351 2 2 2 2 5833 5835 1939
16352 2 2 2 2 3066 6273 6271
16353 2 2 2 2 4192 8720 7470
16354 2 2 2 2 2919 7175 788
16355 2 2 2 2 3951 8600 3343
16356 2 2 2 2 936 6671 6670
16357 2 2 2 2 4812 8373 7142
16358 2 2 2 2 454 5535 5533
16359 2 2 2 2 3685 7348 7347
16360 2 2 2 2 8128 8468 5387
16361 2 2 2 2 7531 7543 3247
16362 2 2 2 2 5180 7545 7543
16363 2 2 2 2 5570 5589 5011
16364 2 2 2 2 8016 8806 863
16365 2 2 2 2 947 8127 948
16366 2 2 2 2 8704 8705 8703
16367 2 2 2 2 6896 6897 6895
16368 2 2 2 2 5033 5756 3897
16369 2 2 2 2 6374 6504 5130
16370 2 2 2 2 4548 7073 7071
16371 2 2 2 2 3372 6803 3370
16372 2 2 2 2 7285 7286 3976
16373 2 2 2 2 4965 8694 4131
16374 2 2 2 2 1197 6705 1526
16375 2 2 2 2 2502 7316 3132
16376 2 2 2 2 3189 7316 2500
16377 2 2 2 2 7639 9087 8562
16378 2 2 2 2 5185 8533 7553
16379 2 2 2 2 5061 5952 5951
16380 2 2 2 2 3515 7729 3522
16381 2 2 2 2 4444 7729 3514
16382 2 2 2 2 5677 5678 5025
16383 2 2 2 2 6587 7504 4749
16384 2 2 2 2 2519 6582 2584
16385 2 2 2 2 5838 7118 7116
16386 2 2 2 2 7330 9079 7333
16387 2 2 2 2 3322 8573 8572
16388 2 2 2 2 4776 6326 4414
16389 2 2 2 2 8757 8758 5707
16390 2 2 2 2 7249 7251 2181
16391 2 2 2 2 5032 5747 5033
16392 2 2 2 2 4348 8655 8631
16393 2 2 2 2 1468 6514 5578
16394 2 2 2 2 2166 6508 6507
16395 2 2 2 2 4164 6587 4749
16396 2 2 2 2 1783 8791 1785
16397 2 2 2 2 5843 8708 8547
16398 2 2 2 2 4908 7683 7221
16399 2 2 2 2 4455 7491 7129
16400 2 2 2 2 5035 5761 4228
16401 2 2 2 2 3718 8853 8852
16402 2 2 2 2 1779 6267 1750
16403 2 2 2 2 5048 7643 5047
16404 2 2 2 2 3246 6406 6405
16405 2 2 2 2 3714 7737 6112
16406 2 2 2 2 7794 7795 4448
16407 2 2 2 2 4591 8057 3576
16408 2 2 2 2 4850 7473 3768
16409 2 2 2 2 7730 7731 7525
16410 2 2 2 2 4699 6187 6184
16411 2 2 2 2 3974 6002 6001
16412 2 2 2 2 2533 6338 2535
16413 2 2 2 2 4033 6442 2030
16414 2 2 2 2 1456 6907 1523
16415 2 2 2 2 1729 8555 1731
16416 2 2 2 2 1986 6349 1726
16417 2 2 2 2 7295 7567 4488
16418 2 2 2 2 6704 6708 4005
16419 2 2 2 2 5049 6143 5816
16420 2 2 2 2 9133 9192 440
16421 2 2 2 2 4123 9099 5364
16422 2 2 2 2 4214 9099 4124
16423 2 2 2 2 4235 5776 4234
16424 2 2 2 2 6956 6957 2905
16425 2 2 2 2 5972 9066 5979
16426 2 2 2 2 800 9023 792
16427 2 2 2 2 3365 6886 3367
16428 2 2 2 2 2138 8536 2120
16429 2 2 2 2 8027 8044 8025
16430 2 2 2 2 8836 8837 4782
16431 2 2 2 2 8711 8812 3849
16432 2 2 2 2 2990 6398 6396
16433 2 2 2 2 4626 7180 7179
16434 2 2 2 2 805 7721 966
16435 2 2 2 2 1767 7422 1582
16436 2 2 2 2 6336 6337 5125
16437 2 2 2 2 5279 6463 5281
16438 2 2 2 2 677 7756 675
16439 2 2 2 2 1319 9105 1320
16440 2 2 2 2 5944 5949 5055
16441 2 2 2 2 7422 7425 1580
16442 2 2 2 2 4527 9077 7559
16443 2 2 2 2 3837 6973 4733
16444 2 2 2 2 6720 6721 6719
16445 2 2 2 2 8056 8532 4427
16446 2 2 2 2 6275 6278 6277
16447 2 2 2 2 2466 7162 1441
16448 2 2 2 2 5354 6729 6448
16449 2 2 2 2 5082 7579 4694
16450 2 2 2 2 1413 6057 1284
16451 2 2 2 2 4259 6142 5049
16452 2 2 2 2 7100 7101 1949
16453 2 2 2 2 6942 6943 6747
16454 2 2 2 2 4630 8971 8553
16455 2 2 2 2 2924 8984 3664
16456 2 2 2 2 3679 8118 3677
16457 2 2 2 2 845 7367 1781
16458 2 2 2 2 3216 9071 8170
16459 2 2 2 2 3891 5682 4213
16460 2 2 2 2 2527 6368 2529
16461 2 2 2 2 6009 6015 4317
16462 2 2 2 2 6042 6043 4741
16463 2 2 2 2 5728 6200 3420
16464 2 2 2 2 7344 7346 7345
16465 2 2 2 2 1956 6014 1954
16466 2 2 2 2 8415 8416 5337
16467 2 2 2 2 4165 8828 4804
16468 2 2 2 2 4926 8917 8828
16469 2 2 2 2 4659 8800 5228
16470 2 2 2 2 8121 8122 5330
16471 2 2 2 2 1243 7660 1244
16472 2 2 2 2 6130 7660 1243
16473 2 2 2 2 5108 6190 4285
16474 2 2 2 2 6995 8899 5125
16475 2 2 2 2 4370 6977 3831
16476 2 2 2 2 3341 9046 3339
16477 2 2 2 2 5780 5934 4217
16478 2 2 2 2 5392 5810 5809
16479 2 2 2 2 1411 5868 2888
16480 2 2 2 2 5484 5658 5657
16481 2 2 2 2 461 6450 459
16482 2 2 2 2 2402 6450 4283
16483 2 2 2 2 7387 8169 7390
16484 2 2 2 2 3949 8229 3347
16485 2 2 2 2 4533 6026 4535
16486 2 2 2 2 6027 6055 4535
16487 2 2 2 2 7087 7550 7549
16488 2 2 2 2 7587 7588 4236
16489 2 2 2 2 6591 6764 5629
16490 2 2 2 2 3776 7633 7630
16491 2 2 2 2 6614 6907 1456
16492 2 2 2 2 3082 5731 2294
16493 2 2 2 2 4361 6353 6350
16494 2 2 2 2 5567 5569 5568
16495 2 2 2 2 6782 6783 6780
16496 2 2 2 2 5202 5938 5936
16497 2 2 2 2 6147 7575 4844
16498 2 2 2 2 4324 6532 4034
16499 2 2 2 2 2050 7475 6163
16500 2 2 2 2 4278 6116 6114
16501 2 2 2 2 2255 7255 2252
16502 2 2 2 2 4480 7255 2869
16503 2 2 2 2 7915 7917 7916
16504 2 2 2 2 4816 6153 6152
16505 2 2 2 2 6622 6628 4838
16506 2 2 2 2 5223 5930 5927
16507 2 2 2 2 2365 9033 2366
16508 2 2 2 2 6825 6826 5306
16509 2 2 2 2 1780 6351 1659
16510 2 2 2 2 5011 5589 5012
16511 2 2 2 2 4819 6275 6226
16512 2 2 2 2 9063 9080 5260
16513 2 2 2 2 6798 6802 6797
16514 2 2 2 2 4714 6800 6798
16515 2 2 2 2 8992 9110 5964
16516 2 2 2 2 7477 7478 2489
16517 2 2 2 2 5936 6079 5203
16518 2 2 2 2 3845 7143 3052
16519 2 2 2 2 8099 8102 8079
16520 2 2 2 2 6709 7180 4626
16521 2 2 2 2 5634 9056 3503
16522 2 2 2 2 4660 8342 6958
16523 2 2 2 2 5303 8855 5302
16524 2 2 2 2 7300 7304 7303
16525 2 2 2 2 1494 7213 2505
16526 2 2 2 2 1240 7661 1243
16527 2 2 2 2 1439 7156 1437
16528 2 2 2 2 5229 8839 8838
16529 2 2 2 2 8668 8830 8658
16530 2 2 2 2 5614 9049 5613
16531 2 2 2 2 6252 6253 6251
16532 2 2 2 2 3557 7200 3559
16533 2 2 2 2 2104 6572 5140
16534 2 2 2 2 7446 7447 4129
16535 2 2 2 2 4792 6727 5354
16536 2 2 2 2 2633 8343 2631
16537 2 2 2 2 7124 7125 4445
16538 2 2 2 2 3810 6571 2459
16539 2 2 2 2 4122 5889 5887
16540 2 2 2 2 7207 8914 7206
16541 2 2 2 2 6711 6713 3301
16542 2 2 2 2 7590 7593 7591
16543 2 2 2 2 7252 7253 7250
16544 2 2 2 2 8576 8577 4413
16545 2 2 2 2 2582 7191 1210
16546 2 2 2 2 7137 7141 7138
16547 2 2 2 2 6022 6201 4359
16548 2 2 2 2 6785 6786 5229
16549 2 2 2 2 5080 6023 6018
16550 2 2 2 2 494 7855 2590
16551 2 2 2 2 5575 5651 5041
16552 2 2 2 2 5229 8838 4638
16553 2 2 2 2 8973 8974 3936
16554 2 2 2 2 6901 6902 6900
16555 2 2 2 2 4642 7056 7055
16556 2 2 2 2 2118 6948 6947
16557 2 2 2 2 6969 6970 6967
16558 2 2 2 2 5261 6984 4498
16559 2 2 2 2 2428 7573 7572
16560 2 2 2 2 7992 7993 4556
16561 2 2 2 2 9094 9104 7432
16562 2 2 2 2 2310 8585 8582
16563 2 2 2 2 7374 7413 5314
16564 2 2 2 2 5123 6718 6066
16565 2 2 2 2 6026 8610 3280
16566 2 2 2 2 7679 7680 1925
16567 2 2 2 2 6871 6884 6872
16568 2 2 2 2 5083 6075 6062
16569 2 2 2 2 2008 6817 998
16570 2 2 2 2 2479 7214 6707
16571 2 2 2 2 5006 7447 7440
16572 2 2 2 2 7377 9040 7986
16573 2 2 2 2 7998 7999 4450
16574 2 2 2 2 6593 6595 6594
16575 2 2 2 2 6561 6562 6558
16576 2 2 2 2 6762 7174 6761
16577 2 2 2 2 5546 6273 5548
16578 2 2 2 2 892 9103 876
16579 2 2 2 2 1355 6614 1456
16580 2 2 2 2 7056 9021 7057
16581 2 2 2 2 3917 8990 5050
16582 2 2 2 2 5942 5943 1782
16583 2 2 2 2 2072 5892 2429
16584 2 2 2 2 7644 9091 3246
16585 2 2 2 2 8409 8411 4611
16586 2 2 2 2 4052 6565 6564
16587 2 2 2 2 3091 7037 2259
16588 2 2 2 2 2318 6714 2215
16589 2 2 2 2 5940 6316 5939
16590 2 2 2 2 7570 7574 7571
16591 2 2 2 2 7044 9101 3466
16592 2 2 2 2 6772 6773 5147
16593 2 2 2 2 4301 8678 4303
16594 2 2 2 2 2094 9092 2332
16595 2 2 2 2 2464 6231 6230
16596 2 2 2 2 1526 6701 6700
16597 2 2 2 2 1103 6628 2448
16598 2 2 2 2 3335 6006 3963
16599 2 2 2 2 3833 6977 4719
16600 2 2 2 2 5035 5769 5762
16601 2 2 2 2 5100 6164 6163
16602 2 2 2 2 8887 8889 5400
16603 2 2 2 2 4203 5541 5008
16604 2 2 2 2 1234 7187 1237
16605 2 2 2 2 4490 7295 4488
16606 2 2 2 2 7431 9081 7429
16607 2 2 2 2 2879 7126 2876
16608 2 2 2 2 6844 6899 6842
16609 2 2 2 2 4610 8908 8707
16610 2 2 2 2 8080 8103 8083
16611 2 2 2 2 3412 5670 3071
16612 2 2 2 2 3639 7607 1762
16613 2 2 2 2 7132 7535 7131
16614 2 2 2 2 6818 9054 6684
16615 2 2 2 2 3640 8022 8020
16616 2 2 2 2 7786 8860 5644
16617 2 2 2 2 3229 8519 2926
16618 2 2 2 2 4618 6106 6103
16619 2 2 2 2 2485 8640 1576
16620 2 2 2 2 7990 7996 7995
16621 2 2 2 2 3479 7714 3351
16622 2 2 2 2 8572 8573 5244
16623 2 2 2 2 5622 5628 5620
16624 2 2 2 2 8781 8782 5128
16625 2 2 2 2 1253 8625 4509
16626 2 2 2 2 3883 6340 3823
16627 2 2 2 2 7073 7075 5249
16628 2 2 2 2 5128 8782 6340
16629 2 2 2 2 7855 7858 2590
16630 2 2 2 2 5113 6295 6294
16631 2 2 2 2 3976 7286 3148
16632 2 2 2 2 7544 7545 2764
16633 2 2 2 2 7433 7434 7432
16634 2 2 2 2 5989 8600 5992
16635 2 2 2 2 7055 7057 2912
16636 2 2 2 2 4395 7208 4393
16637 2 2 2 2 5338 6345 5339
16638 2 2 2 2 5613 9057 5610
16639 2 2 2 2 2304 7177 3080
16640 2 2 2 2 3892 7177 5159
16641 2 2 2 2 5080 6017 4267
16642 2 2 2 2 7465 7467 4697
16643 2 2 2 2 7204 7206 7205
16644 2 2 2 2 7176 7536 1153
16645 2 2 2 2 4733 6961 3839
16646 2 2 2 2 6818 6819 3646
16647 2 2 2 2 4545 6125 6124
16648 2 2 2 2 2904 7145 7144
16649 2 2 2 2 2253 7067 7066
16650 2 2 2 2 7037 7040 2259
16651 2 2 2 2 7357 8531 7351
16652 2 2 2 2 3640 8020 8019
16653 2 2 2 2 5145 8904 8903
16654 2 2 2 2 3580 8058 3578
16655 2 2 2 2 7703 8049 6941
16656 2 2 2 2 5030 5863 5856
16657 2 2 2 2 7176 7537 7536
16658 2 2 2 2 1012 6725 3300
16659 2 2 2 2 6968 6979 2057
16660 2 2 2 2 4841 8948 3889
16661 2 2 2 2 2679 9038 8104
16662 2 2 2 2 4204 5569 5552
16663 2 2 2 2 1883 5765 1612
16664 2 2 2 2 4952 6710 3876
16665 2 2 2 2 7201 7203 4449
16666 2 2 2 2 5745 7508 5746
16667 2 2 2 2 5437 8874 5447
16668 2 2 2 2 1344 8114 1186
16669 2 2 2 2 4322 9047 7313
16670 2 2 2 2 1526 6699 1195
16671 2 2 2 2 5693 5695 4389
16672 2 2 2 2 2474 6316 5946
16673 2 2 2 2 8559 8560 7347
16674 2 2 2 2 4271 5866 5034
16675 2 2 2 2 5996 5997 5995
16676 2 2 2 2 3908 6602 6601
16677 2 2 2 2 4784 8907 8809
16678 2 2 2 2 5165 5777 5036
16679 2 2 2 2 6608 6821 2452
16680 2 2 2 2 2064 5951 2311
16681 2 2 2 2 7349 7354 7351
16682 2 2 2 2 6067 6581 3968
16683 2 2 2 2 7413 7414 4557
16684 2 2 2 2 8278 8279 4070
16685 2 2 2 2 6425 9055 2849
16686 2 2 2 2 6665 6666 6663
16687 2 2 2 2 2918 7500 2034
16688 2 2 2 2 6161 6162 5819
16689 2 2 2 2 7254 7610 1988
16690 2 2 2 2 7590 7591 5044
16691 2 2 2 2 9032 9044 8511
16692 2 2 2 2 2184 6410 1914
16693 2 2 2 2 7203 7205 4449
16694 2 2 2 2 6792 6793 1417
16695 2 2 2 2 7439 7442 7441
16696 2 2 2 2 3590 6675 3588
16697 2 2 2 2 8597 8598 8596
16698 2 2 2 2 3519 9048 5627
16699 2 2 2 2 2914 6916 3803
16700 2 2 2 2 8658 8830 4973
16701 2 2 2 2 4351 6473 5117
16702 2 2 2 2 4240 8547 3787
16703 2 2 2 2 1233 7190 7187
16704 2 2 2 2 4353 8655 4348
16705 2 2 2 2 4636 6336 4409
16706 2 2 2 2 3236 8132 2079
16707 2 2 2 2 7311 8132 5160
16708 2 2 2 2 5979 9066 3939
16709 2 2 2 2 5274 6197 5108
16710 2 2 2 2 1245 7314 1242
16711 2 2 2 2 7140 7669 7668
16712 2 2 2 2 3296 8704 8703
16713 2 2 2 2 8660 8661 5248
16714 2 2 2 2 7121 7122 3241
16715 2 2 2 2 1428 9015 6050
16716 2 2 2 2 5340 8972 8528
16717 2 2 2 2 2167 6508 2166
16718 2 2 2 2 1284 6057 1286
16719 2 2 2 2 1717 6733 6566
16720 2 2 2 2 2638 8120 1342
16721 2 2 2 2 6517 6523 6520
16722 2 2 2 2 5829 7935 1421
16723 2 2 2 2 4648 7863 7862
16724 2 2 2 2 5037 5772 5038
16725 2 2 2 2 3881 7460 4195
16726 2 2 2 2 1662 5868 1409
16727 2 2 2 2 2627 6936 6935
16728 2 2 2 2 3647 9063 6583
16729 2 2 2 2 6055 6056 1413
16730 2 2 2 2 7359 7366 2486
16731 2 2 2 2 1975 7117 1977
16732 2 2 2 2 6588 6589 2188
16733 2 2 2 2 3743 7115 3745
16734 2 2 2 2 8756 8758 8757
16735 2 2 2 2 2354 6829 2350
16736 2 2 2 2 3855 8691 3853
16737 2 2 2 2 6296 8649 6297
16738 2 2 2 2 1777 6790 3541
16739 2 2 2 2 2904 6253 6252
16740 2 2 2 2 3327 5669 5657
16741 2 2 2 2 5414 6457 6455
16742 2 2 2 2 6457 6458 6456
16743 2 2 2 2 1607 9035 1751
16744 2 2 2 2 8532 8533 5185
16745 2 2 2 2 2157 6405 2159
16746 2 2 2 2 5624 9049 5614
16747 2 2 2 2 8050 8052 4591
16748 2 2 2 2 7209 7527 1433
16749 2 2 2 2 3547 7326 5823
16750 2 2 2 2 2344 7007 2343
16751 2 2 2 2 6036 6037 5367
16752 2 2 2 2 6658 6660 4677
16753 2 2 2 2 1768 6575 1636
16754 2 2 2 2 6563 6737 6736
16755 2 2 2 2 5481 8746 8745
16756 2 2 2 2 1924 5729 5692
16757 2 2 2 2 5068 6131 5919
16758 2 2 2 2 2788 8551 8549
16759 2 2 2 2 5543 5549 1776
16760 2 2 2 2 994 8579 7141
16761 2 2 2 2 8551 8552 8550
16762 2 2 2 2 6349 6715 5119
16763 2 2 2 2 3714 6112 4886
16764 2 2 2 2 2181 7251 1792
16765 2 2 2 2 5031 5602 5601
16766 2 2 2 2 8104 9039 8086
16767 2 2 2 2 4894 7803 4878
16768 2 2 2 2 7531 7803 7532
16769 2 2 2 2 6413 6414 4382
16770 2 2 2 2 4518 6413 3249
16771 2 2 2 2 7390 9071 7385
16772 2 2 2 2 6779 6780 4727
16773 2 2 2 2 4885 7445 3257
16774 2 2 2 2 2450 7086 5256
16775 2 2 2 2 2281 8650 2284
16776 2 2 2 2 8493 8496 2646
16777 2 2 2 2 5547 5548 3411
16778 2 2 2 2 7990 7995 7994
16779 2 2 2 2 5096 6111 6110
16780 2 2 2 2 2283 7084 2282
16781 2 2 2 2 2635 8858 7084
16782 2 2 2 2 4754 6785 4640
16783 2 2 2 2 2254 7066 2257
16784 2 2 2 2 8052 8057 4591
16785 2 2 2 2 6363 6364 1416
16786 2 2 2 2 8494 8496 8493
16787 2 2 2 2 5131 6503 6500
16788 2 2 2 2 8992 8993 3468
16789 2 2 2 2 3370 9110 3368
16790 2 2 2 2 6290 7186 1740
16791 2 2 2 2 2381 5637 2383
16792 2 2 2 2 8297 8865 5273
16793 2 2 2 2 8731 8865 1182
16794 2 2 2 2 7929 7930 5363
16795 2 2 2 2 6563 6736 5148
16796 2 2 2 2 1116 8513 1084
16797 2 2 2 2 6470 6471 1265
16798 2 2 2 2 1661 6522 1522
16799 2 2 2 2 2295 7745 2298
16800 2 2 2 2 6664 6665 6661
16801 2 2 2 2 6654 6656 4684
16802 2 2 2 2 4221 5655 4220
16803 2 2 2 2 3939 7449 3358
16804 2 2 2 2 3743 7119 7115
16805 2 2 2 2 3576 8057 3574
16806 2 2 2 2 7991 7992 4556
16807 2 2 2 2 4245 5830 4243
16808 2 2 2 2 7709 7710 1148
16809 2 2 2 2 7955 7956 7953
16810 2 2 2 2 4919 7547 7546
16811 2 2 2 2 851 7367 845
16812 2 2 2 2 6498 7128 3016
16813 2 2 2 2 486 6942 6747
16814 2 2 2 2 1781 7358 829
16815 2 2 2 2 1353 8553 1215
16816 2 2 2 2 6292 6307 4321
16817 2 2 2 2 4261 6292 3449
16818 2 2 2 2 3321 8682 4148
16819 2 2 2 2 7026 7702 4656
16820 2 2 2 2 2175 6573 2173
16821 2 2 2 2 7527 7529 7528
16822 2 2 2 2 5024 7451 7450
16823 2 2 2 2 6661 6665 6663
16824 2 2 2 2 6748 7728 5381
16825 2 2 2 2 5079 6009 4317
16826 2 2 2 2 2313 7579 7578
16827 2 2 2 2 5459 8594 4176
16828 2 2 2 2 3270 7448 4155
16829 2 2 2 2 5107 5906 5905
16830 2 2 2 2 3646 6820 978
16831 2 2 2 2 6290 6291 6276
16832 2 2 2 2 5782 5784 3436
16833 2 2 2 2 6517 8971 6523
16834 2 2 2 2 2348 6827 2346
16835 2 2 2 2 5658 5666 5660
16836 2 2 2 2 6650 6652 4700
16837 2 2 2 2 6972 7694 7693
16838 2 2 2 2 5029 5676 5027
16839 2 2 2 2 7557 7696 3791
16840 2 2 2 2 2363 6270 2190
16841 2 2 2 2 4450 7560 3443
16842 2 2 2 2 2293 7453 2291
16843 2 2 2 2 3564 7453 2296
16844 2 2 2 2 6495 6497 3122
16845 2 2 2 2 3377 6903 6902
16846 2 2 2 2 5534 5537 4178
16847 2 2 2 2 5392 5809 3910
16848 2 2 2 2 5484 5657 5483
16849 2 2 2 2 3560 7033 6372
16850 2 2 2 2 5270 7252 7250
16851 2 2 2 2 4891 6467 6466
16852 2 2 2 2 6781 6782 6780
16853 2 2 2 2 7381 9041 7379
16854 2 2 2 2 4758 8131 3597
16855 2 2 2 2 5202 5936 5203
16856 2 2 2 2 2656 6465 3319
16857 2 2 2 2 3256 6465 2658
16858 2 2 2 2 6824 6825 6823
16859 2 2 2 2 6906 8993 8973
16860 2 2 2 2 2911 8793 472
16861 2 2 2 2 5815 5818 4239
16862 2 2 2 2 4206 5580 5579
16863 2 2 2 2 1366 7178 1230
16864 2 2 2 2 6960 7181 7178
16865 2 2 2 2 5137 6545 5353
16866 2 2 2 2 7256 8653 4676
16867 2 2 2 2 1526 6700 6699
16868 2 2 2 2 2106 7119 3743
16869 2 2 2 2 849 8705 7480
16870 2 2 2 2 5533 5536 4911
16871 2 2 2 2 5049 5815 4239
16872 2 2 2 2 6264 6265 1470
16873 2 2 2 2 2660 7329 2507
16874 2 2 2 2 6646 6648 4717
16875 2 2 2 2 1243 7661 6130
16876 2 2 2 2 4239 5818 3911
16877 2 2 2 2 3258 7445 4129
16878 2 2 2 2 1131 6361 1416
16879 2 2 2 2 4474 8409 4611
16880 2 2 2 2 6592 6599 6593
16881 2 2 2 2 2231 8522 5157
16882 2 2 2 2 4442 6765 4435
16883 2 2 2 2 9095 9096 8093
16884 2 2 2 2 4917 9116 9115
16885 2 2 2 2 5108 6197 6192
16886 2 2 2 2 5849 5852 5247
16887 2 2 2 2 6709 8367 4005
16888 2 2 2 2 6806 6807 5091
16889 2 2 2 2 4362 6262 6261
16890 2 2 2 2 5000 5534 4178
16891 2 2 2 2 851 9103 7367
16892 2 2 2 2 3035 7780 3037
16893 2 2 2 2 4684 6656 3712
16894 2 2 2 2 3233 7521 7513
16895 2 2 2 2 4700 6652 3721
16896 2 2 2 2 4677 6660 3660
16897 2 2 2 2 6998 7004 7002
16898 2 2 2 2 4692 7593 7590
16899 2 2 2 2 7210 7327 2660
16900 2 2 2 2 7381 9042 9041
16901 2 2 2 2 3513 9045 6005
16902 2 2 2 2 3382 7497 7496
16903 2 2 2 2 4642 7055 4643
16904 2 2 2 2 2118 6947 1950
16905 2 2 2 2 1288 7658 1289
16906 2 2 2 2 4717 6648 3735
16907 2 2 2 2 6642 6644 4723
16908 2 2 2 2 3353 9075 3479
16909 2 2 2 2 1622 5996 5995
16910 2 2 2 2 5978 9093 9074
16911 2 2 2 2 5050 5849 5247
16912 2 2 2 2 1773 6314 1670
16913 2 2 2 2 3586 6940 3584
16914 2 2 2 2 2052 6163 2313
16915 2 2 2 2 4298 5566 5556
16916 2 2 2 2 1755 8761 1974
16917 2 2 2 2 1615 7420 1226
16918 2 2 2 2 6593 6594 5139
16919 2 2 2 2 1619 6313 6310
16920 2 2 2 2 7327 7329 2660
16921 2 2 2 2 8565 8857 2635
16922 2 2 2 2 4695 8857 8856
16923 2 2 2 2 3091 7066 7039
16924 2 2 2 2 3936 7153 3362
16925 2 2 2 2 7341 7625 7339
16926 2 2 2 2 4916 8670 8669
16927 2 2 2 2 4586 8349 4825
16928 2 2 2 2 5825 5826 2449
16929 2 2 2 2 8516 8518 4522
16930 2 2 2 2 1093 7072 1149
16931 2 2 2 2 1171 6477 6476
16932 2 2 2 2 2663 7816 2088
16933 2 2 2 2 1098 5568 1096
16934 2 2 2 2 2895 6606 6605
16935 2 2 2 2 6147 6148 5054
16936 2 2 2 2 6399 6402 6400
16937 2 2 2 2 1580 7425 1578
16938 2 2 2 2 3125 7031 2890
16939 2 2 2 2 5092 6069 5090
16940 2 2 2 2 7811 7812 6072
16941 2 2 2 2 3528 8648 6769
16942 2 2 2 2 7129 7131 4800
16943 2 2 2 2 6738 6742 6741
16944 2 2 2 2 7892 9082 5752
16945 2 2 2 2 7637 7638 1760
16946 2 2 2 2 5362 7933 5828
16947 2 2 2 2 6419 6420 5136
16948 2 2 2 2 6094 6095 6093
16949 2 2 2 2 5057 6557 4440
16950 2 2 2 2 3051 7052 7051
16951 2 2 2 2 1556 7632 1554
16952 2 2 2 2 5420 7053 4156
16953 2 2 2 2 5585 5586 5078
16954 2 2 2 2 462 7437 464
16955 2 2 2 2 5616 5624 5614
16956 2 2 2 2 5426 6616 5408
16957 2 2 2 2 6256 6257 6255
16958 2 2 2 2 6727 6728 5354
16959 2 2 2 2 4129 7448 3260
16960 2 2 2 2 5275 8863 5276
16961 2 2 2 2 2399 7891 1283
16962 2 2 2 2 6277 6279 4821
16963 2 2 2 2 7354 7357 7351
16964 2 2 2 2 1141 6792 1143
16965 2 2 2 2 5713 8757 5708
16966 2 2 2 2 4189 7693 5141
16967 2 2 2 2 9074 9093 3479
16968 2 2 2 2 8088 9090 8090
16969 2 2 2 2 6056 6057 1413
16970 2 2 2 2 9084 9085 2196
16971 2 2 2 2 4106 7433 7432
16972 2 2 2 2 3963 6007 3333
16973 2 2 2 2 8853 8854 5272
16974 2 2 2 2 4174 7667 5455
16975 2 2 2 2 3203 8210 5298
16976 2 2 2 2 6759 6762 6761
16977 2 2 2 2 7406 9109 7401
16978 2 2 2 2 6819 6820 3646
16979 2 2 2 2 6027 6056 6055
16980 2 2 2 2 7239 7417 6579
16981 2 2 2 2 3818 8528 3268
16982 2 2 2 2 3044 8687 3406
16983 2 2 2 2 7319 8687 4634
16984 2 2 2 2 7631 8910 7629
16985 2 2 2 2 6708 6709 4005
16986 2 2 2 2 6667 6669 4652
16987 2 2 2 2 8787 8790 8789
16988 2 2 2 2 478 8859 6468
16989 2 2 2 2 6545 6547 5353
16990 2 2 2 2 1429 8699 1150
16991 2 2 2 2 5986 5987 5985
16992 2 2 2 2 8090 9090 8093
16993 2 2 2 2 1054 7070 1093
16994 2 2 2 2 3798 8958 4891
16995 2 2 2 2 4278 6114 5223
16996 2 2 2 2 6666 6667 4652
16997 2 2 2 2 2479 6706 6705
16998 2 2 2 2 1470 6133 6132
16999 2 2 2 2 2147 8765 2149
17000 2 2 2 2 4946 8869 4945
17001 2 2 2 2 3375 6898 6897
17002 2 2 2 2 3647 9080 9063
17003 2 2 2 2 4255 5715 5713
17004 2 2 2 2 7628 7629 7627
17005 2 2 2 2 4545 6124 6123
17006 2 2 2 2 5054 6148 5871
17007 2 2 2 2 3821 6398 2990
17008 2 2 2 2 2527 6370 6368
17009 2 2 2 2 7588 7590 4236
17010 2 2 2 2 6972 7695 7694
17011 2 2 2 2 5702 5710 5700
17012 2 2 2 2 2225 8744 2222
17013 2 2 2 2 5432 5904 4147
17014 2 2 2 2 5021 8689 8688
17015 2 2 2 2 7697 7814 2663
17016 2 2 2 2 4181 7741 3402
17017 2 2 2 2 8784 8785 2868
17018 2 2 2 2 2233 7164 2234
17019 2 2 2 2 4662 8810 4664
17020 2 2 2 2 5054 5869 4246
17021 2 2 2 2 4388 7743 6913
17022 2 2 2 2 2439 6094 6093
17023 2 2 2 2 1514 8911 1452
17024 2 2 2 2 4179 8587 4177
17025 2 2 2 2 3908 6601 6600
17026 2 2 2 2 2433 6584 832
17027 2 2 2 2 1135 6470 1137
17028 2 2 2 2 6477 8968 6475
17029 2 2 2 2 5194 6375 6374
17030 2 2 2 2 2438 9072 9026
17031 2 2 2 2 1439 7162 7156
17032 2 2 2 2 1470 6265 6133
17033 2 2 2 2 1026 9097 1000
17034 2 2 2 2 3468 6906 3366
17035 2 2 2 2 6138 6573 2175
17036 2 2 2 2 7070 7072 1093
17037 2 2 2 2 4235 8963 5776
17038 2 2 2 2 8714 9112 8712
17039 2 2 2 2 2900 6801 1973
17040 2 2 2 2 5973 5974 5972
17041 2 2 2 2 6453 6454 3027
17042 2 2 2 2 4017 9037 9000
17043 2 2 2 2 1174 8632 1172
17044 2 2 2 2 4529 8634 8632
17045 2 2 2 2 8168 8170 7390
17046 2 2 2 2 860 8016 863
17047 2 2 2 2 1942 6949 1907
17048 2 2 2 2 1000 9097 8530
17049 2 2 2 2 6637 6640 4723
17050 2 2 2 2 3953 7889 5154
17051 2 2 2 2 3963 6004 6003
17052 2 2 2 2 4681 6521 6352
17053 2 2 2 2 6062 6064 5244
17054 2 2 2 2 3654 5932 2572
17055 2 2 2 2 1000 8530 983
17056 2 2 2 2 2425 8000 7997
17057 2 2 2 2 3663 8531 7357
17058 2 2 2 2 5983 5984 5982
17059 2 2 2 2 3562 9077 4527
17060 2 2 2 2 474 7123 7120
17061 2 2 2 2 9096 9105 8095
17062 2 2 2 2 7120 7123 7121
17063 2 2 2 2 9035 9036 5545
17064 2 2 2 2 7933 7934 5828
17065 2 2 2 2 7120 7121 3241
17066 2 2 2 2 4122 5887 5366
17067 2 2 2 2 4975 8851 5272
17068 2 2 2 2 6623 6631 4118
17069 2 2 2 2 6357 7583 6356
17070 2 2 2 2 5156 6505 5155
17071 2 2 2 2 1619 6310 6309
17072 2 2 2 2 4383 6518 6516
17073 2 2 2 2 7578 7579 5082
17074 2 2 2 2 2315 7315 1127
17075 2 2 2 2 4024 8601 1734
17076 2 2 2 2 7212 7213 1494
17077 2 2 2 2 5155 6505 6469
17078 2 2 2 2 2305 7861 2303
17079 2 2 2 2 3629 7861 2367
17080 2 2 2 2 4981 6452 3842
17081 2 2 2 2 3538 6569 3539
17082 2 2 2 2 2978 7839 5336
17083 2 2 2 2 5155 6469 5269
17084 2 2 2 2 6750 7506 7505
17085 2 2 2 2 3123 5928 5926
17086 2 2 2 2 2442 8697 7483
17087 2 2 2 2 4661 7192 7189
17088 2 2 2 2 6069 6806 5090
17089 2 2 2 2 5652 6366 4379
17090 2 2 2 2 5960 9101 5958
17091 2 2 2 2 7814 7816 2663
17092 2 2 2 2 5414 6455 4983
17093 2 2 2 2 449 450 371
17094 2 2 2 2 5560 6411 5561
17095 2 2 2 2 6044 6049 6046
17096 2 2 2 2 5134 6224 4421
17097 2 2 2 2 5177 8612 8611
17098 2 2 2 2 3527 8546 3525
17099 2 2 2 2 1466 5711 1372
17100 2 2 2 2 8223 8847 5458
17101 2 2 2 2 3017 6223 6222
17102 2 2 2 2 4279 6223 6209
17103 2 2 2 2 5481 8745 4666
17104 2 2 2 2 3318 7310 6767
17105 2 2 2 2 2788 8549 1049
17106 2 2 2 2 6103 6105 4616
17107 2 2 2 2 5556 5566 5555
17108 2 2 2 2 5819 6162 5821
17109 2 2 2 2 4192 7470 3844
17110 2 2 2 2 7436 9068 7003
17111 2 2 2 2 4723 6644 3749
17112 2 2 2 2 5959 5961 5960
17113 2 2 2 2 4523 6779 4727
17114 2 2 2 2 5139 6594 6142
17115 2 2 2 2 3826 8298 4337
17116 2 2 2 2 1199 6705 1197
17117 2 2 2 2 8721 8722 5302
17118 2 2 2 2 5980 5981 5978
17119 2 2 2 2 3509 8586 3754
17120 2 2 2 2 7383 9042 7381
17121 2 2 2 2 5281 6463 6462
17122 2 2 2 2 5677 5679 5678
17123 2 2 2 2 2700 5986 5985
17124 2 2 2 2 8557 8560 8558
17125 2 2 2 2 2270 7542 2267
17126 2 2 2 2 6286 6288 1910
17127 2 2 2 2 5979 8974 5971
17128 2 2 2 2 3283 7927 2787
17129 2 2 2 2 3927 6140 5068
17130 2 2 2 2 5892 5893 2429
17131 2 2 2 2 2538 9069 2539
17132 2 2 2 2 4600 8817 3566
17133 2 2 2 2 7165 7208 2487
17134 2 2 2 2 2533 6339 6338
17135 2 2 2 2 4719 6976 6974
17136 2 2 2 2 5866 5867 5034
17137 2 2 2 2 4719 6974 6973
17138 2 2 2 2 5778 7037 3091
17139 2 2 2 2 161 9136 327
17140 2 2 2 2 4880 7783 3802
17141 2 2 2 2 6712 8953 7783
17142 2 2 2 2 5553 5557 4205
17143 2 2 2 2 5971 8974 5969
17144 2 2 2 2 1420 6048 6045
17145 2 2 2 2 7457 7459 2463
17146 2 2 2 2 5555 5566 5559
17147 2 2 2 2 3337 6006 3335
17148 2 2 2 2 7162 7163 7158
17149 2 2 2 2 5974 9066 5972
17150 2 2 2 2 4503 5941 5055
17151 2 2 2 2 3807 7450 3438
17152 2 2 2 2 9105 9106 8095
17153 2 2 2 2 4626 8367 6709
17154 2 2 2 2 3806 7597 4918
17155 2 2 2 2 2340 8831 2342
17156 2 2 2 2 5146 8516 4522
17157 2 2 2 2 7052 7053 7051
17158 2 2 2 2 4137 8826 4980
17159 2 2 2 2 6435 7051 5420
17160 2 2 2 2 6733 6734 4674
17161 2 2 2 2 4839 8909 4780
17162 2 2 2 2 6448 6729 5388
17163 2 2 2 2 5558 5564 4306
17164 2 2 2 2 1692 5759 1403
17165 2 2 2 2 8568 8876 4197
17166 2 2 2 2 3377 6902 6901
17167 2 2 2 2 2600 6038 6036
17168 2 2 2 2 1548 9087 1910
17169 2 2 2 2 5693 5717 3896
17170 2 2 2 2 6036 6038 6037
17171 2 2 2 2 5123 6066 3968
17172 2 2 2 2 5961 5962 5960
17173 2 2 2 2 5703 9062 5698
17174 2 2 2 2 1162 7583 6358
17175 2 2 2 2 7658 7824 1292
17176 2 2 2 2 1586 7006 1584
17177 2 2 2 2 1740 7184 1445
17178 2 2 2 2 1223 8802 1358
17179 2 2 2 2 2442 6996 1598
17180 2 2 2 2 5332 8818 8794
17181 2 2 2 2 3864 8693 3862
17182 2 2 2 2 6743 9055 6425
17183 2 2 2 2 2358 8807 2349
17184 2 2 2 2 1163 8558 1092
17185 2 2 2 2 7153 8974 5979
17186 2 2 2 2 3939 9066 7449
17187 2 2 2 2 1594 5983 5982
17188 2 2 2 2 4370 9086 6978
17189 2 2 2 2 7301 9021 7299
17190 2 2 2 2 3864 8694 8693
17191 2 2 2 2 5180 7543 7531
17192 2 2 2 2 948 8127 951
17193 2 2 2 2 454 5533 4911
17194 2 2 2 2 8028 8040 8032
17195 2 2 2 2 6372 6373 6371
17196 2 2 2 2 3466 6803 3372
17197 2 2 2 2 2233 7998 7164
17198 2 2 2 2 7497 7566 5664
17199 2 2 2 2 4801 7133 5359
17200 2 2 2 2 4131 8694 3864
17201 2 2 2 2 2500 7316 2502
17202 2 2 2 2 8777 8779 4198
17203 2 2 2 2 3514 7729 3515
17204 2 2 2 2 4915 8763 4914
17205 2 2 2 2 5090 6806 5091
17206 2 2 2 2 5869 8990 4246
17207 2 2 2 2 5750 5756 5033
17208 2 2 2 2 3835 6973 3837
17209 2 2 2 2 1957 7202 1959
17210 2 2 2 2 2152 8024 2151
17211 2 2 2 2 3123 5926 5925
17212 2 2 2 2 7116 7118 4841
17213 2 2 2 2 3381 6891 6890
17214 2 2 2 2 4201 7091 4200
17215 2 2 2 2 5352 6278 4818
17216 2 2 2 2 4804 6587 4164
17217 2 2 2 2 5951 5952 2311
17218 2 2 2 2 4455 7129 4800
17219 2 2 2 2 3458 5912 4250
17220 2 2 2 2 8056 8533 8532
17221 2 2 2 2 8908 8911 1514
17222 2 2 2 2 5990 5993 5991
17223 2 2 2 2 5977 5980 5978
17224 2 2 2 2 1371 8758 8756
17225 2 2 2 2 2395 7663 7662
17226 2 2 2 2 4650 7663 7016
17227 2 2 2 2 4033 6443 6442
17228 2 2 2 2 4467 5757 4465
17229 2 2 2 2 6003 6007 3963
17230 2 2 2 2 7313 9047 3519
17231 2 2 2 2 4124 9099 4123
17232 2 2 2 2 4388 8741 7743
17233 2 2 2 2 6640 6642 4723
17234 2 2 2 2 4412 5774 5037
17235 2 2 2 2 5363 7930 5361
17236 2 2 2 2 5964 9102 5962
17237 2 2 2 2 4792 6724 6722
17238 2 2 2 2 1141 6794 6792
17239 2 2 2 2 8712 8812 8711
17240 2 2 2 2 5361 7931 5362
17241 2 2 2 2 6713 9064 2435
17242 2 2 2 2 966 7721 4457
17243 2 2 2 2 994 7141 7137
17244 2 2 2 2 2456 6720 6719
17245 2 2 2 2 6831 7496 6908
17246 2 2 2 2 5665 7496 5664
17247 2 2 2 2 5139 6142 4259
17248 2 2 2 2 4733 6964 6961
17249 2 2 2 2 3468 9110 8992
17250 2 2 2 2 2863 6296 2861
17251 2 2 2 2 4820 7186 6290
17252 2 2 2 2 6999 7004 6998
17253 2 2 2 2 8619 8910 7631
17254 2 2 2 2 2856 5973 5972
17255 2 2 2 2 4370 6978 6977
17256 2 2 2 2 5993 5994 5991
17257 2 2 2 2 8030 8044 8027
17258 2 2 2 2 3333 6007 3331
17259 2 2 2 2 5528 5530 5527
17260 2 2 2 2 4926 8828 4165
17261 2 2 2 2 3070 5648 5647
17262 2 2 2 2 8852 8853 5272
17263 2 2 2 2 8830 8851 4975
17264 2 2 2 2 459 6450 2402
17265 2 2 2 2 7389 8169 7387
17266 2 2 2 2 3375 6897 6896
17267 2 2 2 2 5626 9085 9084
17268 2 2 2 2 2869 7255 2255
17269 2 2 2 2 8093 9096 8092
17270 2 2 2 2 1441 7162 1439
17271 2 2 2 2 5583 5584 4214
17272 2 2 2 2 8127 8969 951
17273 2 2 2 2 8645 8647 8646
17274 2 2 2 2 6684 9054 6682
17275 2 2 2 2 6350 6353 6351
17276 2 2 2 2 2372 8604 2370
17277 2 2 2 2 4818 6275 4819
17278 2 2 2 2 4714 6798 6797
17279 2 2 2 2 7051 7053 5420
17280 2 2 2 2 4196 7143 3845
17281 2 2 2 2 5909 5912 5906
17282 2 2 2 2 5108 6192 6190
17283 2 2 2 2 4689 8560 8557
17284 2 2 2 2 4942 6921 6917
17285 2 2 2 2 3541 6790 6789
17286 2 2 2 2 4533 8610 6026
17287 2 2 2 2 4447 7124 4445
17288 2 2 2 2 4185 6571 3810
17289 2 2 2 2 3560 6372 6371
17290 2 2 2 2 8583 8950 5394
17291 2 2 2 2 5194 6374 5130
17292 2 2 2 2 5820 6161 5819
17293 2 2 2 2 5081 6023 5080
17294 2 2 2 2 3831 6977 3833
17295 2 2 2 2 2429 7574 7570
17296 2 2 2 2 3756 5911 4048
17297 2 2 2 2 8417 9095 8093
17298 2 2 2 2 6409 7646 6746
17299 2 2 2 2 4196 8904 7143
17300 2 2 2 2 7997 7998 2233
17301 2 2 2 2 8903 8904 4196
17302 2 2 2 2 5083 6062 5244
17303 2 2 2 2 1618 6313 1619
17304 2 2 2 2 8030 8618 8044
17305 2 2 2 2 876 9103 851
17306 2 2 2 2 4246 8990 3917
17307 2 2 2 2 5694 9062 5695
17308 2 2 2 2 2068 5892 2072
17309 2 2 2 2 5721 5722 5196
17310 2 2 2 2 5941 5944 5055
17311 2 2 2 2 4219 5722 5718
17312 2 2 2 2 5079 6014 6010
17313 2 2 2 2 4304 8678 4301
17314 2 2 2 2 6165 6167 5237
17315 2 2 2 2 1619 6309 6308
17316 2 2 2 2 3867 6768 4601
17317 2 2 2 2 5606 5607 5605
17318 2 2 2 2 4218 5652 4379
17319 2 2 2 2 1764 9012 7334
17320 2 2 2 2 4376 7023 6516
17321 2 2 2 2 4818 6278 6275
17322 2 2 2 2 4368 7126 2879
17323 2 2 2 2 4934 6268 4935
17324 2 2 2 2 7353 7354 7349
17325 2 2 2 2 8707 8908 1514
17326 2 2 2 2 6662 6664 6661
17327 2 2 2 2 5606 9057 5607
17328 2 2 2 2 4618 6103 4616
17329 2 2 2 2 8086 9039 8088
17330 2 2 2 2 1409 5868 1411
17331 2 2 2 2 6951 6954 6953
17332 2 2 2 2 5755 9082 5757
17333 2 2 2 2 2998 8668 3018
17334 2 2 2 2 8170 9071 7390
17335 2 2 2 2 5309 8837 3874
17336 2 2 2 2 6163 6164 2313
17337 2 2 2 2 5128 6340 3883
17338 2 2 2 2 7597 9083 4918
17339 2 2 2 2 7931 7933 5362
17340 2 2 2 2 8093 9090 8417
17341 2 2 2 2 5113 6294 5522
17342 2 2 2 2 3377 9060 6903
17343 2 2 2 2 5946 6316 5940
17344 2 2 2 2 7043 9101 7044
17345 2 2 2 2 7300 7303 7301
17346 2 2 2 2 5610 9057 5606
17347 2 2 2 2 1924 5690 1645
17348 2 2 2 2 3080 7177 3892
17349 2 2 2 2 4267 6017 4268
17350 2 2 2 2 7199 7202 7200
17351 2 2 2 2 3355 9075 3353
17352 2 2 2 2 7389 8191 8169
17353 2 2 2 2 2888 5863 5030
17354 2 2 2 2 6399 6400 4778
17355 2 2 2 2 7209 7529 7527
17356 2 2 2 2 8689 8975 4922
17357 2 2 2 2 2479 6707 6706
17358 2 2 2 2 8095 9106 8096
17359 2 2 2 2 7668 7669 965
17360 2 2 2 2 5661 7566 3399
17361 2 2 2 2 2062 5951 2064
17362 2 2 2 2 4675 7258 7256
17363 2 2 2 2 5967 5968 5966
17364 2 2 2 2 5680 7785 5173
17365 2 2 2 2 7300 7301 7299
17366 2 2 2 2 5424 8038 4986
17367 2 2 2 2 2881 5679 3021
17368 2 2 2 2 3275 8000 2425
17369 2 2 2 2 7199 7200 3557
17370 2 2 2 2 5054 5871 5869
17371 2 2 2 2 4973 8830 4975
17372 2 2 2 2 6052 7420 3200
17373 2 2 2 2 7158 7163 7160
17374 2 2 2 2 5843 8547 4240
17375 2 2 2 2 5283 9218 9205
17376 2 2 2 2 5160 8132 3236
17377 2 2 2 2 5981 9093 5978
17378 2 2 2 2 2485 9104 8640
17379 2 2 2 2 2659 6769 4058
17380 2 2 2 2 5037 5774 5773
17381 2 2 2 2 5914 5915 5913
17382 2 2 2 2 5992 8600 3951
17383 2 2 2 2 6348 6349 5119
17384 2 2 2 2 2062 5953 5951
17385 2 2 2 2 2448 6628 6622
17386 2 2 2 2 5042 5575 5041
17387 2 2 2 2 5380 6638 6636
17388 2 2 2 2 7638 8562 1760
17389 2 2 2 2 4195 7460 5469
17390 2 2 2 2 7464 7465 4697
17391 2 2 2 2 3381 6890 6889
17392 2 2 2 2 7056 7057 7055
17393 2 2 2 2 4949 8691 3855
17394 2 2 2 2 6206 9061 3252
17395 2 2 2 2 9047 9048 3519
17396 2 2 2 2 450 9133 371
17397 2 2 2 2 6787 6789 6788
17398 2 2 2 2 4712 8849 4713
17399 2 2 2 2 3540 6952 1903
17400 2 2 2 2 3547 5823 3545
17401 2 2 2 2 5690 8808 1647
17402 2 2 2 2 6638 6640 6637
17403 2 2 2 2 5068 5919 5069
17404 2 2 2 2 3193 7353 7349
17405 2 2 2 2 7639 8562 7638
17406 2 2 2 2 6472 7294 4726
17407 2 2 2 2 4430 7294 7014
17408 2 2 2 2 7532 7803 4894
17409 2 2 2 2 3249 6413 4382
17410 2 2 2 2 7392 8192 8191
17411 2 2 2 2 5647 7787 5645
17412 2 2 2 2 2284 8650 4629
17413 2 2 2 2 6996 7483 6997
17414 2 2 2 2 2635 7084 2283
17415 2 2 2 2 5036 5769 5035
17416 2 2 2 2 8098 8933 8932
17417 2 2 2 2 3468 8993 6906
17418 2 2 2 2 3368 9110 3468
17419 2 2 2 2 5273 8865 8731
17420 2 2 2 2 7930 7931 5361
17421 2 2 2 2 2068 5894 5892
17422 2 2 2 2 3949 9098 8229
17423 2 2 2 2 1780 6348 6347
17424 2 2 2 2 7392 8191 7389
17425 2 2 2 2 6980 7695 6972
17426 2 2 2 2 4742 8960 6955
17427 2 2 2 2 5049 5816 5815
17428 2 2 2 2 6017 6165 4268
17429 2 2 2 2 4949 8735 8691
17430 2 2 2 2 3055 8835 2865
17431 2 2 2 2 3375 9067 6898
17432 2 2 2 2 140 8778 139
17433 2 2 2 2 7546 7547 5494
17434 2 2 2 2 3081 6816 2300
17435 2 2 2 2 6391 6395 6390
17436 2 2 2 2 3871 8669 4649
17437 2 2 2 2 4630 8553 1353
17438 2 2 2 2 3449 6292 4321
17439 2 2 2 2 4148 8682 4998
17440 2 2 2 2 6350 6351 1780
17441 2 2 2 2 6051 9015 7421
17442 2 2 2 2 3257 7445 3258
17443 2 2 2 2 5905 5906 3820
17444 2 2 2 2 5404 8827 8826
17445 2 2 2 2 5483 5676 5029
17446 2 2 2 2 2296 7453 2293
17447 2 2 2 2 7394 8192 7392
17448 2 2 2 2 4745 6724 4792
17449 2 2 2 2 4673 5694 5693
17450 2 2 2 2 6251 6253 5142
17451 2 2 2 2 4929 6391 6390
17452 2 2 2 2 2658 6465 2656
17453 2 2 2 2 7345 7346 4689
17454 2 2 2 2 8919 8920 8918
17455 2 2 2 2 4825 8349 7407
17456 2 2 2 2 6823 6825 5306
17457 2 2 2 2 6962 6963 4294
17458 2 2 2 2 4206 5579 4214
17459 2 2 2 2 5933 5957 5056
17460 2 2 2 2 6960 7178 1366
17461 2 2 2 2 5982 9098 9024
17462 2 2 2 2 8734 8735 4949
17463 2 2 2 2 5958 7043 5957
17464 2 2 2 2 5965 5967 5966
17465 2 2 2 2 2038 6562 2272
17466 2 2 2 2 5545 9036 6274
17467 2 2 2 2 7364 8548 7369
17468 2 2 2 2 5563 6411 1367
17469 2 2 2 2 5579 5583 4214
17470 2 2 2 2 896 7405 2699
17471 2 2 2 2 3031 5528 5527
17472 2 2 2 2 6048 6049 6044
17473 2 2 2 2 3260 7448 3270
17474 2 2 2 2 1959 7202 7199
17475 2 2 2 2 1289 7658 1292
17476 2 2 2 2 3033 8025 8024
17477 2 2 2 2 3872 7945 3870
17478 2 2 2 2 2050 6163 2052
17479 2 2 2 2 7946 8671 7945
17480 2 2 2 2 8582 8583 5394
17481 2 2 2 2 3200 7420 1615
17482 2 2 2 2 8856 8857 8565
17483 2 2 2 2 5069 5919 5784
17484 2 2 2 2 4919 9126 7548
17485 2 2 2 2 4213 5682 5680
17486 2 2 2 2 5694 5695 5693
17487 2 2 2 2 4393 7208 7165
17488 2 2 2 2 1786 8755 1788
17489 2 2 2 2 5141 6251 5142
17490 2 2 2 2 7394 8228 8192
17491 2 2 2 2 3091 7039 5778
17492 2 2 2 2 4268 6165 5237
17493 2 2 2 2 6948 8961 6950
17494 2 2 2 2 7496 7497 5664
17495 2 2 2 2 6476 6477 6475
17496 2 2 2 2 3021 5679 5677
17497 2 2 2 2 9081 9104 2485
17498 2 2 2 2 8098 9106 8933
17499 2 2 2 2 7426 7429 7424
17500 2 2 2 2 7423 7427 7426
17501 2 2 2 2 4133 6509 3875
17502 2 2 2 2 8646 8648 3528
17503 2 2 2 2 4161 8674 4163
17504 2 2 2 2 5340 8528 3818
17505 2 2 2 2 3406 8687 7319
17506 2 2 2 2 5079 6010 6009
17507 2 2 2 2 4150 8958 3798
17508 2 2 2 2 6961 6962 4294
17509 2 2 2 2 2435 5585 5078
17510 2 2 2 2 8038 8959 4986
17511 2 2 2 2 5895 8936 4928
17512 2 2 2 2 5454 5897 5895
17513 2 2 2 2 4923 6386 6355
17514 2 2 2 2 4255 5713 5708
17515 2 2 2 2 4048 5911 5107
17516 2 2 2 2 4682 8856 7455
17517 2 2 2 2 7396 9002 8228
17518 2 2 2 2 5300 8878 7085
17519 2 2 2 2 8026 8046 8040
17520 2 2 2 2 7396 8228 7394
17521 2 2 2 2 5960 9102 9101
17522 2 2 2 2 8688 8689 4922
17523 2 2 2 2 6557 6561 6558
17524 2 2 2 2 4942 6917 5476
17525 2 2 2 2 8640 9104 9094
17526 2 2 2 2 6579 7417 4480
17527 2 2 2 2 5425 8587 4179
17528 2 2 2 2 5338 6613 6346
17529 2 2 2 2 4675 7256 4676
17530 2 2 2 2 7741 7742 2476
17531 2 2 2 2 4529 8632 1174
17532 2 2 2 2 5567 5568 1098
17533 2 2 2 2 7398 9002 7396
17534 2 2 2 2 8349 9016 7407
17535 2 2 2 2 3381 6893 6891
17536 2 2 2 2 5669 5676 5483
17537 2 2 2 2 2367 7861 2305
17538 2 2 2 2 3456 5918 3454
17539 2 2 2 2 8037 8039 8034
17540 2 2 2 2 8582 8585 8583
17541 2 2 2 2 6898 6899 6844
17542 2 2 2 2 8096 9106 8098
17543 2 2 2 2 6516 6517 4377
17544 2 2 2 2 5640 8861 5737
17545 2 2 2 2 6715 9086 4369
17546 2 2 2 2 7148 9092 7147
17547 2 2 2 2 6222 6223 4279
17548 2 2 2 2 7953 7954 7951
17549 2 2 2 2 8092 9096 8095
17550 2 2 2 2 4150 8959 8958
17551 2 2 2 2 5233 5737 5232
17552 2 2 2 2 7398 9003 9002
17553 2 2 2 2 6910 6912 6909
17554 2 2 2 2 6066 6067 3968
17555 2 2 2 2 898 7405 896
17556 2 2 2 2 6961 6964 6962
17557 2 2 2 2 326 9132 1
17558 2 2 2 2 5069 5784 5782
17559 2 2 2 2 3070 5647 5645
17560 2 2 2 2 6712 7783 4880
17561 2 2 2 2 8812 9112 8815
17562 2 2 2 2 6951 6952 3540
17563 2 2 2 2 4172 6260 5515
17564 2 2 2 2 7458 7459 7457
17565 2 2 2 2 2268 8630 2269
17566 2 2 2 2 3815 8872 8630
17567 2 2 2 2 5037 5773 5772
17568 2 2 2 2 5141 7694 6251
17569 2 2 2 2 6358 7583 6357
17570 2 2 2 2 5404 8826 4137
17571 2 2 2 2 7004 9076 7002
17572 2 2 2 2 4938 8846 4939
17573 2 2 2 2 1403 5759 1405
17574 2 2 2 2 4252 5600 5598
17575 2 2 2 2 4441 8788 8759
17576 2 2 2 2 6576 9122 5444
17577 2 2 2 2 4673 5693 3896
17578 2 2 2 2 1358 8802 2465
17579 2 2 2 2 7400 9003 7398
17580 2 2 2 2 7369 8548 2699
17581 2 2 2 2 4958 8878 5300
17582 2 2 2 2 6407 6408 6207
17583 2 2 2 2 7400 9016 9003
17584 2 2 2 2 5755 5757 4467
17585 2 2 2 2 8674 9115 8938
17586 2 2 2 2 7307 8647 8645
17587 2 2 2 2 6883 9008 6904
17588 2 2 2 2 4914 8763 5472
17589 2 2 2 2 4986 8959 4150
17590 2 2 2 2 5698 9062 5694
17591 2 2 2 2 432 5505 5504
17592 2 2 2 2 7407 9016 7400
17593 2 2 2 2 6345 6346 4075
17594 2 2 2 2 3033 8024 2152
17595 2 2 2 2 5759 5867 1405
17596 2 2 2 2 6636 6638 6637
17597 2 2 2 2 5898 7091 4201
17598 2 2 2 2 7662 7663 4650
17599 2 2 2 2 3742 8484 3042
17600 2 2 2 2 4702 8866 8484
17601 2 2 2 2 6997 7484 6999
17602 2 2 2 2 8557 8558 1163
17603 2 2 2 2 6407 7646 6409
17604 2 2 2 2 5364 9064 6713
17605 2 2 2 2 5058 5877 5875
17606 2 2 2 2 3545 5824 3542
17607 2 2 2 2 6521 6522 1661
17608 2 2 2 2 6908 7496 5665
17609 2 2 2 2 6516 6518 6517
17610 2 2 2 2 7455 8817 4600
17611 2 2 2 2 7346 8560 4689
17612 2 2 2 2 8789 8845 8788
17613 2 2 2 2 6611 6613 3269
17614 2 2 2 2 3213 6296 2863
17615 2 2 2 2 7423 7426 7424
17616 2 2 2 2 4385 6789 6787
17617 2 2 2 2 6951 6953 6952
17618 2 2 2 2 6997 6999 6998
17619 2 2 2 2 5296 8722 8721
17620 2 2 2 2 2465 8802 6910
17621 2 2 2 2 6045 6048 6044
17622 2 2 2 2 3047 8604 2372
17623 2 2 2 2 5957 7043 4275
17624 2 2 2 2 2864 6611 2866
17625 2 2 2 2 8712 9112 8812
17626 2 2 2 2 2699 7405 7370
17627 2 2 2 2 2699 7370 7369
17628 2 2 2 2 5489 9205 5491
17629 2 2 2 2 412 9195 448
17630 2 2 2 2 6407 6409 6408
17631 2 2 2 2 6525 9314 6524
17632 2 2 2 2 3386 7013 3387
17633 2 2 2 2 5906 5912 3820
17634 2 2 2 2 7957 7967 7954
17635 2 2 2 2 5908 8743 1747
17636 2 2 2 2 7943 7946 7945
17637 2 2 2 2 6900 6902 6840
17638 2 2 2 2 8026 8040 8028
17639 2 2 2 2 5718 5722 5721
17640 2 2 2 2 4924 6768 3867
17641 2 2 2 2 8960 8961 6948
17642 2 2 2 2 8648 8649 4783
17643 2 2 2 2 4376 6516 4377
17644 2 2 2 2 5427 6268 4934
17645 2 2 2 2 5119 6715 4369
17646 2 2 2 2 2333 7146 1999
17647 2 2 2 2 7146 7148 7147
17648 2 2 2 2 2199 8760 3741
17649 2 2 2 2 6857 6894 6852
17650 2 2 2 2 5657 5669 5483
17651 2 2 2 2 3018 8668 8658
17652 2 2 2 2 5498 9307 68
17653 2 2 2 2 1645 5690 1647
17654 2 2 2 2 6947 6949 1942
17655 2 2 2 2 5958 9101 7043
17656 2 2 2 2 4250 5918 3456
17657 2 2 2 2 2442 7483 6996
17658 2 2 2 2 5664 7566 5661
17659 2 2 2 2 4151 8873 7150
17660 2 2 2 2 6408 9061 6207
17661 2 2 2 2 4213 5680 5173
17662 2 2 2 2 6898 9067 6899
17663 2 2 2 2 2465 6910 6909
17664 2 2 2 2 3820 5912 3458
17665 2 2 2 2 4144 6905 4948
17666 2 2 2 2 6295 6804 4185
17667 2 2 2 2 4058 6769 4783
17668 2 2 2 2 2383 5637 5635
17669 2 2 2 2 6882 6904 3822
17670 2 2 2 2 7693 7694 5141
17671 2 2 2 2 5561 6411 5563
17672 2 2 2 2 5635 7780 3035
17673 2 2 2 2 6842 6900 6840
17674 2 2 2 2 5107 5911 5907
17675 2 2 2 2 163 9152 405
17676 2 2 2 2 4963 8849 4712
17677 2 2 2 2 5915 5918 4250
17678 2 2 2 2 4666 8745 7013
17679 2 2 2 2 7014 7294 6472
17680 2 2 2 2 6895 6897 6848
17681 2 2 2 2 9024 9098 3949
17682 2 2 2 2 452 9192 450
17683 2 2 2 2 6789 6790 6788
17684 2 2 2 2 3874 8835 3055
17685 2 2 2 2 4170 8834 3869
17686 2 2 2 2 2300 6816 2302
17687 2 2 2 2 9107 9192 4911
17688 2 2 2 2 4916 8669 3871
17689 2 2 2 2 7864 9043 7458
17690 2 2 2 2 10 9158 9
17691 2 2 2 2 254 5499 253
17692 2 2 2 2 345 5497 180
17693 2 2 2 2 3383 6885 6884
17694 2 2 2 2 7953 7957 7954
17695 2 2 2 2 339 5526 186
17696 2 2 2 2 6885 6886 6872
17697 2 2 2 2 5056 5957 4275
17698 2 2 2 2 4428 8796 4169
17699 2 2 2 2 3053 8796 2893
17700 2 2 2 2 8827 9289 8826
17701 2 2 2 2 9083 9126 4918
17702 2 2 2 2 7943 7945 3872
17703 2 2 2 2 1788 8755 7613
17704 2 2 2 2 351 9150 248
17705 2 2 2 2 4917 9115 8674
17706 2 2 2 2 7645 9091 7644
17707 2 2 2 2 5962 9102 5960
17708 2 2 2 2 5057 6561 6557
17709 2 2 2 2 8032 8040 8035
17710 2 2 2 2 8787 8789 8788
17711 2 2 2 2 5446 6509 4133
17712 2 2 2 2 6955 8960 6948
17713 2 2 2 2 4917 8674 4161
17714 2 2 2 2 6506 6507 4338
17715 2 2 2 2 5454 5895 4928
17716 2 2 2 2 6355 6386 5430
17717 2 2 2 2 4682 7455 4600
17718 2 2 2 2 6347 6348 5119
17719 2 2 2 2 6850 6895 6848
17720 2 2 2 2 6872 6887 6863
17721 2 2 2 2 5879 9327 8916
17722 2 2 2 2 4510 6506 4340
17723 2 2 2 2 4513 6438 6436
17724 2 2 2 2 5875 6561 5057
17725 2 2 2 2 7613 8755 7645
17726 2 2 2 2 448 449 371
17727 2 2 2 2 139 8778 381
17728 2 2 2 2 5640 5737 5233
17729 2 2 2 2 6578 9122 6576
17730 2 2 2 2 3724 7148 7146
17731 2 2 2 2 340 9140 270
17732 2 2 2 2 6207 9061 6206
17733 2 2 2 2 148 9177 319
17734 2 2 2 2 7942 8740 7944
17735 2 2 2 2 68 9358 5498
17736 2 2 2 2 5913 5915 4250
17737 2 2 2 2 6888 6890 6859
17738 2 2 2 2 1 9132 316
17739 2 2 2 2 5529 9123 5007
17740 2 2 2 2 5515 6260 5309
17741 2 2 2 2 3815 8630 2268
17742 2 2 2 2 8844 8846 4938
17743 2 2 2 2 8873 8874 5437
17744 2 2 2 2 9164 9389 380
17745 2 2 2 2 298 9187 297
17746 2 2 2 2 3808 9202 4924
17747 2 2 2 2 4252 5598 4254
17748 2 2 2 2 6880 6884 6874
17749 2 2 2 2 4385 6787 4605
17750 2 2 2 2 4605 6787 6619
17751 2 2 2 2 7613 7645 7644
17752 2 2 2 2 6894 6895 6850
17753 2 2 2 2 8303 9367 5465
17754 2 2 2 2 4702 8484 3742
17755 2 2 2 2 5338 6346 6345
17756 2 2 2 2 4605 6619 5112
17757 2 2 2 2 382 9137 40
17758 2 2 2 2 5058 5875 5057
17759 2 2 2 2 5520 9201 360
17760 2 2 2 2 324 9009 9008
17761 2 2 2 2 8787 8788 4441
17762 2 2 2 2 8864 9208 4962
17763 2 2 2 2 6876 6882 6880
17764 2 2 2 2 5907 5909 5906
17765 2 2 2 2 375 9145 24
17766 2 2 2 2 7009 7011 4510
17767 2 2 2 2 89 9141 354
17768 2 2 2 2 11 9144 362
17769 2 2 2 2 372 9143 103
17770 2 2 2 2 2866 6611 3269
17771 2 2 2 2 4918 9126 4919
17772 2 2 2 2 449 9195 3031
17773 2 2 2 2 8790 9312 350
17774 2 2 2 2 2383 5635 3035
17775 2 2 2 2 4666 7013 3386
17776 2 2 2 2 299 9175 441
17777 2 2 2 2 65 9174 443
17778 2 2 2 2 221 9176 442
17779 2 2 2 2 6260 8837 5309
17780 2 2 2 2 344 9156 262
17781 2 2 2 2 5271 8743 5908
17782 2 2 2 2 270 9140 269
17783 2 2 2 2 6861 6888 6859
17784 2 2 2 2 6619 6804 5112
17785 2 2 2 2 6769 8648 4783
17786 2 2 2 2 5271 8760 8743
17787 2 2 2 2 4511 7009 4510
17788 2 2 2 2 441 9187 298
17789 2 2 2 2 297 9187 357
17790 2 2 2 2 378 9154 266
17791 2 2 2 2 373 9151 111
17792 2 2 2 2 3724 7146 2333
17793 2 2 2 2 376 9173 190
17794 2 2 2 2 3741 8760 5271
17795 2 2 2 2 6852 6894 6850
17796 2 2 2 2 208 9135 367
17797 2 2 2 2 40 9137 39
17798 2 2 2 2 5823 5824 3545
17799 2 2 2 2 371 9133 274
17800 2 2 2 2 440 9192 9107
17801 2 2 2 2 390 9130 119
17802 2 2 2 2 7548 9393 9258
17803 2 2 2 2 334 9129 201
17804 2 2 2 2 275 448 371
17805 2 2 2 2 7150 8873 5437
17806 2 2 2 2 116 9138 341
17807 2 2 2 2 174 9153 349
17808 2 2 2 2 429 8939 170
17809 2 2 2 2 112 9170 373
17810 2 2 2 2 187 9168 339
17811 2 2 2 2 255 9147 347
17812 2 2 2 2 21 9148 348
17813 2 2 2 2 263 9167 344
17814 2 2 2 2 100 9149 346
17815 2 2 2 2 5112 6804 6295
17816 2 2 2 2 206 9182 205
17817 2 2 2 2 6883 6904 6882
17818 2 2 2 2 361 9183 50
17819 2 2 2 2 9161 9260 372
17820 2 2 2 2 8930 9321 5477
17821 2 2 2 2 283 9169 282
17822 2 2 2 2 5462 9217 9155
17823 2 2 2 2 205 9182 394
17824 2 2 2 2 363 9163 129
17825 2 2 2 2 50 9183 49
17826 2 2 2 2 282 9169 397
17827 2 2 2 2 129 9163 128
17828 2 2 2 2 9117 9294 9118
17829 2 2 2 2 140 9186 8778
17830 2 2 2 2 53 9155 52
17831 2 2 2 2 199 9128 398
17832 2 2 2 2 9142 9311 5442
17833 2 2 2 2 120 9131 390
17834 2 2 2 2 355 9291 6868
17835 2 2 2 2 396 9155 53
17836 2 2 2 2 4911 9192 452
17837 2 2 2 2 5478 8834 4170
17838 2 2 2 2 200 9128 199
17839 2 2 2 2 6887 6888 6861
17840 2 2 2 2 121 9131 120
17841 2 2 2 2 5059 9200 5060
17842 2 2 2 2 290 9185 289
17843 2 2 2 2 5107 5907 5906
17844 2 2 2 2 415 9142 38
17845 2 2 2 2 37 9142 338
17846 2 2 2 2 271 9139 340
17847 2 2 2 2 440 9139 272
17848 2 2 2 2 101 9149 100
17849 2 2 2 2 264 9167 263
17850 2 2 2 2 22 9148 21
17851 2 2 2 2 256 9147 255
17852 2 2 2 2 188 9168 187
17853 2 2 2 2 113 9170 112
17854 2 2 2 2 6436 7009 4511
17855 2 2 2 2 175 9153 174
17856 2 2 2 2 117 9138 116
17857 2 2 2 2 267 9157 378
17858 2 2 2 2 425 9157 268
17859 2 2 2 2 276 448 275
17860 2 2 2 2 201 9129 200
17861 2 2 2 2 332 9185 290
17862 2 2 2 2 138 9178 137
17863 2 2 2 2 5529 9195 9123
17864 2 2 2 2 20 9191 19
17865 2 2 2 2 119 9130 118
17866 2 2 2 2 4169 8796 3053
17867 2 2 2 2 5598 5826 4254
17868 2 2 2 2 414 9172 109
17869 2 2 2 2 108 9172 342
17870 2 2 2 2 274 9133 273
17871 2 2 2 2 38 9142 37
17872 2 2 2 2 272 9139 271
17873 2 2 2 2 7866 9043 7864
17874 2 2 2 2 417 9149 101
17875 2 2 2 2 437 9167 264
17876 2 2 2 2 436 9148 22
17877 2 2 2 2 435 9147 256
17878 2 2 2 2 62 9134 61
17879 2 2 2 2 428 9168 188
17880 2 2 2 2 209 9135 208
17881 2 2 2 2 141 9186 140
17882 2 2 2 2 190 9173 189
17883 2 2 2 2 411 9170 113
17884 2 2 2 2 111 9151 110
17885 2 2 2 2 104 9161 372
17886 2 2 2 2 416 9161 105
17887 2 2 2 2 431 9153 175
17888 2 2 2 2 266 9154 265
17889 2 2 2 2 39 9137 415
17890 2 2 2 2 438 9138 117
17891 2 2 2 2 311 9198 432
17892 2 2 2 2 268 9157 267
17893 2 2 2 2 262 9156 261
17894 2 2 2 2 222 9176 221
17895 2 2 2 2 66 9174 65
17896 2 2 2 2 300 9175 299
17897 2 2 2 2 412 448 276
17898 2 2 2 2 178 9166 392
17899 2 2 2 2 5497 9166 179
17900 2 2 2 2 381 9178 138
17901 2 2 2 2 5060 9200 5879
17902 2 2 2 2 103 9143 102
17903 2 2 2 2 269 9140 425
17904 2 2 2 2 12 9144 11
17905 2 2 2 2 90 9141 89
17906 2 2 2 2 348 9191 20
17907 2 2 2 2 118 9130 438
17908 2 2 2 2 24 9145 23
17909 2 2 2 2 5283 9205 5280
17910 2 2 2 2 5278 9205 5489
17911 2 2 2 2 109 9172 108
17912 2 2 2 2 273 9133 440
17913 2 2 2 2 225 9146 224
17914 2 2 2 2 7871 9202 7873
17915 2 2 2 2 6884 6885 6872
17916 2 2 2 2 97 9162 399
17917 2 2 2 2 356 9134 62
17918 2 2 2 2 6863 6887 6861
17919 2 2 2 2 252 9160 401
17920 2 2 2 2 319 9235 6344
17921 2 2 2 2 408 9135 209
17922 2 2 2 2 358 9186 141
17923 2 2 2 2 189 9173 428
17924 2 2 2 2 110 9151 414
17925 2 2 2 2 8035 8037 8034
17926 2 2 2 2 4340 6506 4338
17927 2 2 2 2 105 9161 104
17928 2 2 2 2 230 9179 229
17929 2 2 2 2 74 9181 73
17930 2 2 2 2 152 9180 151
17931 2 2 2 2 265 9154 437
17932 2 2 2 2 9182 9222 5406
17933 2 2 2 2 4513 6436 4511
17934 2 2 2 2 7952 7953 7951
17935 2 2 2 2 231 6877 366
17936 2 2 2 2 77 9190 76
17937 2 2 2 2 149 9177 148
17938 2 2 2 2 15 9171 352
17939 2 2 2 2 8937 8939 429
17940 2 2 2 2 5410 9209 5409
17941 2 2 2 2 393 9330 7461
17942 2 2 2 2 261 9156 426
17943 2 2 2 2 383 9176 222
17944 2 2 2 2 384 9174 66
17945 2 2 2 2 385 9175 300
17946 2 2 2 2 7322 9211 4930
17947 2 2 2 2 316 9132 445
17948 2 2 2 2 8875 9210 4977
17949 2 2 2 2 179 9166 178
17950 2 2 2 2 7944 8740 7949
17951 2 2 2 2 91 9159 422
17952 2 2 2 2 102 9143 417
17953 2 2 2 2 444 9203 5524
17954 2 2 2 2 248 9150 247
17955 2 2 2 2 433 9144 12
17956 2 2 2 2 422 9141 90
17957 2 2 2 2 23 9145 436
17958 2 2 2 2 6869 9317 418
17959 2 2 2 2 320 9146 225
17960 2 2 2 2 5431 9215 8469
17961 2 2 2 2 4989 9215 5452
17962 2 2 2 2 4999 9248 5000
17963 2 2 2 2 8672 9125 407
17964 2 2 2 2 164 9152 163
17965 2 2 2 2 98 9162 97
17966 2 2 2 2 3809 9202 3808
17967 2 2 2 2 9123 9195 412
17968 2 2 2 2 5452 9304 9185
17969 2 2 2 2 253 9160 252
17970 2 2 2 2 5480 9232 8834
17971 2 2 2 2 217 9196 216
17972 2 2 2 2 329 9367 8305
17973 2 2 2 2 7949 8740 7952
17974 2 2 2 2 5521 9319 318
17975 2 2 2 2 44 9197 336
17976 2 2 2 2 447 9197 45
17977 2 2 2 2 366 9179 230
17978 2 2 2 2 365 9181 74
17979 2 2 2 2 364 9180 152
17980 2 2 2 2 128 9163 7666
17981 2 2 2 2 4913 9220 9219
17982 2 2 2 2 78 8304 410
17983 2 2 2 2 6294 9268 5522
17984 2 2 2 2 5495 9377 432
17985 2 2 2 2 349 9193 173
17986 2 2 2 2 6876 6880 6874
17987 2 2 2 2 410 9190 77
17988 2 2 2 2 421 9177 149
17989 2 2 2 2 407 9125 83
17990 2 2 2 2 6868 9313 355
17991 2 2 2 2 16 9171 15
17992 2 2 2 2 7666 9163 4993
17993 2 2 2 2 8 9165 391
17994 2 2 2 2 242 9164 380
17995 2 2 2 2 7868 7873 7866
17996 2 2 2 2 3031 9195 5529
17997 2 2 2 2 8803 9243 8829
17998 2 2 2 2 5340 9235 8972
17999 2 2 2 2 8032 8035 8034
18000 2 2 2 2 162 9136 161
18001 2 2 2 2 200 9129 9128
18002 2 2 2 2 7949 7952 7951
18003 2 2 2 2 5522 9319 5521
18004 2 2 2 2 338 9199 36
18005 2 2 2 2 35 9199 446
18006 2 2 2 2 4962 9208 5446
18007 2 2 2 2 9269 9301 4910
18008 2 2 2 2 429 8920 8919
18009 2 2 2 2 4931 9227 4996
18010 2 2 2 2 6344 9235 5341
18011 2 2 2 2 437 9224 9167
18012 2 2 2 2 5493 9224 5492
18013 2 2 2 2 92 9159 91
18014 2 2 2 2 9142 9356 338
18015 2 2 2 2 5480 8834 5478
18016 2 2 2 2 413 9188 159
18017 2 2 2 2 158 9188 323
18018 2 2 2 2 247 9150 423
18019 2 2 2 2 171 8920 429
18020 2 2 2 2 5000 9226 5536
18021 2 2 2 2 360 9201 284
18022 2 2 2 2 8587 9286 4999
18023 2 2 2 2 58 9204 57
18024 2 2 2 2 4957 9231 5517
18025 2 2 2 2 5433 9231 4955
18026 2 2 2 2 377 9203 32
18027 2 2 2 2 31 9203 444
18028 2 2 2 2 9205 9218 5491
18029 2 2 2 2 9147 9208 347
18030 2 2 2 2 5510 9388 419
18031 2 2 2 2 370 9152 164
18032 2 2 2 2 400 9245 8656
18033 2 2 2 2 9194 9261 8849
18034 2 2 2 2 9120 9355 6875
18035 2 2 2 2 321 9212 122
18036 2 2 2 2 153 9221 364
18037 2 2 2 2 7665 9366 379
18038 2 2 2 2 216 9196 389
18039 2 2 2 2 277 9213 412
18040 2 2 2 2 335 9213 278
18041 2 2 2 2 165 9118 370
18042 2 2 2 2 9115 9119 353
18043 2 2 2 2 341 9214 115
18044 2 2 2 2 114 9214 411
18045 2 2 2 2 360 9265 5520
18046 2 2 2 2 5414 9230 8930
18047 2 2 2 2 245 9121 359
18048 2 2 2 2 8814 9234 4998
18049 2 2 2 2 5001 9244 4954
18050 2 2 2 2 45 9197 44
18051 2 2 2 2 4997 9234 5463
18052 2 2 2 2 4702 9232 8866
18053 2 2 2 2 8569 9207 8568
18054 2 2 2 2 7602 9241 7600
18055 2 2 2 2 332 9285 5512
18056 2 2 2 2 5518 9206 5519
18057 2 2 2 2 51 9217 361
18058 2 2 2 2 8733 9237 8734
18059 2 2 2 2 4978 9255 9108
18060 2 2 2 2 5514 9180 364
18061 2 2 2 2 2 9125 329
18062 2 2 2 2 173 9193 172
18063 2 2 2 2 9100 9242 5399
18064 2 2 2 2 7873 9043 7866
18065 2 2 2 2 5499 9160 253
18066 2 2 2 2 399 8845 8789
18067 2 2 2 2 5484 9238 5658
18068 2 2 2 2 4947 9277 5481
18069 2 2 2 2 4142 7325 5506
18070 2 2 2 2 5400 9242 8888
18071 2 2 2 2 439 9366 7665
18072 2 2 2 2 283 9201 9169
18073 2 2 2 2 8866 9228 5002
18074 2 2 2 2 5501 9161 416
18075 2 2 2 2 9 9165 8
18076 2 2 2 2 243 9164 242
18077 2 2 2 2 5007 9239 7322
18078 2 2 2 2 8656 9245 4972
18079 2 2 2 2 80 8301 325
18080 2 2 2 2 4140 9269 4910
18081 2 2 2 2 6510 9332 9113
18082 2 2 2 2 367 9222 207
18083 2 2 2 2 4971 9245 6525
18084 2 2 2 2 412 9213 9123
18085 2 2 2 2 405 9136 162
18086 2 2 2 2 7867 9171 7870
18087 2 2 2 2 312 9198 311
18088 2 2 2 2 330 9225 56
18089 2 2 2 2 5280 9205 5278
18090 2 2 2 2 9150 9228 423
18091 2 2 2 2 416 9335 5500
18092 2 2 2 2 4979 9249 7021
18093 2 2 2 2 240 9247 5447
18094 2 2 2 2 36 9199 35
18095 2 2 2 2 7951 9287 7950
18096 2 2 2 2 6867 9259 6847
18097 2 2 2 2 6849 9259 6865
18098 2 2 2 2 5491 9284 424
18099 2 2 2 2 409 9355 9120
18100 2 2 2 2 8826 9263 4980
18101 2 2 2 2 121 9212 9131
18102 2 2 2 2 145 9216 386
18103 2 2 2 2 8789 9363 399
18104 2 2 2 2 427 9010 237
18105 2 2 2 2 8916 9260 4984
18106 2 2 2 2 9107 9139 440
18107 2 2 2 2 5500 9252 5454
18108 2 2 2 2 5897 9252 5898
18109 2 2 2 2 9113 9332 435
18110 2 2 2 2 9162 9271 8844
18111 2 2 2 2 423 9121 246
18112 2 2 2 2 9158 9165 9
18113 2 2 2 2 159 9188 158
18114 2 2 2 2 5451 9392 5431
18115 2 2 2 2 43 9229 42
18116 2 2 2 2 418 9348 6869
18117 2 2 2 2 5477 9209 5410
18118 2 2 2 2 394 9323 5494
18119 2 2 2 2 9155 9217 52
18120 2 2 2 2 4982 9263 5486
18121 2 2 2 2 5469 9184 9183
18122 2 2 2 2 284 9201 283
18123 2 2 2 2 9224 9280 9167
18124 2 2 2 2 4930 9211 5434
18125 2 2 2 2 197 9236 434
18126 2 2 2 2 398 9236 198
18127 2 2 2 2 57 9204 330
18128 2 2 2 2 9164 9302 5479
18129 2 2 2 2 8876 9361 8804
18130 2 2 2 2 5523 9249 5550
18131 2 2 2 2 6616 9267 6617
18132 2 2 2 2 4977 9210 8657
18133 2 2 2 2 328 9111 4
18134 2 2 2 2 32 9203 31
18135 2 2 2 2 5520 9265 4991
18136 2 2 2 2 4990 9265 5451
18137 2 2 2 2 7968 9287 7954
18138 2 2 2 2 8849 9261 8850
18139 2 2 2 2 349 9194 9193
18140 2 2 2 2 6845 9274 6867
18141 2 2 2 2 6868 9274 6843
18142 2 2 2 2 6876 9355 6883
18143 2 2 2 2 374 9113 258
18144 2 2 2 2 8844 9386 9162
18145 2 2 2 2 167 9119 404
18146 2 2 2 2 206 9222 9182
18147 2 2 2 2 306 9256 420
18148 2 2 2 2 6344 9395 319
18149 2 2 2 2 8469 9215 4989
18150 2 2 2 2 83 9125 2
18151 2 2 2 2 33 9240 377
18152 2 2 2 2 446 9240 34
18153 2 2 2 2 9150 9385 9228
18154 2 2 2 2 5406 9323 9182
18155 2 2 2 2 387 9249 5523
18156 2 2 2 2 346 9322 8846
18157 2 2 2 2 8587 9325 9286
18158 2 2 2 2 169 8939 353
18159 2 2 2 2 9223 9233 4924
18160 2 2 2 2 8843 9386 8844
18161 2 2 2 2 5668 9288 5663
18162 2 2 2 2 8850 9300 5428
18163 2 2 2 2 4992 9279 8875
18164 2 2 2 2 6524 9278 4995
18165 2 2 2 2 295 9343 7021
18166 2 2 2 2 8591 9292 6853
18167 2 2 2 2 6855 9292 6869
18168 2 2 2 2 5135 9278 6417
18169 2 2 2 2 5427 9387 6269
18170 2 2 2 2 5517 9310 430
18171 2 2 2 2 122 9212 121
18172 2 2 2 2 170 8939 169
18173 2 2 2 2 7665 9306 439
18174 2 2 2 2 9175 9374 441
18175 2 2 2 2 8693 9293 6394
18176 2 2 2 2 93 9251 92
18177 2 2 2 2 9139 9226 340
18178 2 2 2 2 9122 9240 446
18179 2 2 2 2 278 9213 277
18180 2 2 2 2 60 9250 388
18181 2 2 2 2 434 9254 196
18182 2 2 2 2 195 9254 337
18183 2 2 2 2 363 9279 9163
18184 2 2 2 2 353 9119 168
18185 2 2 2 2 7021 9344 295
18186 2 2 2 2 8305 9367 8302
18187 2 2 2 2 115 9214 114
18188 2 2 2 2 393 9257 47
18189 2 2 2 2 46 9257 447
18190 2 2 2 2 394 9258 204
18191 2 2 2 2 4913 9219 5418
18192 2 2 2 2 257 9113 435
18193 2 2 2 2 9216 9395 6344
18194 2 2 2 2 5448 9374 9175
18195 2 2 2 2 8782 9365 6341
18196 2 2 2 2 8657 9354 131
18197 2 2 2 2 27 9253 430
18198 2 2 2 2 343 9253 28
18199 2 2 2 2 5509 9297 4701
18200 2 2 2 2 8030 9294 8618
18201 2 2 2 2 5428 9387 5427
18202 2 2 2 2 8919 8937 429
18203 2 2 2 2 88 9207 87
18204 2 2 2 2 8695 9293 8694
18205 2 2 2 2 335 9239 9213
18206 2 2 2 2 5474 9312 8786
18207 2 2 2 2 7601 9308 9083
18208 2 2 2 2 5341 9235 5340
18209 2 2 2 2 302 9268 301
18210 2 2 2 2 5436 9389 5432
18211 2 2 2 2 8787 9312 8790
18212 2 2 2 2 5409 9218 5283
18213 2 2 2 2 155 5502 154
18214 2 2 2 2 404 9119 9116
18215 2 2 2 2 8546 9297 3817
18216 2 2 2 2 5499 9326 4996
18217 2 2 2 2 5468 9296 8903
18218 2 2 2 2 5666 9238 408
18219 2 2 2 2 123 9270 321
18220 2 2 2 2 439 9270 124
18221 2 2 2 2 9170 9262 373
18222 2 2 2 2 353 8939 8938
18223 2 2 2 2 415 9311 9142
18224 2 2 2 2 7602 9381 9241
18225 2 2 2 2 368 9377 5495
18226 2 2 2 2 52 9217 51
18227 2 2 2 2 8920 9193 8918
18228 2 2 2 2 6416 9339 5417
18229 2 2 2 2 5463 9306 5405
18230 2 2 2 2 5505 9269 5504
18231 2 2 2 2 5404 9309 8827
18232 2 2 2 2 287 9272 286
18233 2 2 2 2 318 9350 5521
18234 2 2 2 2 6864 9313 6839
18235 2 2 2 2 6841 9313 6868
18236 2 2 2 2 279 9273 335
18237 2 2 2 2 5421 9380 5415
18238 2 2 2 2 345 9244 5497
18239 2 2 2 2 72 9246 419
18240 2 2 2 2 5407 9311 5426
18241 2 2 2 2 5422 9352 6294
18242 2 2 2 2 331 9288 5668
18243 2 2 2 2 7020 9375 7017
18244 2 2 2 2 5511 9297 5509
18245 2 2 2 2 5485 9227 4931
18246 2 2 2 2 8885 9224 5493
18247 2 2 2 2 223 9264 383
18248 2 2 2 2 8031 9376 8029
18249 2 2 2 2 346 9271 99
18250 2 2 2 2 9134 9250 61
18251 2 2 2 2 434 9236 7605
18252 2 2 2 2 5416 9338 5421
18253 2 2 2 2 8842 9338 8840
18254 2 2 2 2 5028 9323 5406
18255 2 2 2 2 193 9281 424
18256 2 2 2 2 337 9281 194
18257 2 2 2 2 42 9282 41
18258 2 2 2 2 8781 9290 8782
18259 2 2 2 2 9122 9371 5444
18260 2 2 2 2 5456 9397 7605
18261 2 2 2 2 9173 9209 428
18262 2 2 2 2 9190 9380 5421
18263 2 2 2 2 349 9261 9194
18264 2 2 2 2 424 9284 192
18265 2 2 2 2 191 9284 376
18266 2 2 2 2 4924 9233 6768
18267 2 2 2 2 213 9283 331
18268 2 2 2 2 183 9289 182
18269 2 2 2 2 5536 9226 9107
18270 2 2 2 2 291 9285 332
18271 2 2 2 2 401 9266 251
18272 2 2 2 2 6860 9348 6866
18273 2 2 2 2 6869 9348 6858
18274 2 2 2 2 417 9200 9149
18275 2 2 2 2 9141 9243 8804
18276 2 2 2 2 4955 9231 4957
18277 2 2 2 2 5466 9340 6822
18278 2 2 2 2 354 9207 88
18279 2 2 2 2 304 6920 318
18280 2 2 2 2 4965 9390 8695
18281 2 2 2 2 144 9290 143
18282 2 2 2 2 8841 9347 5471
18283 2 2 2 2 357 9375 7020
18284 2 2 2 2 9202 9223 4924
18285 2 2 2 2 9181 9246 73
18286 2 2 2 2 5501 9260 9161
18287 2 2 2 2 334 9393 7548
18288 2 2 2 2 4999 9286 9248
18289 2 2 2 2 7460 9330 5469
18290 2 2 2 2 151 9295 150
18291 2 2 2 2 5460 9356 8724
18292 2 2 2 2 399 9363 96
18293 2 2 2 2 9255 9353 9177
18294 2 2 2 2 219 9291 355
18295 2 2 2 2 442 9291 220
18296 2 2 2 2 246 9121 245
18297 2 2 2 2 6836 9370 6864
18298 2 2 2 2 7018 9374 7320
18299 2 2 2 2 4963 9194 8849
18300 2 2 2 2 154 9221 153
18301 2 2 2 2 54 9298 396
18302 2 2 2 2 391 9337 7
18303 2 2 2 2 5486 9362 5526
18304 2 2 2 2 5514 9318 5449
18305 2 2 2 2 207 9222 206
18306 2 2 2 2 58 9351 9204
18307 2 2 2 2 9146 9264 224
18308 2 2 2 2 238 9111 427
18309 2 2 2 2 5521 9350 6919
18310 2 2 2 2 5430 9378 5498
18311 2 2 2 2 288 9304 395
18312 2 2 2 2 68 9307 67
18313 2 2 2 2 317 9388 5510
18314 2 2 2 2 172 8920 171
18315 2 2 2 2 6580 9299 6578
18316 2 2 2 2 6879 9283 6878
18317 2 2 2 2 309 9377 368
18318 2 2 2 2 8938 9115 353
18319 2 2 2 2 9262 9305 373
18320 2 2 2 2 8763 9391 5472
18321 2 2 2 2 420 6920 305
18322 2 2 2 2 56 9225 55
18323 2 2 2 2 9117 9118 404
18324 2 2 2 2 446 9371 9122
18325 2 2 2 2 228 9383 418
18326 2 2 2 2 281 9315 280
18327 2 2 2 2 135 9314 134
18328 2 2 2 2 430 9310 26
18329 2 2 2 2 25 9310 375
18330 2 2 2 2 9213 9239 9123
18331 2 2 2 2 8965 9342 8966
18332 2 2 2 2 5000 9248 9226
18333 2 2 2 2 5526 9362 185
18334 2 2 2 2 6878 9283 214
18335 2 2 2 2 70 9388 317
18336 2 2 2 2 324 9010 9009
18337 2 2 2 2 172 9193 8920
18338 2 2 2 2 134 9324 133
18339 2 2 2 2 374 9346 9100
18340 2 2 2 2 303 9319 302
18341 2 2 2 2 9107 9226 9139
18342 2 2 2 2 143 9329 142
18343 2 2 2 2 286 9328 285
18344 2 2 2 2 5425 9325 8587
18345 2 2 2 2 5446 9332 6509
18346 2 2 2 2 9159 9251 5475
18347 2 2 2 2 418 9317 227
18348 2 2 2 2 226 9317 320
18349 2 2 2 2 106 9335 416
18350 2 2 2 2 342 9335 107
18351 2 2 2 2 5667 9359 5668
18352 2 2 2 2 5469 9330 9184
18353 2 2 2 2 146 9216 145
18354 2 2 2 2 5418 9181 8842
18355 2 2 2 2 295 9344 294
18356 2 2 2 2 296 9343 295
18357 2 2 2 2 5413 9230 5414
18358 2 2 2 2 259 9346 374
18359 2 2 2 2 426 9346 260
18360 2 2 2 2 379 9366 126
18361 2 2 2 2 388 9351 59
18362 2 2 2 2 348 9233 9191
18363 2 2 2 2 355 9349 218
18364 2 2 2 2 9163 9279 4993
18365 2 2 2 2 130 9354 363
18366 2 2 2 2 5519 9347 5257
18367 2 2 2 2 445 9132 7974
18368 2 2 2 2 345 9309 9244
18369 2 2 2 2 421 9255 9177
18370 2 2 2 2 359 9302 244
18371 2 2 2 2 76 9379 75
18372 2 2 2 2 69 9358 68
18373 2 2 2 2 182 9364 181
18374 2 2 2 2 331 9359 212
18375 2 2 2 2 202 9393 334
18376 2 2 2 2 7972 9301 9198
18377 2 2 2 2 217 9349 9196
18378 2 2 2 2 9272 9392 5451
18379 2 2 2 2 125 9366 439
18380 2 2 2 2 98 9271 9162
18381 2 2 2 2 4954 9244 5539
18382 2 2 2 2 9204 9351 8695
18383 2 2 2 2 329 8305 82
18384 2 2 2 2 4998 9234 4997
18385 2 2 2 2 319 9395 147
18386 2 2 2 2 9196 9349 6864
18387 2 2 2 2 8736 9237 8733
18388 2 2 2 2 7605 9397 434
18389 2 2 2 2 5447 9247 5436
18390 2 2 2 2 9185 9304 289
18391 2 2 2 2 8972 9255 4978
18392 2 2 2 2 236 9010 324
18393 2 2 2 2 419 9388 71
18394 2 2 2 2 336 9229 43
18395 2 2 2 2 184 9362 403
18396 2 2 2 2 5668 9359 331
18397 2 2 2 2 8779 9373 8780
18398 2 2 2 2 9220 9394 9219
18399 2 2 2 2 5658 9238 5666
18400 2 2 2 2 432 9377 310
18401 2 2 2 2 8780 9329 8781
18402 2 2 2 2 8972 9353 9255
18403 2 2 2 2 198 9236 197
18404 2 2 2 2 8695 9390 9204
18405 2 2 2 2 5399 9242 5400
18406 2 2 2 2 9218 9341 376
18407 2 2 2 2 348 9275 9233
18408 2 2 2 2 5457 9372 5425
18409 2 2 2 2 7600 9241 7601
18410 2 2 2 2 6864 9370 9196
18411 2 2 2 2 335 9273 9211
18412 2 2 2 2 8778 9186 8777
18413 2 2 2 2 408 9238 9135
18414 2 2 2 2 9233 9275 6768
18415 2 2 2 2 8029 9331 8030
18416 2 2 2 2 419 9394 5510
18417 2 2 2 2 351 9034 8822
18418 2 2 2 2 4142 9269 4140
18419 2 2 2 2 5419 9357 5445
18420 2 2 2 2 9179 9383 229
18421 2 2 2 2 8030 9331 9294
18422 2 2 2 2 4972 9245 4971
18423 2 2 2 2 9123 9239 5007
18424 2 2 2 2 9265 9328 5451
18425 2 2 2 2 8885 9280 9224
18426 2 2 2 2 7870 9171 16
18427 2 2 2 2 9128 9241 398
18428 2 2 2 2 6417 9178 6416
18429 2 2 2 2 330 9390 8592
18430 2 2 2 2 5471 9347 9206
18431 2 2 2 2 8736 9262 9237
18432 2 2 2 2 34 9240 33
18433 2 2 2 2 5550 9249 4979
18434 2 2 2 2 9228 9385 5002
18435 2 2 2 2 6847 9259 6849
18436 2 2 2 2 328 8874 8746
18437 2 2 2 2 8804 9243 8803
18438 2 2 2 2 5482 9334 5484
18439 2 2 2 2 7954 9287 7951
18440 2 2 2 2 5512 9285 5513
18441 2 2 2 2 9197 9340 336
18442 2 2 2 2 8780 9373 358
18443 2 2 2 2 168 9119 167
18444 2 2 2 2 7667 9306 7665
18445 2 2 2 2 258 9113 257
18446 2 2 2 2 9261 9300 8850
18447 2 2 2 2 5454 9252 5897
18448 2 2 2 2 4985 9276 5423
18449 2 2 2 2 8866 9232 9228
18450 2 2 2 2 363 9354 9210
18451 2 2 2 2 7871 9223 9202
18452 2 2 2 2 5508 9276 4985
18453 2 2 2 2 7872 9223 7871
18454 2 2 2 2 358 9329 8780
18455 2 2 2 2 9241 9381 398
18456 2 2 2 2 334 9308 9129
18457 2 2 2 2 443 9369 6389
18458 2 2 2 2 350 9251 93
18459 2 2 2 2 241 9247 240
18460 2 2 2 2 373 9305 9151
18461 2 2 2 2 5440 9340 9197
18462 2 2 2 2 5059 9322 9200
18463 2 2 2 2 340 9248 9140
18464 2 2 2 2 4980 9263 4982
18465 2 2 2 2 9126 9308 334
18466 2 2 2 2 325 8304 79
18467 2 2 2 2 382 9267 9137
18468 2 2 2 2 4910 9301 7971
18469 2 2 2 2 432 9198 5505
18470 2 2 2 2 243 9302 9164
18471 2 2 2 2 61 9250 60
18472 2 2 2 2 9305 9345 9151
18473 2 2 2 2 196 9254 195
18474 2 2 2 2 6866 9383 9179
18475 2 2 2 2 9156 9333 8888
18476 2 2 2 2 6768 9275 4994
18477 2 2 2 2 307 9256 306
18478 2 2 2 2 5403 9262 8736
18479 2 2 2 2 8864 9326 9208
18480 2 2 2 2 47 9257 46
18481 2 2 2 2 204 9258 203
18482 2 2 2 2 9244 9309 5539
18483 2 2 2 2 7971 9301 7972
18484 2 2 2 2 28 9253 27
18485 2 2 2 2 9209 9341 5409
18486 2 2 2 2 5505 9301 9269
18487 2 2 2 2 4996 9326 8864
18488 2 2 2 2 4991 9265 4990
18489 2 2 2 2 8846 9322 5059
18490 2 2 2 2 9211 9273 5434
18491 2 2 2 2 6843 9274 6845
18492 2 2 2 2 9148 9316 9275
18493 2 2 2 2 365 9338 8842
18494 2 2 2 2 404 9118 166
18495 2 2 2 2 9148 9275 348
18496 2 2 2 2 9207 9361 8568
18497 2 2 2 2 9225 9298 55
18498 2 2 2 2 5484 9334 9238
18499 2 2 2 2 5426 9267 6616
18500 2 2 2 2 9338 9379 5421
18501 2 2 2 2 301 9268 385
18502 2 2 2 2 5425 9372 9325
18503 2 2 2 2 9175 9352 5448
18504 2 2 2 2 4 9111 238
18505 2 2 2 2 9196 9370 389
18506 2 2 2 2 409 9120 233
18507 2 2 2 2 124 9270 123
18508 2 2 2 2 232 6877 231
18509 2 2 2 2 8302 9367 8303
18510 2 2 2 2 9226 9248 340
18511 2 2 2 2 5502 9221 154
18512 2 2 2 2 8918 9194 4963
18513 2 2 2 2 5516 9180 5514
18514 2 2 2 2 395 9272 287
18515 2 2 2 2 9167 9280 344
18516 2 2 2 2 413 9189 9188
18517 2 2 2 2 4993 9279 4992
18518 2 2 2 2 81 8301 80
18519 2 2 2 2 9309 9364 8827
18520 2 2 2 2 354 9361 9207
18521 2 2 2 2 280 9273 279
18522 2 2 2 2 8029 9376 9331
18523 2 2 2 2 6853 9292 6855
18524 2 2 2 2 4995 9278 5135
18525 2 2 2 2 6920 9350 318
18526 2 2 2 2 8886 9280 8885
18527 2 2 2 2 9116 9117 404
18528 2 2 2 2 6918 9350 6920
18529 2 2 2 2 413 8043 8042
18530 2 2 2 2 9193 9194 8918
18531 2 2 2 2 73 9246 72
18532 2 2 2 2 8618 9294 9117
18533 2 2 2 2 380 9247 241
18534 2 2 2 2 385 9352 9175
18535 2 2 2 2 9216 9365 386
18536 2 2 2 2 9245 9324 6525
18537 2 2 2 2 146 9395 9216
18538 2 2 2 2 237 9010 236
18539 2 2 2 2 5403 9305 9262
18540 2 2 2 2 224 9264 223
18541 2 2 2 2 99 9271 98
18542 2 2 2 2 5663 9288 5665
18543 2 2 2 2 9009 9277 4947
18544 2 2 2 2 194 9281 193
18545 2 2 2 2 9153 9261 349
18546 2 2 2 2 41 9282 382
18547 2 2 2 2 9275 9316 4994
18548 2 2 2 2 427 9277 9010
18549 2 2 2 2 8694 9293 8693
18550 2 2 2 2 7021 9343 7020
18551 2 2 2 2 5498 9378 9307
18552 2 2 2 2 192 9284 191
18553 2 2 2 2 214 9283 213
18554 2 2 2 2 6343 9365 9216
18555 2 2 2 2 403 9289 183
18556 2 2 2 2 292 9285 291
18557 2 2 2 2 5524 9299 6580
18558 2 2 2 2 251 9266 250
18559 2 2 2 2 4701 9297 8546
18560 2 2 2 2 9184 9330 393
18561 2 2 2 2 8790 9363 8789
18562 2 2 2 2 9198 9301 5505
18563 2 2 2 2 9200 9322 9149
18564 2 2 2 2 9160 9227 401
18565 2 2 2 2 8886 9333 9280
18566 2 2 2 2 7020 9343 357
18567 2 2 2 2 8786 9312 8787
18568 2 2 2 2 5487 9256 307
18569 2 2 2 2 386 9290 144
18570 2 2 2 2 9217 9296 361
18571 2 2 2 2 364 9318 5514
18572 2 2 2 2 9182 9323 394
18573 2 2 2 2 9280 9333 344
18574 2 2 2 2 5433 9368 9145
18575 2 2 2 2 150 9295 421
18576 2 2 2 2 8903 9296 5462
18577 2 2 2 2 407 9050 8672
18578 2 2 2 2 359 9303 9302
18579 2 2 2 2 5539 9309 5404
18580 2 2 2 2 5511 9394 9220
18581 2 2 2 2 220 9291 219
18582 2 2 2 2 9173 9341 9209
18583 2 2 2 2 8916 9327 9260
18584 2 2 2 2 5405 9306 7667
18585 2 2 2 2 305 6920 304
18586 2 2 2 2 55 9298 54
18587 2 2 2 2 9300 9387 5428
18588 2 2 2 2 5525 9336 343
18589 2 2 2 2 9248 9286 9140
18590 2 2 2 2 5479 9303 5478
18591 2 2 2 2 6839 9313 6841
18592 2 2 2 2 5402 9305 5403
18593 2 2 2 2 9140 9286 425
18594 2 2 2 2 9258 9393 203
18595 2 2 2 2 9083 9308 9126
18596 2 2 2 2 232 9120 6877
18597 2 2 2 2 289 9304 288
18598 2 2 2 2 5476 9256 5487
18599 2 2 2 2 67 9307 384
18600 2 2 2 2 5450 9221 5502
18601 2 2 2 2 5449 9318 5450
18602 2 2 2 2 5442 9311 5407
18603 2 2 2 2 9286 9325 425
18604 2 2 2 2 9168 9321 339
18605 2 2 2 2 6919 9350 6918
18606 2 2 2 2 9230 9321 8930
18607 2 2 2 2 9249 9344 7021
18608 2 2 2 2 4994 9316 8261
18609 2 2 2 2 9010 9277 9009
18610 2 2 2 2 5402 9345 9305
18611 2 2 2 2 397 9315 281
18612 2 2 2 2 8840 9338 5416
18613 2 2 2 2 333 9314 135
18614 2 2 2 2 26 9310 25
18615 2 2 2 2 5494 9323 5028
18616 2 2 2 2 377 9299 9203
18617 2 2 2 2 360 9328 9265
18618 2 2 2 2 9050 9342 8965
18619 2 2 2 2 9204 9390 330
18620 2 2 2 2 9208 9326 347
18621 2 2 2 2 7461 9330 7460
18622 2 2 2 2 133 9324 400
18623 2 2 2 2 8966 9342 369
18624 2 2 2 2 9199 9371 446
18625 2 2 2 2 84 9051 407
18626 2 2 2 2 318 9319 303
18627 2 2 2 2 9316 9368 8261
18628 2 2 2 2 9203 9299 5524
18629 2 2 2 2 436 9316 9148
18630 2 2 2 2 5462 9296 9217
18631 2 2 2 2 6509 9332 6510
18632 2 2 2 2 9210 9354 8657
18633 2 2 2 2 436 9368 9316
18634 2 2 2 2 9121 9320 5480
18635 2 2 2 2 434 9397 9254
18636 2 2 2 2 142 9329 358
18637 2 2 2 2 285 9328 360
18638 2 2 2 2 422 9243 9141
18639 2 2 2 2 8842 9181 365
18640 2 2 2 2 6858 9348 6860
18641 2 2 2 2 8888 9333 8886
18642 2 2 2 2 7091 9345 5402
18643 2 2 2 2 431 9300 9153
18644 2 2 2 2 5448 9352 5422
18645 2 2 2 2 9151 9345 414
18646 2 2 2 2 227 9317 226
18647 2 2 2 2 9238 9334 9135
18648 2 2 2 2 347 9326 5499
18649 2 2 2 2 107 9335 106
18650 2 2 2 2 5481 9384 8746
18651 2 2 2 2 5434 9357 5419
18652 2 2 2 2 6822 9340 5440
18653 2 2 2 2 5417 9339 8776
18654 2 2 2 2 423 9320 9121
18655 2 2 2 2 5257 9347 8841
18656 2 2 2 2 8746 9384 9111
18657 2 2 2 2 343 9396 9253
18658 2 2 2 2 5409 9341 9218
18659 2 2 2 2 9174 9382 9369
18660 2 2 2 2 294 9344 387
18661 2 2 2 2 351 9385 9150
18662 2 2 2 2 166 9118 165
18663 2 2 2 2 5460 9371 9199
18664 2 2 2 2 9235 9353 8972
18665 2 2 2 2 9153 9300 9261
18666 2 2 2 2 81 8305 8301
18667 2 2 2 2 95 9363 8790
18668 2 2 2 2 8845 9386 8843
18669 2 2 2 2 357 9343 296
18670 2 2 2 2 425 9325 9157
18671 2 2 2 2 7605 9381 7602
18672 2 2 2 2 372 9327 9143
18673 2 2 2 2 260 9346 259
18674 2 2 2 2 7091 9360 9345
18675 2 2 2 2 6341 9365 6343
18676 2 2 2 2 9162 9386 399
18677 2 2 2 2 6875 9355 6876
18678 2 2 2 2 59 9351 58
18679 2 2 2 2 9187 9375 357
18680 2 2 2 2 8724 9356 5442
18681 2 2 2 2 9149 9322 346
18682 2 2 2 2 218 9349 217
18683 2 2 2 2 9135 9334 367
18684 2 2 2 2 79 8304 78
18685 2 2 2 2 131 9354 130
18686 2 2 2 2 9345 9360 414
18687 2 2 2 2 9369 9382 6387
18688 2 2 2 2 212 9359 211
18689 2 2 2 2 233 9120 232
18690 2 2 2 2 7 9337 6
18691 2 2 2 2 8261 9368 5433
18692 2 2 2 2 9294 9331 370
18693 2 2 2 2 185 9362 184
18694 2 2 2 2 6389 9369 6387
18695 2 2 2 2 8568 9361 8876
18696 2 2 2 2 244 9302 243
18697 2 2 2 2 317 9358 69
18698 2 2 2 2 5461 9391 8763
18699 2 2 2 2 376 9341 9173
18700 2 2 2 2 6835 9370 6836
18701 2 2 2 2 96 9363 95
18702 2 2 2 2 126 9366 125
18703 2 2 2 2 82 8305 81
18704 2 2 2 2 181 9364 345
18705 2 2 2 2 9206 9347 5519
18706 2 2 2 2 6387 9382 6386
18707 2 2 2 2 7320 9374 5448
18708 2 2 2 2 5444 9371 5460
18709 2 2 2 2 7017 9375 7018
18710 2 2 2 2 5424 9189 8042
18711 2 2 2 2 310 9377 309
18712 2 2 2 2 8777 9373 8779
18713 2 2 2 2 5510 9394 5511
18714 2 2 2 2 5431 9392 9215
18715 2 2 2 2 5898 9360 7091
18716 2 2 2 2 85 9051 84
18717 2 2 2 2 5415 9380 8306
18718 2 2 2 2 75 9379 365
18719 2 2 2 2 229 9383 228
18720 2 2 2 2 5002 9385 8822
18721 2 2 2 2 3 8043 160
18722 2 2 2 2 5432 9389 8901
18723 2 2 2 2 71 9388 70
18724 2 2 2 2 344 9333 9156
18725 2 2 2 2 8592 9390 4965
18726 2 2 2 2 203 9393 202
18727 2 2 2 2 147 9395 146
18728 2 2 2 2 400 9324 9245
18729 2 2 2 2 5496 9397 5456
18730 2 2 2 2 9152 9376 405
18731 2 2 2 2 6269 9387 431
18732 2 2 2 2 370 9331 9152
18733 2 2 2 2 9221 9318 364
18734 2 2 2 2 6386 9378 5430
18735 2 2 2 2 9228 9320 423
18736 2 2 2 2 9177 9353 319
18737 2 2 2 2 339 9321 9230
18738 2 2 2 2 9378 9382 384
18739 2 2 2 2 9174 9369 443
18740 2 2 2 2 398 9381 9236
18741 2 2 2 2 6386 9382 9378
18742 2 2 2 2 384 9382 9174
18743 2 2 2 2 9206 9336 5471
18744 2 2 2 2 9172 9360 5898
18745 2 2 2 2 9157 9372 378
18746 2 2 2 2 358 9373 9186
18747 2 2 2 2 9145 9368 436
18748 2 2 2 2 414 9360 9172
18749 2 2 2 2 9302 9303 5479
18750 2 2 2 2 9111 9384 427
18751 2 2 2 2 407 9051 9050
18752 2 2 2 2 410 9380 9190
18753 2 2 2 2 9219 9394 419
18754 2 2 2 2 9325 9372 9157
18755 2 2 2 2 9232 9320 9228
18756 2 2 2 2 9051 9342 9050
18757 2 2 2 2 7018 9375 9187
18758 2 2 2 2 387 9344 9249
18759 2 2 2 2 9254 9397 5496
18760 2 2 2 2 9331 9376 9152
18761 2 2 2 2 9236 9381 7605
18762 2 2 2 2 345 9364 9309
18763 2 2 2 2 9253 9396 5518
18764 2 2 2 2 9260 9327 372
18765 2 2 2 2 365 9379 9338
18766 2 2 2 2 5518 9396 9206
18767 2 2 2 2 9215 9392 395
18768 2 2 2 2 399 9386 8845
18769 2 2 2 2 5480 9320 9232
18770 2 2 2 2 319 9353 9235
18771 2 2 2 2 431 9387 9300
18772 2 2 2 2 9315 9357 5434
18773 2 2 2 2 8822 9385 351
18774 2 2 2 2 9307 9378 384
18775 2 2 2 2 5450 9318 9221
18776 2 2 2 2 395 9392 9272
18777 2 2 2 2 397 9357 9315
18778 2 2 2 2 8306 9380 410
18779 2 2 2 2 9186 9373 8777
18780 2 2 2 2 9206 9396 9336
18781 2 2 2 2 9336 9396 343
18782 2 2 2 2 8042 9189 413
18783 2 2 2 2 4986 9189 5424
18784 2 2 2 2 6 326 5
18785 2 2 2 2 6 7969 326
18786 2 2 2 2 87 369 86
18787 2 2 2 2 87 8569 369
18788 2 2 2 2 160 8043 159
18789 2 2 2 2 159 8043 413
18790 2 2 2 2 5423 9189 4986
18791 2 2 2 2 7961 9132 7962
18792 2 2 2 2 7974 9132 7961
$EndElements
