$MeshFormat
2.2 0 8
$EndMeshFormat
$Nodes
1372
1 0.75 0.5 0
2 0.5 0.625 0
3 0.25 0.5 0
4 0.5 0.375 0
5 0 0 0
6 1 0 0
7 0 1 0
8 1 1 0
9 0.75 0.5 0
10 0.5 0.625 0
11 0.25 0.5 0
12 0.5 0.375 0
13 0.03125 0 0
14 0.0625 0 0
15 0.09375 0 0
16 0.125 0 0
17 0.15625 0 0
18 0.1875 0 0
19 0.21875 0 0
20 0.25 0 0
21 0.28125 0 0
22 0.3125 0 0
23 0.34375 0 0
24 0.375 0 0
25 0.40625 0 0
26 0.4375 0 0
27 0.46875 0 0
28 0.5 0 0
29 0.53125 0 0
30 0.5625 0 0
31 0.59375 0 0
32 0.625 0 0
33 0.65625 0 0
34 0.6875 0 0
35 0.71875 0 0
36 0.75 0 0
37 0.78125 0 0
38 0.8125 0 0
39 0.84375 0 0
40 0.875 0 0
41 0.90625 0 0
42 0.9375 0 0
43 0.96875 0 0
44 0 0.96875 0
45 0 0.9375 0
46 0 0.90625 0
47 0 0.875 0
48 0 0.84375 0
49 0 0.8125 0
50 0 0.78125 0
51 0 0.75 0
52 0 0.71875 0
53 0 0.6875 0
54 0 0.65625 0
55 0 0.625 0
56 0 0.59375 0
57 0 0.5625 0
58 0 0.53125 0
59 0 0.5 0
60 0 0.46875 0
61 0 0.4375 0
62 0 0.40625 0
63 0 0.375 0
64 0 0.34375 0
65 0 0.3125 0
66 0 0.28125 0
67 0 0.25 0
68 0 0.21875 0
69 0 0.1875 0
70 0 0.15625 0
71 0 0.125 0
72 0 0.09375 0
73 0 0.0625 0
74 0 0.03125 0
75 1 0.03125 0
76 1 0.0625 0
77 1 0.09375 0
78 1 0.125 0
79 1 0.15625 0
80 1 0.1875 0
81 1 0.21875 0
82 1 0.25 0
83 1 0.28125 0
84 1 0.3125 0
85 1 0.34375 0
86 1 0.375 0
87 1 0.40625 0
88 1 0.4375 0
89 1 0.46875 0
90 1 0.5 0
91 1 0.53125 0
92 1 0.5625 0
93 1 0.59375 0
94 1 0.625 0
95 1 0.65625 0
96 1 0.6875 0
97 1 0.71875 0
98 1 0.75 0
99 1 0.78125 0
100 1 0.8125 0
101 1 0.84375 0
102 1 0.875 0
103 1 0.90625 0
104 1 0.9375 0
105 1 0.96875 0
106 0.96875 1 0
107 0.9375 1 0
108 0.90625 1 0
109 0.875 1 0
110 0.84375 1 0
111 0.8125 1 0
112 0.78125 1 0
113 0.75 1 0
114 0.71875 1 0
115 0.6875 1 0
116 0.65625 1 0
117 0.625 1 0
118 0.59375 1 0
119 0.5625 1 0
120 0.53125 1 0
121 0.5 1 0
122 0.46875 1 0
123 0.4375 1 0
124 0.40625 1 0
125 0.375 1 0
126 0.34375 1 0
127 0.3125 1 0
128 0.28125 1 0
129 0.25 1 0
130 0.21875 1 0
131 0.1875 1 0
132 0.15625 1 0
133 0.125 1 0
134 0.09375 1 0
135 0.0625 1 0
136 0.03125 1 0
137 0.7430776431520629 0.5292115533635168 0
138 0.7256456995618559 0.5538145386239646 0
139 0.7025281824920887 0.5732842672346037 0
140 0.676420906346086 0.5885658848033846 0
141 0.6486179744463727 0.6005145482896099 0
142 0.6197842932049799 0.609717504416323 0
143 0.5902988266702307 0.6165612734809247 0
144 0.5604008753906635 0.6212968819179223 0
145 0.5302577795947366 0.6240810891856575 0
146 0.4697422204052634 0.6240810891856575 0
147 0.4395991246093365 0.6212968819179223 0
148 0.4097011733297694 0.6165612734809247 0
149 0.3802157067950202 0.609717504416323 0
150 0.3513820255536273 0.6005145482896099 0
151 0.323579093653914 0.5885658848033846 0
152 0.2974718175079114 0.5732842672346037 0
153 0.2743543004381441 0.5538145386239645 0
154 0.2569223568479371 0.5292115533635168 0
155 0.256922356847937 0.4707884466364833 0
156 0.274354300438144 0.4461854613760356 0
157 0.2974718175079111 0.4267157327653965 0
158 0.3235790936539139 0.4114341151966155 0
159 0.351382025553627 0.3994854517103902 0
160 0.38021570679502 0.390282495583677 0
161 0.4097011733297692 0.3834387265190753 0
162 0.4395991246093363 0.3787031180820777 0
163 0.4697422204052634 0.3759189108143425 0
164 0.5302577795947365 0.3759189108143425 0
165 0.5604008753906636 0.3787031180820777 0
166 0.5902988266702305 0.3834387265190753 0
167 0.6197842932049801 0.3902824955836771 0
168 0.6486179744463729 0.3994854517103902 0
169 0.6764209063460862 0.4114341151966155 0
170 0.702528182492089 0.4267157327653966 0
171 0.7256456995618561 0.4461854613760357 0
172 0.743077643152063 0.4707884466364834 0
173 0.7430776431520629 0.5292115533635168 0
174 0.7256456995618559 0.5538145386239646 0
175 0.7025281824920887 0.5732842672346037 0
176 0.676420906346086 0.5885658848033846 0
177 0.6486179744463727 0.6005145482896099 0
178 0.6197842932049799 0.609717504416323 0
179 0.5902988266702307 0.6165612734809247 0
180 0.5604008753906635 0.6212968819179223 0
181 0.5302577795947366 0.6240810891856575 0
182 0.4697422204052634 0.6240810891856575 0
183 0.4395991246093365 0.6212968819179223 0
184 0.4097011733297694 0.6165612734809247 0
185 0.3802157067950202 0.609717504416323 0
186 0.3513820255536273 0.6005145482896099 0
187 0.323579093653914 0.5885658848033846 0
188 0.2974718175079114 0.5732842672346037 0
189 0.2743543004381441 0.5538145386239645 0
190 0.2569223568479371 0.5292115533635168 0
191 0.256922356847937 0.4707884466364833 0
192 0.274354300438144 0.4461854613760356 0
193 0.2974718175079111 0.4267157327653965 0
194 0.3235790936539139 0.4114341151966155 0
195 0.351382025553627 0.3994854517103902 0
196 0.38021570679502 0.390282495583677 0
197 0.4097011733297692 0.3834387265190753 0
198 0.4395991246093363 0.3787031180820777 0
199 0.4697422204052634 0.3759189108143425 0
200 0.5302577795947365 0.3759189108143425 0
201 0.5604008753906636 0.3787031180820777 0
202 0.5902988266702305 0.3834387265190753 0
203 0.6197842932049801 0.3902824955836771 0
204 0.6486179744463729 0.3994854517103902 0
205 0.6764209063460862 0.4114341151966155 0
206 0.702528182492089 0.4267157327653966 0
207 0.7256456995618561 0.4461854613760357 0
208 0.743077643152063 0.4707884466364834 0
209 0.234375 0.9729367061317362 0
210 0.7667038600107552 0.9733513764059818 0
211 0.2305424924053631 0.02641529407360987 0
212 0.7595204326786918 0.02413533079335739 0
213 0.7012103316384417 0.6050014366520745 0
214 0.3023231179237164 0.6075845905551587 0
215 0.2987901243214207 0.3949986471700697 0
216 0.7001331679283223 0.3941167604696763 0
217 0.610096879525255 0.6375509213339117 0
218 0.3921416235584663 0.6386951060369798 0
219 0.3900197114316752 0.3622997668072799 0
220 0.6043515336787906 0.3605244295208928 0
221 0.02644343644046038 0.7638950194190834 0
222 0.9725205407718102 0.7639377282241102 0
223 0.02583342795129073 0.2340017659611573 0
224 0.9685129622944333 0.2365048643558672 0
225 0.5172619150082151 0.6511542929627769 0
226 0.4829985915610718 0.3490018990794349 0
227 0.4182847874664301 0.9769737373605268 0
228 0.578125 0.02706329386826373 0
229 0.6399588900637206 0.973325048092462 0
230 0.3607493417899901 0.02660070337480036 0
231 0.4530941184797628 0.02613496649572983 0
232 0.546875 0.9729367061317362 0
233 0.671875 0.02706329386826373 0
234 0.3280400252445651 0.975500237969819 0
235 0.02661372685452568 0.671849376918757 0
236 0.9748000124965747 0.6713124040837524 0
237 0.02652257166307315 0.330022372144122 0
238 0.9729367061317362 0.328125 0
239 0.8587919716437915 0.02906596167615383 0
240 0.02489845429470455 0.8598017756706394 0
241 0.1396032611643087 0.02522047703174346 0
242 0.973835090571021 0.8565610479806574 0
243 0.755657351372468 0.4433668588074127 0
244 0.2443235973210187 0.4434067933416186 0
245 0.2442216764678348 0.5551935275913477 0
246 0.7555893601498879 0.5565634480079931 0
247 0.9743421440220275 0.4842276100535978 0
248 0.02519662966776454 0.5157327604978965 0
249 0.02718041722210945 0.4220552989287508 0
250 0.9748834413260288 0.5783126333708493 0
251 0.02771136484453879 0.1432948123429888 0
252 0.9738316420156422 0.1410908405112665 0
253 0.8600319728585542 0.9715554007053657 0
254 0.1438287439505292 0.9746646784965798 0
255 0.44844150460205 0.6503533371158693 0
256 0.5496930106667591 0.3498048207343586 0
257 0.02605469060540466 0.5762887546699533 0
258 0.9733482061126871 0.4216994270190466 0
259 0.5156249697232508 0.02631200160944558 0
260 0.4806216540697151 0.9746546855377493 0
261 0.296875 0.02706329386826373 0
262 0.7043474413343316 0.9741980107199391 0
263 0.02706302694015206 0.9218704618122389 0
264 0.07812616964519709 0.02652562648291734 0
265 0.9215639370274087 0.02796140658690505 0
266 0.9730246592721421 0.9205894800938514 0
267 0.02708202637340273 0.07616400691228281 0
268 0.9788576548867363 0.0781241482043854 0
269 0.9230369663882305 0.9677187412402598 0
270 0.08183665554981268 0.9742453197809186 0
271 0.7722449586747482 0.468443646193473 0
272 0.7855777755219115 0.44058808034355 0
273 0.8016498862230671 0.4663339571812922 0
274 0.8150749937105416 0.4382281161476404 0
275 0.7981524068805133 0.4129935181352065 0
276 0.8285734293081246 0.4100050079172545 0
277 0.8109019183442236 0.3851410305356767 0
278 0.8325458148596578 0.4631072627655533 0
279 0.8412641030265153 0.381400462580992 0
280 0.8235644144879222 0.3571330491480081 0
281 0.8540521112634015 0.354243463836911 0
282 0.8362658583881233 0.3293697731734576 0
283 0.8057586879314462 0.3322744252830263 0
284 0.8185037416436478 0.3043970327914897 0
285 0.7879421689237398 0.3073274207431848 0
286 0.8006465571784243 0.2794034821916022 0
287 0.7700750170239439 0.2823220041991087 0
288 0.7828233928322703 0.2543598618324693 0
289 0.7522341554075396 0.2572991496082777 0
290 0.7649866661025143 0.2292982782632793 0
291 0.7343253146616224 0.2322463383047353 0
292 0.7957312385822644 0.2264521236339588 0
293 0.7471134462319848 0.2042134254220829 0
294 0.7164428880946845 0.2071730548592263 0
295 0.7036641746723329 0.2352003820403763 0
296 0.6857877749446067 0.2101528330689987 0
297 0.7292172264993115 0.1790950043793096 0
298 0.6739972300406485 0.2374787414447571 0
299 0.655325970861562 0.2130178357503258 0
300 0.6421230075439973 0.2424678895233667 0
301 0.6244102901343141 0.2150923067949113 0
302 0.6372927682416544 0.1879036225631201 0
303 0.6066567890827302 0.1910869377128804 0
304 0.5937966173000038 0.2177000085812583 0
305 0.5760375622915905 0.1940538120405456 0
306 0.563316490762151 0.2218379132756567 0
307 0.5454542117428771 0.1971929282993777 0
308 0.532748325212695 0.2250380667881808 0
309 0.5148780181436174 0.200250034854529 0
310 0.5019956284927942 0.2263161363820437 0
311 0.4842765839545886 0.2029271441130552 0
312 0.4715014460907381 0.2300550429052952 0
313 0.4537303171816462 0.2060725665159965 0
314 0.4408597216421427 0.2321379255903554 0
315 0.423159901283313 0.2088423207836205 0
316 0.4105740733286743 0.237802794528966 0
317 0.3926494613134984 0.2121937371891538 0
318 0.3800786994725025 0.2412985855183637 0
319 0.3621217907188597 0.2153669320075854 0
320 0.3494254971883385 0.2432576047406354 0
321 0.3315481781791628 0.2181213225302062 0
322 0.3188486774139442 0.246044161148092 0
323 0.3009789748679311 0.2210150833340225 0
324 0.2882705135696901 0.2490101511489067 0
325 0.2703956499673004 0.2240003243823081 0
326 0.2576872935703339 0.2519945244152754 0
327 0.2397617099024647 0.226976457560346 0
328 0.2270233031081549 0.255049243084156 0
329 0.2090910024793818 0.2299645563837841 0
330 0.196361990312715 0.2580628517537672 0
331 0.2218552530409822 0.201877986575036 0
332 0.1911005316480654 0.2048817833422231 0
333 0.3139290056141151 0.1929970995837615 0
334 0.4058498383606818 0.1841415640881015 0
335 0.2039210922739527 0.1767057944729806 0
336 0.214290841035849 0.2831362922070637 0
337 0.1836329101070379 0.2861503316326126 0
338 0.1730746989218166 0.1797329837121128 0
339 0.4978897933732812 0.1752486759900401 0
340 0.6202804142615599 0.1632539165152497 0
341 0.2015621746008754 0.311186650032032 0
342 0.1709423475639862 0.3142092645824097 0
343 0.8492798775988454 0.3017635726437526 0
344 0.1528827804996233 0.2892784040229117 0
345 0.6927095980662262 0.2677164969489134 0
346 0.5592380126496014 0.1693703479301402 0
347 0.759944419983271 0.176142373442924 0
348 0.1858983324405358 0.1515072252416587 0
349 0.2167731390255266 0.1485121455277302 0
350 0.1550322611190408 0.1545020930770724 0
351 0.7420210738549397 0.1509752646370048 0
352 0.7728102249613233 0.1480306541232383 0
353 0.1422045321571631 0.1827750717930788 0
354 0.306165853692309 0.2739469558649936 0
355 0.1888532481664077 0.3392026752210071 0
356 0.1582563633301687 0.3422353916162577 0
357 0.8189165921766255 0.4913870010086094 0
358 0.850748032686134 0.4875542707068186 0
359 0.8379276030573056 0.5153201202971099 0
360 0.8686789690799019 0.5122875459802469 0
361 0.8558339272568942 0.5401293615724811 0
362 0.8668645391524989 0.4565206222865642 0
363 0.1761496772294841 0.3672003686886051 0
364 0.1455716407847789 0.37022477517441 0
365 0.1634405272145583 0.3952123990827991 0
366 0.585903782685279 0.2482803956419437 0
367 0.1328890361952719 0.3982022873906864 0
368 0.1507518841977734 0.4231934501231639 0
369 0.4315445969489937 0.2644487101010003 0
370 0.8717940766061232 0.37840114124085 0
371 0.1987346203521199 0.1232680380978783 0
372 0.2296192135416019 0.1202930392210674 0
373 0.7573753624407763 0.3102771128153066 0
374 0.1202182033424231 0.4261703249721943 0
375 0.1380980488408022 0.4511306150205011 0
376 0.5162274077430075 0.2539714562399725 0
377 0.1284057526303785 0.3448374845638694 0
378 0.1091846575887344 0.4529660847044759 0
379 0.1269919519380389 0.4779834109985475 0
380 0.2189373250334096 0.3365324242013237 0
381 0.7112920171933881 0.1539680598549388 0
382 0.724061556754912 0.1257954902106737 0
383 0.6932995806142488 0.1287815146489711 0
384 0.1241344220988401 0.1575140652017479 0
385 0.1369765455320824 0.1292259742434296 0
386 0.15620164976218 0.4759065652898965 0
387 0.1435490851643338 0.5030930744986225 0
388 0.3656836736999117 0.27080961652774 0
389 0.1113064296178858 0.1858027223222406 0
390 0.8864266035745734 0.5372917094300761 0
391 0.8735638416122914 0.5651311433915209 0
392 0.8430248835245688 0.5679123259291016 0
393 0.8606924011904612 0.5929525901273334 0
394 0.8301590955920923 0.5957194632987641 0
395 0.8478160153422634 0.6207720872391236 0
396 0.8172764420180537 0.623536825234458 0
397 0.8348984480541118 0.6485832764334171 0
398 0.8043736413080671 0.6513594850932858 0
399 0.8220048498779322 0.6764268978046299 0
400 0.7914623120637301 0.6792061109725754 0
401 0.8091255770227124 0.7043043762987842 0
402 0.7785317992654837 0.7070764267910044 0
403 0.7961993840068234 0.7321921868468596 0
404 0.7656189961823761 0.7349662027282038 0
405 0.7833082964495328 0.7601331392939898 0
406 0.7526285786346115 0.7629074579288425 0
407 0.7703846458665079 0.7881189890015351 0
408 0.7396790957387912 0.7908740413819888 0
409 0.8011668825533107 0.7852122715428971 0
410 0.7219267784808464 0.7656679393742449 0
411 0.7089721092917685 0.793607880073002 0
412 0.6912597285885336 0.7684185819588414 0
413 0.6782891043537951 0.7963494226291509 0
414 0.6605961476780927 0.7711737562875591 0
415 0.6476354309925235 0.7990657880552382 0
416 0.6299492383074663 0.7739241888324679 0
417 0.6169911172856647 0.80179359455363 0
418 0.5993137924350945 0.7766703612581044 0
419 0.5863619154840097 0.8045316640233626 0
420 0.5689270846689174 0.7795280722013054 0
421 0.5557754742332036 0.8072695068079698 0
422 0.5380511036318183 0.7821550169111244 0
423 0.5251169144610058 0.8099922269970983 0
424 0.50725889686383 0.7850118855325975 0
425 0.4944564779576212 0.8127272086356898 0
426 0.4767550965942533 0.7876604542657727 0
427 0.463842722304961 0.8154559952570775 0
428 0.4461537008865391 0.7903806035637417 0
429 0.433211286500585 0.8181680692396348 0
430 0.4155326256154662 0.7931069606970669 0
431 0.4025818023998911 0.8210304814937817 0
432 0.3848825639038576 0.795860450006016 0
433 0.3719062166275522 0.8236711933646141 0
434 0.3542026143188773 0.7985930520708248 0
435 0.3412647007711133 0.8265002764966447 0
436 0.3234920636853231 0.8013055436542942 0
437 0.3106420056005967 0.8293104233593696 0
438 0.2928002610508834 0.8040605284829827 0
439 0.3057534504912955 0.7760841183738119 0
440 0.2750389723336353 0.7787975327922592 0
441 0.2620444808129176 0.8067895406655416 0
442 0.244292552347169 0.7814993875845933 0
443 0.2312827489103036 0.8095209679019817 0
444 0.2135319600654864 0.7842233092249615 0
445 0.2265563689868787 0.7562134568866359 0
446 0.2004665090808705 0.8122612825871978 0
447 0.1958168724056524 0.7589266281544205 0
448 0.2088526963770874 0.7309620091324119 0
449 0.7881546059890715 0.8133579576531 0
450 0.178123104814381 0.7336608218572189 0
451 0.1911458308661501 0.7057169403902224 0
452 0.8190373499299167 0.8104403934187923 0
453 0.6651512254309017 0.8243351749855823 0
454 0.8399178015621673 0.7012767900775614 0
455 0.805953682166239 0.8386646979239479 0
456 0.5730882831207731 0.8325228713845532 0
457 0.8368255337916573 0.8358642567211945 0
458 0.1604225736801925 0.7084034067448187 0
459 0.1734627265973972 0.6804912733819433 0
460 0.7069696314071945 0.74127717175248 0
461 0.2395951226021084 0.7282722981484482 0
462 0.2182529569099705 0.8375921359072291 0
463 0.1874118693225598 0.8403624069831814 0
464 0.3670439695036816 0.7705826301547325 0
465 0.1696002281777421 0.8149718867195058 0
466 0.1564912342998946 0.8430868955473196 0
467 0.7265924117450976 0.8188842003863863 0
468 0.5117219288481628 0.837983968408496 0
469 0.450010124834452 0.843503460411372 0
470 0.8499702282232531 0.807470010874938 0
471 0.3581984866848214 0.851565416862786 0
472 0.1473877352699579 0.7363626779231036 0
473 0.4283298727802423 0.7651713852739495 0
474 0.1386860704551287 0.817665301198902 0
475 0.5819161556152682 0.7517754447334049 0
476 0.2041060788193419 0.6778075237173152 0
477 0.1864648617299554 0.6526119341375094 0
478 0.1558603749973432 0.6552865791380186 0
479 0.1688482663701419 0.6274495157123566 0
480 0.1382478796209187 0.6301145552875216 0
481 0.4888419906598202 0.7599352971077792 0
482 0.8237907209052993 0.8640252786596493 0
483 0.7928936889927509 0.8668032928054983 0
484 0.8547170535172679 0.861220630496849 0
485 0.6426174956439861 0.7484543591102258 0
486 0.1743405220710786 0.8685137182332761 0
487 0.1433728015014868 0.8712420673681113 0
488 0.8669015931809336 0.6446104969833238 0
489 0.1296453643189123 0.711067080753697 0
490 0.7608875034574085 0.6819484858679258 0
491 0.1512508823465659 0.6022865797603431 0
492 0.8107544966938754 0.8921999943466075 0
493 0.1206029891676416 0.6049096029505967 0
494 0.1165635876126521 0.7390637067505401 0
495 0.8846884099626031 0.3514624014680431 0
496 0.2170152139779246 0.649953777678729 0
497 0.1086645659131279 0.5010132846831066 0
498 0.7798240524659736 0.8949685700544935 0
499 0.892852592149691 0.5884111496498383 0
500 0.1075667150716489 0.6327575939082501 0
501 0.7885170856697691 0.6276368577455256 0
502 0.1069318252955691 0.4036404874760403 0
503 0.7805278194938445 0.3880732323955378 0
504 0.106023681318849 0.1322312072589331 0
505 0.9023876613750592 0.3747680227316968 0
506 0.7060797734353427 0.1005759735417297 0
507 0.6752263930690684 0.103549854292694 0
508 0.09881171121047916 0.7137187693295908 0
509 0.1293861084867109 0.2110568316663326 0
510 0.2476438657412487 0.1455340021514914 0
511 0.2604935796602929 0.1173274609328837 0
512 0.1189471861114022 0.1046896792586953 0
513 0.7369372151962715 0.09758686198693217 0
514 0.1685836465829484 0.4983737785586651 0
515 0.1612318626679926 0.8966805731306368 0
516 0.1922118156105902 0.8939420660858529 0
517 0.1302433198535151 0.8994309421075416 0
518 0.1123763866391327 0.8739530578391272 0
519 0.899279038689433 0.5094018668888608 0
520 0.1812891446013275 0.6000623918218468 0
521 0.1005638473508546 0.9012341966765193 0
522 0.0998477167746209 0.2131191728260923 0
523 0.164969832971099 0.5252474862927785 0
524 0.1929561535713922 0.3917271494519837 0
525 0.2115851891686986 0.09501386065430595 0
526 0.0824336969612775 0.1873888628103393 0
527 0.7189239760919359 0.07231580483577016 0
528 0.9170790926407208 0.5345058158805367 0
529 0.1791000363132885 0.9221489641689747 0
530 0.08988402331185541 0.6075464481369589 0
531 0.1029542414201451 0.5796055329708782 0
532 0.08791991078846573 0.1072950620687996 0
533 0.1815408203535679 0.4772619954626844 0
534 0.8079038827655379 0.5177693472515413 0
535 0.7976638247228924 0.920035652068065 0
536 0.8286636665649079 0.9175559201535458 0
537 0.2346395638173071 0.6750309678759967 0
538 0.2475169400738291 0.6472723381072351 0
539 0.2651027469128594 0.6722954840567645 0
540 0.2293995834813435 0.6225994548615289 0
541 0.2880409619742116 0.7508690027752279 0
542 0.3186769386518649 0.748142135459527 0
543 0.3010346079386916 0.723027343341189 0
544 0.3315714184597792 0.7202882077702755 0
545 0.313819942063411 0.6951393576962456 0
546 0.3458740765466565 0.6916802917415373 0
547 0.3268762950355369 0.6675158356657098 0
548 0.3622839472240629 0.7173826048820336 0
549 0.7619973454420255 0.8695885192220287 0
550 0.7489034398762917 0.8977331200446235 0
551 0.73108413389045 0.8723550519113101 0
552 0.7179921961052033 0.9004914436798215 0
553 0.116799574377809 0.2391325560659348 0
554 0.08259170110662473 0.2383309637895852 0
555 0.1032840477037935 0.2668621881475394 0
556 0.07247623191916897 0.2703570260786091 0
557 0.7001885587657546 0.8751277119125067 0
558 0.6870919897162939 0.9032510937977375 0
559 0.6692837492260125 0.8778964360826813 0
560 0.6560755000382255 0.904652274902911 0
561 0.6383314810432636 0.8804214941136055 0
562 0.6240279797324569 0.9121721365964306 0
563 0.2784751477817348 0.1425621917653856 0
564 0.2913843821254546 0.1143786986733648 0
565 0.2729898016259683 0.08858253407213146 0
566 0.3042517147157994 0.0861473223464167 0
567 0.3222717673611574 0.1114340874671007 0
568 0.7907439334810714 0.1732187106302226 0
569 0.8036301907461396 0.1450745701048454 0
570 0.8216032839745692 0.1703221477203997 0
571 0.8344903651849348 0.142118122098982 0
572 0.8524902811538226 0.167425016663922 0
573 0.8653934188068513 0.1391626187982111 0
574 0.8154172340538244 0.1167033947245503 0
575 0.8833967002073009 0.1644693125410863 0
576 0.8704635501287246 0.1927221400879015 0
577 0.8962028952854323 0.1361317247176895 0
578 0.8782729250864398 0.1108462885747019 0
579 0.8998945923396198 0.1891022782211393 0
580 0.8881974406144417 0.2178992891574111 0
581 0.9091291320333356 0.1078069965457094 0
582 0.8912218611907178 0.0828930024171578 0
583 0.8575453170223596 0.2209369096407321 0
584 0.859450184689513 0.08513800538762445 0
585 0.1806600313938522 0.09800593846401157 0
586 0.1936710900606202 0.07119092545830069 0
587 0.09080088403325959 0.2956523494260367 0
588 0.6073170876094365 0.8839623382013195 0
589 0.5944139609794322 0.9115205538608847 0
590 0.5766224652126262 0.8862852281514326 0
591 0.5635342967890957 0.9142849526477568 0
592 0.875482362713458 0.2461205721774277 0
593 0.9063458060046432 0.2432626875792613 0
594 0.8934511838770729 0.2713891052183799 0
595 0.923181048919281 0.2680392525601771 0
596 0.5457918098296062 0.8889846222134853 0
597 0.5326431843375711 0.9170454752594173 0
598 0.5149116941164092 0.8917346081165656 0
599 0.8914336292511209 0.4034037982606504 0
600 0.9109047630791232 0.2964619108162159 0
601 0.3351557235717172 0.08329086875077713 0
602 0.3531387430195955 0.1084960753367585 0
603 0.3402807176658474 0.1366768702621836 0
604 0.3660416267603686 0.08037193951818755 0
605 0.3840187896965906 0.1055521166473466 0
606 0.3969172772119566 0.07734629720114472 0
607 0.4148952361313617 0.1026065050304221 0
608 0.2100743274227131 0.9191826495268141 0
609 0.2231959690554229 0.8911659241269905 0
610 0.2410167622064353 0.9164390782630329 0
611 0.2541632341883973 0.8884134284477196 0
612 0.2720270902556878 0.9138425121283444 0
613 0.285082705105933 0.8856851965542964 0
614 0.3029596287196606 0.9110764611740695 0
615 0.0858134609691249 0.7418610949107007 0
616 0.1034766897750493 0.7671400125104505 0
617 0.2250251312613926 0.5271828811990819 0
618 0.06959413740939951 0.7158142832585077 0
619 0.08330905984925024 0.6884139000690709 0
620 0.9154024865529229 0.3485231036758381 0
621 0.9331528996702411 0.3717884771262023 0
622 0.07540825733881429 0.6381380871779929 0
623 0.8141063422063568 0.56753393090577 0
624 0.5017242979660109 0.9193098099399024 0
625 0.4839365402731971 0.8944888972519249 0
626 0.4708103538475018 0.9219912142813962 0
627 0.4530127549038391 0.8972342585414563 0
628 0.3772811412203969 0.6892363687498397 0
629 0.3929077445602561 0.7146512367418048 0
630 0.4067640002743803 0.6867300738353255 0
631 0.4231809429042435 0.7119437528619095 0
632 0.7357825231558525 0.9253725102404093 0
633 0.08329420921561104 0.8752736067214232 0
634 0.09500318266055036 0.8482930412220382 0
635 0.104624726914994 0.08005799783399414 0
636 0.427170031438073 0.07483905970348281 0
637 0.4456620264816511 0.09974978500523524 0
638 0.432859729923618 0.1278592409220385 0
639 0.4636872263412463 0.1247809569047098 0
640 0.4766278344245535 0.09677738132849928 0
641 0.4945404213324758 0.1218373087412679 0
642 0.5074639347804712 0.09383282153190209 0
643 0.5253820071704367 0.1188773229552164 0
644 0.538310908382431 0.09090779782042685 0
645 0.5562350568647572 0.1159643484712578 0
646 0.5691689641237727 0.08799288714481424 0
647 0.5870953142547545 0.1130164885200431 0
648 0.6000375674965824 0.08507334307459968 0
649 0.6172541122295572 0.1101819353077533 0
650 0.6300666893271312 0.0821897710078261 0
651 0.2896006385447499 0.9436491160933678 0
652 0.8137197247179414 0.9456330483765917 0
653 0.163650297659059 0.07422523766581718 0
654 0.2672573573239646 0.8602712899669721 0
655 0.6206767423154012 0.8552765405643827 0
656 0.265467552799775 0.170760007428628 0
657 0.8446441364547765 0.2490424038124894 0
658 0.1475338614232455 0.2361101756947713 0
659 0.6503152610928638 0.1601557016476007 0
660 0.4500992844245065 0.1530555525853083 0
661 0.1518357240487955 0.7895593646543296 0
662 0.4398559807554214 0.9242422131624095 0
663 0.4220825107015582 0.8997892624072946 0
664 0.4089108015214509 0.9268759793216218 0
665 0.3911787831003685 0.9026502486553318 0
666 0.378078090836417 0.9306596842065563 0
667 0.3609885433425879 0.905134480086749 0
668 0.404261956639197 0.8745890408188013 0
669 0.2119366121175997 0.5593052965776504 0
670 0.3156940597608619 0.8827201644311515 0
671 0.5813662626755421 0.9396772495764248 0
672 0.9216823558070644 0.08033111713096586 0
673 0.6723481375008382 0.9268153526773645 0
674 0.1171225141378533 0.9270612736274897 0
675 0.4886504493963348 0.07027724519015932 0
676 0.07615978128956091 0.1345443404766989 0
677 0.193001417208972 0.94806612296338 0
678 0.4090474816779861 0.04993273266929665 0
679 0.6141866037500291 0.05651658206256083 0
680 0.9293390752016042 0.5042584656309037 0
681 0.9119281560589154 0.4802743802829082 0
682 0.9483931582994753 0.5319841013693485 0
683 0.07394655786273163 0.7705766605384995 0
684 0.0904067681957349 0.7953832507249041 0
685 0.06097032308896266 0.7976005453214368 0
686 0.9381707519675279 0.1057846150569965 0
687 0.2766772681385585 0.6454796096040372 0
688 0.5507843005565866 0.06465376774844067 0
689 0.9322993773734947 0.5613334979814633 0
690 0.2601467462562056 0.575913457837411 0
691 0.7377183334267206 0.578893451770536 0
692 0.7683318315608345 0.5839979795867991 0
693 0.7484771275977935 0.6027726799212312 0
694 0.2622670688843585 0.421099820163757 0
695 0.7378309434944839 0.4206865313559024 0
696 0.9441246808682138 0.2895846427715935 0
697 0.7499891660054182 0.07089094576758981 0
698 0.7674881254984461 0.09514044475759531 0
699 0.7807965203030689 0.06645064520579574 0
700 0.1629333119254106 0.575912958393779 0
701 0.07344002322152199 0.5828157754215285 0
702 0.08496884834377244 0.5547027367882766 0
703 0.1152059434857496 0.5531087375316215 0
704 0.08273582154748427 0.9242872031538072 0
705 0.2329342803449292 0.4164845786248897 0
706 0.2491294228721467 0.3912410928293041 0
707 0.2182913102892494 0.4998498258950678 0
708 0.3494708350801998 0.9322053689160651 0
709 0.2205514100625348 0.4385154984470038 0
710 0.05993268347964137 0.2972355981312932 0
711 0.07839864334462054 0.3264197334118428 0
712 0.05890588069596248 0.1095996349172091 0
713 0.0464701925135218 0.2759141102214159 0
714 0.2245540771018282 0.067650787167365 0
715 0.3693592634614469 0.9562604707085625 0
716 0.7317902013331717 0.04402556343978742 0
717 0.1816261657383444 0.04883333214391272 0
718 0.4362982407341141 0.6825580549175156 0
719 0.4533914630233489 0.7089652949814437 0
720 0.4683859696423763 0.6797752236007927 0
721 0.4846396837734948 0.7068115736948619 0
722 0.5226261467321915 0.9451835328539444 0
723 0.6733005055424484 0.3818746338199027 0
724 0.6992468484560801 0.3650136292259825 0
725 0.6719814436580418 0.3513891117728737 0
726 0.6986798767567126 0.3350260992568954 0
727 0.672008587759057 0.3204467673509653 0
728 0.7228298229287504 0.3496830505446469 0
729 0.6461199150540993 0.3361396870363642 0
730 0.6454790619448191 0.3056763497379619 0
731 0.6197948872166698 0.3207607705541992 0
732 0.6194515152235431 0.2908364438707592 0
733 0.59267806632442 0.3067809609352829 0
734 0.697566296170663 0.3040975875200954 0
735 0.6746835497532322 0.6178723102835044 0
736 0.7017824488043858 0.6339534356907007 0
737 0.6767420342273367 0.6492167547710023 0
738 0.702988065548326 0.6642955702359611 0
739 0.6768740548924749 0.6796825359511967 0
740 0.7287242463728614 0.6479980217767574 0
741 0.6504290243647166 0.6645836676699888 0
742 0.6509722727748997 0.6943947819471744 0
743 0.6250512253646199 0.6813654306493602 0
744 0.701135904704806 0.6943458893870476 0
745 0.6246247009813479 0.708266464864548 0
746 0.5972915443495341 0.6945766442846811 0
747 0.3289234552215606 0.6187563197755352 0
748 0.3253167348230079 0.3821274461909568 0
749 0.298218427989545 0.3660466021397302 0
750 0.323259028557481 0.3507813785508528 0
751 0.2970125689340839 0.335707980617932 0
752 0.323229449331227 0.3210030179096393 0
753 0.27072512552549 0.3500650009015454 0
754 0.2676221309234098 0.3220251535055202 0
755 0.3495571278100525 0.3354123619939527 0
756 0.3506573657041876 0.3006666892580865 0
757 0.3749901037683858 0.3191034930804853 0
758 0.4162717582597029 0.6595111565665176 0
759 0.6438946331426086 0.05398972087942755 0
760 0.775011219388471 0.5289211554357018 0
761 0.06710641665249545 0.8483970558595815 0
762 0.3161582745162028 0.05605830985244875 0
763 0.1952819649212724 0.5347068640569884 0
764 0.3586482441215196 0.6284496835158289 0
765 0.9356355145164439 0.2400829675650717 0
766 0.05409957029907642 0.5573175198983766 0
767 0.06894084891119567 0.5301799059869295 0
768 0.3559923417671519 0.3663340564602259 0
769 0.6440207328865775 0.6336445642096503 0
770 0.5792105656873482 0.6452938072744805 0
771 0.5475018496364077 0.6495278230768639 0
772 0.5324472775360837 0.6781958649246151 0
773 0.5680778290799533 0.6773852915810036 0
774 0.5477343984222152 0.7039958664685467 0
775 0.4198662654130829 0.3552591048689137 0
776 0.4501290373617133 0.3503628866183853 0
777 0.4663949829697527 0.3230320938749987 0
778 0.4970478970045583 0.3214373120832211 0
779 0.478862440809091 0.2958486914122922 0
780 0.4277903992823825 0.3239447854021397 0
781 0.512821884470881 0.2885981283736213 0
782 0.4467919666512732 0.2961190638696263 0
783 0.4134172187656882 0.2931983035158401 0
784 0.5274605690072391 0.3197201421202731 0
785 0.5457502448957259 0.2948247423590318 0
786 0.5607193357892342 0.3186302808450198 0
787 0.5779866277424688 0.3422995825012071 0
788 0.4645858941170334 0.2699692460717608 0
789 0.4598649239815814 0.9484636298413675 0
790 0.7840849537931915 0.4975664956471186 0
791 0.5005564447595008 0.6791958962059012 0
792 0.6974729565259083 0.04898750439797661 0
793 0.6437873808520908 0.2752301476810892 0
794 0.5161137446635101 0.7060530731882504 0
795 0.5337131592962858 0.7308613943269266 0
796 0.6412700191031334 0.3661588731413493 0
797 0.4856418612605768 0.6516789557569068 0
798 0.1617406072583532 0.9490714396040856 0
799 0.3973445983882383 0.2681600028631346 0
800 0.3608220335335348 0.6604952919896769 0
801 0.8744252311333562 0.05745170776260555 0
802 0.8424968246057311 0.05777048426199061 0
803 0.8274168262143051 0.0293108639891117 0
804 0.8461019073990276 0.9432862023128858 0
805 0.8596014816503798 0.9148371093920058 0
806 0.877040885929959 0.9406541167042608 0
807 0.8906293530544569 0.9120472512527937 0
808 0.9076008486585976 0.9384580478145643 0
809 0.9210697587798633 0.9093114633690821 0
810 0.9037592453454054 0.8836785106762929 0
811 0.9322429309838547 0.880148656307461 0
812 0.9166817431717387 0.8552624763518936 0
813 0.9436414723716025 0.9365504269154861 0
814 0.9542605799179575 0.9715725844124223 0
815 0.4977696623002775 0.8663347900775953 0
816 0.5159246856535513 0.3492555896533203 0
817 0.4709652746286174 0.7344957420821276 0
818 0.492186270804043 0.2707727108121872 0
819 0.5732653289495584 0.1409815065347652 0
820 0.5594505820707454 0.8607798313577877 0
821 0.5117074978710416 0.1468924547638942 0
822 0.2832209246542494 0.6977676602451209 0
823 0.4191942262341052 0.1560469326411196 0
824 0.4100562721141141 0.7397355171616369 0
825 0.6168589721094749 0.2612899572026921 0
826 0.9490850746577281 0.3440235147124179 0
827 0.9646611792461821 0.3725033536332381 0
828 0.8800729910429774 0.2991024336722229 0
829 0.8909414889355771 0.9692449559213298 0
830 0.8902279478534534 0.02920455187772164 0
831 0.2955143489567365 0.6695700300262036 0
832 0.1218257352538579 0.292828273724799 0
833 0.9479315517914386 0.4005525565040585 0
834 0.8267696019714975 0.2239071517656284 0
835 0.7134465307936304 0.8469891889443812 0
836 0.1666969248133822 0.4496476004201296 0
837 0.178723639896313 0.4207534458599107 0
838 0.2059374510703771 0.3639303338085694 0
839 0.2411108553186108 0.3637701965523878 0
840 0.2524834694291776 0.70035615925072 0
841 0.8858742107880845 0.8581698393889805 0
842 0.8988817446859486 0.8299385619117325 0
843 0.9294806336800219 0.8268630749426872 0
844 0.9118696993358837 0.8016415349430542 0
845 0.9417779658715413 0.7995594024499255 0
846 0.9237742306955563 0.7742505601741074 0
847 0.8938094139640338 0.776400198784172 0
848 0.9068281859190479 0.7482044621781604 0
849 0.8761834837016627 0.7508433148896065 0
850 0.8891431664765791 0.7227958617764945 0
851 0.9200098397019959 0.7199082258695326 0
852 0.9021498295912386 0.6946698646813013 0
853 0.9316227628352587 0.6901822912096656 0
854 0.9158591577393637 0.6646541520520488 0
855 0.9489200583331716 0.7131495924194797 0
856 0.9578863528654662 0.8264619196055276 0
857 0.8710371773437744 0.6980105591080694 0
858 0.8631402011515027 0.7790479246922345 0
859 0.8452702461181247 0.7537701648381079 0
860 0.8323496844586205 0.7817794571142846 0
861 0.7968155922471833 0.5948793871990415 0
862 0.236643423577767 0.3094254278879293 0
863 0.2449277825266181 0.2801764205317513 0
864 0.8257154518501131 0.5425781164478197 0
865 0.811222021214008 0.05987024230622451 0
866 0.8287764511328578 0.08777199632157057 0
867 0.6757599852606564 0.7398719897147029 0
868 0.5506309616772044 0.2488993433587038 0
869 0.5643173066590891 0.2726447617863513 0
870 0.6124473618506114 0.7513007501516935 0
871 0.2584779546886193 0.6225320298366788 0
872 0.9732801052394446 0.4530637775094671 0
873 0.9472501699847914 0.4353296650485962 0
874 0.9208187130591822 0.4199425623038785 0
875 0.893768107227509 0.4368997843656687 0
876 0.8699337529556049 0.427087483469188 0
877 0.9444083832062609 0.4729085217390106 0
878 0.1992510130154191 0.6249705888572394 0
879 0.2119983821394689 0.5933514949676298 0
880 0.3364043106133526 0.77330939005567 0
881 0.721490344807073 0.2602579405484776 0
882 0.7399925719917978 0.2856623575655816 0
883 0.7352878229778927 0.7378953403182626 0
884 0.3975830418862586 0.7678210524425981 0
885 0.2573292364761256 0.7535619783772811 0
886 0.7744484711153572 0.6544431417221027 0
887 0.8808512388193273 0.804615475116488 0
888 0.7485781453703428 0.7092850497279382 0
889 0.2218037936518621 0.7030243164191857 0
890 0.2759723129470127 0.2763303639216889 0
891 0.3366900978243962 0.2709381286018017 0
892 0.3710154382195676 0.1336883475521577 0
893 0.3580880202205737 0.1618905410575528 0
894 0.3274525058123723 0.1648259297010441 0
895 0.4017448996931123 0.1307469143380005 0
896 0.3093509406721463 0.1395949086151987 0
897 0.6513496510574264 0.8525359743208942 0
898 0.4351266324417956 0.87183965691766 0
899 0.7758580013482828 0.3347819788064769 0
900 0.2362030744462026 0.8630103603081296 0
901 0.4843873936227109 0.02569014719454954 0
902 0.5468546455490892 0.02614143102028765 0
903 0.6719426508924968 0.9743195504521048 0
904 0.3285131152047654 0.02717571238425631 0
905 0.2846472827273949 0.05774720083334217 0
906 0.2623580547458578 0.03208401563533531 0
907 0.234763568704747 0.1737341982922345 0
908 0.02673483775370505 0.4844488931563103 0
909 0.05444373189507151 0.5034802871173416 0
910 0.05403408710460678 0.4689099551344911 0
911 0.08055954849271113 0.4849273372669964 0
912 0.0270109323350497 0.4532502634686854 0
913 0.05521987444530241 0.4392735273334659 0
914 0.05518921541009514 0.4080437599956563 0
915 0.02749589623253346 0.3910994328068054 0
916 0.05403089185124177 0.3758768214358053 0
917 0.02793902986750657 0.3596697342317091 0
918 0.7359102206612188 0.9740524161815709 0
919 0.03012923005496981 0.60951961248794 0
920 0.02671328943521356 0.6418783979772501 0
921 0.9732763677137716 0.6093587460206343 0
922 0.9462424527923996 0.5897967379314432 0
923 0.9474738987911583 0.624210425285938 0
924 0.9179003861235107 0.6104147786322789 0
925 0.9735709695058516 0.640349734032415 0
926 0.946640789302592 0.6597460322920383 0
927 0.8395938877496789 0.1956135535443029 0
928 0.1602793623920687 0.2079568535890534 0
929 0.02500793743501017 0.7031015102169554 0
930 0.02706587104774599 0.7343171082022227 0
931 0.03076451996930063 0.7974000522806026 0
932 0.02502679030841376 0.8299250919339718 0
933 0.02651040474182936 0.2034781095603256 0
934 0.05297037920465508 0.2208061552990441 0
935 0.9729544905365728 0.203155803492759 0
936 0.9730986651718223 0.1719715117613649 0
937 0.9440425131725861 0.1579323607083993 0
938 0.9468125987917415 0.1909925695216332 0
939 0.9723599396067184 0.2694622446600832 0
940 0.1328432910400577 0.5778153455734393 0
941 0.2702840538457607 0.7256424070229979 0
942 0.5766220322684016 0.9723507932224265 0
943 0.6066006738580347 0.9663708294519252 0
944 0.6273532835717586 0.9439907064741854 0
945 0.2972345381668086 0.9734319604009324 0
946 0.2656465471403565 0.9729491463790214 0
947 0.257804971191226 0.9428105601680491 0
948 0.1995980672412296 0.02419984470317615 0
949 0.7977834560180563 0.9731961442598137 0
950 0.1427599911991089 0.683162150967058 0
951 0.02811698978297689 0.1740165603985509 0
952 0.3492722553088219 0.7453623899474043 0
953 0.7750965022814078 0.8414588794748403 0
954 0.7932002624428237 0.3600883605160622 0
955 0.764899392261828 0.362331660767091 0
956 0.4587090067348428 0.7624606690468798 0
957 0.02644732929539878 0.8911344409963892 0
958 0.0531999822623348 0.9086141479483789 0
959 0.05202380377137861 0.9386361949087729 0
960 0.0265484271671681 0.9530740274972846 0
961 0.970800842708893 0.1075829732705871 0
962 0.109205430180245 0.02612825555386639 0
963 0.1215896479043871 0.05219405701944541 0
964 0.9755356312688888 0.8899418298784824 0
965 0.1137094602075152 0.9741481427226566 0
966 0.04700784368768485 0.02642871198025593 0
967 0.05565270141872558 0.05718946266945368 0
968 0.9529736886863702 0.02645918911242706 0
969 0.1123925257154865 0.6857960562984791 0
970 0.1827299135050173 0.7869349140851858 0
971 0.6985505916090307 0.1821020523508799 0
972 0.2052693679026375 0.8657644352741098 0
973 0.9122347777242192 0.1605477414952607 0
974 0.8727830371967019 0.8865552211566881 0
975 0.1473261691656589 0.923627434277122 0
976 0.6626950403615974 0.1318459676423168 0
977 0.2490851900027033 0.8348469649917056 0
978 0.7666578049441536 0.9220526549290685 0
979 0.8417184094214052 0.8893990257008908 0
980 0.1678470343874058 0.1262457724213767 0
981 0.2423889210236392 0.09215699789082193 0
982 0.1256699925108961 0.845792230715445 0
983 0.7548310593621641 0.1229074236321961 0
984 0.6760888139624527 0.7079836109419437 0
985 0.09373791545433052 0.1601810886246663 0
986 0.7044665824140295 0.9258693285234602 0
987 0.29789001926333 0.8574534707533306 0
988 0.6679904554190333 0.1850688597931275 0
989 0.4573043127175493 0.07302529239240119 0
990 0.2799042300513244 0.8321041550907341 0
991 0.9211893911483258 0.2113067409391738 0
992 0.7573655241002684 0.8161562510074019 0
993 0.8469667631590702 0.1136234043176067 0
994 0.8086912922471002 0.1983679553872337 0
995 0.3796529474001897 0.7424693713621872 0
996 0.867765342526307 0.8329751877179125 0
997 0.4406050611408003 0.7370344763756487 0
998 0.6880534343717087 0.07650305153350168 0
999 0.5830608226583566 0.05700090202128028 0
1000 0.3785789013595492 0.05245788261473056 0
1001 0.5194098158748109 0.06843964682983333 0
1002 0.2832531367815009 0.1959109434152508 0
1003 0.7488493657416837 0.3901871734490037 0
1004 0.7778684994380343 0.2012821444632836 0
1005 0.9422508886840266 0.7471842181501922 0
1006 0.6695983285911722 0.2892057855354521 0
1007 0.8806981852946629 0.6163434953978789 0
1008 0.8988638623246931 0.6410372360616028 0
1009 0.730150479015688 0.6805843523380702 0
1010 0.2525610125196838 0.1989123155132637 0
1011 0.06125280298557828 0.6098085312009308 0
1012 0.2936729030391596 0.302924317134056 0
1013 0.1650361849080179 0.7616100176693197 0
1014 0.178391635568987 0.2329848793862864 0
1015 0.7442637413754799 0.8442386818243914 0
1016 0.1106539014116271 0.3734250508255897 0
1017 0.9041477080849468 0.5623425380102173 0
1018 0.7851468932779213 0.1201825404642147 0
1019 0.1655746899217742 0.2611554022307633 0
1020 0.1252973752530216 0.6579282000629798 0
1021 0.1346501148633505 0.2642278333144533 0
1022 0.150052699499243 0.1021103302729676 0
1023 0.6958311480593615 0.8216663599621181 0
1024 0.08610628819572341 0.4252978949491521 0
1025 0.8814427367589019 0.4845216992827903 0
1026 0.2962411232863112 0.1676916738221131 0
1027 0.6825355067409756 0.8498322927542059 0
1028 0.05869034275169388 0.1604342181788926 0
1029 0.05058649849240704 0.6565173808008788 0
1030 0.97356325099922 0.2994949553587239 0
1031 0.2270028230659547 0.4679460441871228 0
1032 0.05449441926021104 0.3448880334765087 0
1033 0.0794376910946003 0.3595494026390338 0
1034 0.140388471844915 0.3172756586140313 0
1035 0.6806904910483603 0.1569870259896392 0
1036 0.813495938756906 0.2515480519976695 0
1037 0.7255526212180252 0.3149779914868259 0
1038 0.8140219354070132 0.7571873648893587 0
1039 0.6344843525567184 0.8269678227797944 0
1040 0.1103354022197666 0.320381408147117 0
1041 0.5513711900364482 0.9426071352367622 0
1042 0.831335600117811 0.276613635240842 0
1043 0.3986017850180578 0.9531268692356732 0
1044 0.1342681127437872 0.7643133521004564 0
1045 0.8270251300836369 0.7291839125646334 0
1046 0.7681302871947253 0.4159404593277302 0
1047 0.3067115480450484 0.6391691210879649 0
1048 0.6037272429967139 0.8297827022912669 0
1049 0.8581662063894577 0.7259647854438854 0
1050 0.8624394978205419 0.2739950729256866 0
1051 0.34454088092392 0.1901548983892548 0
1052 0.1211272741212797 0.7924290503843691 0
1053 0.5900323394206172 0.8582136122634284 0
1054 0.3280391965265727 0.8543155992236683 0
1055 0.8531770963346572 0.6731235977467747 0
1056 0.3750515335013189 0.1872327633910252 0
1057 0.09619744506228434 0.6617222899334696 0
1058 0.5422582875323905 0.8353912020390046 0
1059 0.1080902795091829 0.8205130211171716 0
1060 0.8669919156902708 0.3267166259560059 0
1061 0.8846647860857766 0.6693509844388534 0
1062 0.528526194665799 0.8636641285829018 0
1063 0.3884883664320679 0.1588454353827454 0
1064 0.07890239507192298 0.8220930383324626 0
1065 0.790905849234669 0.03288172422352725 0
1066 0.4806565349071062 0.8409649132813042 0
1067 0.609375 0.02642320896139261 0
1068 0.3479469471207763 0.05519183592984217 0
1069 0.4664514301425446 0.8694151483173008 0
1070 0.9749947864353461 0.5158649025453689 0
1071 0.4364195585663585 0.1811595880844913 0
1072 0.4194416946321019 0.8460364321140463 0
1073 0.7851858777275487 0.5621542314062539 0
1074 0.9722093117766984 0.7981044045066215 0
1075 0.828125 0.9737288166602325 0
1076 0.03025560658560811 0.1100396557225397 0
1077 0.254841094655905 0.06425836584657563 0
1078 0.4673301074824144 0.1779442755593483 0
1079 0.3883025105917846 0.8491965335165614 0
1080 0.05427652531006716 0.7455964663675874 0
1081 0.3745793645729121 0.8769132605631594 0
1082 0.4808757218041609 0.1499598707574281 0
1083 0.9369922063484957 0.05271939310041762 0
1084 0.9251686524362961 0.132653773881961 0
1085 0.9758641099040255 0.5470984998817261 0
1086 0.8976303014308852 0.3242540891976478 0
1087 0.5287320221553207 0.1720157959567944 0
1088 0.02592107903664043 0.546875 0
1089 0.5973326356687785 0.7239882205303804 0
1090 0.519345771081642 0.7577234011747446 0
1091 0.9281842476629207 0.3198158509823967 0
1092 0.5424266542767859 0.144016962768678 0
1093 0.2255089840609901 0.9447598254130816 0
1094 0.5900680129606818 0.1659735901510663 0
1095 0.6036364184947605 0.1382484547467175 0
1096 0.07334852507091694 0.08252874935223831 0
1097 0.5521663714952268 0.7549359821348427 0
1098 0.5643580428211055 0.7280525654144231 0
1099 0.5127734034757326 0.9734385348325811 0
1100 0.5015828481992091 0.7325946814795745 0
1101 0.9730209152934987 0.7322588571434018 0
1102 0.04961704347465001 0.9714163941664338 0
1103 0.02580006078672037 0.04721380216090204 0
1104 0.9704964479070338 0.05007346696667136 0
1105 0.9187857614913213 0.4511356653889553 0
1106 0.02607179227793566 0.2985923311302337 0
1107 0.3915477053366102 0.02530098558907978 0
1108 0.0532695500804003 0.6888128928366433 0
1109 0.6392177622019337 0.02574368293795398 0
1110 0.7826499180796781 0.9470018881817106 0
1111 0.6335855844014614 0.1354621227178043 0
1112 0.3447523254688986 0.8792726426609803 0
1113 0.05503297647376054 0.2477605957669438 0
1114 0.7242265795447109 0.3783369840337065 0
1115 0.9060189232267493 0.05509352981262894 0
1116 0.3967868645006385 0.3358027430421764 0
1117 0.6466848745820539 0.107595955486491 0
1118 0.7981412075800211 0.0910198772966585 0
1119 0.331650415609838 0.9073240232231565 0
1120 0.659571979287541 0.07938682396872471 0
1121 0.3214887024717556 0.9344928146326064 0
1122 0.2045845715797574 0.9743971411629473 0
1123 0.9444670176119347 0.8533829316599364 0
1124 0.6012532364484766 0.6653713896377749 0
1125 0.9753964277087532 0.701686190966107 0
1126 0.08066524254674257 0.45730766115896 0
1127 0.05340543481129129 0.8751738347809604 0
1128 0.2213717680255157 0.3902983352944119 0
1129 0.1470147978311042 0.5517718565174867 0
1130 0.09042453352241098 0.05410402481865256 0
1131 0.4914034633454555 0.9471735678811568 0
1132 0.3800329398287624 0.2925827581225668 0
1133 0.05351554061161301 0.1920653514877785 0
1134 0.4222478477615217 0.02460809524335927 0
1135 0.2470077720757374 0.3363636406097412 0
1136 0.752500811110528 0.948116499355764 0
1137 0.9503649678459762 0.9019237118892923 0
1138 0.2730438551301786 0.3791361905928639 0
1139 0.7269643840631606 0.6193766662774484 0
1140 0.09735922047696133 0.5290174972684164 0
1141 0.5916595231834331 0.2796973259761658 0
1142 0.2419580709970326 0.5976836292088588 0
1143 0.188796920951372 0.5758833395063649 0
1144 0.8441221938635309 0.4349245481912357 0
1145 0.9490209914575034 0.216408589174901 0
1146 0.1294605743070627 0.5272086561320053 0
1147 0.1744842233329353 0.9743665637044987 0
1148 0.6560513619131128 0.9488338127590614 0
1149 0.08057174857510191 0.3910978337408186 0
1150 0.7481812711016442 0.3375308343425641 0
1151 0.4485623553900547 0.9745830289067622 0
1152 0.7211369484281335 0.7142695414249496 0
1153 0.6721736006655533 0.05718607892957883 0
1154 0.438301545695843 0.04911151032054373 0
1155 0.1348301292117156 0.07731027071178531 0
1156 0.650432348289521 0.721748070197427 0
1157 0.3220831339182558 0.2938958217537154 0
1158 0.1777284059825222 0.5529417541899111 0
1159 0.9186885033048086 0.5824597404410482 0
1160 0.8945578601378293 0.4618704303213774 0
1161 0.7207171736873321 0.9496452798089684 0
1162 0.3906561113692962 0.6669335994356679 0
1163 0.8585694027639862 0.4021573431722903 0
1164 0.9749520069190694 0.9509175895417075 0
1165 0.1328127337020667 0.9484727680935913 0
1166 0.9771881874300616 0.3952010674312686 0
1167 0.206162444975638 0.4146366604993368 0
1168 0.5732855364288584 0.7027584842924374 0
1169 0.7069605263098466 0.02323205125271577 0
1170 0.429013439022166 0.9507109096380602 0
1171 0.7559771066438588 0.6313006203846484 0
1172 0.4698567407503954 0.04819508376851833 0
1173 0.7139851610486825 0.2845616943333986 0
1174 0.3363963151914401 0.6428772504069431 0
1175 0.101998567592407 0.3451832339128871 0
1176 0.6883122246236901 0.9499468891568164 0
1177 0.05183740032461148 0.8223713157496435 0
1178 0.9502349096132079 0.07786947527725918 0
1179 0.1521957502796358 0.04955683910927322 0
1180 0.6654574367923149 0.2621958072145869 0
1181 0.9504028804601889 0.1290089126858421 0
1182 0.6111303496591954 0.2367784787779393 0
1183 0.1003136812559636 0.9497200898980105 0
1184 0.1694622074039198 0.0246350821646843 0
1185 0.9503223766052957 0.7761185537197901 0
1186 0.2621662583976571 0.2975702128429294 0
1187 0.3886155757078494 0.9787969475557545 0
1188 0.9485610900274362 0.2616282636644263 0
1189 0.7336815943316729 0.01857497672948483 0
1190 0.3721960573991991 0.3439494943844714 0
1191 0.627791374684149 0.6560562427032121 0
1192 0.8014260401875827 0.5424386041324216 0
1193 0.9540284601421494 0.5008973139140045 0
1194 0.5010933318417761 0.04697281159308847 0
1195 0.1952051622673551 0.5091374029892013 0
1196 0.7505794590132298 0.660255314074818 0
1197 0.05034459523347279 0.1315825323276658 0
1198 0.08199358313781352 0.5097236624645581 0
1199 0.9768956794546489 0.9768956794546489 0
1200 0.0205893573561684 0.2653546613858701 0
1201 0.1983723085002995 0.4498450567421718 0
1202 0.04920910511751547 0.7753268627021493 0
1203 0.644140796303191 0.9264554359330017 0
1204 0.02288138851304616 0.9771186114869539 0
1205 0.02287684971009374 0.02287684971009374 0
1206 0.9771234122634725 0.02287658773652745 0
1207 0.9535787920639638 0.3162087927650263 0
1208 0.05014952699950276 0.3209695379541275 0
1209 0.04888557713696773 0.5883914230064015 0
1210 0.9264122024143369 0.6401861096969407 0
1211 0.0488180156613966 0.6311724019289985 0
1212 0.606752432163445 0.9347462951919702 0
1213 0.5375198294506383 0.27057194842488 0
1214 0.5710248953703805 0.2945156143803703 0
1215 0.7728507971998643 0.607384846783224 0
1216 0.6020914456246527 0.3332810594996063 0
1217 0.2741973930340366 0.6008689756656631 0
1218 0.2310194150397008 0.5754340117705714 0
1219 0.2836155169340947 0.6228295822908699 0
1220 0.2102202136557779 0.04861152559244752 0
1221 0.3583351858678508 0.9789799306567829 0
1222 0.04458214385373288 0.5315895377147659 0
1223 0.9775783012078765 0.3513355214999637 0
1224 0.5327077105858151 0.04596226477630039 0
1225 0.04456475337672494 0.7186938965082883 0
1226 0.7628960654314627 0.04845631199578004 0
1227 0.6987243300842306 0.7180997972306205 0
1228 0.102535877246504 0.4766193480589248 0
1229 0.2059660496819404 0.4804877812660733 0
1230 0.07340811576876971 0.9512166951324487 0
1231 0.07463985903751524 0.8969165978562178 0
1232 0.6247344681372013 0.3434163025453441 0
1233 0.9556375801292745 0.6871462921500086 0
1234 0.9233575990024501 0.182763701105189 0
1235 0.5775762742922004 0.3642646825335364 0
1236 0.04904894802892312 0.08710430191474472 0
1237 0.9192385355293917 0.3934723455045672 0
1238 0.7227136478402579 0.4020086364147371 0
1239 0.07574307728250218 0.2112943899062995 0
1240 0.397259086198935 0.3116203254051119 0
1241 0.9820754519406201 0.8277936093972251 0
1242 0.4586563539514948 0.248544074665622 0
1243 0.3419997003672223 0.9557555437676628 0
1244 0.4854040411561424 0.2486632314034257 0
1245 0.562479199969377 0.04325392985670617 0
1246 0.9552891276563351 0.8763916355431658 0
1247 0.07267991535945917 0.6670888991975895 0
1248 0.2374079996979562 0.04844071137530581 0
1249 0.3124999999999998 0.9569371491514714 0
1250 0.9569132733633028 0.5626793620047896 0
1251 0.276656656699216 0.4030489137374089 0
1252 0.7233434547470854 0.5969512638093463 0
1253 0.4217340435412831 0.6356908060102936 0
1254 0.6262092504702768 0.7320965716695835 0
1255 0.04445489927830326 0.8471338147989593 0
1256 0.7410864265502185 0.3646117164263114 0
1257 0.4855712727477441 0.4015247157579566 0
1258 0.5713003940564564 0.5912498532586092 0
1259 0.3968812520813365 0.4100101796108371 0
1260 0.4623983214753126 0.5942167825563871 0
1261 0.571750711733593 0.4057074838347517 0
1262 0.6530996169279939 0.4287242650967729 0
1263 0.3737682030674859 0.5801473840472923 0
1264 0.654582973304771 0.5760061852477358 0
1265 0.3232747398664393 0.4418101572683776 0
1266 0.7132892526199058 0.4707399646176015 0
1267 0.302373210223306 0.5439226152953538 0
1268 0.5154635943259488 0.6007575463621372 0
1269 0.6976091464959466 0.5465245136922277 0
1270 0.2802190969994183 0.4933371581529101 0
1271 0.7212408742792213 0.5086108397973838 0
1272 0.5153992295793105 0.4006573078021139 0
1273 0.5016319747857649 0.4269041954081942 0
1274 0.4716332921085358 0.4283367142077165 0
1275 0.4877259586435979 0.4538130478347129 0
1276 0.4574988899377442 0.4551338980134502 0
1277 0.4737284632701329 0.4806608021948753 0
1278 0.5039660330902395 0.4793485661421067 0
1279 0.4434848745637688 0.4819699884658536 0
1280 0.4899574035969551 0.5062163088944094 0
1281 0.5202029321095691 0.5049114778143431 0
1282 0.5342009358812025 0.478041637285409 0
1283 0.5504575495368356 0.5035813298481878 0
1284 0.5644443530092964 0.4767251326230981 0
1285 0.5807004845862123 0.5022646238164987 0
1286 0.5946835143890687 0.475415816667252 0
1287 0.6109425629897052 0.5009430710554702 0
1288 0.5359732552593346 0.5324067506529985 0
1289 0.5969675611099166 0.5277895426534257 0
1290 0.6242824974803645 0.4745099155093832 0
1291 0.6410681052942214 0.499689135660948 0
1292 0.6059981640606773 0.4434949718083718 0
1293 0.4272666657872102 0.4573080009997724 0
1294 0.4132443771039725 0.4834236716088446 0
1295 0.4294920235108521 0.5088357092869774 0
1296 0.3992520031302994 0.510145312240789 0
1297 0.3830007647915126 0.4846167974077107 0
1298 0.3690166432095704 0.5114303315377093 0
1299 0.4155012018558658 0.5356521149288476 0
1300 0.4457357244580601 0.5343472224492157 0
1301 0.3534152943720645 0.4862384602288146 0
1302 0.367724812334487 0.4597861359055551 0
1303 0.5472395782480342 0.4515487283073482 0
1304 0.6525088958897768 0.4742115227451345 0
1305 0.670020320219152 0.497585755265083 0
1306 0.3394047358101144 0.5122352799805493 0
1307 0.3516492909847415 0.5411344443596524 0
1308 0.6573209448627649 0.5214468248080629 0
1309 0.3267087662961666 0.4871459941423427 0
1310 0.4303548488459957 0.5603947856099969 0
1311 0.4604217095958499 0.5628392310741813 0
1312 0.3983006244877854 0.5640304957241444 0
1313 0.5303614786995331 0.4265053715594259 0
1314 0.6271294313133039 0.5249369305794662 0
1315 0.6127867158729182 0.552786126447917 0
1316 0.5830723119968695 0.5558246102490667 0
1317 0.5996626419138826 0.5813693616023329 0
1318 0.5520629021379981 0.5661656666574411 0
1319 0.4419893871643747 0.4307756509466647 0
1320 0.3841107101967848 0.5364436496536619 0
1321 0.3972011449117864 0.4591285319808882 0
1322 0.5665390107711944 0.5313387539796031 0
1323 0.5198561940131022 0.5575653363562167 0
1324 0.505504026268824 0.5320106829410958 0
1325 0.5773157055202467 0.4500299061765697 0
1326 0.5178343564679361 0.4525518474946332 0
1327 0.4597238355131383 0.5075086773615959 0
1328 0.4754054247312914 0.5334773856284769 0
1329 0.3085846214991156 0.5114241888562441 0
1330 0.4186866176326348 0.5892830695576841 0
1331 0.4561114394539253 0.4033243533380033 0
1332 0.4908842069473104 0.5573151230595457 0
1333 0.38267455361897 0.4352140564323546 0
1334 0.6814529217713233 0.4684415907727087 0
1335 0.3514702930052958 0.4317335183147711 0
1336 0.4884229208862469 0.5997402681390627 0
1337 0.5430413258989613 0.5983761269762949 0
1338 0.5995723386308774 0.4104240218398502 0
1339 0.4259118948656739 0.4070633586149213 0
1340 0.6270252174390628 0.4203515070748863 0
1341 0.3489524924775931 0.57140381721752 0
1342 0.6270915120836563 0.5827330187626815 0
1343 0.678710901266424 0.4396799367141063 0
1344 0.544146940334963 0.4025002750903223 0
1345 0.6749029876334061 0.5616880140281353 0
1346 0.3238748597264159 0.5604204482597561 0
1347 0.3403897827882381 0.4623884523105418 0
1348 0.7004852170463058 0.4921308621977371 0
1349 0.299267723849213 0.4551658618541842 0
1350 0.6360600221263244 0.4491788343898402 0
1351 0.6913240111945297 0.5196255999550177 0
1352 0.3264449746244722 0.535045683090543 0
1353 0.2836016722103609 0.5243552537706362 0
1354 0.4119874830715586 0.433249963097573 0
1355 0.646979311499483 0.551270091885863 0
1356 0.7003253915423197 0.4503525372491697 0
1357 0.5589973787910514 0.427220104154364 0
1358 0.3710945582742655 0.5571302629317127 0
1359 0.4796594512374415 0.5779135428814546 0
1360 0.7157794749367232 0.531557409086422 0
1361 0.3721654167852915 0.4129654600587365 0
1362 0.2821272332199047 0.4686051300034577 0
1363 0.3945252542682839 0.591109463079865 0
1364 0.5038330743210848 0.578925032205334 0
1365 0.5827268597472892 0.4273752975627815 0
1366 0.527383035390002 0.5803294944892283 0
1367 0.3025460962901564 0.480176393477118 0
1368 0.6750406154255608 0.5392935433270419 0
1369 0.4415339975240578 0.5846631122546676 0
1370 0.6603664715963684 0.4520472299437125 0
1371 0.3184374218180427 0.4653373718105128 0
1372 0.7295668838365716 0.4882029348826617 0
$EndNodes
$Elements
2702
1 1 2 10 1 5 13
2 1 2 10 1 13 14
3 1 2 10 1 14 15
4 1 2 10 1 15 16
5 1 2 10 1 16 17
6 1 2 10 1 17 18
7 1 2 10 1 18 19
8 1 2 10 1 19 20
9 1 2 10 1 20 21
10 1 2 10 1 21 22
11 1 2 10 1 22 23
12 1 2 10 1 23 24
13 1 2 10 1 24 25
14 1 2 10 1 25 26
15 1 2 10 1 26 27
16 1 2 10 1 27 28
17 1 2 10 1 28 29
18 1 2 10 1 29 30
19 1 2 10 1 30 31
20 1 2 10 1 31 32
21 1 2 10 1 32 33
22 1 2 10 1 33 34
23 1 2 10 1 34 35
24 1 2 10 1 35 36
25 1 2 10 1 36 37
26 1 2 10 1 37 38
27 1 2 10 1 38 39
28 1 2 10 1 39 40
29 1 2 10 1 40 41
30 1 2 10 1 41 42
31 1 2 10 1 42 43
32 1 2 10 1 43 6
33 1 2 10 2 7 44
34 1 2 10 2 44 45
35 1 2 10 2 45 46
36 1 2 10 2 46 47
37 1 2 10 2 47 48
38 1 2 10 2 48 49
39 1 2 10 2 49 50
40 1 2 10 2 50 51
41 1 2 10 2 51 52
42 1 2 10 2 52 53
43 1 2 10 2 53 54
44 1 2 10 2 54 55
45 1 2 10 2 55 56
46 1 2 10 2 56 57
47 1 2 10 2 57 58
48 1 2 10 2 58 59
49 1 2 10 2 59 60
50 1 2 10 2 60 61
51 1 2 10 2 61 62
52 1 2 10 2 62 63
53 1 2 10 2 63 64
54 1 2 10 2 64 65
55 1 2 10 2 65 66
56 1 2 10 2 66 67
57 1 2 10 2 67 68
58 1 2 10 2 68 69
59 1 2 10 2 69 70
60 1 2 10 2 70 71
61 1 2 10 2 71 72
62 1 2 10 2 72 73
63 1 2 10 2 73 74
64 1 2 10 2 74 5
65 1 2 10 3 6 75
66 1 2 10 3 75 76
67 1 2 10 3 76 77
68 1 2 10 3 77 78
69 1 2 10 3 78 79
70 1 2 10 3 79 80
71 1 2 10 3 80 81
72 1 2 10 3 81 82
73 1 2 10 3 82 83
74 1 2 10 3 83 84
75 1 2 10 3 84 85
76 1 2 10 3 85 86
77 1 2 10 3 86 87
78 1 2 10 3 87 88
79 1 2 10 3 88 89
80 1 2 10 3 89 90
81 1 2 10 3 90 91
82 1 2 10 3 91 92
83 1 2 10 3 92 93
84 1 2 10 3 93 94
85 1 2 10 3 94 95
86 1 2 10 3 95 96
87 1 2 10 3 96 97
88 1 2 10 3 97 98
89 1 2 10 3 98 99
90 1 2 10 3 99 100
91 1 2 10 3 100 101
92 1 2 10 3 101 102
93 1 2 10 3 102 103
94 1 2 10 3 103 104
95 1 2 10 3 104 105
96 1 2 10 3 105 8
97 1 2 10 4 8 106
98 1 2 10 4 106 107
99 1 2 10 4 107 108
100 1 2 10 4 108 109
101 1 2 10 4 109 110
102 1 2 10 4 110 111
103 1 2 10 4 111 112
104 1 2 10 4 112 113
105 1 2 10 4 113 114
106 1 2 10 4 114 115
107 1 2 10 4 115 116
108 1 2 10 4 116 117
109 1 2 10 4 117 118
110 1 2 10 4 118 119
111 1 2 10 4 119 120
112 1 2 10 4 120 121
113 1 2 10 4 121 122
114 1 2 10 4 122 123
115 1 2 10 4 123 124
116 1 2 10 4 124 125
117 1 2 10 4 125 126
118 1 2 10 4 126 127
119 1 2 10 4 127 128
120 1 2 10 4 128 129
121 1 2 10 4 129 130
122 1 2 10 4 130 131
123 1 2 10 4 131 132
124 1 2 10 4 132 133
125 1 2 10 4 133 134
126 1 2 10 4 134 135
127 1 2 10 4 135 136
128 1 2 10 4 136 7
129 1 2 20 11 1 173
130 1 2 20 11 173 174
131 1 2 20 11 174 175
132 1 2 20 11 175 176
133 1 2 20 11 176 177
134 1 2 20 11 177 178
135 1 2 20 11 178 179
136 1 2 20 11 179 180
137 1 2 20 11 180 181
138 1 2 20 11 181 2
139 1 2 20 12 2 182
140 1 2 20 12 182 183
141 1 2 20 12 183 184
142 1 2 20 12 184 185
143 1 2 20 12 185 186
144 1 2 20 12 186 187
145 1 2 20 12 187 188
146 1 2 20 12 188 189
147 1 2 20 12 189 190
148 1 2 20 12 190 3
149 1 2 20 13 3 191
150 1 2 20 13 191 192
151 1 2 20 13 192 193
152 1 2 20 13 193 194
153 1 2 20 13 194 195
154 1 2 20 13 195 196
155 1 2 20 13 196 197
156 1 2 20 13 197 198
157 1 2 20 13 198 199
158 1 2 20 13 199 4
159 1 2 20 14 4 200
160 1 2 20 14 200 201
161 1 2 20 14 201 202
162 1 2 20 14 202 203
163 1 2 20 14 203 204
164 1 2 20 14 204 205
165 1 2 20 14 205 206
166 1 2 20 14 206 207
167 1 2 20 14 207 208
168 1 2 20 14 208 1
169 2 2 1 1 357 790 273
170 2 2 1 1 753 1138 839
171 2 2 1 1 782 783 369
172 2 2 1 1 671 1212 943
173 2 2 1 1 547 800 546
174 2 2 1 1 914 1149 1024
175 2 2 1 1 808 813 269
176 2 2 1 1 671 943 942
177 2 2 1 1 692 1073 861
178 2 2 1 1 1016 1149 1033
179 2 2 1 1 781 818 376
180 2 2 1 1 839 1138 706
181 2 2 1 1 914 1024 913
182 2 2 1 1 813 814 269
183 2 2 1 1 267 1103 967
184 2 2 1 1 228 1067 999
185 2 2 1 1 756 891 388
186 2 2 1 1 999 1067 679
187 2 2 1 1 251 1028 951
188 2 2 1 1 376 1213 781
189 2 2 1 1 734 1006 345
190 2 2 1 1 861 1073 623
191 2 2 1 1 362 876 875
192 2 2 1 1 345 1173 734
193 2 2 1 1 967 1236 267
194 2 2 1 1 707 1031 11
195 2 2 1 1 681 877 680
196 2 2 1 1 9 790 760
197 2 2 1 1 502 1149 1016
198 2 2 1 1 924 1007 499
199 2 2 1 1 750 768 748
200 2 2 1 1 737 769 735
201 2 2 1 1 1008 1061 488
202 2 2 1 1 875 1160 362
203 2 2 1 1 1067 1109 679
204 2 2 1 1 369 788 782
205 2 2 1 1 924 1008 1007
206 2 2 1 1 679 1109 759
207 2 2 1 1 945 946 651
208 2 2 1 1 617 707 11
209 2 2 1 1 733 787 786
210 2 2 1 1 755 768 750
211 2 2 1 1 741 769 737
212 2 2 1 1 1139 1171 740
213 2 2 1 1 251 1197 1028
214 2 2 1 1 1005 1101 222
215 2 2 1 1 255 720 718
216 2 2 1 1 733 1216 787
217 2 2 1 1 388 1132 756
218 2 2 1 1 747 1047 214
219 2 2 1 1 271 790 9
220 2 2 1 1 942 1041 671
221 2 2 1 1 718 758 255
222 2 2 1 1 939 1030 696
223 2 2 1 1 696 1188 939
224 2 2 1 1 946 947 651
225 2 2 1 1 547 1174 800
226 2 2 1 1 107 814 106
227 2 2 1 1 686 1178 961
228 2 2 1 1 232 1041 942
229 2 2 1 1 273 790 271
230 2 2 1 1 720 797 791
231 2 2 1 1 760 790 534
232 2 2 1 1 534 790 357
233 2 2 1 1 255 797 720
234 2 2 1 1 961 1178 268
235 2 2 1 1 877 1193 680
236 2 2 1 1 172 271 9
237 2 2 1 1 154 617 11
238 2 2 1 1 9 760 137
239 2 2 1 1 11 1031 155
240 2 2 1 1 316 799 318
241 2 2 1 1 1047 1219 214
242 2 2 1 1 1113 1200 223
243 2 2 1 1 873 874 833
244 2 2 1 1 783 799 369
245 2 2 1 1 773 1124 746
246 2 2 1 1 704 959 958
247 2 2 1 1 269 829 808
248 2 2 1 1 209 1122 1093
249 2 2 1 1 754 1135 862
250 2 2 1 1 784 786 256
251 2 2 1 1 546 800 628
252 2 2 1 1 770 1124 773
253 2 2 1 1 862 1186 754
254 2 2 1 1 269 814 107
255 2 2 1 1 1093 1122 677
256 2 2 1 1 713 1200 1113
257 2 2 1 1 1099 1131 722
258 2 2 1 1 523 1195 763
259 2 2 1 1 222 1185 1005
260 2 2 1 1 260 1131 1099
261 2 2 1 1 1007 1008 488
262 2 2 1 1 1151 1170 789
263 2 2 1 1 669 1158 763
264 2 2 1 1 967 1130 1096
265 2 2 1 1 825 1141 366
266 2 2 1 1 1143 1158 669
267 2 2 1 1 227 1170 1151
268 2 2 1 1 780 782 777
269 2 2 1 1 720 791 721
270 2 2 1 1 256 816 784
271 2 2 1 1 1024 1149 502
272 2 2 1 1 1031 1229 1201
273 2 2 1 1 1096 1130 635
274 2 2 1 1 373 1037 882
275 2 2 1 1 873 1105 874
276 2 2 1 1 699 1226 1065
277 2 2 1 1 1031 1201 709
278 2 2 1 1 209 947 946
279 2 2 1 1 276 1163 1144
280 2 2 1 1 958 1231 704
281 2 2 1 1 258 873 833
282 2 2 1 1 943 1212 944
283 2 2 1 1 725 796 729
284 2 2 1 1 1104 1178 1083
285 2 2 1 1 554 1113 934
286 2 2 1 1 533 1229 1195
287 2 2 1 1 366 1182 825
288 2 2 1 1 748 768 159
289 2 2 1 1 735 769 141
290 2 2 1 1 854 1061 1008
291 2 2 1 1 802 803 239
292 2 2 1 1 1148 1176 903
293 2 2 1 1 722 1041 232
294 2 2 1 1 584 993 866
295 2 2 1 1 874 1105 875
296 2 2 1 1 693 1171 1139
297 2 2 1 1 1037 1173 882
298 2 2 1 1 854 926 853
299 2 2 1 1 533 1195 514
300 2 2 1 1 776 780 777
301 2 2 1 1 209 1093 947
302 2 2 1 1 514 1195 523
303 2 2 1 1 266 1164 813
304 2 2 1 1 787 1216 220
305 2 2 1 1 762 905 261
306 2 2 1 1 232 1099 722
307 2 2 1 1 723 796 725
308 2 2 1 1 934 1239 554
309 2 2 1 1 911 1228 497
310 2 2 1 1 497 1198 911
311 2 2 1 1 699 1065 865
312 2 2 1 1 770 773 771
313 2 2 1 1 21 906 20
314 2 2 1 1 759 1109 233
315 2 2 1 1 152 1217 690
316 2 2 1 1 163 776 226
317 2 2 1 1 145 771 225
318 2 2 1 1 865 1118 699
319 2 2 1 1 801 802 239
320 2 2 1 1 1122 1147 677
321 2 2 1 1 774 794 772
322 2 2 1 1 813 1164 814
323 2 2 1 1 220 1235 787
324 2 2 1 1 804 806 253
325 2 2 1 1 888 1152 1009
326 2 2 1 1 369 799 316
327 2 2 1 1 318 799 388
328 2 2 1 1 617 1195 707
329 2 2 1 1 1167 1201 837
330 2 2 1 1 673 1176 1148
331 2 2 1 1 709 1201 1167
332 2 2 1 1 879 1143 669
333 2 2 1 1 261 904 762
334 2 2 1 1 224 1188 765
335 2 2 1 1 677 1147 798
336 2 2 1 1 152 690 153
337 2 2 1 1 138 691 139
338 2 2 1 1 170 695 171
339 2 2 1 1 156 694 157
340 2 2 1 1 806 829 253
341 2 2 1 1 776 777 226
342 2 2 1 1 771 772 225
343 2 2 1 1 218 764 149
344 2 2 1 1 1144 1163 876
345 2 2 1 1 630 758 718
346 2 2 1 1 772 794 791
347 2 2 1 1 763 1195 617
348 2 2 1 1 233 1153 759
349 2 2 1 1 354 1012 890
350 2 2 1 1 866 1118 865
351 2 2 1 1 38 1065 37
352 2 2 1 1 39 803 38
353 2 2 1 1 109 829 108
354 2 2 1 1 669 1218 879
355 2 2 1 1 41 830 40
356 2 2 1 1 786 787 256
357 2 2 1 1 218 800 764
358 2 2 1 1 534 1192 760
359 2 2 1 1 565 905 566
360 2 2 1 1 803 1065 38
361 2 2 1 1 782 788 779
362 2 2 1 1 888 1009 490
363 2 2 1 1 777 782 779
364 2 2 1 1 253 1075 804
365 2 2 1 1 866 993 574
366 2 2 1 1 746 1168 773
367 2 2 1 1 268 1178 1104
368 2 2 1 1 170 1238 695
369 2 2 1 1 991 1234 938
370 2 2 1 1 711 1033 1032
371 2 2 1 1 938 1145 991
372 2 2 1 1 808 829 806
373 2 2 1 1 239 803 39
374 2 2 1 1 855 1101 1005
375 2 2 1 1 926 1233 853
376 2 2 1 1 786 1214 733
377 2 2 1 1 1012 1186 890
378 2 2 1 1 241 1184 1179
379 2 2 1 1 800 1174 764
380 2 2 1 1 566 905 762
381 2 2 1 1 716 1189 212
382 2 2 1 1 791 794 721
383 2 2 1 1 242 1123 856
384 2 2 1 1 959 1102 960
385 2 2 1 1 967 1103 966
386 2 2 1 1 20 906 211
387 2 2 1 1 212 1226 716
388 2 2 1 1 904 1068 762
389 2 2 1 1 778 816 226
390 2 2 1 1 261 906 21
391 2 2 1 1 1179 1184 717
392 2 2 1 1 584 866 802
393 2 2 1 1 1116 1240 780
394 2 2 1 1 1101 1125 97
395 2 2 1 1 780 1240 783
396 2 2 1 1 146 797 255
397 2 2 1 1 1024 1126 913
398 2 2 1 1 784 816 778
399 2 2 1 1 723 724 216
400 2 2 1 1 804 1075 652
401 2 2 1 1 968 1104 1083
402 2 2 1 1 788 1244 818
403 2 2 1 1 874 875 599
404 2 2 1 1 1242 1244 788
405 2 2 1 1 1090 1100 795
406 2 2 1 1 959 1230 1102
407 2 2 1 1 691 1252 139
408 2 2 1 1 694 1251 157
409 2 2 1 1 1065 1226 212
410 2 2 1 1 1083 1115 265
411 2 2 1 1 1171 1196 740
412 2 2 1 1 783 1132 799
413 2 2 1 1 1096 1236 967
414 2 2 1 1 939 1188 224
415 2 2 1 1 944 1212 562
416 2 2 1 1 162 776 163
417 2 2 1 1 144 771 145
418 2 2 1 1 793 825 300
419 2 2 1 1 1009 1152 744
420 2 2 1 1 814 1199 106
421 2 2 1 1 253 829 109
422 2 2 1 1 930 1080 221
423 2 2 1 1 108 829 269
424 2 2 1 1 681 1105 877
425 2 2 1 1 40 830 239
426 2 2 1 1 265 830 41
427 2 2 1 1 734 1173 1037
428 2 2 1 1 856 1241 242
429 2 2 1 1 774 795 794
430 2 2 1 1 711 1175 1033
431 2 2 1 1 765 1145 224
432 2 2 1 1 1028 1133 951
433 2 2 1 1 795 1100 794
434 2 2 1 1 792 1169 716
435 2 2 1 1 230 1068 904
436 2 2 1 1 562 1203 944
437 2 2 1 1 158 748 159
438 2 2 1 1 140 735 141
439 2 2 1 1 214 1217 152
440 2 2 1 1 257 1088 766
441 2 2 1 1 218 1253 758
442 2 2 1 1 151 747 214
443 2 2 1 1 169 723 216
444 2 2 1 1 984 1227 867
445 2 2 1 1 756 1157 891
446 2 2 1 1 781 1213 785
447 2 2 1 1 1169 1189 716
448 2 2 1 1 37 1065 212
449 2 2 1 1 1140 1146 703
450 2 2 1 1 1090 1097 422
451 2 2 1 1 668 1081 1079
452 2 2 1 1 905 1077 906
453 2 2 1 1 1079 1081 471
454 2 2 1 1 819 1095 1094
455 2 2 1 1 775 776 162
456 2 2 1 1 770 771 144
457 2 2 1 1 758 1162 218
458 2 2 1 1 780 783 782
459 2 2 1 1 779 818 781
460 2 2 1 1 149 764 150
461 2 2 1 1 1094 1095 340
462 2 2 1 1 168 796 723
463 2 2 1 1 763 1158 523
464 2 2 1 1 821 1092 1087
465 2 2 1 1 239 830 801
466 2 2 1 1 905 906 261
467 2 2 1 1 815 1069 1066
468 2 2 1 1 1087 1092 346
469 2 2 1 1 685 1177 931
470 2 2 1 1 827 1223 86
471 2 2 1 1 160 768 219
472 2 2 1 1 220 796 167
473 2 2 1 1 142 769 217
474 2 2 1 1 1066 1069 469
475 2 2 1 1 565 1077 905
476 2 2 1 1 545 831 547
477 2 2 1 1 965 1165 254
478 2 2 1 1 755 1190 768
479 2 2 1 1 660 1082 1078
480 2 2 1 1 783 1240 1132
481 2 2 1 1 741 1191 769
482 2 2 1 1 91 1085 1070
483 2 2 1 1 791 797 225
484 2 2 1 1 630 1162 758
485 2 2 1 1 161 775 162
486 2 2 1 1 143 770 144
487 2 2 1 1 855 1125 1101
488 2 2 1 1 831 1047 547
489 2 2 1 1 1033 1175 1016
490 2 2 1 1 777 778 226
491 2 2 1 1 772 791 225
492 2 2 1 1 771 773 772
493 2 2 1 1 802 865 803
494 2 2 1 1 1078 1082 339
495 2 2 1 1 265 1115 830
496 2 2 1 1 745 1089 746
497 2 2 1 1 668 1072 898
498 2 2 1 1 689 1250 922
499 2 2 1 1 789 1131 260
500 2 2 1 1 710 1106 713
501 2 2 1 1 813 1137 266
502 2 2 1 1 10 797 146
503 2 2 1 1 668 1079 1072
504 2 2 1 1 64 917 63
505 2 2 1 1 468 1062 815
506 2 2 1 1 788 818 779
507 2 2 1 1 754 1186 1012
508 2 2 1 1 86 1166 827
509 2 2 1 1 164 816 256
510 2 2 1 1 237 1032 917
511 2 2 1 1 226 816 12
512 2 2 1 1 233 1169 792
513 2 2 1 1 635 1130 963
514 2 2 1 1 481 956 817
515 2 2 1 1 965 1183 1165
516 2 2 1 1 334 1063 823
517 2 2 1 1 867 1227 460
518 2 2 1 1 237 917 64
519 2 2 1 1 875 876 599
520 2 2 1 1 822 831 545
521 2 2 1 1 652 1075 949
522 2 2 1 1 469 1069 898
523 2 2 1 1 409 860 452
524 2 2 1 1 456 1053 820
525 2 2 1 1 260 1151 789
526 2 2 1 1 857 1049 454
527 2 2 1 1 931 1177 932
528 2 2 1 1 792 1153 233
529 2 2 1 1 822 840 539
530 2 2 1 1 839 1135 753
531 2 2 1 1 539 831 822
532 2 2 1 1 63 917 915
533 2 2 1 1 473 997 956
534 2 2 1 1 452 860 470
535 2 2 1 1 840 889 537
536 2 2 1 1 723 725 724
537 2 2 1 1 823 1063 895
538 2 2 1 1 1058 1062 468
539 2 2 1 1 956 997 817
540 2 2 1 1 470 860 858
541 2 2 1 1 464 995 884
542 2 2 1 1 1142 1217 871
543 2 2 1 1 473 884 824
544 2 2 1 1 660 1071 823
545 2 2 1 1 333 1026 894
546 2 2 1 1 343 1050 828
547 2 2 1 1 795 1097 1090
548 2 2 1 1 898 1072 469
549 2 2 1 1 63 915 62
550 2 2 1 1 488 1061 1055
551 2 2 1 1 453 1027 897
552 2 2 1 1 858 887 470
553 2 2 1 1 824 997 473
554 2 2 1 1 1080 1202 221
555 2 2 1 1 539 840 537
556 2 2 1 1 660 1078 1071
557 2 2 1 1 211 1220 948
558 2 2 1 1 815 1066 468
559 2 2 1 1 1048 1053 456
560 2 2 1 1 815 1062 598
561 2 2 1 1 884 995 824
562 2 2 1 1 844 887 847
563 2 2 1 1 292 994 834
564 2 2 1 1 655 1039 897
565 2 2 1 1 820 1062 1058
566 2 2 1 1 963 1155 635
567 2 2 1 1 454 1049 1045
568 2 2 1 1 1070 1085 682
569 2 2 1 1 832 1021 344
570 2 2 1 1 880 952 464
571 2 2 1 1 300 1180 793
572 2 2 1 1 1055 1061 857
573 2 2 1 1 249 913 912
574 2 2 1 1 774 1098 795
575 2 2 1 1 860 1038 859
576 2 2 1 1 893 1051 894
577 2 2 1 1 820 1053 590
578 2 2 1 1 850 1049 857
579 2 2 1 1 842 996 887
580 2 2 1 1 249 912 61
581 2 2 1 1 820 1058 456
582 2 2 1 1 524 837 365
583 2 2 1 1 775 780 776
584 2 2 1 1 828 1050 594
585 2 2 1 1 612 947 610
586 2 2 1 1 655 1048 1039
587 2 2 1 1 454 1055 857
588 2 2 1 1 894 1026 896
589 2 2 1 1 618 1108 619
590 2 2 1 1 249 914 913
591 2 2 1 1 651 947 612
592 2 2 1 1 655 1053 1048
593 2 2 1 1 897 1027 559
594 2 2 1 1 1056 1063 334
595 2 2 1 1 922 1159 689
596 2 2 1 1 236 926 925
597 2 2 1 1 756 1132 757
598 2 2 1 1 467 1015 835
599 2 2 1 1 1045 1049 859
600 2 2 1 1 952 995 464
601 2 2 1 1 461 889 840
602 2 2 1 1 339 1082 821
603 2 2 1 1 363 838 524
604 2 2 1 1 236 925 95
605 2 2 1 1 847 887 858
606 2 2 1 1 1038 1045 859
607 2 2 1 1 834 994 927
608 2 2 1 1 840 941 461
609 2 2 1 1 1042 1050 343
610 2 2 1 1 987 990 437
611 2 2 1 1 62 915 249
612 2 2 1 1 657 1036 834
613 2 2 1 1 893 1056 1051
614 2 2 1 1 555 1021 832
615 2 2 1 1 359 864 534
616 2 2 1 1 377 1040 1034
617 2 2 1 1 476 889 451
618 2 2 1 1 394 861 623
619 2 2 1 1 247 877 872
620 2 2 1 1 842 887 844
621 2 2 1 1 835 1015 551
622 2 2 1 1 900 977 654
623 2 2 1 1 872 877 873
624 2 2 1 1 564 896 563
625 2 2 1 1 777 779 778
626 2 2 1 1 841 974 484
627 2 2 1 1 503 1046 1003
628 2 2 1 1 386 836 533
629 2 2 1 1 773 774 772
630 2 2 1 1 520 879 878
631 2 2 1 1 434 880 464
632 2 2 1 1 537 889 476
633 2 2 1 1 496 878 540
634 2 2 1 1 440 885 541
635 2 2 1 1 503 955 954
636 2 2 1 1 654 990 987
637 2 2 1 1 823 895 638
638 2 2 1 1 798 1147 254
639 2 2 1 1 572 927 570
640 2 2 1 1 485 867 414
641 2 2 1 1 373 882 287
642 2 2 1 1 361 864 359
643 2 2 1 1 308 868 376
644 2 2 1 1 326 890 863
645 2 2 1 1 426 956 481
646 2 2 1 1 247 872 89
647 2 2 1 1 54 920 235
648 2 2 1 1 475 870 418
649 2 2 1 1 908 909 248
650 2 2 1 1 289 882 881
651 2 2 1 1 897 1039 453
652 2 2 1 1 61 912 60
653 2 2 1 1 383 1035 976
654 2 2 1 1 477 878 496
655 2 2 1 1 1023 1027 453
656 2 2 1 1 878 879 540
657 2 2 1 1 402 888 490
658 2 2 1 1 398 886 501
659 2 2 1 1 354 890 324
660 2 2 1 1 1003 1046 695
661 2 2 1 1 346 1092 819
662 2 2 1 1 841 996 842
663 2 2 1 1 883 888 404
664 2 2 1 1 497 1146 1140
665 2 2 1 1 921 922 250
666 2 2 1 1 1034 1040 832
667 2 2 1 1 461 941 885
668 2 2 1 1 341 862 380
669 2 2 1 1 706 1128 839
670 2 2 1 1 365 837 368
671 2 2 1 1 638 895 607
672 2 2 1 1 822 941 840
673 2 2 1 1 326 863 328
674 2 2 1 1 59 908 248
675 2 2 1 1 887 996 470
676 2 2 1 1 900 972 462
677 2 2 1 1 355 838 363
678 2 2 1 1 51 930 221
679 2 2 1 1 538 871 687
680 2 2 1 1 442 885 440
681 2 2 1 1 386 533 514
682 2 2 1 1 823 1071 334
683 2 2 1 1 567 896 564
684 2 2 1 1 211 1248 1220
685 2 2 1 1 943 944 229
686 2 2 1 1 95 925 94
687 2 2 1 1 289 881 291
688 2 2 1 1 363 524 365
689 2 2 1 1 388 891 320
690 2 2 1 1 436 880 434
691 2 2 1 1 375 836 386
692 2 2 1 1 386 514 387
693 2 2 1 1 657 1050 1042
694 2 2 1 1 464 884 432
695 2 2 1 1 910 911 909
696 2 2 1 1 406 883 404
697 2 2 1 1 656 1010 907
698 2 2 1 1 657 1042 1036
699 2 2 1 1 872 873 258
700 2 2 1 1 368 837 836
701 2 2 1 1 892 893 603
702 2 2 1 1 93 921 250
703 2 2 1 1 409 1038 860
704 2 2 1 1 277 954 280
705 2 2 1 1 451 889 448
706 2 2 1 1 949 1110 652
707 2 2 1 1 117 943 229
708 2 2 1 1 287 882 289
709 2 2 1 1 1002 1026 333
710 2 2 1 1 828 1060 343
711 2 2 1 1 923 924 922
712 2 2 1 1 503 954 277
713 2 2 1 1 349 907 335
714 2 2 1 1 375 386 379
715 2 2 1 1 368 836 375
716 2 2 1 1 394 623 392
717 2 2 1 1 380 839 838
718 2 2 1 1 703 940 531
719 2 2 1 1 927 994 570
720 2 2 1 1 335 907 331
721 2 2 1 1 540 871 538
722 2 2 1 1 404 888 402
723 2 2 1 1 802 866 865
724 2 2 1 1 602 892 603
725 2 2 1 1 977 990 654
726 2 2 1 1 341 380 355
727 2 2 1 1 893 1063 1056
728 2 2 1 1 477 496 476
729 2 2 1 1 285 899 373
730 2 2 1 1 810 974 841
731 2 2 1 1 501 861 396
732 2 2 1 1 324 890 326
733 2 2 1 1 380 838 355
734 2 2 1 1 908 910 909
735 2 2 1 1 491 520 479
736 2 2 1 1 336 862 341
737 2 2 1 1 835 1027 1023
738 2 2 1 1 936 938 937
739 2 2 1 1 414 867 412
740 2 2 1 1 576 927 572
741 2 2 1 1 338 928 353
742 2 2 1 1 459 476 451
743 2 2 1 1 27 901 231
744 2 2 1 1 228 902 30
745 2 2 1 1 545 547 546
746 2 2 1 1 82 939 224
747 2 2 1 1 229 903 116
748 2 2 1 1 230 904 23
749 2 2 1 1 520 878 479
750 2 2 1 1 448 461 445
751 2 2 1 1 459 477 476
752 2 2 1 1 396 861 394
753 2 2 1 1 543 545 544
754 2 2 1 1 545 546 544
755 2 2 1 1 113 918 210
756 2 2 1 1 448 889 461
757 2 2 1 1 88 872 258
758 2 2 1 1 725 726 724
759 2 2 1 1 306 868 308
760 2 2 1 1 623 864 392
761 2 2 1 1 894 1051 333
762 2 2 1 1 490 886 400
763 2 2 1 1 496 540 538
764 2 2 1 1 392 864 361
765 2 2 1 1 543 544 542
766 2 2 1 1 921 923 922
767 2 2 1 1 366 869 868
768 2 2 1 1 209 946 129
769 2 2 1 1 541 543 542
770 2 2 1 1 344 1021 1019
771 2 2 1 1 933 934 223
772 2 2 1 1 795 1098 1097
773 2 2 1 1 936 937 252
774 2 2 1 1 702 703 531
775 2 2 1 1 496 538 537
776 2 2 1 1 541 542 439
777 2 2 1 1 398 501 396
778 2 2 1 1 295 345 298
779 2 2 1 1 611 900 654
780 2 2 1 1 412 460 410
781 2 2 1 1 341 355 342
782 2 2 1 1 418 870 416
783 2 2 1 1 976 1035 659
784 2 2 1 1 416 485 414
785 2 2 1 1 68 933 223
786 2 2 1 1 304 366 306
787 2 2 1 1 592 657 583
788 2 2 1 1 463 972 486
789 2 2 1 1 332 928 338
790 2 2 1 1 400 886 398
791 2 2 1 1 308 376 310
792 2 2 1 1 412 867 460
793 2 2 1 1 847 849 848
794 2 2 1 1 90 247 89
795 2 2 1 1 59 248 58
796 2 2 1 1 639 660 638
797 2 2 1 1 257 919 56
798 2 2 1 1 420 475 418
799 2 2 1 1 369 1242 788
800 2 2 1 1 850 857 852
801 2 2 1 1 766 1209 257
802 2 2 1 1 538 687 539
803 2 2 1 1 60 908 59
804 2 2 1 1 366 868 306
805 2 2 1 1 994 1004 568
806 2 2 1 1 563 656 510
807 2 2 1 1 127 945 234
808 2 2 1 1 426 481 424
809 2 2 1 1 314 369 316
810 2 2 1 1 479 878 477
811 2 2 1 1 79 936 252
812 2 2 1 1 48 932 240
813 2 2 1 1 328 863 336
814 2 2 1 1 416 870 485
815 2 2 1 1 336 341 337
816 2 2 1 1 600 828 594
817 2 2 1 1 602 603 567
818 2 2 1 1 919 920 55
819 2 2 1 1 88 258 87
820 2 2 1 1 57 257 56
821 2 2 1 1 491 700 520
822 2 2 1 1 322 891 354
823 2 2 1 1 893 894 603
824 2 2 1 1 849 850 848
825 2 2 1 1 344 1034 832
826 2 2 1 1 637 638 607
827 2 2 1 1 580 583 576
828 2 2 1 1 605 892 602
829 2 2 1 1 447 448 445
830 2 2 1 1 93 250 92
831 2 2 1 1 62 249 61
832 2 2 1 1 858 859 849
833 2 2 1 1 318 388 320
834 2 2 1 1 596 820 590
835 2 2 1 1 625 815 598
836 2 2 1 1 588 655 561
837 2 2 1 1 663 898 627
838 2 2 1 1 643 821 641
839 2 2 1 1 430 473 428
840 2 2 1 1 660 823 638
841 2 2 1 1 555 832 587
842 2 2 1 1 656 1026 1002
843 2 2 1 1 320 891 322
844 2 2 1 1 665 668 663
845 2 2 1 1 440 541 439
846 2 2 1 1 844 847 846
847 2 2 1 1 580 592 583
848 2 2 1 1 607 895 605
849 2 2 1 1 283 899 285
850 2 2 1 1 668 898 663
851 2 2 1 1 285 373 287
852 2 2 1 1 647 819 645
853 2 2 1 1 796 1232 729
854 2 2 1 1 445 885 442
855 2 2 1 1 410 883 406
856 2 2 1 1 359 534 357
857 2 2 1 1 847 848 846
858 2 2 1 1 546 628 548
859 2 2 1 1 291 881 295
860 2 2 1 1 94 921 93
861 2 2 1 1 557 835 551
862 2 2 1 1 611 654 613
863 2 2 1 1 355 363 356
864 2 2 1 1 55 920 54
865 2 2 1 1 386 387 379
866 2 2 1 1 402 490 400
867 2 2 1 1 295 298 296
868 2 2 1 1 561 897 559
869 2 2 1 1 805 979 974
870 2 2 1 1 605 895 892
871 2 2 1 1 439 880 436
872 2 2 1 1 363 365 364
873 2 2 1 1 509 658 553
874 2 2 1 1 929 930 52
875 2 2 1 1 322 354 324
876 2 2 1 1 434 464 432
877 2 2 1 1 235 929 53
878 2 2 1 1 609 900 611
879 2 2 1 1 298 300 299
880 2 2 1 1 637 639 638
881 2 2 1 1 542 952 880
882 2 2 1 1 353 928 509
883 2 2 1 1 365 368 367
884 2 2 1 1 496 537 476
885 2 2 1 1 450 451 448
886 2 2 1 1 259 901 28
887 2 2 1 1 29 902 259
888 2 2 1 1 411 412 410
889 2 2 1 1 510 907 349
890 2 2 1 1 22 904 261
891 2 2 1 1 115 903 262
892 2 2 1 1 628 630 629
893 2 2 1 1 942 943 118
894 2 2 1 1 232 942 119
895 2 2 1 1 262 918 114
896 2 2 1 1 96 236 95
897 2 2 1 1 85 238 84
898 2 2 1 1 54 235 53
899 2 2 1 1 65 237 64
900 2 2 1 1 655 897 561
901 2 2 1 1 99 222 98
902 2 2 1 1 82 224 81
903 2 2 1 1 51 221 50
904 2 2 1 1 68 223 67
905 2 2 1 1 954 955 899
906 2 2 1 1 89 872 88
907 2 2 1 1 52 930 51
908 2 2 1 1 896 1026 563
909 2 2 1 1 462 972 463
910 2 2 1 1 83 939 82
911 2 2 1 1 657 834 583
912 2 2 1 1 430 884 473
913 2 2 1 1 458 459 451
914 2 2 1 1 511 563 510
915 2 2 1 1 821 1087 339
916 2 2 1 1 413 414 412
917 2 2 1 1 224 935 81
918 2 2 1 1 128 946 945
919 2 2 1 1 810 841 812
920 2 2 1 1 60 912 908
921 2 2 1 1 935 938 936
922 2 2 1 1 928 1014 658
923 2 2 1 1 455 953 449
924 2 2 1 1 221 931 50
925 2 2 1 1 841 842 812
926 2 2 1 1 847 858 849
927 2 2 1 1 609 972 900
928 2 2 1 1 630 718 631
929 2 2 1 1 491 940 700
930 2 2 1 1 428 956 426
931 2 2 1 1 120 232 119
932 2 2 1 1 27 231 26
933 2 2 1 1 613 670 614
934 2 2 1 1 122 260 121
935 2 2 1 1 29 259 28
936 2 2 1 1 304 306 305
937 2 2 1 1 391 392 361
938 2 2 1 1 118 943 117
939 2 2 1 1 117 229 116
940 2 2 1 1 124 227 123
941 2 2 1 1 24 230 23
942 2 2 1 1 31 228 30
943 2 2 1 1 280 954 283
944 2 2 1 1 438 439 436
945 2 2 1 1 718 720 719
946 2 2 1 1 514 523 387
947 2 2 1 1 115 262 114
948 2 2 1 1 127 234 126
949 2 2 1 1 22 261 21
950 2 2 1 1 34 233 33
951 2 2 1 1 460 883 410
952 2 2 1 1 538 539 537
953 2 2 1 1 306 308 307
954 2 2 1 1 609 611 610
955 2 2 1 1 336 863 862
956 2 2 1 1 113 210 112
957 2 2 1 1 130 209 129
958 2 2 1 1 20 211 19
959 2 2 1 1 37 212 36
960 2 2 1 1 885 941 541
961 2 2 1 1 432 884 430
962 2 2 1 1 210 949 112
963 2 2 1 1 974 979 484
964 2 2 1 1 611 613 612
965 2 2 1 1 292 1004 994
966 2 2 1 1 211 948 19
967 2 2 1 1 444 445 442
968 2 2 1 1 251 951 70
969 2 2 1 1 415 416 414
970 2 2 1 1 308 310 309
971 2 2 1 1 509 928 658
972 2 2 1 1 291 295 294
973 2 2 1 1 295 881 345
974 2 2 1 1 270 1183 965
975 2 2 1 1 56 919 55
976 2 2 1 1 249 915 914
977 2 2 1 1 128 945 127
978 2 2 1 1 461 885 445
979 2 2 1 1 858 860 859
980 2 2 1 1 483 953 455
981 2 2 1 1 543 822 545
982 2 2 1 1 516 609 608
983 2 2 1 1 69 933 68
984 2 2 1 1 687 831 539
985 2 2 1 1 417 418 416
986 2 2 1 1 503 1003 955
987 2 2 1 1 656 907 510
988 2 2 1 1 310 312 311
989 2 2 1 1 613 987 670
990 2 2 1 1 328 336 330
991 2 2 1 1 509 553 522
992 2 2 1 1 301 304 303
993 2 2 1 1 408 410 406
994 2 2 1 1 484 996 841
995 2 2 1 1 94 925 921
996 2 2 1 1 393 394 392
997 2 2 1 1 661 970 465
998 2 2 1 1 915 916 914
999 2 2 1 1 550 551 549
1000 2 2 1 1 552 557 551
1001 2 2 1 1 312 314 313
1002 2 2 1 1 372 510 349
1003 2 2 1 1 579 580 576
1004 2 2 1 1 935 936 80
1005 2 2 1 1 69 951 933
1006 2 2 1 1 553 555 554
1007 2 2 1 1 912 913 910
1008 2 2 1 1 542 880 439
1009 2 2 1 1 931 932 49
1010 2 2 1 1 419 420 418
1011 2 2 1 1 844 846 845
1012 2 2 1 1 546 548 544
1013 2 2 1 1 603 896 567
1014 2 2 1 1 28 901 27
1015 2 2 1 1 601 602 567
1016 2 2 1 1 835 1023 467
1017 2 2 1 1 30 902 29
1018 2 2 1 1 23 904 22
1019 2 2 1 1 116 903 115
1020 2 2 1 1 80 936 79
1021 2 2 1 1 834 1036 292
1022 2 2 1 1 49 932 48
1023 2 2 1 1 558 559 557
1024 2 2 1 1 560 561 559
1025 2 2 1 1 114 918 113
1026 2 2 1 1 314 316 315
1027 2 2 1 1 129 946 128
1028 2 2 1 1 53 929 52
1029 2 2 1 1 119 942 118
1030 2 2 1 1 549 953 483
1031 2 2 1 1 498 549 483
1032 2 2 1 1 593 594 592
1033 2 2 1 1 421 422 420
1034 2 2 1 1 478 479 477
1035 2 2 1 1 543 941 822
1036 2 2 1 1 489 969 950
1037 2 2 1 1 604 605 602
1038 2 2 1 1 562 588 561
1039 2 2 1 1 781 784 778
1040 2 2 1 1 566 567 564
1041 2 2 1 1 341 342 337
1042 2 2 1 1 353 509 389
1043 2 2 1 1 842 844 843
1044 2 2 1 1 575 576 572
1045 2 2 1 1 925 926 923
1046 2 2 1 1 241 963 962
1047 2 2 1 1 810 812 811
1048 2 2 1 1 1019 1021 658
1049 2 2 1 1 589 590 588
1050 2 2 1 1 462 977 900
1051 2 2 1 1 316 318 317
1052 2 2 1 1 957 958 263
1053 2 2 1 1 591 596 590
1054 2 2 1 1 423 424 422
1055 2 2 1 1 219 1116 775
1056 2 2 1 1 283 954 899
1057 2 2 1 1 850 852 851
1058 2 2 1 1 438 440 439
1059 2 2 1 1 473 956 428
1060 2 2 1 1 606 607 605
1061 2 2 1 1 425 426 424
1062 2 2 1 1 807 810 809
1063 2 2 1 1 474 661 465
1064 2 2 1 1 368 375 374
1065 2 2 1 1 597 598 596
1066 2 2 1 1 444 447 445
1067 2 2 1 1 298 299 296
1068 2 2 1 1 636 637 607
1069 2 2 1 1 81 935 80
1070 2 2 1 1 112 949 111
1071 2 2 1 1 624 625 598
1072 2 2 1 1 640 641 639
1073 2 2 1 1 50 931 49
1074 2 2 1 1 541 941 543
1075 2 2 1 1 318 320 319
1076 2 2 1 1 295 296 294
1077 2 2 1 1 725 729 727
1078 2 2 1 1 19 948 18
1079 2 2 1 1 628 629 548
1080 2 2 1 1 852 854 853
1081 2 2 1 1 555 587 556
1082 2 2 1 1 395 396 394
1083 2 2 1 1 626 627 625
1084 2 2 1 1 45 960 44
1085 2 2 1 1 973 1084 937
1086 2 2 1 1 609 610 608
1087 2 2 1 1 427 428 426
1088 2 2 1 1 300 301 299
1089 2 2 1 1 662 663 627
1090 2 2 1 1 642 643 641
1091 2 2 1 1 587 711 710
1092 2 2 1 1 664 665 663
1093 2 2 1 1 486 972 516
1094 2 2 1 1 958 959 263
1095 2 2 1 1 785 786 784
1096 2 2 1 1 102 964 242
1097 2 2 1 1 1002 1010 656
1098 2 2 1 1 644 645 643
1099 2 2 1 1 408 411 410
1100 2 2 1 1 411 413 412
1101 2 2 1 1 611 612 610
1102 2 2 1 1 133 965 254
1103 2 2 1 1 742 743 741
1104 2 2 1 1 372 511 510
1105 2 2 1 1 70 951 69
1106 2 2 1 1 648 649 647
1107 2 2 1 1 646 647 645
1108 2 2 1 1 15 962 264
1109 2 2 1 1 46 957 263
1110 2 2 1 1 77 961 268
1111 2 2 1 1 613 614 612
1112 2 2 1 1 578 993 584
1113 2 2 1 1 992 1015 467
1114 2 2 1 1 79 252 78
1115 2 2 1 1 102 242 101
1116 2 2 1 1 17 241 16
1117 2 2 1 1 40 239 39
1118 2 2 1 1 48 240 47
1119 2 2 1 1 71 251 70
1120 2 2 1 1 264 967 966
1121 2 2 1 1 666 667 665
1122 2 2 1 1 429 430 428
1123 2 2 1 1 511 564 563
1124 2 2 1 1 752 755 750
1125 2 2 1 1 110 253 109
1126 2 2 1 1 133 254 132
1127 2 2 1 1 252 961 78
1128 2 2 1 1 241 962 16
1129 2 2 1 1 240 957 47
1130 2 2 1 1 336 337 330
1131 2 2 1 1 280 283 282
1132 2 2 1 1 583 927 576
1133 2 2 1 1 266 964 103
1134 2 2 1 1 807 974 810
1135 2 2 1 1 779 781 778
1136 2 2 1 1 633 634 518
1137 2 2 1 1 508 969 489
1138 2 2 1 1 756 757 755
1139 2 2 1 1 447 450 448
1140 2 2 1 1 270 965 134
1141 2 2 1 1 103 964 102
1142 2 2 1 1 729 731 730
1143 2 2 1 1 459 478 477
1144 2 2 1 1 595 600 594
1145 2 2 1 1 134 965 133
1146 2 2 1 1 630 631 629
1147 2 2 1 1 758 1253 255
1148 2 2 1 1 263 960 45
1149 2 2 1 1 42 968 265
1150 2 2 1 1 320 322 321
1151 2 2 1 1 16 962 15
1152 2 2 1 1 47 957 46
1153 2 2 1 1 78 961 77
1154 2 2 1 1 77 268 76
1155 2 2 1 1 104 266 103
1156 2 2 1 1 15 264 14
1157 2 2 1 1 42 265 41
1158 2 2 1 1 46 263 45
1159 2 2 1 1 73 267 72
1160 2 2 1 1 135 270 134
1161 2 2 1 1 108 269 107
1162 2 2 1 1 264 966 14
1163 2 2 1 1 842 843 812
1164 2 2 1 1 739 741 737
1165 2 2 1 1 43 968 42
1166 2 2 1 1 551 1015 549
1167 2 2 1 1 431 432 430
1168 2 2 1 1 355 356 342
1169 2 2 1 1 14 966 13
1170 2 2 1 1 275 503 277
1171 2 2 1 1 413 415 414
1172 2 2 1 1 718 719 631
1173 2 2 1 1 306 307 305
1174 2 2 1 1 304 305 303
1175 2 2 1 1 498 550 549
1176 2 2 1 1 580 593 592
1177 2 2 1 1 509 522 389
1178 2 2 1 1 308 309 307
1179 2 2 1 1 959 960 263
1180 2 2 1 1 745 746 743
1181 2 2 1 1 720 721 719
1182 2 2 1 1 433 434 432
1183 2 2 1 1 550 552 551
1184 2 2 1 1 618 619 508
1185 2 2 1 1 810 811 809
1186 2 2 1 1 553 554 522
1187 2 2 1 1 397 398 396
1188 2 2 1 1 578 584 582
1189 2 2 1 1 731 733 732
1190 2 2 1 1 283 285 284
1191 2 2 1 1 619 969 508
1192 2 2 1 1 322 324 323
1193 2 2 1 1 285 287 286
1194 2 2 1 1 310 311 309
1195 2 2 1 1 584 802 801
1196 2 2 1 1 552 558 557
1197 2 2 1 1 415 417 416
1198 2 2 1 1 391 393 392
1199 2 2 1 1 697 698 513
1200 2 2 1 1 844 845 843
1201 2 2 1 1 399 400 398
1202 2 2 1 1 480 491 479
1203 2 2 1 1 575 579 576
1204 2 2 1 1 805 807 806
1205 2 2 1 1 459 950 478
1206 2 2 1 1 558 560 559
1207 2 2 1 1 312 313 311
1208 2 2 1 1 536 805 804
1209 2 2 1 1 171 243 172
1210 2 2 1 1 153 245 154
1211 2 2 1 1 137 246 138
1212 2 2 1 1 155 244 156
1213 2 2 1 1 287 289 288
1214 2 2 1 1 417 419 418
1215 2 2 1 1 566 601 567
1216 2 2 1 1 314 315 313
1217 2 2 1 1 450 458 451
1218 2 2 1 1 401 402 400
1219 2 2 1 1 516 608 529
1220 2 2 1 1 560 562 561
1221 2 2 1 1 894 896 603
1222 2 2 1 1 601 604 602
1223 2 2 1 1 486 516 515
1224 2 2 1 1 633 761 634
1225 2 2 1 1 807 809 808
1226 2 2 1 1 908 912 910
1227 2 2 1 1 375 379 378
1228 2 2 1 1 316 317 315
1229 2 2 1 1 850 851 848
1230 2 2 1 1 419 421 420
1231 2 2 1 1 637 640 639
1232 2 2 1 1 458 950 459
1233 2 2 1 1 553 1021 555
1234 2 2 1 1 701 702 531
1235 2 2 1 1 562 589 588
1236 2 2 1 1 1014 1019 658
1237 2 2 1 1 363 364 356
1238 2 2 1 1 365 367 364
1239 2 2 1 1 435 436 434
1240 2 2 1 1 726 728 724
1241 2 2 1 1 318 319 317
1242 2 2 1 1 589 591 590
1243 2 2 1 1 421 423 422
1244 2 2 1 1 516 972 609
1245 2 2 1 1 604 606 605
1246 2 2 1 1 352 568 347
1247 2 2 1 1 1000 1068 230
1248 2 2 1 1 634 982 518
1249 2 2 1 1 591 597 596
1250 2 2 1 1 505 599 370
1251 2 2 1 1 555 556 554
1252 2 2 1 1 714 981 525
1253 2 2 1 1 441 442 440
1254 2 2 1 1 423 425 424
1255 2 2 1 1 238 1030 84
1256 2 2 1 1 834 927 583
1257 2 2 1 1 482 483 455
1258 2 2 1 1 444 970 447
1259 2 2 1 1 544 952 542
1260 2 2 1 1 672 686 581
1261 2 2 1 1 606 636 607
1262 2 2 1 1 597 624 598
1263 2 2 1 1 425 427 426
1264 2 2 1 1 698 983 513
1265 2 2 1 1 393 395 394
1266 2 2 1 1 289 291 290
1267 2 2 1 1 504 676 532
1268 2 2 1 1 624 626 625
1269 2 2 1 1 83 1030 939
1270 2 2 1 1 921 925 923
1271 2 2 1 1 530 531 493
1272 2 2 1 1 766 767 702
1273 2 2 1 1 805 806 804
1274 2 2 1 1 586 714 525
1275 2 2 1 1 320 321 319
1276 2 2 1 1 807 808 806
1277 2 2 1 1 492 498 483
1278 2 2 1 1 626 662 627
1279 2 2 1 1 664 666 665
1280 2 2 1 1 517 518 487
1281 2 2 1 1 381 383 382
1282 2 2 1 1 809 813 808
1283 2 2 1 1 640 642 641
1284 2 2 1 1 493 940 491
1285 2 2 1 1 584 801 582
1286 2 2 1 1 368 374 367
1287 2 2 1 1 662 664 663
1288 2 2 1 1 725 727 726
1289 2 2 1 1 403 404 402
1290 2 2 1 1 569 570 568
1291 2 2 1 1 987 1054 670
1292 2 2 1 1 348 349 335
1293 2 2 1 1 297 381 351
1294 2 2 1 1 642 644 643
1295 2 2 1 1 646 648 647
1296 2 2 1 1 648 650 649
1297 2 2 1 1 953 1015 992
1298 2 2 1 1 644 646 645
1299 2 2 1 1 466 982 474
1300 2 2 1 1 427 429 428
1301 2 2 1 1 666 708 667
1302 2 2 1 1 781 785 784
1303 2 2 1 1 463 465 446
1304 2 2 1 1 531 940 493
1305 2 2 1 1 429 431 430
1306 2 2 1 1 593 595 594
1307 2 2 1 1 371 372 349
1308 2 2 1 1 437 438 436
1309 2 2 1 1 395 397 396
1310 2 2 1 1 521 633 518
1311 2 2 1 1 353 389 384
1312 2 2 1 1 324 326 325
1313 2 2 1 1 338 353 350
1314 2 2 1 1 452 470 457
1315 2 2 1 1 536 979 805
1316 2 2 1 1 587 710 556
1317 2 2 1 1 676 712 532
1318 2 2 1 1 322 323 321
1319 2 2 1 1 729 730 727
1320 2 2 1 1 291 294 293
1321 2 2 1 1 516 529 515
1322 2 2 1 1 608 677 529
1323 2 2 1 1 915 917 916
1324 2 2 1 1 383 507 506
1325 2 2 1 1 532 635 512
1326 2 2 1 1 431 433 432
1327 2 2 1 1 405 406 404
1328 2 2 1 1 433 435 434
1329 2 2 1 1 752 756 755
1330 2 2 1 1 443 444 442
1331 2 2 1 1 487 982 466
1332 2 2 1 1 301 303 302
1333 2 2 1 1 580 991 593
1334 2 2 1 1 466 474 465
1335 2 2 1 1 739 742 741
1336 2 2 1 1 559 1027 557
1337 2 2 1 1 297 971 381
1338 2 2 1 1 568 1004 347
1339 2 2 1 1 827 833 621
1340 2 2 1 1 517 521 518
1341 2 2 1 1 697 699 698
1342 2 2 1 1 166 220 167
1343 2 2 1 1 160 219 161
1344 2 2 1 1 148 218 149
1345 2 2 1 1 142 217 143
1346 2 2 1 1 852 853 851
1347 2 2 1 1 519 681 680
1348 2 2 1 1 407 408 406
1349 2 2 1 1 438 441 440
1350 2 2 1 1 565 566 564
1351 2 2 1 1 742 745 743
1352 2 2 1 1 517 674 521
1353 2 2 1 1 573 575 572
1354 2 2 1 1 805 974 807
1355 2 2 1 1 285 286 284
1356 2 2 1 1 399 401 400
1357 2 2 1 1 145 225 10
1358 2 2 1 1 163 226 12
1359 2 2 1 1 287 288 286
1360 2 2 1 1 159 768 160
1361 2 2 1 1 674 704 521
1362 2 2 1 1 283 284 282
1363 2 2 1 1 571 572 570
1364 2 2 1 1 578 582 581
1365 2 2 1 1 527 792 716
1366 2 2 1 1 515 517 487
1367 2 2 1 1 397 399 398
1368 2 2 1 1 167 796 168
1369 2 2 1 1 494 616 615
1370 2 2 1 1 582 672 581
1371 2 2 1 1 141 769 142
1372 2 2 1 1 352 569 568
1373 2 2 1 1 486 515 487
1374 2 2 1 1 324 325 323
1375 2 2 1 1 522 526 389
1376 2 2 1 1 616 684 683
1377 2 2 1 1 573 578 577
1378 2 2 1 1 289 290 288
1379 2 2 1 1 296 971 294
1380 2 2 1 1 482 492 483
1381 2 2 1 1 550 632 552
1382 2 2 1 1 12 816 164
1383 2 2 1 1 731 732 730
1384 2 2 1 1 463 486 466
1385 2 2 1 1 845 856 843
1386 2 2 1 1 164 256 165
1387 2 2 1 1 146 255 147
1388 2 2 1 1 677 798 529
1389 2 2 1 1 637 989 640
1390 2 2 1 1 326 328 327
1391 2 2 1 1 492 536 535
1392 2 2 1 1 150 747 151
1393 2 2 1 1 492 535 498
1394 2 2 1 1 371 525 372
1395 2 2 1 1 139 213 140
1396 2 2 1 1 169 216 170
1397 2 2 1 1 157 215 158
1398 2 2 1 1 151 214 152
1399 2 2 1 1 504 532 512
1400 2 2 1 1 401 403 402
1401 2 2 1 1 486 487 466
1402 2 2 1 1 465 970 446
1403 2 2 1 1 408 467 411
1404 2 2 1 1 536 804 652
1405 2 2 1 1 578 581 577
1406 2 2 1 1 348 371 349
1407 2 2 1 1 168 723 169
1408 2 2 1 1 614 651 612
1409 2 2 1 1 328 330 329
1410 2 2 1 1 907 1010 331
1411 2 2 1 1 381 382 351
1412 2 2 1 1 443 462 446
1413 2 2 1 1 371 585 525
1414 2 2 1 1 569 574 571
1415 2 2 1 1 463 466 465
1416 2 2 1 1 654 987 613
1417 2 2 1 1 441 443 442
1418 2 2 1 1 435 437 436
1419 2 2 1 1 384 385 350
1420 2 2 1 1 573 577 575
1421 2 2 1 1 653 717 586
1422 2 2 1 1 585 653 586
1423 2 2 1 1 443 446 444
1424 2 2 1 1 353 384 350
1425 2 2 1 1 446 970 444
1426 2 2 1 1 575 973 579
1427 2 2 1 1 527 697 513
1428 2 2 1 1 301 302 299
1429 2 2 1 1 291 293 290
1430 2 2 1 1 558 673 560
1431 2 2 1 1 506 513 382
1432 2 2 1 1 819 1094 346
1433 2 2 1 1 536 652 535
1434 2 2 1 1 504 512 385
1435 2 2 1 1 511 565 564
1436 2 2 1 1 1216 1232 220
1437 2 2 1 1 569 571 570
1438 2 2 1 1 405 407 406
1439 2 2 1 1 684 685 683
1440 2 2 1 1 403 405 404
1441 2 2 1 1 478 480 479
1442 2 2 1 1 571 573 572
1443 2 2 1 1 383 506 382
1444 2 2 1 1 278 357 273
1445 2 2 1 1 441 977 443
1446 2 2 1 1 548 952 544
1447 2 2 1 1 294 297 293
1448 2 2 1 1 225 797 10
1449 2 2 1 1 462 463 446
1450 2 2 1 1 219 775 161
1451 2 2 1 1 217 770 143
1452 2 2 1 1 329 331 327
1453 2 2 1 1 595 696 600
1454 2 2 1 1 566 762 601
1455 2 2 1 1 383 976 507
1456 2 2 1 1 297 347 293
1457 2 2 1 1 384 504 385
1458 2 2 1 1 351 352 347
1459 2 2 1 1 585 586 525
1460 2 2 1 1 405 409 407
1461 2 2 1 1 679 759 650
1462 2 2 1 1 593 991 765
1463 2 2 1 1 342 344 337
1464 2 2 1 1 328 329 327
1465 2 2 1 1 519 1025 681
1466 2 2 1 1 360 361 359
1467 2 2 1 1 326 327 325
1468 2 2 1 1 390 391 361
1469 2 2 1 1 338 348 335
1470 2 2 1 1 338 350 348
1471 2 2 1 1 413 453 415
1472 2 2 1 1 457 482 455
1473 2 2 1 1 457 484 482
1474 2 2 1 1 953 992 449
1475 2 2 1 1 472 489 458
1476 2 2 1 1 358 359 357
1477 2 2 1 1 340 659 302
1478 2 2 1 1 437 990 438
1479 2 2 1 1 307 346 305
1480 2 2 1 1 661 1013 970
1481 2 2 1 1 631 824 629
1482 2 2 1 1 438 990 441
1483 2 2 1 1 579 991 580
1484 2 2 1 1 407 992 408
1485 2 2 1 1 616 683 615
1486 2 2 1 1 577 973 575
1487 2 2 1 1 636 989 637
1488 2 2 1 1 297 351 347
1489 2 2 1 1 311 339 309
1490 2 2 1 1 433 471 435
1491 2 2 1 1 480 493 491
1492 2 2 1 1 518 982 487
1493 2 2 1 1 506 527 513
1494 2 2 1 1 332 335 331
1495 2 2 1 1 736 740 738
1496 2 2 1 1 527 716 697
1497 2 2 1 1 615 618 508
1498 2 2 1 1 749 753 751
1499 2 2 1 1 494 508 489
1500 2 2 1 1 323 333 321
1501 2 2 1 1 280 282 281
1502 2 2 1 1 317 334 315
1503 2 2 1 1 332 338 335
1504 2 2 1 1 294 971 297
1505 2 2 1 1 409 452 449
1506 2 2 1 1 150 764 747
1507 2 2 1 1 290 292 288
1508 2 2 1 1 494 615 508
1509 2 2 1 1 589 671 591
1510 2 2 1 1 682 689 528
1511 2 2 1 1 751 752 750
1512 2 2 1 1 648 679 650
1513 2 2 1 1 409 449 407
1514 2 2 1 1 666 715 708
1515 2 2 1 1 303 340 302
1516 2 2 1 1 452 457 455
1517 2 2 1 1 452 455 449
1518 2 2 1 1 329 332 331
1519 2 2 1 1 375 378 374
1520 2 2 1 1 721 817 719
1521 2 2 1 1 419 456 421
1522 2 2 1 1 597 722 624
1523 2 2 1 1 644 688 646
1524 2 2 1 1 606 678 636
1525 2 2 1 1 626 789 662
1526 2 2 1 1 504 985 676
1527 2 2 1 1 498 978 550
1528 2 2 1 1 423 468 425
1529 2 2 1 1 399 454 401
1530 2 2 1 1 640 675 642
1531 2 2 1 1 530 701 531
1532 2 2 1 1 517 975 674
1533 2 2 1 1 535 978 498
1534 2 2 1 1 515 975 517
1535 2 2 1 1 277 280 279
1536 2 2 1 1 848 1005 846
1537 2 2 1 1 640 989 675
1538 2 2 1 1 427 469 429
1539 2 2 1 1 593 765 595
1540 2 2 1 1 526 985 389
1541 2 2 1 1 243 271 172
1542 2 2 1 1 389 985 384
1543 2 2 1 1 470 996 457
1544 2 2 1 1 701 766 702
1545 2 2 1 1 387 497 379
1546 2 2 1 1 499 1159 924
1547 2 2 1 1 472 494 489
1548 2 2 1 1 529 975 515
1549 2 2 1 1 372 981 511
1550 2 2 1 1 851 1005 848
1551 2 2 1 1 525 981 372
1552 2 2 1 1 710 713 556
1553 2 2 1 1 441 990 977
1554 2 2 1 1 450 472 458
1555 2 2 1 1 443 977 462
1556 2 2 1 1 849 1049 850
1557 2 2 1 1 749 750 748
1558 2 2 1 1 284 343 282
1559 2 2 1 1 732 825 793
1560 2 2 1 1 738 739 737
1561 2 2 1 1 1032 1033 916
1562 2 2 1 1 245 617 154
1563 2 2 1 1 798 975 529
1564 2 2 1 1 727 734 726
1565 2 2 1 1 587 1040 711
1566 2 2 1 1 552 986 558
1567 2 2 1 1 215 748 158
1568 2 2 1 1 449 992 407
1569 2 2 1 1 213 735 140
1570 2 2 1 1 137 760 246
1571 2 2 1 1 732 793 730
1572 2 2 1 1 381 1035 383
1573 2 2 1 1 408 992 467
1574 2 2 1 1 482 979 492
1575 2 2 1 1 550 978 632
1576 2 2 1 1 736 737 735
1577 2 2 1 1 570 994 568
1578 2 2 1 1 920 1029 235
1579 2 2 1 1 489 950 458
1580 2 2 1 1 853 855 851
1581 2 2 1 1 492 979 536
1582 2 2 1 1 348 980 371
1583 2 2 1 1 447 1013 450
1584 2 2 1 1 484 979 482
1585 2 2 1 1 632 986 552
1586 2 2 1 1 275 277 276
1587 2 2 1 1 527 998 792
1588 2 2 1 1 457 996 484
1589 2 2 1 1 384 985 504
1590 2 2 1 1 395 488 397
1591 2 2 1 1 351 983 352
1592 2 2 1 1 573 993 578
1593 2 2 1 1 507 998 506
1594 2 2 1 1 511 981 565
1595 2 2 1 1 350 980 348
1596 2 2 1 1 385 980 350
1597 2 2 1 1 513 983 382
1598 2 2 1 1 382 983 351
1599 2 2 1 1 299 988 296
1600 2 2 1 1 710 1208 1106
1601 2 2 1 1 738 744 739
1602 2 2 1 1 749 751 750
1603 2 2 1 1 371 980 585
1604 2 2 1 1 296 988 971
1605 2 2 1 1 753 754 751
1606 2 2 1 1 332 1014 928
1607 2 2 1 1 362 1144 876
1608 2 2 1 1 739 984 742
1609 2 2 1 1 558 986 673
1610 2 2 1 1 364 377 356
1611 2 2 1 1 574 993 571
1612 2 2 1 1 391 499 393
1613 2 2 1 1 736 738 737
1614 2 2 1 1 604 1000 606
1615 2 2 1 1 970 1013 447
1616 2 2 1 1 480 500 493
1617 2 2 1 1 500 530 493
1618 2 2 1 1 450 1013 472
1619 2 2 1 1 385 1022 980
1620 2 2 1 1 629 995 548
1621 2 2 1 1 719 997 631
1622 2 2 1 1 280 281 279
1623 2 2 1 1 571 993 573
1624 2 2 1 1 213 736 735
1625 2 2 1 1 855 1005 851
1626 2 2 1 1 646 999 648
1627 2 2 1 1 302 988 299
1628 2 2 1 1 549 1015 953
1629 2 2 1 1 244 709 705
1630 2 2 1 1 980 1022 585
1631 2 2 1 1 281 370 279
1632 2 2 1 1 500 622 530
1633 2 2 1 1 642 1001 644
1634 2 2 1 1 215 749 748
1635 2 2 1 1 330 1014 329
1636 2 2 1 1 277 279 276
1637 2 2 1 1 329 1014 332
1638 2 2 1 1 360 390 361
1639 2 2 1 1 594 1050 592
1640 2 2 1 1 358 360 359
1641 2 2 1 1 698 1018 983
1642 2 2 1 1 659 988 302
1643 2 2 1 1 620 621 505
1644 2 2 1 1 495 505 370
1645 2 2 1 1 826 827 621
1646 2 2 1 1 620 826 621
1647 2 2 1 1 272 275 274
1648 2 2 1 1 506 998 527
1649 2 2 1 1 495 620 505
1650 2 2 1 1 569 1018 574
1651 2 2 1 1 278 358 357
1652 2 2 1 1 1155 1179 653
1653 2 2 1 1 969 1020 950
1654 2 2 1 1 325 1002 323
1655 2 2 1 1 347 1004 293
1656 2 2 1 1 467 1023 411
1657 2 2 1 1 744 984 739
1658 2 2 1 1 293 1004 290
1659 2 2 1 1 281 495 370
1660 2 2 1 1 374 502 367
1661 2 2 1 1 648 999 679
1662 2 2 1 1 360 519 390
1663 2 2 1 1 606 1000 678
1664 2 2 1 1 344 1019 337
1665 2 2 1 1 688 999 646
1666 2 2 1 1 658 1021 553
1667 2 2 1 1 548 995 952
1668 2 2 1 1 824 995 629
1669 2 2 1 1 631 997 824
1670 2 2 1 1 644 1001 688
1671 2 2 1 1 590 1053 588
1672 2 2 1 1 331 1010 327
1673 2 2 1 1 323 1002 333
1674 2 2 1 1 290 1004 292
1675 2 2 1 1 675 1001 642
1676 2 2 1 1 278 362 358
1677 2 2 1 1 817 997 719
1678 2 2 1 1 730 1006 727
1679 2 2 1 1 519 680 528
1680 2 2 1 1 337 1019 330
1681 2 2 1 1 740 1009 738
1682 2 2 1 1 390 1017 391
1683 2 2 1 1 413 1023 453
1684 2 2 1 1 393 1007 395
1685 2 2 1 1 153 690 245
1686 2 2 1 1 246 692 691
1687 2 2 1 1 246 691 138
1688 2 2 1 1 751 1012 752
1689 2 2 1 1 327 1010 325
1690 2 2 1 1 272 273 271
1691 2 2 1 1 983 1018 352
1692 2 2 1 1 171 695 243
1693 2 2 1 1 274 278 273
1694 2 2 1 1 411 1023 413
1695 2 2 1 1 244 694 156
1696 2 2 1 1 705 706 694
1697 2 2 1 1 519 528 390
1698 2 2 1 1 330 1019 1014
1699 2 2 1 1 275 276 274
1700 2 2 1 1 352 1018 569
1701 2 2 1 1 680 682 528
1702 2 2 1 1 692 693 691
1703 2 2 1 1 244 705 694
1704 2 2 1 1 793 1006 730
1705 2 2 1 1 275 1046 503
1706 2 2 1 1 727 1006 734
1707 2 2 1 1 563 1026 656
1708 2 2 1 1 512 1022 385
1709 2 2 1 1 585 1022 653
1710 2 2 1 1 155 1031 244
1711 2 2 1 1 272 274 273
1712 2 2 1 1 669 763 617
1713 2 2 1 1 738 1009 744
1714 2 2 1 1 988 1035 971
1715 2 2 1 1 689 1017 528
1716 2 2 1 1 342 1034 344
1717 2 2 1 1 557 1027 835
1718 2 2 1 1 530 1011 701
1719 2 2 1 1 754 1012 751
1720 2 2 1 1 950 1020 478
1721 2 2 1 1 664 1043 666
1722 2 2 1 1 243 272 271
1723 2 2 1 1 325 1010 1002
1724 2 2 1 1 292 1036 288
1725 2 2 1 1 391 1017 499
1726 2 2 1 1 622 1011 530
1727 2 2 1 1 405 1038 409
1728 2 2 1 1 367 1016 364
1729 2 2 1 1 245 669 617
1730 2 2 1 1 395 1007 488
1731 2 2 1 1 494 1044 616
1732 2 2 1 1 895 1063 892
1733 2 2 1 1 659 1035 988
1734 2 2 1 1 1044 1052 616
1735 2 2 1 1 499 1007 393
1736 2 2 1 1 695 1046 243
1737 2 2 1 1 852 1061 854
1738 2 2 1 1 528 1017 390
1739 2 2 1 1 478 1020 480
1740 2 2 1 1 453 1039 415
1741 2 2 1 1 243 1046 272
1742 2 2 1 1 364 1016 377
1743 2 2 1 1 84 1030 83
1744 2 2 1 1 671 1041 591
1745 2 2 1 1 794 1100 721
1746 2 2 1 1 597 1041 722
1747 2 2 1 1 356 1034 342
1748 2 2 1 1 288 1036 286
1749 2 2 1 1 454 1045 401
1750 2 2 1 1 526 1028 985
1751 2 2 1 1 898 1069 627
1752 2 2 1 1 598 1062 596
1753 2 2 1 1 377 1034 356
1754 2 2 1 1 917 1032 916
1755 2 2 1 1 480 1020 500
1756 2 2 1 1 284 1042 343
1757 2 2 1 1 210 1110 949
1758 2 2 1 1 502 1016 367
1759 2 2 1 1 985 1028 676
1760 2 2 1 1 378 1024 374
1761 2 2 1 1 971 1035 381
1762 2 2 1 1 672 1115 1083
1763 2 2 1 1 419 1048 456
1764 2 2 1 1 403 1038 405
1765 2 2 1 1 761 1064 634
1766 2 2 1 1 1013 1044 472
1767 2 2 1 1 333 1051 321
1768 2 2 1 1 360 1025 519
1769 2 2 1 1 661 1044 1013
1770 2 2 1 1 374 1024 502
1771 2 2 1 1 31 1067 228
1772 2 2 1 1 832 1040 587
1773 2 2 1 1 362 1025 358
1774 2 2 1 1 625 1069 815
1775 2 2 1 1 358 1025 360
1776 2 2 1 1 415 1039 417
1777 2 2 1 1 726 1037 728
1778 2 2 1 1 435 1054 437
1779 2 2 1 1 591 1041 597
1780 2 2 1 1 286 1042 284
1781 2 2 1 1 401 1045 403
1782 2 2 1 1 437 1054 987
1783 2 2 1 1 666 1043 715
1784 2 2 1 1 1036 1042 286
1785 2 2 1 1 399 1055 454
1786 2 2 1 1 687 1047 831
1787 2 2 1 1 244 1031 709
1788 2 2 1 1 661 1052 1044
1789 2 2 1 1 634 1059 982
1790 2 2 1 1 317 1056 334
1791 2 2 1 1 734 1037 726
1792 2 2 1 1 472 1044 494
1793 2 2 1 1 403 1045 1038
1794 2 2 1 1 616 1052 684
1795 2 2 1 1 343 1060 282
1796 2 2 1 1 690 1217 1142
1797 2 2 1 1 859 1049 849
1798 2 2 1 1 456 1058 421
1799 2 2 1 1 488 1055 397
1800 2 2 1 1 423 1058 468
1801 2 2 1 1 619 1057 969
1802 2 2 1 1 417 1048 419
1803 2 2 1 1 969 1057 1020
1804 2 2 1 1 592 1050 657
1805 2 2 1 1 254 1165 798
1806 2 2 1 1 272 1046 275
1807 2 2 1 1 1039 1048 417
1808 2 2 1 1 937 1234 973
1809 2 2 1 1 1020 1057 500
1810 2 2 1 1 321 1051 319
1811 2 2 1 1 949 1075 111
1812 2 2 1 1 91 1070 90
1813 2 2 1 1 281 1060 495
1814 2 2 1 1 588 1053 655
1815 2 2 1 1 474 1052 661
1816 2 2 1 1 366 1141 869
1817 2 2 1 1 1052 1059 684
1818 2 2 1 1 762 1068 601
1819 2 2 1 1 110 1075 253
1820 2 2 1 1 468 1066 425
1821 2 2 1 1 427 1066 469
1822 2 2 1 1 665 1081 668
1823 2 2 1 1 71 1076 251
1824 2 2 1 1 240 1255 1127
1825 2 2 1 1 821 1082 641
1826 2 2 1 1 267 1076 72
1827 2 2 1 1 639 1082 660
1828 2 2 1 1 397 1055 399
1829 2 2 1 1 604 1068 1000
1830 2 2 1 1 471 1054 435
1831 2 2 1 1 1051 1056 319
1832 2 2 1 1 319 1056 317
1833 2 2 1 1 248 1088 58
1834 2 2 1 1 334 1071 315
1835 2 2 1 1 57 1088 257
1836 2 2 1 1 474 1059 1052
1837 2 2 1 1 421 1058 423
1838 2 2 1 1 634 1064 1059
1839 2 2 1 1 982 1059 474
1840 2 2 1 1 282 1060 281
1841 2 2 1 1 469 1072 429
1842 2 2 1 1 500 1057 622
1843 2 2 1 1 92 1085 91
1844 2 2 1 1 311 1078 339
1845 2 2 1 1 857 1061 852
1846 2 2 1 1 1060 1086 495
1847 2 2 1 1 433 1079 471
1848 2 2 1 1 686 1084 581
1849 2 2 1 1 100 1074 99
1850 2 2 1 1 596 1062 820
1851 2 2 1 1 230 1107 1000
1852 2 2 1 1 892 1063 893
1853 2 2 1 1 981 1077 565
1854 2 2 1 1 615 1080 618
1855 2 2 1 1 643 1092 821
1856 2 2 1 1 819 1092 645
1857 2 2 1 1 373 1150 1037
1858 2 2 1 1 424 1090 422
1859 2 2 1 1 577 1084 973
1860 2 2 1 1 865 1065 803
1861 2 2 1 1 599 1237 874
1862 2 2 1 1 600 1086 828
1863 2 2 1 1 246 1073 692
1864 2 2 1 1 481 1100 1090
1865 2 2 1 1 684 1064 685
1866 2 2 1 1 667 1119 1112
1867 2 2 1 1 307 1087 346
1868 2 2 1 1 425 1066 427
1869 2 2 1 1 339 1087 309
1870 2 2 1 1 707 1229 1031
1871 2 2 1 1 1059 1064 684
1872 2 2 1 1 867 1156 984
1873 2 2 1 1 601 1068 604
1874 2 2 1 1 32 1067 31
1875 2 2 1 1 647 1095 819
1876 2 2 1 1 608 1093 677
1877 2 2 1 1 99 1074 222
1878 2 2 1 1 627 1069 625
1879 2 2 1 1 938 1234 937
1880 2 2 1 1 828 1086 1060
1881 2 2 1 1 947 1093 610
1882 2 2 1 1 90 1070 247
1883 2 2 1 1 600 1091 1086
1884 2 2 1 1 696 1091 600
1885 2 2 1 1 216 1238 170
1886 2 2 1 1 422 1097 420
1887 2 2 1 1 315 1071 313
1888 2 2 1 1 303 1094 340
1889 2 2 1 1 346 1094 305
1890 2 2 1 1 120 1099 232
1891 2 2 1 1 260 1099 121
1892 2 2 1 1 532 1096 635
1893 2 2 1 1 429 1072 431
1894 2 2 1 1 845 1074 856
1895 2 2 1 1 1076 1197 251
1896 2 2 1 1 72 1076 71
1897 2 2 1 1 111 1075 110
1898 2 2 1 1 1071 1078 313
1899 2 2 1 1 714 1077 981
1900 2 2 1 1 219 1190 1116
1901 2 2 1 1 760 1073 246
1902 2 2 1 1 98 1101 97
1903 2 2 1 1 313 1078 311
1904 2 2 1 1 721 1100 817
1905 2 2 1 1 136 1102 135
1906 2 2 1 1 74 1103 73
1907 2 2 1 1 76 1104 75
1908 2 2 1 1 787 1235 256
1909 2 2 1 1 431 1079 433
1910 2 2 1 1 1072 1079 431
1911 2 2 1 1 574 1118 866
1912 2 2 1 1 24 1107 230
1913 2 2 1 1 210 1136 1110
1914 2 2 1 1 66 1106 65
1915 2 2 1 1 817 1100 481
1916 2 2 1 1 667 1081 665
1917 2 2 1 1 641 1082 639
1918 2 2 1 1 217 1124 770
1919 2 2 1 1 683 1080 615
1920 2 2 1 1 861 1215 692
1921 2 2 1 1 968 1083 265
1922 2 2 1 1 733 1214 1141
1923 2 2 1 1 233 1109 33
1924 2 2 1 1 581 1084 577
1925 2 2 1 1 1077 1248 906
1926 2 2 1 1 250 1085 92
1927 2 2 1 1 475 1089 870
1928 2 2 1 1 1029 1108 235
1929 2 2 1 1 830 1115 801
1930 2 2 1 1 1127 1255 761
1931 2 2 1 1 785 1213 869
1932 2 2 1 1 652 1110 535
1933 2 2 1 1 270 1230 1183
1934 2 2 1 1 309 1087 307
1935 2 2 1 1 712 1197 1076
1936 2 2 1 1 58 1088 57
1937 2 2 1 1 495 1086 620
1938 2 2 1 1 745 1254 1089
1939 2 2 1 1 874 1237 833
1940 2 2 1 1 481 1090 424
1941 2 2 1 1 839 1128 838
1942 2 2 1 1 699 1118 698
1943 2 2 1 1 801 1115 582
1944 2 2 1 1 1086 1091 620
1945 2 2 1 1 556 1113 554
1946 2 2 1 1 767 1222 909
1947 2 2 1 1 645 1092 643
1948 2 2 1 1 130 1122 209
1949 2 2 1 1 934 1113 223
1950 2 2 1 1 1000 1107 678
1951 2 2 1 1 620 1091 826
1952 2 2 1 1 66 1200 1106
1953 2 2 1 1 520 1143 879
1954 2 2 1 1 1129 1158 700
1955 2 2 1 1 148 1253 218
1956 2 2 1 1 940 1129 700
1957 2 2 1 1 97 1125 96
1958 2 2 1 1 812 1123 811
1959 2 2 1 1 220 1232 796
1960 2 2 1 1 610 1093 608
1961 2 2 1 1 240 1127 957
1962 2 2 1 1 32 1109 1067
1963 2 2 1 1 856 1123 843
1964 2 2 1 1 340 1111 659
1965 2 2 1 1 354 1157 1012
1966 2 2 1 1 305 1094 303
1967 2 2 1 1 166 1235 220
1968 2 2 1 1 963 1130 962
1969 2 2 1 1 918 1136 210
1970 2 2 1 1 264 1130 967
1971 2 2 1 1 862 1135 380
1972 2 2 1 1 255 1253 147
1973 2 2 1 1 717 1184 948
1974 2 2 1 1 667 1112 1081
1975 2 2 1 1 231 1134 26
1976 2 2 1 1 1018 1118 574
1977 2 2 1 1 708 1119 667
1978 2 2 1 1 649 1095 647
1979 2 2 1 1 626 1131 789
1980 2 2 1 1 722 1131 624
1981 2 2 1 1 256 1235 165
1982 2 2 1 1 1102 1230 270
1983 2 2 1 1 702 1140 703
1984 2 2 1 1 708 1121 1119
1985 2 2 1 1 1043 1187 715
1986 2 2 1 1 1097 1098 475
1987 2 2 1 1 649 1117 1111
1988 2 2 1 1 420 1097 475
1989 2 2 1 1 540 1142 871
1990 2 2 1 1 618 1225 1108
1991 2 2 1 1 913 1126 910
1992 2 2 1 1 712 1096 532
1993 2 2 1 1 877 1105 873
1994 2 2 1 1 229 1148 903
1995 2 2 1 1 948 1220 717
1996 2 2 1 1 736 1139 740
1997 2 2 1 1 749 1138 753
1998 2 2 1 1 733 1141 732
1999 2 2 1 1 963 1179 1155
2000 2 2 1 1 224 1145 935
2001 2 2 1 1 909 1222 248
2002 2 2 1 1 121 1099 120
2003 2 2 1 1 222 1101 98
2004 2 2 1 1 955 1150 899
2005 2 2 1 1 1033 1149 916
2006 2 2 1 1 460 1152 883
2007 2 2 1 1 1011 1211 919
2008 2 2 1 1 254 1147 132
2009 2 2 1 1 951 1133 933
2010 2 2 1 1 1107 1134 678
2011 2 2 1 1 135 1102 270
2012 2 2 1 1 73 1103 267
2013 2 2 1 1 268 1104 76
2014 2 2 1 1 1187 1221 715
2015 2 2 1 1 122 1151 260
2016 2 2 1 1 227 1151 123
2017 2 2 1 1 705 1128 706
2018 2 2 1 1 471 1112 1054
2019 2 2 1 1 523 1146 387
2020 2 2 1 1 876 1163 599
2021 2 2 1 1 278 1144 362
2022 2 2 1 1 818 1244 376
2023 2 2 1 1 800 1162 628
2024 2 2 1 1 276 1144 274
2025 2 2 1 1 724 1114 216
2026 2 2 1 1 1201 1229 533
2027 2 2 1 1 65 1106 237
2028 2 2 1 1 635 1155 512
2029 2 2 1 1 650 1117 649
2030 2 2 1 1 768 1190 219
2031 2 2 1 1 769 1191 217
2032 2 2 1 1 636 1154 989
2033 2 2 1 1 1154 1172 989
2034 2 2 1 1 924 1210 1008
2035 2 2 1 1 599 1163 370
2036 2 2 1 1 742 1156 745
2037 2 2 1 1 650 1120 1117
2038 2 2 1 1 25 1107 24
2039 2 2 1 1 1112 1119 670
2040 2 2 1 1 918 1161 1136
2041 2 2 1 1 1040 1175 711
2042 2 2 1 1 728 1114 724
2043 2 2 1 1 759 1120 650
2044 2 2 1 1 1106 1200 713
2045 2 2 1 1 1095 1111 340
2046 2 2 1 1 1081 1112 471
2047 2 2 1 1 105 1164 104
2048 2 2 1 1 279 1163 276
2049 2 2 1 1 825 1182 300
2050 2 2 1 1 881 1173 345
2051 2 2 1 1 34 1169 233
2052 2 2 1 1 235 1108 929
2053 2 2 1 1 869 1214 785
2054 2 2 1 1 651 1249 945
2055 2 2 1 1 1022 1155 653
2056 2 2 1 1 33 1109 32
2057 2 2 1 1 623 1192 864
2058 2 2 1 1 535 1110 978
2059 2 2 1 1 680 1193 682
2060 2 2 1 1 1111 1117 976
2061 2 2 1 1 475 1098 1089
2062 2 2 1 1 8 1199 105
2063 2 2 1 1 106 1199 8
2064 2 2 1 1 1006 1180 345
2065 2 2 1 1 664 1170 1043
2066 2 2 1 1 298 1180 300
2067 2 2 1 1 837 1201 836
2068 2 2 1 1 1054 1112 670
2069 2 2 1 1 863 1186 862
2070 2 2 1 1 247 1193 877
2071 2 2 1 1 1017 1159 499
2072 2 2 1 1 798 1165 975
2073 2 2 1 1 659 1111 976
2074 2 2 1 1 789 1170 662
2075 2 2 1 1 304 1182 366
2076 2 2 1 1 217 1191 1124
2077 2 2 1 1 362 1160 1025
2078 2 2 1 1 100 1241 1074
2079 2 2 1 1 869 1213 868
2080 2 2 1 1 948 1184 18
2081 2 2 1 1 300 1182 301
2082 2 2 1 1 1141 1214 869
2083 2 2 1 1 124 1187 227
2084 2 2 1 1 919 1211 920
2085 2 2 1 1 1043 1170 227
2086 2 2 1 1 212 1189 36
2087 2 2 1 1 775 1116 780
2088 2 2 1 1 628 1162 630
2089 2 2 1 1 17 1184 241
2090 2 2 1 1 649 1111 1095
2091 2 2 1 1 236 1233 926
2092 2 2 1 1 923 1210 924
2093 2 2 1 1 713 1113 556
2094 2 2 1 1 223 1200 67
2095 2 2 1 1 998 1153 792
2096 2 2 1 1 582 1115 672
2097 2 2 1 1 809 1137 813
2098 2 2 1 1 376 1244 310
2099 2 2 1 1 314 1242 369
2100 2 2 1 1 705 1167 1128
2101 2 2 1 1 238 1223 826
2102 2 2 1 1 1005 1185 846
2103 2 2 1 1 682 1193 1070
2104 2 2 1 1 234 1221 126
2105 2 2 1 1 44 1204 7
2106 2 2 1 1 7 1204 136
2107 2 2 1 1 922 1250 250
2108 2 2 1 1 227 1187 1043
2109 2 2 1 1 799 1132 388
2110 2 2 1 1 13 1205 5
2111 2 2 1 1 5 1205 74
2112 2 2 1 1 6 1206 43
2113 2 2 1 1 75 1206 6
2114 2 2 1 1 485 1156 867
2115 2 2 1 1 910 1126 911
2116 2 2 1 1 86 1223 85
2117 2 2 1 1 976 1117 507
2118 2 2 1 1 670 1119 614
2119 2 2 1 1 1117 1120 507
2120 2 2 1 1 242 1241 101
2121 2 2 1 1 595 1188 696
2122 2 2 1 1 262 1161 918
2123 2 2 1 1 1074 1241 856
2124 2 2 1 1 673 1203 560
2125 2 2 1 1 833 1237 621
2126 2 2 1 1 25 1134 1107
2127 2 2 1 1 1073 1192 623
2128 2 2 1 1 1119 1121 614
2129 2 2 1 1 562 1212 589
2130 2 2 1 1 698 1118 1018
2131 2 2 1 1 717 1220 586
2132 2 2 1 1 1028 1197 676
2133 2 2 1 1 704 1231 521
2134 2 2 1 1 507 1120 998
2135 2 2 1 1 614 1121 651
2136 2 2 1 1 554 1239 522
2137 2 2 1 1 505 1237 599
2138 2 2 1 1 716 1226 697
2139 2 2 1 1 701 1209 766
2140 2 2 1 1 497 1228 379
2141 2 2 1 1 687 1219 1047
2142 2 2 1 1 579 1234 991
2143 2 2 1 1 131 1122 130
2144 2 2 1 1 746 1124 743
2145 2 2 1 1 843 1123 812
2146 2 2 1 1 96 1125 236
2147 2 2 1 1 906 1248 211
2148 2 2 1 1 811 1137 809
2149 2 2 1 1 690 1218 245
2150 2 2 1 1 633 1127 761
2151 2 2 1 1 1074 1185 222
2152 2 2 1 1 1110 1136 978
2153 2 2 1 1 838 1128 524
2154 2 2 1 1 523 1158 1129
2155 2 2 1 1 957 1127 958
2156 2 2 1 1 234 1243 1221
2157 2 2 1 1 761 1177 1064
2158 2 2 1 1 933 1133 934
2159 2 2 1 1 378 1126 1024
2160 2 2 1 1 1106 1208 237
2161 2 2 1 1 1089 1168 746
2162 2 2 1 1 931 1202 685
2163 2 2 1 1 703 1129 940
2164 2 2 1 1 231 1154 1134
2165 2 2 1 1 845 1185 1074
2166 2 2 1 1 1016 1175 377
2167 2 2 1 1 1195 1229 707
2168 2 2 1 1 753 1135 754
2169 2 2 1 1 826 1223 827
2170 2 2 1 1 962 1130 264
2171 2 2 1 1 1012 1157 752
2172 2 2 1 1 624 1131 626
2173 2 2 1 1 682 1250 689
2174 2 2 1 1 919 1209 1011
2175 2 2 1 1 139 1252 213
2176 2 2 1 1 157 1251 215
2177 2 2 1 1 961 1181 686
2178 2 2 1 1 683 1202 1080
2179 2 2 1 1 1116 1190 757
2180 2 2 1 1 1089 1254 870
2181 2 2 1 1 262 1176 1161
2182 2 2 1 1 1098 1168 1089
2183 2 2 1 1 1037 1150 728
2184 2 2 1 1 26 1134 25
2185 2 2 1 1 1129 1146 523
2186 2 2 1 1 622 1247 1029
2187 2 2 1 1 526 1133 1028
2188 2 2 1 1 131 1147 1122
2189 2 2 1 1 991 1145 765
2190 2 2 1 1 826 1207 238
2191 2 2 1 1 380 1135 839
2192 2 2 1 1 854 1210 926
2193 2 2 1 1 87 1166 86
2194 2 2 1 1 1057 1247 622
2195 2 2 1 1 978 1136 632
2196 2 2 1 1 1085 1250 682
2197 2 2 1 1 266 1137 964
2198 2 2 1 1 903 1176 262
2199 2 2 1 1 767 1140 702
2200 2 2 1 1 213 1139 736
2201 2 2 1 1 215 1138 749
2202 2 2 1 1 879 1142 540
2203 2 2 1 1 785 1214 786
2204 2 2 1 1 752 1157 756
2205 2 2 1 1 732 1141 825
2206 2 2 1 1 700 1143 520
2207 2 2 1 1 989 1172 675
2208 2 2 1 1 1128 1167 524
2209 2 2 1 1 257 1209 919
2210 2 2 1 1 833 1166 258
2211 2 2 1 1 221 1202 931
2212 2 2 1 1 218 1162 800
2213 2 2 1 1 935 1145 938
2214 2 2 1 1 274 1144 278
2215 2 2 1 1 909 1198 767
2216 2 2 1 1 1009 1196 490
2217 2 2 1 1 132 1147 131
2218 2 2 1 1 944 1148 229
2219 2 2 1 1 760 1192 1073
2220 2 2 1 1 1108 1225 929
2221 2 2 1 1 1172 1194 675
2222 2 2 1 1 387 1146 497
2223 2 2 1 1 1136 1161 632
2224 2 2 1 1 916 1149 914
2225 2 2 1 1 672 1178 686
2226 2 2 1 1 1243 1249 1121
2227 2 2 1 1 1008 1210 854
2228 2 2 1 1 955 1256 1150
2229 2 2 1 1 899 1150 373
2230 2 2 1 1 258 1166 87
2231 2 2 1 1 1124 1191 743
2232 2 2 1 1 937 1181 252
2233 2 2 1 1 883 1152 888
2234 2 2 1 1 123 1151 122
2235 2 2 1 1 231 1172 1154
2236 2 2 1 1 1140 1198 497
2237 2 2 1 1 706 1251 694
2238 2 2 1 1 853 1233 855
2239 2 2 1 1 693 1252 691
2240 2 2 1 1 678 1154 636
2241 2 2 1 1 999 1245 228
2242 2 2 1 1 793 1180 1006
2243 2 2 1 1 105 1199 1164
2244 2 2 1 1 811 1246 1137
2245 2 2 1 1 924 1159 922
2246 2 2 1 1 1126 1228 911
2247 2 2 1 1 1047 1174 547
2248 2 2 1 1 633 1231 1127
2249 2 2 1 1 709 1167 705
2250 2 2 1 1 512 1155 1022
2251 2 2 1 1 1148 1203 673
2252 2 2 1 1 984 1156 742
2253 2 2 1 1 891 1157 354
2254 2 2 1 1 1142 1218 690
2255 2 2 1 1 1127 1231 958
2256 2 2 1 1 1133 1239 934
2257 2 2 1 1 1025 1160 681
2258 2 2 1 1 252 1181 961
2259 2 2 1 1 378 1228 1126
2260 2 2 1 1 911 1198 909
2261 2 2 1 1 740 1196 1009
2262 2 2 1 1 1091 1207 826
2263 2 2 1 1 632 1161 986
2264 2 2 1 1 689 1159 1017
2265 2 2 1 1 370 1163 279
2266 2 2 1 1 1029 1247 1108
2267 2 2 1 1 238 1207 1030
2268 2 2 1 1 708 1243 1121
2269 2 2 1 1 267 1236 1076
2270 2 2 1 1 526 1239 1133
2271 2 2 1 1 1084 1181 937
2272 2 2 1 1 1030 1207 696
2273 2 2 1 1 675 1194 1001
2274 2 2 1 1 1156 1254 745
2275 2 2 1 1 104 1164 266
2276 2 2 1 1 759 1153 1120
2277 2 2 1 1 524 1167 837
2278 2 2 1 1 1134 1154 678
2279 2 2 1 1 1137 1246 964
2280 2 2 1 1 773 1168 774
2281 2 2 1 1 711 1208 710
2282 2 2 1 1 704 1230 959
2283 2 2 1 1 237 1208 1032
2284 2 2 1 1 1194 1224 1001
2285 2 2 1 1 1032 1208 711
2286 2 2 1 1 1105 1160 875
2287 2 2 1 1 827 1166 833
2288 2 2 1 1 975 1165 674
2289 2 2 1 1 681 1160 1105
2290 2 2 1 1 886 1171 501
2291 2 2 1 1 1161 1176 986
2292 2 2 1 1 35 1169 34
2293 2 2 1 1 1080 1225 618
2294 2 2 1 1 1076 1236 712
2295 2 2 1 1 901 1172 231
2296 2 2 1 1 882 1173 881
2297 2 2 1 1 695 1238 1003
2298 2 2 1 1 662 1170 664
2299 2 2 1 1 501 1215 861
2300 2 2 1 1 703 1146 1129
2301 2 2 1 1 764 1174 747
2302 2 2 1 1 1029 1211 622
2303 2 2 1 1 622 1211 1011
2304 2 2 1 1 747 1174 1047
2305 2 2 1 1 1165 1183 674
2306 2 2 1 1 653 1179 717
2307 2 2 1 1 1120 1153 998
2308 2 2 1 1 35 1189 1169
2309 2 2 1 1 986 1176 673
2310 2 2 1 1 886 1196 1171
2311 2 2 1 1 1003 1256 955
2312 2 2 1 1 766 1222 767
2313 2 2 1 1 901 1194 1172
2314 2 2 1 1 377 1175 1040
2315 2 2 1 1 345 1180 298
2316 2 2 1 1 700 1158 1143
2317 2 2 1 1 241 1179 963
2318 2 2 1 1 930 1225 1080
2319 2 2 1 1 855 1233 1125
2320 2 2 1 1 1001 1224 688
2321 2 2 1 1 686 1181 1084
2322 2 2 1 1 301 1182 304
2323 2 2 1 1 1224 1245 688
2324 2 2 1 1 136 1204 1102
2325 2 2 1 1 1104 1206 75
2326 2 2 1 1 74 1205 1103
2327 2 2 1 1 864 1192 534
2328 2 2 1 1 890 1186 863
2329 2 2 1 1 674 1183 704
2330 2 2 1 1 18 1184 17
2331 2 2 1 1 846 1185 845
2332 2 2 1 1 125 1187 124
2333 2 2 1 1 757 1190 755
2334 2 2 1 1 743 1191 741
2335 2 2 1 1 36 1189 35
2336 2 2 1 1 259 1194 901
2337 2 2 1 1 1064 1177 685
2338 2 2 1 1 1138 1251 706
2339 2 2 1 1 1139 1252 693
2340 2 2 1 1 1108 1247 619
2341 2 2 1 1 765 1188 595
2342 2 2 1 1 836 1201 533
2343 2 2 1 1 460 1227 1152
2344 2 2 1 1 774 1168 1098
2345 2 2 1 1 1123 1246 811
2346 2 2 1 1 490 1196 886
2347 2 2 1 1 1088 1222 766
2348 2 2 1 1 67 1200 66
2349 2 2 1 1 676 1197 712
2350 2 2 1 1 125 1221 1187
2351 2 2 1 1 259 1224 1194
2352 2 2 1 1 868 1213 376
2353 2 2 1 1 1083 1178 672
2354 2 2 1 1 960 1204 44
2355 2 2 1 1 926 1210 923
2356 2 2 1 1 685 1202 683
2357 2 2 1 1 966 1205 13
2358 2 2 1 1 43 1206 968
2359 2 2 1 1 560 1203 562
2360 2 2 1 1 1150 1256 728
2361 2 2 1 1 871 1219 687
2362 2 2 1 1 248 1222 1088
2363 2 2 1 1 688 1245 999
2364 2 2 1 1 696 1207 1091
2365 2 2 1 1 589 1212 671
2366 2 2 1 1 1011 1209 701
2367 2 2 1 1 731 1216 733
2368 2 2 1 1 920 1211 1029
2369 2 2 1 1 1070 1193 247
2370 2 2 1 1 85 1223 238
2371 2 2 1 1 902 1224 259
2372 2 2 1 1 126 1221 125
2373 2 2 1 1 731 1232 1216
2374 2 2 1 1 692 1215 693
2375 2 2 1 1 586 1220 714
2376 2 2 1 1 929 1225 930
2377 2 2 1 1 744 1227 984
2378 2 2 1 1 879 1218 1142
2379 2 2 1 1 245 1218 669
2380 2 2 1 1 902 1245 1224
2381 2 2 1 1 697 1226 699
2382 2 2 1 1 729 1232 731
2383 2 2 1 1 1003 1238 1114
2384 2 2 1 1 379 1228 378
2385 2 2 1 1 1221 1243 715
2386 2 2 1 1 228 1245 902
2387 2 2 1 1 521 1231 633
2388 2 2 1 1 165 1235 166
2389 2 2 1 1 312 1244 1242
2390 2 2 1 1 312 1242 314
2391 2 2 1 1 973 1234 579
2392 2 2 1 1 945 1249 234
2393 2 2 1 1 310 1244 312
2394 2 2 1 1 1121 1249 651
2395 2 2 1 1 932 1255 240
2396 2 2 1 1 522 1239 526
2397 2 2 1 1 621 1237 505
2398 2 2 1 1 870 1254 485
2399 2 2 1 1 1220 1248 714
2400 2 2 1 1 101 1241 100
2401 2 2 1 1 964 1246 242
2402 2 2 1 1 1114 1256 1003
2403 2 2 1 1 715 1243 708
2404 2 2 1 1 147 1253 148
2405 2 2 1 1 619 1247 1057
2406 2 2 1 1 761 1255 1177
2407 2 2 1 1 1102 1204 960
2408 2 2 1 1 1103 1205 966
2409 2 2 1 1 968 1206 1104
2410 2 2 1 1 1164 1199 814
2411 2 2 1 1 485 1254 1156
2412 2 2 1 1 1183 1230 704
2413 2 2 1 1 714 1248 1077
2414 2 2 1 1 250 1250 1085
2415 2 2 1 1 693 1215 1171
2416 2 2 1 1 234 1249 1243
2417 2 2 1 1 1171 1215 501
2418 2 2 1 1 944 1203 1148
2419 2 2 1 1 712 1236 1096
2420 2 2 1 1 242 1246 1123
2421 2 2 1 1 728 1256 1114
2422 2 2 1 1 767 1198 1140
2423 2 2 1 1 1114 1238 216
2424 2 2 1 1 757 1240 1116
2425 2 2 1 1 1132 1240 757
2426 2 2 1 1 1125 1233 236
2427 2 2 1 1 1152 1227 744
2428 2 2 1 1 213 1252 1139
2429 2 2 1 1 215 1251 1138
2430 2 2 1 1 1217 1219 871
2431 2 2 1 1 214 1219 1217
2432 2 2 1 1 1177 1255 932
2433 2 2 10 50 1288 1322 1318
2434 2 2 10 50 1270 1353 3
2435 2 2 10 50 3 1353 190
2436 2 2 10 50 1258 1318 1316
2437 2 2 10 50 1330 1369 183
2438 2 2 10 50 1341 1346 1307
2439 2 2 10 50 1318 1322 1316
2440 2 2 10 50 1338 1340 1292
2441 2 2 10 50 1318 1323 1288
2442 2 2 10 50 1315 1355 1342
2443 2 2 10 50 1346 1352 1307
2444 2 2 10 50 1316 1317 1258
2445 2 2 10 50 184 1330 183
2446 2 2 10 50 179 1317 178
2447 2 2 10 50 1342 1355 1264
2448 2 2 10 50 1292 1365 1338
2449 2 2 10 50 195 1335 194
2450 2 2 10 50 183 1369 1260
2451 2 2 10 50 1329 1353 1270
2452 2 2 10 50 1258 1317 179
2453 2 2 10 50 1270 1367 1329
2454 2 2 10 50 1355 1368 1345
2455 2 2 10 50 1264 1355 1345
2456 2 2 10 50 1340 1350 1292
2457 2 2 10 50 194 1335 1265
2458 2 2 10 50 1260 1369 1311
2459 2 2 10 50 1319 1354 1339
2460 2 2 10 50 1311 1359 1260
2461 2 2 10 50 1258 1337 1318
2462 2 2 10 50 1271 1360 1351
2463 2 2 10 50 1317 1342 178
2464 2 2 10 50 1339 1354 1259
2465 2 2 10 50 1323 1324 1288
2466 2 2 10 50 1307 1358 1341
2467 2 2 10 50 1271 1351 1348
2468 2 2 10 50 1303 1326 1313
2469 2 2 10 50 1334 1370 1343
2470 2 2 10 50 1313 1326 1273
2471 2 2 10 50 195 1361 1335
2472 2 2 10 50 1315 1342 1317
2473 2 2 10 50 1288 1324 1281
2474 2 2 10 50 1281 1324 1280
2475 2 2 10 50 1304 1305 1291
2476 2 2 10 50 1306 1309 1301
2477 2 2 10 50 1285 1322 1283
2478 2 2 10 50 1324 1328 1280
2479 2 2 10 50 175 1269 174
2480 2 2 10 50 1314 1315 1289
2481 2 2 10 50 1287 1314 1289
2482 2 2 10 50 1283 1322 1288
2483 2 2 10 50 1290 1304 1291
2484 2 2 10 50 1289 1322 1285
2485 2 2 10 50 1305 1308 1291
2486 2 2 10 50 1273 1326 1275
2487 2 2 10 50 1290 1291 1287
2488 2 2 10 50 1298 1306 1301
2489 2 2 10 50 1298 1301 1297
2490 2 2 10 50 189 1267 188
2491 2 2 10 50 208 1266 207
2492 2 2 10 50 1296 1298 1297
2493 2 2 10 50 1312 1320 1299
2494 2 2 10 50 194 1265 193
2495 2 2 10 50 1294 1321 1293
2496 2 2 10 50 1296 1297 1294
2497 2 2 10 50 1276 1319 1274
2498 2 2 10 50 1296 1320 1298
2499 2 2 10 50 1286 1287 1285
2500 2 2 10 50 1286 1290 1287
2501 2 2 10 50 1298 1320 1307
2502 2 2 10 50 1291 1314 1287
2503 2 2 10 50 1284 1286 1285
2504 2 2 10 50 177 1264 176
2505 2 2 10 50 205 1262 204
2506 2 2 10 50 1298 1307 1306
2507 2 2 10 50 1295 1296 1294
2508 2 2 10 50 1284 1285 1283
2509 2 2 10 50 1301 1302 1297
2510 2 2 10 50 1279 1294 1293
2511 2 2 10 50 186 1263 185
2512 2 2 10 50 1287 1289 1285
2513 2 2 10 50 1282 1284 1283
2514 2 2 10 50 1299 1320 1296
2515 2 2 10 50 1280 1327 1277
2516 2 2 10 50 1282 1326 1303
2517 2 2 10 50 197 1259 196
2518 2 2 10 50 1279 1293 1276
2519 2 2 10 50 1279 1295 1294
2520 2 2 10 50 1282 1283 1281
2521 2 2 10 50 2 1268 181
2522 2 2 10 50 1278 1326 1282
2523 2 2 10 50 180 1258 179
2524 2 2 10 50 1310 1312 1299
2525 2 2 10 50 1279 1327 1295
2526 2 2 10 50 202 1261 201
2527 2 2 10 50 1283 1288 1281
2528 2 2 10 50 1295 1299 1296
2529 2 2 10 50 183 1260 182
2530 2 2 10 50 1286 1292 1290
2531 2 2 10 50 1295 1327 1300
2532 2 2 10 50 1278 1282 1281
2533 2 2 10 50 1284 1325 1286
2534 2 2 10 50 4 1257 199
2535 2 2 10 50 1293 1319 1276
2536 2 2 10 50 1278 1281 1280
2537 2 2 10 50 1282 1303 1284
2538 2 2 10 50 1286 1325 1292
2539 2 2 10 50 1303 1325 1284
2540 2 2 10 50 1297 1321 1294
2541 2 2 10 50 1275 1326 1278
2542 2 2 10 50 1278 1280 1277
2543 2 2 10 50 1277 1279 1276
2544 2 2 10 50 1277 1327 1279
2545 2 2 10 50 1315 1316 1289
2546 2 2 10 50 1300 1310 1299
2547 2 2 10 50 1300 1311 1310
2548 2 2 10 50 1315 1317 1316
2549 2 2 10 50 1275 1278 1277
2550 2 2 10 50 1295 1300 1299
2551 2 2 10 50 1316 1322 1289
2552 2 2 10 50 1302 1321 1297
2553 2 2 10 50 1275 1277 1276
2554 2 2 10 50 1308 1314 1291
2555 2 2 10 50 1280 1328 1327
2556 2 2 10 50 1275 1276 1274
2557 2 2 10 50 1300 1328 1311
2558 2 2 10 50 1306 1329 1309
2559 2 2 10 50 1327 1328 1300
2560 2 2 10 50 191 1270 3
2561 2 2 10 50 173 1271 1
2562 2 2 10 50 1273 1275 1274
2563 2 2 10 50 1319 1331 1274
2564 2 2 10 50 1273 1274 1257
2565 2 2 10 50 1272 1313 1273
2566 2 2 10 50 1310 1330 1312
2567 2 2 10 50 199 1331 198
2568 2 2 10 50 1257 1331 199
2569 2 2 10 50 1263 1358 1312
2570 2 2 10 50 1323 1332 1324
2571 2 2 10 50 1324 1332 1328
2572 2 2 10 50 1325 1365 1292
2573 2 2 10 50 1262 1350 1340
2574 2 2 10 50 1343 1356 1334
2575 2 2 10 50 1274 1331 1257
2576 2 2 10 50 190 1353 189
2577 2 2 10 50 189 1353 1267
2578 2 2 10 50 1302 1333 1321
2579 2 2 10 50 1328 1332 1311
2580 2 2 10 50 1272 1273 1257
2581 2 2 10 50 1304 1334 1305
2582 2 2 10 50 1312 1363 1263
2583 2 2 10 50 1329 1367 1309
2584 2 2 10 50 1309 1347 1301
2585 2 2 10 50 200 1272 4
2586 2 2 10 50 4 1272 1257
2587 2 2 10 50 182 1336 2
2588 2 2 10 50 1260 1336 182
2589 2 2 10 50 2 1336 1268
2590 2 2 10 50 1290 1350 1304
2591 2 2 10 50 180 1337 1258
2592 2 2 10 50 181 1337 180
2593 2 2 10 50 1268 1337 181
2594 2 2 10 50 1305 1351 1308
2595 2 2 10 50 1337 1366 1318
2596 2 2 10 50 1303 1357 1325
2597 2 2 10 50 1293 1354 1319
2598 2 2 10 50 1304 1370 1334
2599 2 2 10 50 203 1338 202
2600 2 2 10 50 202 1338 1261
2601 2 2 10 50 1314 1355 1315
2602 2 2 10 50 1302 1335 1333
2603 2 2 10 50 198 1339 197
2604 2 2 10 50 1319 1339 1331
2605 2 2 10 50 197 1339 1259
2606 2 2 10 50 204 1340 203
2607 2 2 10 50 1262 1340 204
2608 2 2 10 50 1312 1358 1320
2609 2 2 10 50 1261 1344 201
2610 2 2 10 50 1272 1344 1313
2611 2 2 10 50 1311 1369 1310
2612 2 2 10 50 187 1341 186
2613 2 2 10 50 186 1341 1263
2614 2 2 10 50 1335 1347 1265
2615 2 2 10 50 1302 1347 1335
2616 2 2 10 50 178 1342 177
2617 2 2 10 50 177 1342 1264
2618 2 2 10 50 1329 1352 1267
2619 2 2 10 50 1306 1352 1329
2620 2 2 10 50 1333 1354 1321
2621 2 2 10 50 1351 1360 1269
2622 2 2 10 50 1259 1354 1333
2623 2 2 10 50 1318 1366 1323
2624 2 2 10 50 1331 1339 198
2625 2 2 10 50 1348 1372 1271
2626 2 2 10 50 1266 1372 1348
2627 2 2 10 50 1261 1357 1344
2628 2 2 10 50 206 1343 205
2629 2 2 10 50 205 1343 1262
2630 2 2 10 50 201 1344 200
2631 2 2 10 50 1308 1368 1355
2632 2 2 10 50 176 1345 175
2633 2 2 10 50 175 1345 1269
2634 2 2 10 50 1267 1353 1329
2635 2 2 10 50 188 1346 187
2636 2 2 10 50 200 1344 1272
2637 2 2 10 50 1267 1346 188
2638 2 2 10 50 203 1340 1338
2639 2 2 10 50 1259 1361 196
2640 2 2 10 50 185 1363 184
2641 2 2 10 50 1264 1345 176
2642 2 2 10 50 184 1363 1330
2643 2 2 10 50 1307 1352 1306
2644 2 2 10 50 1344 1357 1313
2645 2 2 10 50 1330 1363 1312
2646 2 2 10 50 1301 1347 1302
2647 2 2 10 50 193 1349 192
2648 2 2 10 50 1336 1364 1268
2649 2 2 10 50 1265 1349 193
2650 2 2 10 50 1292 1350 1290
2651 2 2 10 50 1313 1357 1303
2652 2 2 10 50 1333 1361 1259
2653 2 2 10 50 207 1356 206
2654 2 2 10 50 1266 1356 207
2655 2 2 10 50 1335 1361 1333
2656 2 2 10 50 1357 1365 1325
2657 2 2 10 50 1321 1354 1293
2658 2 2 10 50 1359 1364 1336
2659 2 2 10 50 1308 1355 1314
2660 2 2 10 50 1266 1348 1334
2661 2 2 10 50 1334 1348 1305
2662 2 2 10 50 1341 1358 1263
2663 2 2 10 50 187 1346 1341
2664 2 2 10 50 174 1360 173
2665 2 2 10 50 1260 1359 1336
2666 2 2 10 50 173 1360 1271
2667 2 2 10 50 192 1362 191
2668 2 2 10 50 191 1362 1270
2669 2 2 10 50 1334 1356 1266
2670 2 2 10 50 1320 1358 1307
2671 2 2 10 50 1350 1370 1304
2672 2 2 10 50 1351 1368 1308
2673 2 2 10 50 1269 1360 174
2674 2 2 10 50 196 1361 195
2675 2 2 10 50 1263 1363 185
2676 2 2 10 50 1309 1371 1347
2677 2 2 10 50 1 1372 208
2678 2 2 10 50 1348 1351 1305
2679 2 2 10 50 1271 1372 1
2680 2 2 10 50 1349 1371 1367
2681 2 2 10 50 1267 1352 1346
2682 2 2 10 50 208 1372 1266
2683 2 2 10 50 1349 1367 1362
2684 2 2 10 50 206 1356 1343
2685 2 2 10 50 1310 1369 1330
2686 2 2 10 50 1332 1359 1311
2687 2 2 10 50 1323 1364 1332
2688 2 2 10 50 1338 1365 1261
2689 2 2 10 50 1268 1366 1337
2690 2 2 10 50 1332 1364 1359
2691 2 2 10 50 1261 1365 1357
2692 2 2 10 50 1349 1362 192
2693 2 2 10 50 1347 1371 1265
2694 2 2 10 50 1265 1371 1349
2695 2 2 10 50 1343 1370 1262
2696 2 2 10 50 1262 1370 1350
2697 2 2 10 50 1269 1368 1351
2698 2 2 10 50 1345 1368 1269
2699 2 2 10 50 1367 1371 1309
2700 2 2 10 50 1323 1366 1364
2701 2 2 10 50 1364 1366 1268
2702 2 2 10 50 1362 1367 1270
$EndElements
