$MeshFormat
2.2 0 8
$EndMeshFormat
$Nodes
1216
1 0 0 0
2 1 0 0
3 0 1 0
4 1 1 0
5 0.75 0.5 0
6 0.5 0.625 0
7 0.25 0.5 0
8 0.5 0.375 0
9 0.03125 0 0
10 0.0625 0 0
11 0.09375 0 0
12 0.125 0 0
13 0.15625 0 0
14 0.1875 0 0
15 0.21875 0 0
16 0.25 0 0
17 0.28125 0 0
18 0.3125 0 0
19 0.34375 0 0
20 0.375 0 0
21 0.40625 0 0
22 0.4375 0 0
23 0.46875 0 0
24 0.5 0 0
25 0.53125 0 0
26 0.5625 0 0
27 0.59375 0 0
28 0.625 0 0
29 0.65625 0 0
30 0.6875 0 0
31 0.71875 0 0
32 0.75 0 0
33 0.78125 0 0
34 0.8125 0 0
35 0.84375 0 0
36 0.875 0 0
37 0.90625 0 0
38 0.9375 0 0
39 0.96875 0 0
40 0 0.96875 0
41 0 0.9375 0
42 0 0.90625 0
43 0 0.875 0
44 0 0.84375 0
45 0 0.8125 0
46 0 0.78125 0
47 0 0.75 0
48 0 0.71875 0
49 0 0.6875 0
50 0 0.65625 0
51 0 0.625 0
52 0 0.59375 0
53 0 0.5625 0
54 0 0.53125 0
55 0 0.5 0
56 0 0.46875 0
57 0 0.4375 0
58 0 0.40625 0
59 0 0.375 0
60 0 0.34375 0
61 0 0.3125 0
62 0 0.28125 0
63 0 0.25 0
64 0 0.21875 0
65 0 0.1875 0
66 0 0.15625 0
67 0 0.125 0
68 0 0.09375 0
69 0 0.0625 0
70 0 0.03125 0
71 1 0.03125 0
72 1 0.0625 0
73 1 0.09375 0
74 1 0.125 0
75 1 0.15625 0
76 1 0.1875 0
77 1 0.21875 0
78 1 0.25 0
79 1 0.28125 0
80 1 0.3125 0
81 1 0.34375 0
82 1 0.375 0
83 1 0.40625 0
84 1 0.4375 0
85 1 0.46875 0
86 1 0.5 0
87 1 0.53125 0
88 1 0.5625 0
89 1 0.59375 0
90 1 0.625 0
91 1 0.65625 0
92 1 0.6875 0
93 1 0.71875 0
94 1 0.75 0
95 1 0.78125 0
96 1 0.8125 0
97 1 0.84375 0
98 1 0.875 0
99 1 0.90625 0
100 1 0.9375 0
101 1 0.96875 0
102 0.96875 1 0
103 0.9375 1 0
104 0.90625 1 0
105 0.875 1 0
106 0.84375 1 0
107 0.8125 1 0
108 0.78125 1 0
109 0.75 1 0
110 0.71875 1 0
111 0.6875 1 0
112 0.65625 1 0
113 0.625 1 0
114 0.59375 1 0
115 0.5625 1 0
116 0.53125 1 0
117 0.5 1 0
118 0.46875 1 0
119 0.4375 1 0
120 0.40625 1 0
121 0.375 1 0
122 0.34375 1 0
123 0.3125 1 0
124 0.28125 1 0
125 0.25 1 0
126 0.21875 1 0
127 0.1875 1 0
128 0.15625 1 0
129 0.125 1 0
130 0.09375 1 0
131 0.0625 1 0
132 0.03125 1 0
133 0.7430776431520629 0.5292115533635168 0
134 0.7256456995618559 0.5538145386239646 0
135 0.7025281824920887 0.5732842672346037 0
136 0.676420906346086 0.5885658848033846 0
137 0.6486179744463727 0.6005145482896099 0
138 0.6197842932049799 0.609717504416323 0
139 0.5902988266702307 0.6165612734809247 0
140 0.5604008753906635 0.6212968819179223 0
141 0.5302577795947366 0.6240810891856575 0
142 0.4697422204052634 0.6240810891856575 0
143 0.4395991246093365 0.6212968819179223 0
144 0.4097011733297694 0.6165612734809247 0
145 0.3802157067950202 0.609717504416323 0
146 0.3513820255536273 0.6005145482896099 0
147 0.323579093653914 0.5885658848033846 0
148 0.2974718175079114 0.5732842672346037 0
149 0.2743543004381441 0.5538145386239645 0
150 0.2569223568479371 0.5292115533635168 0
151 0.256922356847937 0.4707884466364833 0
152 0.274354300438144 0.4461854613760356 0
153 0.2974718175079111 0.4267157327653965 0
154 0.3235790936539139 0.4114341151966155 0
155 0.351382025553627 0.3994854517103902 0
156 0.38021570679502 0.390282495583677 0
157 0.4097011733297692 0.3834387265190753 0
158 0.4395991246093363 0.3787031180820777 0
159 0.4697422204052634 0.3759189108143425 0
160 0.5302577795947365 0.3759189108143425 0
161 0.5604008753906636 0.3787031180820777 0
162 0.5902988266702305 0.3834387265190753 0
163 0.6197842932049801 0.3902824955836771 0
164 0.6486179744463729 0.3994854517103902 0
165 0.6764209063460862 0.4114341151966155 0
166 0.702528182492089 0.4267157327653966 0
167 0.7256456995618561 0.4461854613760357 0
168 0.743077643152063 0.4707884466364834 0
169 0.234375 0.9729367061317362 0
170 0.7667038600107552 0.9733513764059818 0
171 0.2305424924053631 0.02641529407360987 0
172 0.7595204326786918 0.02413533079335739 0
173 0.7012103316384417 0.6050014366520745 0
174 0.3023231179237164 0.6075845905551587 0
175 0.2987901243214207 0.3949986471700697 0
176 0.7001331679283223 0.3941167604696763 0
177 0.610096879525255 0.6375509213339117 0
178 0.3921416235584663 0.6386951060369798 0
179 0.3900197114316752 0.3622997668072799 0
180 0.6043515336787906 0.3605244295208928 0
181 0.02644343644046038 0.7638950194190834 0
182 0.9725205407718102 0.7639377282241102 0
183 0.02583342795129073 0.2340017659611573 0
184 0.9685129622944333 0.2365048643558672 0
185 0.5172619150082151 0.6511542929627769 0
186 0.4829985915610718 0.3490018990794349 0
187 0.4182847874664301 0.9769737373605268 0
188 0.578125 0.02706329386826373 0
189 0.6399588900637206 0.973325048092462 0
190 0.3607493417899901 0.02660070337480036 0
191 0.4530941184797628 0.02613496649572983 0
192 0.546875 0.9729367061317362 0
193 0.671875 0.02706329386826373 0
194 0.3280400252445651 0.975500237969819 0
195 0.02661372685452568 0.671849376918757 0
196 0.9748000124965747 0.6713124040837524 0
197 0.02652257166307315 0.330022372144122 0
198 0.9729367061317362 0.328125 0
199 0.8587919716437915 0.02906596167615383 0
200 0.02489845429470455 0.8598017756706394 0
201 0.1396032611643087 0.02522047703174346 0
202 0.973835090571021 0.8565610479806574 0
203 0.755657351372468 0.4433668588074127 0
204 0.2443235973210187 0.4434067933416186 0
205 0.2442216764678348 0.5551935275913477 0
206 0.7555893601498879 0.5565634480079931 0
207 0.9743421440220275 0.4842276100535978 0
208 0.02519662966776454 0.5157327604978965 0
209 0.02718041722210945 0.4220552989287508 0
210 0.9748834413260288 0.5783126333708493 0
211 0.02771136484453879 0.1432948123429888 0
212 0.9738316420156422 0.1410908405112665 0
213 0.8600319728585542 0.9715554007053657 0
214 0.1438287439505292 0.9746646784965798 0
215 0.44844150460205 0.6503533371158693 0
216 0.5496930106667591 0.3498048207343586 0
217 0.02605469060540466 0.5762887546699533 0
218 0.9733482061126871 0.4216994270190466 0
219 0.5156249697232508 0.02631200160944558 0
220 0.4806216540697151 0.9746546855377493 0
221 0.296875 0.02706329386826373 0
222 0.7043474413343316 0.9741980107199391 0
223 0.02706302694015206 0.9218704618122389 0
224 0.07812616964519709 0.02652562648291734 0
225 0.9215639370274087 0.02796140658690505 0
226 0.9730246592721421 0.9205894800938514 0
227 0.02708202637340273 0.07616400691228281 0
228 0.9788576548867363 0.0781241482043854 0
229 0.9230369663882305 0.9677187412402598 0
230 0.08183665554981268 0.9742453197809186 0
231 0.7722449586747482 0.468443646193473 0
232 0.7855777755219115 0.44058808034355 0
233 0.8016498862230671 0.4663339571812922 0
234 0.8150749937105416 0.4382281161476404 0
235 0.7981524068805133 0.4129935181352065 0
236 0.8285734293081246 0.4100050079172545 0
237 0.8109019183442236 0.3851410305356767 0
238 0.8325458148596578 0.4631072627655533 0
239 0.8412641030265153 0.381400462580992 0
240 0.8235644144879222 0.3571330491480081 0
241 0.8540521112634015 0.354243463836911 0
242 0.8362658583881233 0.3293697731734576 0
243 0.8057586879314462 0.3322744252830263 0
244 0.8185037416436478 0.3043970327914897 0
245 0.7879421689237398 0.3073274207431848 0
246 0.8006465571784243 0.2794034821916022 0
247 0.7700750170239439 0.2823220041991087 0
248 0.7828233928322703 0.2543598618324693 0
249 0.7522341554075396 0.2572991496082777 0
250 0.7649866661025143 0.2292982782632793 0
251 0.7343253146616224 0.2322463383047353 0
252 0.7957312385822644 0.2264521236339588 0
253 0.7471134462319848 0.2042134254220829 0
254 0.7164428880946845 0.2071730548592263 0
255 0.7036641746723329 0.2352003820403763 0
256 0.6857877749446067 0.2101528330689987 0
257 0.7292172264993115 0.1790950043793096 0
258 0.6739972300406485 0.2374787414447571 0
259 0.655325970861562 0.2130178357503258 0
260 0.6421230075439973 0.2424678895233667 0
261 0.6244102901343141 0.2150923067949113 0
262 0.6372927682416544 0.1879036225631201 0
263 0.6066567890827302 0.1910869377128804 0
264 0.5937966173000038 0.2177000085812583 0
265 0.5760375622915905 0.1940538120405456 0
266 0.563316490762151 0.2218379132756567 0
267 0.5454542117428771 0.1971929282993777 0
268 0.532748325212695 0.2250380667881808 0
269 0.5148780181436174 0.200250034854529 0
270 0.5019956284927942 0.2263161363820437 0
271 0.4842765839545886 0.2029271441130552 0
272 0.4715014460907381 0.2300550429052952 0
273 0.4537303171816462 0.2060725665159965 0
274 0.4408597216421427 0.2321379255903554 0
275 0.423159901283313 0.2088423207836205 0
276 0.4105740733286743 0.237802794528966 0
277 0.3926494613134984 0.2121937371891538 0
278 0.3800786994725025 0.2412985855183637 0
279 0.3621217907188597 0.2153669320075854 0
280 0.3494254971883385 0.2432576047406354 0
281 0.3315481781791628 0.2181213225302062 0
282 0.3188486774139442 0.246044161148092 0
283 0.3009789748679311 0.2210150833340225 0
284 0.2882705135696901 0.2490101511489067 0
285 0.2703956499673004 0.2240003243823081 0
286 0.2576872935703339 0.2519945244152754 0
287 0.2397617099024647 0.226976457560346 0
288 0.2270233031081549 0.255049243084156 0
289 0.2090910024793818 0.2299645563837841 0
290 0.196361990312715 0.2580628517537672 0
291 0.2218552530409822 0.201877986575036 0
292 0.1911005316480654 0.2048817833422231 0
293 0.3139290056141151 0.1929970995837615 0
294 0.4058498383606818 0.1841415640881015 0
295 0.2039210922739527 0.1767057944729806 0
296 0.214290841035849 0.2831362922070637 0
297 0.1836329101070379 0.2861503316326126 0
298 0.1730746989218166 0.1797329837121128 0
299 0.4978897933732812 0.1752486759900401 0
300 0.6202804142615599 0.1632539165152497 0
301 0.2015621746008754 0.311186650032032 0
302 0.1709423475639862 0.3142092645824097 0
303 0.8492798775988454 0.3017635726437526 0
304 0.1528827804996233 0.2892784040229117 0
305 0.6927095980662262 0.2677164969489134 0
306 0.5592380126496014 0.1693703479301402 0
307 0.759944419983271 0.176142373442924 0
308 0.1858983324405358 0.1515072252416587 0
309 0.2167731390255266 0.1485121455277302 0
310 0.1550322611190408 0.1545020930770724 0
311 0.7420210738549397 0.1509752646370048 0
312 0.7728102249613233 0.1480306541232383 0
313 0.1422045321571631 0.1827750717930788 0
314 0.306165853692309 0.2739469558649936 0
315 0.1888532481664077 0.3392026752210071 0
316 0.1582563633301687 0.3422353916162577 0
317 0.8189165921766255 0.4913870010086094 0
318 0.850748032686134 0.4875542707068186 0
319 0.8379276030573056 0.5153201202971099 0
320 0.8686789690799019 0.5122875459802469 0
321 0.8558339272568942 0.5401293615724811 0
322 0.8668645391524989 0.4565206222865642 0
323 0.1761496772294841 0.3672003686886051 0
324 0.1455716407847789 0.37022477517441 0
325 0.1634405272145583 0.3952123990827991 0
326 0.585903782685279 0.2482803956419437 0
327 0.1328890361952719 0.3982022873906864 0
328 0.1507518841977734 0.4231934501231639 0
329 0.4315445969489937 0.2644487101010003 0
330 0.8717940766061232 0.37840114124085 0
331 0.1987346203521199 0.1232680380978783 0
332 0.2296192135416019 0.1202930392210674 0
333 0.7573753624407763 0.3102771128153066 0
334 0.1202182033424231 0.4261703249721943 0
335 0.1380980488408022 0.4511306150205011 0
336 0.5162274077430075 0.2539714562399725 0
337 0.1284057526303785 0.3448374845638694 0
338 0.1091846575887344 0.4529660847044759 0
339 0.1269919519380389 0.4779834109985475 0
340 0.2189373250334096 0.3365324242013237 0
341 0.7112920171933881 0.1539680598549388 0
342 0.724061556754912 0.1257954902106737 0
343 0.6932995806142488 0.1287815146489711 0
344 0.1241344220988401 0.1575140652017479 0
345 0.1369765455320824 0.1292259742434296 0
346 0.15620164976218 0.4759065652898965 0
347 0.1435490851643338 0.5030930744986225 0
348 0.3656836736999117 0.27080961652774 0
349 0.1113064296178858 0.1858027223222406 0
350 0.8864266035745734 0.5372917094300761 0
351 0.8735638416122914 0.5651311433915209 0
352 0.8430248835245688 0.5679123259291016 0
353 0.8606924011904612 0.5929525901273334 0
354 0.8301590955920923 0.5957194632987641 0
355 0.8478160153422634 0.6207720872391236 0
356 0.8172764420180537 0.623536825234458 0
357 0.8348984480541118 0.6485832764334171 0
358 0.8043736413080671 0.6513594850932858 0
359 0.8220048498779322 0.6764268978046299 0
360 0.7914623120637301 0.6792061109725754 0
361 0.8091255770227124 0.7043043762987842 0
362 0.7785317992654837 0.7070764267910044 0
363 0.7961993840068234 0.7321921868468596 0
364 0.7656189961823761 0.7349662027282038 0
365 0.7833082964495328 0.7601331392939898 0
366 0.7526285786346115 0.7629074579288425 0
367 0.7703846458665079 0.7881189890015351 0
368 0.7396790957387912 0.7908740413819888 0
369 0.8011668825533107 0.7852122715428971 0
370 0.7219267784808464 0.7656679393742449 0
371 0.7089721092917685 0.793607880073002 0
372 0.6912597285885336 0.7684185819588414 0
373 0.6782891043537951 0.7963494226291509 0
374 0.6605961476780927 0.7711737562875591 0
375 0.6476354309925235 0.7990657880552382 0
376 0.6299492383074663 0.7739241888324679 0
377 0.6169911172856647 0.80179359455363 0
378 0.5993137924350945 0.7766703612581044 0
379 0.5863619154840097 0.8045316640233626 0
380 0.5689270846689174 0.7795280722013054 0
381 0.5557754742332036 0.8072695068079698 0
382 0.5380511036318183 0.7821550169111244 0
383 0.5251169144610058 0.8099922269970983 0
384 0.50725889686383 0.7850118855325975 0
385 0.4944564779576212 0.8127272086356898 0
386 0.4767550965942533 0.7876604542657727 0
387 0.463842722304961 0.8154559952570775 0
388 0.4461537008865391 0.7903806035637417 0
389 0.433211286500585 0.8181680692396348 0
390 0.4155326256154662 0.7931069606970669 0
391 0.4025818023998911 0.8210304814937817 0
392 0.3848825639038576 0.795860450006016 0
393 0.3719062166275522 0.8236711933646141 0
394 0.3542026143188773 0.7985930520708248 0
395 0.3412647007711133 0.8265002764966447 0
396 0.3234920636853231 0.8013055436542942 0
397 0.3106420056005967 0.8293104233593696 0
398 0.2928002610508834 0.8040605284829827 0
399 0.3057534504912955 0.7760841183738119 0
400 0.2750389723336353 0.7787975327922592 0
401 0.2620444808129176 0.8067895406655416 0
402 0.244292552347169 0.7814993875845933 0
403 0.2312827489103036 0.8095209679019817 0
404 0.2135319600654864 0.7842233092249615 0
405 0.2265563689868787 0.7562134568866359 0
406 0.2004665090808705 0.8122612825871978 0
407 0.1958168724056524 0.7589266281544205 0
408 0.2088526963770874 0.7309620091324119 0
409 0.7881546059890715 0.8133579576531 0
410 0.178123104814381 0.7336608218572189 0
411 0.1911458308661501 0.7057169403902224 0
412 0.8190373499299167 0.8104403934187923 0
413 0.6651512254309017 0.8243351749855823 0
414 0.8399178015621673 0.7012767900775614 0
415 0.805953682166239 0.8386646979239479 0
416 0.5730882831207731 0.8325228713845532 0
417 0.8368255337916573 0.8358642567211945 0
418 0.1604225736801925 0.7084034067448187 0
419 0.1734627265973972 0.6804912733819433 0
420 0.7069696314071945 0.74127717175248 0
421 0.2395951226021084 0.7282722981484482 0
422 0.2182529569099705 0.8375921359072291 0
423 0.1874118693225598 0.8403624069831814 0
424 0.3670439695036816 0.7705826301547325 0
425 0.1696002281777421 0.8149718867195058 0
426 0.1564912342998946 0.8430868955473196 0
427 0.7265924117450976 0.8188842003863863 0
428 0.5117219288481628 0.837983968408496 0
429 0.450010124834452 0.843503460411372 0
430 0.8499702282232531 0.807470010874938 0
431 0.3581984866848214 0.851565416862786 0
432 0.1473877352699579 0.7363626779231036 0
433 0.4283298727802423 0.7651713852739495 0
434 0.1386860704551287 0.817665301198902 0
435 0.5819161556152682 0.7517754447334049 0
436 0.2041060788193419 0.6778075237173152 0
437 0.1864648617299554 0.6526119341375094 0
438 0.1558603749973432 0.6552865791380186 0
439 0.1688482663701419 0.6274495157123566 0
440 0.1382478796209187 0.6301145552875216 0
441 0.4888419906598202 0.7599352971077792 0
442 0.8237907209052993 0.8640252786596493 0
443 0.7928936889927509 0.8668032928054983 0
444 0.8547170535172679 0.861220630496849 0
445 0.6426174956439861 0.7484543591102258 0
446 0.1743405220710786 0.8685137182332761 0
447 0.1433728015014868 0.8712420673681113 0
448 0.8669015931809336 0.6446104969833238 0
449 0.1296453643189123 0.711067080753697 0
450 0.7608875034574085 0.6819484858679258 0
451 0.1512508823465659 0.6022865797603431 0
452 0.8107544966938754 0.8921999943466075 0
453 0.1206029891676416 0.6049096029505967 0
454 0.1165635876126521 0.7390637067505401 0
455 0.8846884099626031 0.3514624014680431 0
456 0.2170152139779246 0.649953777678729 0
457 0.1086645659131279 0.5010132846831066 0
458 0.7798240524659736 0.8949685700544935 0
459 0.892852592149691 0.5884111496498383 0
460 0.1075667150716489 0.6327575939082501 0
461 0.7885170856697691 0.6276368577455256 0
462 0.1069318252955691 0.4036404874760403 0
463 0.7805278194938445 0.3880732323955378 0
464 0.106023681318849 0.1322312072589331 0
465 0.9023876613750592 0.3747680227316968 0
466 0.7060797734353427 0.1005759735417297 0
467 0.6752263930690684 0.103549854292694 0
468 0.09881171121047916 0.7137187693295908 0
469 0.1293861084867109 0.2110568316663326 0
470 0.2476438657412487 0.1455340021514914 0
471 0.2604935796602929 0.1173274609328837 0
472 0.1189471861114022 0.1046896792586953 0
473 0.7369372151962715 0.09758686198693217 0
474 0.1685836465829484 0.4983737785586651 0
475 0.1612318626679926 0.8966805731306368 0
476 0.1922118156105902 0.8939420660858529 0
477 0.1302433198535151 0.8994309421075416 0
478 0.1123763866391327 0.8739530578391272 0
479 0.899279038689433 0.5094018668888608 0
480 0.1812891446013275 0.6000623918218468 0
481 0.1005638473508546 0.9012341966765193 0
482 0.0998477167746209 0.2131191728260923 0
483 0.164969832971099 0.5252474862927785 0
484 0.1929561535713922 0.3917271494519837 0
485 0.2115851891686986 0.09501386065430595 0
486 0.0824336969612775 0.1873888628103393 0
487 0.7189239760919359 0.07231580483577016 0
488 0.9170790926407208 0.5345058158805367 0
489 0.1791000363132885 0.9221489641689747 0
490 0.08988402331185541 0.6075464481369589 0
491 0.1029542414201451 0.5796055329708782 0
492 0.08791991078846573 0.1072950620687996 0
493 0.1815408203535679 0.4772619954626844 0
494 0.8079038827655379 0.5177693472515413 0
495 0.7976638247228924 0.920035652068065 0
496 0.8286636665649079 0.9175559201535458 0
497 0.2346395638173071 0.6750309678759967 0
498 0.2475169400738291 0.6472723381072351 0
499 0.2651027469128594 0.6722954840567645 0
500 0.2293995834813435 0.6225994548615289 0
501 0.2880409619742116 0.7508690027752279 0
502 0.3186769386518649 0.748142135459527 0
503 0.3010346079386916 0.723027343341189 0
504 0.3315714184597792 0.7202882077702755 0
505 0.313819942063411 0.6951393576962456 0
506 0.3458740765466565 0.6916802917415373 0
507 0.3268762950355369 0.6675158356657098 0
508 0.3622839472240629 0.7173826048820336 0
509 0.7619973454420255 0.8695885192220287 0
510 0.7489034398762917 0.8977331200446235 0
511 0.73108413389045 0.8723550519113101 0
512 0.7179921961052033 0.9004914436798215 0
513 0.116799574377809 0.2391325560659348 0
514 0.08259170110662473 0.2383309637895852 0
515 0.1032840477037935 0.2668621881475394 0
516 0.07247623191916897 0.2703570260786091 0
517 0.7001885587657546 0.8751277119125067 0
518 0.6870919897162939 0.9032510937977375 0
519 0.6692837492260125 0.8778964360826813 0
520 0.6560755000382255 0.904652274902911 0
521 0.6383314810432636 0.8804214941136055 0
522 0.6240279797324569 0.9121721365964306 0
523 0.2784751477817348 0.1425621917653856 0
524 0.2913843821254546 0.1143786986733648 0
525 0.2729898016259683 0.08858253407213146 0
526 0.3042517147157994 0.0861473223464167 0
527 0.3222717673611574 0.1114340874671007 0
528 0.7907439334810714 0.1732187106302226 0
529 0.8036301907461396 0.1450745701048454 0
530 0.8216032839745692 0.1703221477203997 0
531 0.8344903651849348 0.142118122098982 0
532 0.8524902811538226 0.167425016663922 0
533 0.8653934188068513 0.1391626187982111 0
534 0.8154172340538244 0.1167033947245503 0
535 0.8833967002073009 0.1644693125410863 0
536 0.8704635501287246 0.1927221400879015 0
537 0.8962028952854323 0.1361317247176895 0
538 0.8782729250864398 0.1108462885747019 0
539 0.8998945923396198 0.1891022782211393 0
540 0.8881974406144417 0.2178992891574111 0
541 0.9091291320333356 0.1078069965457094 0
542 0.8912218611907178 0.0828930024171578 0
543 0.8575453170223596 0.2209369096407321 0
544 0.859450184689513 0.08513800538762445 0
545 0.1806600313938522 0.09800593846401157 0
546 0.1936710900606202 0.07119092545830069 0
547 0.09080088403325959 0.2956523494260367 0
548 0.6073170876094365 0.8839623382013195 0
549 0.5944139609794322 0.9115205538608847 0
550 0.5766224652126262 0.8862852281514326 0
551 0.5635342967890957 0.9142849526477568 0
552 0.875482362713458 0.2461205721774277 0
553 0.9063458060046432 0.2432626875792613 0
554 0.8934511838770729 0.2713891052183799 0
555 0.923181048919281 0.2680392525601771 0
556 0.5457918098296062 0.8889846222134853 0
557 0.5326431843375711 0.9170454752594173 0
558 0.5149116941164092 0.8917346081165656 0
559 0.8914336292511209 0.4034037982606504 0
560 0.9109047630791232 0.2964619108162159 0
561 0.3351557235717172 0.08329086875077713 0
562 0.3531387430195955 0.1084960753367585 0
563 0.3402807176658474 0.1366768702621836 0
564 0.3660416267603686 0.08037193951818755 0
565 0.3840187896965906 0.1055521166473466 0
566 0.3969172772119566 0.07734629720114472 0
567 0.4148952361313617 0.1026065050304221 0
568 0.2100743274227131 0.9191826495268141 0
569 0.2231959690554229 0.8911659241269905 0
570 0.2410167622064353 0.9164390782630329 0
571 0.2541632341883973 0.8884134284477196 0
572 0.2720270902556878 0.9138425121283444 0
573 0.285082705105933 0.8856851965542964 0
574 0.3029596287196606 0.9110764611740695 0
575 0.0858134609691249 0.7418610949107007 0
576 0.1034766897750493 0.7671400125104505 0
577 0.2250251312613926 0.5271828811990819 0
578 0.06959413740939951 0.7158142832585077 0
579 0.08330905984925024 0.6884139000690709 0
580 0.9154024865529229 0.3485231036758381 0
581 0.9331528996702411 0.3717884771262023 0
582 0.07540825733881429 0.6381380871779929 0
583 0.8141063422063568 0.56753393090577 0
584 0.5017242979660109 0.9193098099399024 0
585 0.4839365402731971 0.8944888972519249 0
586 0.4708103538475018 0.9219912142813962 0
587 0.4530127549038391 0.8972342585414563 0
588 0.3772811412203969 0.6892363687498397 0
589 0.3929077445602561 0.7146512367418048 0
590 0.4067640002743803 0.6867300738353255 0
591 0.4231809429042435 0.7119437528619095 0
592 0.7357825231558525 0.9253725102404093 0
593 0.08329420921561104 0.8752736067214232 0
594 0.09500318266055036 0.8482930412220382 0
595 0.104624726914994 0.08005799783399414 0
596 0.427170031438073 0.07483905970348281 0
597 0.4456620264816511 0.09974978500523524 0
598 0.432859729923618 0.1278592409220385 0
599 0.4636872263412463 0.1247809569047098 0
600 0.4766278344245535 0.09677738132849928 0
601 0.4945404213324758 0.1218373087412679 0
602 0.5074639347804712 0.09383282153190209 0
603 0.5253820071704367 0.1188773229552164 0
604 0.538310908382431 0.09090779782042685 0
605 0.5562350568647572 0.1159643484712578 0
606 0.5691689641237727 0.08799288714481424 0
607 0.5870953142547545 0.1130164885200431 0
608 0.6000375674965824 0.08507334307459968 0
609 0.6172541122295572 0.1101819353077533 0
610 0.6300666893271312 0.0821897710078261 0
611 0.2896006385447499 0.9436491160933678 0
612 0.8137197247179414 0.9456330483765917 0
613 0.163650297659059 0.07422523766581718 0
614 0.2672573573239646 0.8602712899669721 0
615 0.6206767423154012 0.8552765405643827 0
616 0.265467552799775 0.170760007428628 0
617 0.8446441364547765 0.2490424038124894 0
618 0.1475338614232455 0.2361101756947713 0
619 0.6503152610928638 0.1601557016476007 0
620 0.4500992844245065 0.1530555525853083 0
621 0.1518357240487955 0.7895593646543296 0
622 0.4398559807554214 0.9242422131624095 0
623 0.4220825107015582 0.8997892624072946 0
624 0.4089108015214509 0.9268759793216218 0
625 0.3911787831003685 0.9026502486553318 0
626 0.378078090836417 0.9306596842065563 0
627 0.3609885433425879 0.905134480086749 0
628 0.404261956639197 0.8745890408188013 0
629 0.2119366121175997 0.5593052965776504 0
630 0.3156940597608619 0.8827201644311515 0
631 0.5813662626755421 0.9396772495764248 0
632 0.9216823558070644 0.08033111713096586 0
633 0.6723481375008382 0.9268153526773645 0
634 0.1171225141378533 0.9270612736274897 0
635 0.4886504493963348 0.07027724519015932 0
636 0.07615978128956091 0.1345443404766989 0
637 0.193001417208972 0.94806612296338 0
638 0.4090474816779861 0.04993273266929665 0
639 0.6141866037500291 0.05651658206256083 0
640 0.9293390752016042 0.5042584656309037 0
641 0.9119281560589154 0.4802743802829082 0
642 0.9483931582994753 0.5319841013693485 0
643 0.07394655786273163 0.7705766605384995 0
644 0.0904067681957349 0.7953832507249041 0
645 0.06097032308896266 0.7976005453214368 0
646 0.9381707519675279 0.1057846150569965 0
647 0.2766772681385585 0.6454796096040372 0
648 0.5507843005565866 0.06465376774844067 0
649 0.9322993773734947 0.5613334979814633 0
650 0.2601467462562056 0.575913457837411 0
651 0.7377183334267206 0.578893451770536 0
652 0.7683318315608345 0.5839979795867991 0
653 0.7484771275977935 0.6027726799212312 0
654 0.2622670688843585 0.421099820163757 0
655 0.7378309434944839 0.4206865313559024 0
656 0.9441246808682138 0.2895846427715935 0
657 0.7499891660054182 0.07089094576758981 0
658 0.7674881254984461 0.09514044475759531 0
659 0.7807965203030689 0.06645064520579574 0
660 0.1629333119254106 0.575912958393779 0
661 0.07344002322152199 0.5828157754215285 0
662 0.08496884834377244 0.5547027367882766 0
663 0.1152059434857496 0.5531087375316215 0
664 0.08273582154748427 0.9242872031538072 0
665 0.2329342803449292 0.4164845786248897 0
666 0.2491294228721467 0.3912410928293041 0
667 0.2182913102892494 0.4998498258950678 0
668 0.3494708350801998 0.9322053689160651 0
669 0.2205514100625348 0.4385154984470038 0
670 0.05993268347964137 0.2972355981312932 0
671 0.07839864334462054 0.3264197334118428 0
672 0.05890588069596248 0.1095996349172091 0
673 0.0464701925135218 0.2759141102214159 0
674 0.2245540771018282 0.067650787167365 0
675 0.3693592634614469 0.9562604707085625 0
676 0.7317902013331717 0.04402556343978742 0
677 0.1816261657383444 0.04883333214391272 0
678 0.4362982407341141 0.6825580549175156 0
679 0.4533914630233489 0.7089652949814437 0
680 0.4683859696423763 0.6797752236007927 0
681 0.4846396837734948 0.7068115736948619 0
682 0.5226261467321915 0.9451835328539444 0
683 0.6733005055424484 0.3818746338199027 0
684 0.6992468484560801 0.3650136292259825 0
685 0.6719814436580418 0.3513891117728737 0
686 0.6986798767567126 0.3350260992568954 0
687 0.672008587759057 0.3204467673509653 0
688 0.7228298229287504 0.3496830505446469 0
689 0.6461199150540993 0.3361396870363642 0
690 0.6454790619448191 0.3056763497379619 0
691 0.6197948872166698 0.3207607705541992 0
692 0.6194515152235431 0.2908364438707592 0
693 0.59267806632442 0.3067809609352829 0
694 0.697566296170663 0.3040975875200954 0
695 0.6746835497532322 0.6178723102835044 0
696 0.7017824488043858 0.6339534356907007 0
697 0.6767420342273367 0.6492167547710023 0
698 0.702988065548326 0.6642955702359611 0
699 0.6768740548924749 0.6796825359511967 0
700 0.7287242463728614 0.6479980217767574 0
701 0.6504290243647166 0.6645836676699888 0
702 0.6509722727748997 0.6943947819471744 0
703 0.6250512253646199 0.6813654306493602 0
704 0.701135904704806 0.6943458893870476 0
705 0.6246247009813479 0.708266464864548 0
706 0.5972915443495341 0.6945766442846811 0
707 0.3289234552215606 0.6187563197755352 0
708 0.3253167348230079 0.3821274461909568 0
709 0.298218427989545 0.3660466021397302 0
710 0.323259028557481 0.3507813785508528 0
711 0.2970125689340839 0.335707980617932 0
712 0.323229449331227 0.3210030179096393 0
713 0.27072512552549 0.3500650009015454 0
714 0.2676221309234098 0.3220251535055202 0
715 0.3495571278100525 0.3354123619939527 0
716 0.3506573657041876 0.3006666892580865 0
717 0.3749901037683858 0.3191034930804853 0
718 0.4162717582597029 0.6595111565665176 0
719 0.6438946331426086 0.05398972087942755 0
720 0.775011219388471 0.5289211554357018 0
721 0.06710641665249545 0.8483970558595815 0
722 0.3161582745162028 0.05605830985244875 0
723 0.1952819649212724 0.5347068640569884 0
724 0.3586482441215196 0.6284496835158289 0
725 0.9356355145164439 0.2400829675650717 0
726 0.05409957029907642 0.5573175198983766 0
727 0.06894084891119567 0.5301799059869295 0
728 0.3559923417671519 0.3663340564602259 0
729 0.6440207328865775 0.6336445642096503 0
730 0.5792105656873482 0.6452938072744805 0
731 0.5475018496364077 0.6495278230768639 0
732 0.5324472775360837 0.6781958649246151 0
733 0.5680778290799533 0.6773852915810036 0
734 0.5477343984222152 0.7039958664685467 0
735 0.4198662654130829 0.3552591048689137 0
736 0.4501290373617133 0.3503628866183853 0
737 0.4663949829697527 0.3230320938749987 0
738 0.4970478970045583 0.3214373120832211 0
739 0.478862440809091 0.2958486914122922 0
740 0.4277903992823825 0.3239447854021397 0
741 0.512821884470881 0.2885981283736213 0
742 0.4467919666512732 0.2961190638696263 0
743 0.4134172187656882 0.2931983035158401 0
744 0.5274605690072391 0.3197201421202731 0
745 0.5457502448957259 0.2948247423590318 0
746 0.5607193357892342 0.3186302808450198 0
747 0.5779866277424688 0.3422995825012071 0
748 0.4645858941170334 0.2699692460717608 0
749 0.4598649239815814 0.9484636298413675 0
750 0.7840849537931915 0.4975664956471186 0
751 0.5005564447595008 0.6791958962059012 0
752 0.6974729565259083 0.04898750439797661 0
753 0.6437873808520908 0.2752301476810892 0
754 0.5161137446635101 0.7060530731882504 0
755 0.5337131592962858 0.7308613943269266 0
756 0.6412700191031334 0.3661588731413493 0
757 0.4856418612605768 0.6516789557569068 0
758 0.1617406072583532 0.9490714396040856 0
759 0.3973445983882383 0.2681600028631346 0
760 0.3608220335335348 0.6604952919896769 0
761 0.8744252311333562 0.05745170776260555 0
762 0.8424968246057311 0.05777048426199061 0
763 0.8274168262143051 0.0293108639891117 0
764 0.8461019073990276 0.9432862023128858 0
765 0.8596014816503798 0.9148371093920058 0
766 0.877040885929959 0.9406541167042608 0
767 0.8906293530544569 0.9120472512527937 0
768 0.9076008486585976 0.9384580478145643 0
769 0.9210697587798633 0.9093114633690821 0
770 0.9037592453454054 0.8836785106762929 0
771 0.9322429309838547 0.880148656307461 0
772 0.9166817431717387 0.8552624763518936 0
773 0.9436414723716025 0.9365504269154861 0
774 0.9542605799179575 0.9715725844124223 0
775 0.4977696623002775 0.8663347900775953 0
776 0.5159246856535513 0.3492555896533203 0
777 0.4709652746286174 0.7344957420821276 0
778 0.492186270804043 0.2707727108121872 0
779 0.5732653289495584 0.1409815065347652 0
780 0.5594505820707454 0.8607798313577877 0
781 0.5117074978710416 0.1468924547638942 0
782 0.2832209246542494 0.6977676602451209 0
783 0.4191942262341052 0.1560469326411196 0
784 0.4100562721141141 0.7397355171616369 0
785 0.6168589721094749 0.2612899572026921 0
786 0.9490850746577281 0.3440235147124179 0
787 0.9646611792461821 0.3725033536332381 0
788 0.8800729910429774 0.2991024336722229 0
789 0.8909414889355771 0.9692449559213298 0
790 0.8902279478534534 0.02920455187772164 0
791 0.2955143489567365 0.6695700300262036 0
792 0.1218257352538579 0.292828273724799 0
793 0.9479315517914386 0.4005525565040585 0
794 0.8267696019714975 0.2239071517656284 0
795 0.7134465307936304 0.8469891889443812 0
796 0.1666969248133822 0.4496476004201296 0
797 0.178723639896313 0.4207534458599107 0
798 0.2059374510703771 0.3639303338085694 0
799 0.2411108553186108 0.3637701965523878 0
800 0.2524834694291776 0.70035615925072 0
801 0.8858742107880845 0.8581698393889805 0
802 0.8988817446859486 0.8299385619117325 0
803 0.9294806336800219 0.8268630749426872 0
804 0.9118696993358837 0.8016415349430542 0
805 0.9417779658715413 0.7995594024499255 0
806 0.9237742306955563 0.7742505601741074 0
807 0.8938094139640338 0.776400198784172 0
808 0.9068281859190479 0.7482044621781604 0
809 0.8761834837016627 0.7508433148896065 0
810 0.8891431664765791 0.7227958617764945 0
811 0.9200098397019959 0.7199082258695326 0
812 0.9021498295912386 0.6946698646813013 0
813 0.9316227628352587 0.6901822912096656 0
814 0.9158591577393637 0.6646541520520488 0
815 0.9489200583331716 0.7131495924194797 0
816 0.9578863528654662 0.8264619196055276 0
817 0.8710371773437744 0.6980105591080694 0
818 0.8631402011515027 0.7790479246922345 0
819 0.8452702461181247 0.7537701648381079 0
820 0.8323496844586205 0.7817794571142846 0
821 0.7968155922471833 0.5948793871990415 0
822 0.236643423577767 0.3094254278879293 0
823 0.2449277825266181 0.2801764205317513 0
824 0.8257154518501131 0.5425781164478197 0
825 0.811222021214008 0.05987024230622451 0
826 0.8287764511328578 0.08777199632157057 0
827 0.6757599852606564 0.7398719897147029 0
828 0.5506309616772044 0.2488993433587038 0
829 0.5643173066590891 0.2726447617863513 0
830 0.6124473618506114 0.7513007501516935 0
831 0.2584779546886193 0.6225320298366788 0
832 0.9732801052394446 0.4530637775094671 0
833 0.9472501699847914 0.4353296650485962 0
834 0.9208187130591822 0.4199425623038785 0
835 0.893768107227509 0.4368997843656687 0
836 0.8699337529556049 0.427087483469188 0
837 0.9444083832062609 0.4729085217390106 0
838 0.1992510130154191 0.6249705888572394 0
839 0.2119983821394689 0.5933514949676298 0
840 0.3364043106133526 0.77330939005567 0
841 0.721490344807073 0.2602579405484776 0
842 0.7399925719917978 0.2856623575655816 0
843 0.7352878229778927 0.7378953403182626 0
844 0.3975830418862586 0.7678210524425981 0
845 0.2573292364761256 0.7535619783772811 0
846 0.7744484711153572 0.6544431417221027 0
847 0.8808512388193273 0.804615475116488 0
848 0.7485781453703428 0.7092850497279382 0
849 0.2218037936518621 0.7030243164191857 0
850 0.2759723129470127 0.2763303639216889 0
851 0.3366900978243962 0.2709381286018017 0
852 0.3710154382195676 0.1336883475521577 0
853 0.3580880202205737 0.1618905410575528 0
854 0.3274525058123723 0.1648259297010441 0
855 0.4017448996931123 0.1307469143380005 0
856 0.3093509406721463 0.1395949086151987 0
857 0.6513496510574264 0.8525359743208942 0
858 0.4351266324417956 0.87183965691766 0
859 0.7758580013482828 0.3347819788064769 0
860 0.2362030744462026 0.8630103603081296 0
861 0.4843873936227109 0.02569014719454954 0
862 0.5468546455490892 0.02614143102028765 0
863 0.6719426508924968 0.9743195504521048 0
864 0.3285131152047654 0.02717571238425631 0
865 0.2846472827273949 0.05774720083334217 0
866 0.2623580547458578 0.03208401563533531 0
867 0.234763568704747 0.1737341982922345 0
868 0.02673483775370505 0.4844488931563103 0
869 0.05444373189507151 0.5034802871173416 0
870 0.05403408710460678 0.4689099551344911 0
871 0.08055954849271113 0.4849273372669964 0
872 0.0270109323350497 0.4532502634686854 0
873 0.05521987444530241 0.4392735273334659 0
874 0.05518921541009514 0.4080437599956563 0
875 0.02749589623253346 0.3910994328068054 0
876 0.05403089185124177 0.3758768214358053 0
877 0.02793902986750657 0.3596697342317091 0
878 0.7359102206612188 0.9740524161815709 0
879 0.03012923005496981 0.60951961248794 0
880 0.02671328943521356 0.6418783979772501 0
881 0.9732763677137716 0.6093587460206343 0
882 0.9462424527923996 0.5897967379314432 0
883 0.9474738987911583 0.624210425285938 0
884 0.9179003861235107 0.6104147786322789 0
885 0.9735709695058516 0.640349734032415 0
886 0.946640789302592 0.6597460322920383 0
887 0.8395938877496789 0.1956135535443029 0
888 0.1602793623920687 0.2079568535890534 0
889 0.02500793743501017 0.7031015102169554 0
890 0.02706587104774599 0.7343171082022227 0
891 0.03076451996930063 0.7974000522806026 0
892 0.02502679030841376 0.8299250919339718 0
893 0.02651040474182936 0.2034781095603256 0
894 0.05297037920465508 0.2208061552990441 0
895 0.9729544905365728 0.203155803492759 0
896 0.9730986651718223 0.1719715117613649 0
897 0.9440425131725861 0.1579323607083993 0
898 0.9468125987917415 0.1909925695216332 0
899 0.9723599396067184 0.2694622446600832 0
900 0.1328432910400577 0.5778153455734393 0
901 0.2702840538457607 0.7256424070229979 0
902 0.5766220322684016 0.9723507932224265 0
903 0.6066006738580347 0.9663708294519252 0
904 0.6273532835717586 0.9439907064741854 0
905 0.2972345381668086 0.9734319604009324 0
906 0.2656465471403565 0.9729491463790214 0
907 0.257804971191226 0.9428105601680491 0
908 0.1995980672412296 0.02419984470317615 0
909 0.7977834560180563 0.9731961442598137 0
910 0.1427599911991089 0.683162150967058 0
911 0.02811698978297689 0.1740165603985509 0
912 0.3492722553088219 0.7453623899474043 0
913 0.7750965022814078 0.8414588794748403 0
914 0.7932002624428237 0.3600883605160622 0
915 0.764899392261828 0.362331660767091 0
916 0.4587090067348428 0.7624606690468798 0
917 0.02644732929539878 0.8911344409963892 0
918 0.0531999822623348 0.9086141479483789 0
919 0.05202380377137861 0.9386361949087729 0
920 0.0265484271671681 0.9530740274972846 0
921 0.970800842708893 0.1075829732705871 0
922 0.109205430180245 0.02612825555386639 0
923 0.1215896479043871 0.05219405701944541 0
924 0.9755356312688888 0.8899418298784824 0
925 0.1137094602075152 0.9741481427226566 0
926 0.04700784368768485 0.02642871198025593 0
927 0.05565270141872558 0.05718946266945368 0
928 0.9529736886863702 0.02645918911242706 0
929 0.1123925257154865 0.6857960562984791 0
930 0.1827299135050173 0.7869349140851858 0
931 0.6985505916090307 0.1821020523508799 0
932 0.2052693679026375 0.8657644352741098 0
933 0.9122347777242192 0.1605477414952607 0
934 0.8727830371967019 0.8865552211566881 0
935 0.1473261691656589 0.923627434277122 0
936 0.6626950403615974 0.1318459676423168 0
937 0.2490851900027033 0.8348469649917056 0
938 0.7666578049441536 0.9220526549290685 0
939 0.8417184094214052 0.8893990257008908 0
940 0.1678470343874058 0.1262457724213767 0
941 0.2423889210236392 0.09215699789082193 0
942 0.1256699925108961 0.845792230715445 0
943 0.7548310593621641 0.1229074236321961 0
944 0.6760888139624527 0.7079836109419437 0
945 0.09373791545433052 0.1601810886246663 0
946 0.7044665824140295 0.9258693285234602 0
947 0.29789001926333 0.8574534707533306 0
948 0.6679904554190333 0.1850688597931275 0
949 0.4573043127175493 0.07302529239240119 0
950 0.2799042300513244 0.8321041550907341 0
951 0.9211893911483258 0.2113067409391738 0
952 0.7573655241002684 0.8161562510074019 0
953 0.8469667631590702 0.1136234043176067 0
954 0.8086912922471002 0.1983679553872337 0
955 0.3796529474001897 0.7424693713621872 0
956 0.867765342526307 0.8329751877179125 0
957 0.4406050611408003 0.7370344763756487 0
958 0.6880534343717087 0.07650305153350168 0
959 0.5830608226583566 0.05700090202128028 0
960 0.3785789013595492 0.05245788261473056 0
961 0.5194098158748109 0.06843964682983333 0
962 0.2832531367815009 0.1959109434152508 0
963 0.7488493657416837 0.3901871734490037 0
964 0.7778684994380343 0.2012821444632836 0
965 0.9422508886840266 0.7471842181501922 0
966 0.6695983285911722 0.2892057855354521 0
967 0.8806981852946629 0.6163434953978789 0
968 0.8988638623246931 0.6410372360616028 0
969 0.730150479015688 0.6805843523380702 0
970 0.2525610125196838 0.1989123155132637 0
971 0.06125280298557828 0.6098085312009308 0
972 0.2936729030391596 0.302924317134056 0
973 0.1650361849080179 0.7616100176693197 0
974 0.178391635568987 0.2329848793862864 0
975 0.7442637413754799 0.8442386818243914 0
976 0.1106539014116271 0.3734250508255897 0
977 0.9041477080849468 0.5623425380102173 0
978 0.7851468932779213 0.1201825404642147 0
979 0.1655746899217742 0.2611554022307633 0
980 0.1252973752530216 0.6579282000629798 0
981 0.1346501148633505 0.2642278333144533 0
982 0.150052699499243 0.1021103302729676 0
983 0.6958311480593615 0.8216663599621181 0
984 0.08610628819572341 0.4252978949491521 0
985 0.8814427367589019 0.4845216992827903 0
986 0.2962411232863112 0.1676916738221131 0
987 0.6825355067409756 0.8498322927542059 0
988 0.05869034275169388 0.1604342181788926 0
989 0.05058649849240704 0.6565173808008788 0
990 0.97356325099922 0.2994949553587239 0
991 0.2270028230659547 0.4679460441871228 0
992 0.05449441926021104 0.3448880334765087 0
993 0.0794376910946003 0.3595494026390338 0
994 0.140388471844915 0.3172756586140313 0
995 0.6806904910483603 0.1569870259896392 0
996 0.813495938756906 0.2515480519976695 0
997 0.7255526212180252 0.3149779914868259 0
998 0.8140219354070132 0.7571873648893587 0
999 0.6344843525567184 0.8269678227797944 0
1000 0.1103354022197666 0.320381408147117 0
1001 0.5513711900364482 0.9426071352367622 0
1002 0.831335600117811 0.276613635240842 0
1003 0.3986017850180578 0.9531268692356732 0
1004 0.1342681127437872 0.7643133521004564 0
1005 0.8270251300836369 0.7291839125646334 0
1006 0.7681302871947253 0.4159404593277302 0
1007 0.3067115480450484 0.6391691210879649 0
1008 0.6037272429967139 0.8297827022912669 0
1009 0.8581662063894577 0.7259647854438854 0
1010 0.8624394978205419 0.2739950729256866 0
1011 0.34454088092392 0.1901548983892548 0
1012 0.1211272741212797 0.7924290503843691 0
1013 0.5900323394206172 0.8582136122634284 0
1014 0.3280391965265727 0.8543155992236683 0
1015 0.8531770963346572 0.6731235977467747 0
1016 0.3750515335013189 0.1872327633910252 0
1017 0.09619744506228434 0.6617222899334696 0
1018 0.5422582875323905 0.8353912020390046 0
1019 0.1080902795091829 0.8205130211171716 0
1020 0.8669919156902708 0.3267166259560059 0
1021 0.8846647860857766 0.6693509844388534 0
1022 0.528526194665799 0.8636641285829018 0
1023 0.3884883664320679 0.1588454353827454 0
1024 0.07890239507192298 0.8220930383324626 0
1025 0.790905849234669 0.03288172422352725 0
1026 0.4806565349071062 0.8409649132813042 0
1027 0.609375 0.02642320896139261 0
1028 0.3479469471207763 0.05519183592984217 0
1029 0.4664514301425446 0.8694151483173008 0
1030 0.9749947864353461 0.5158649025453689 0
1031 0.4364195585663585 0.1811595880844913 0
1032 0.4194416946321019 0.8460364321140463 0
1033 0.7851858777275487 0.5621542314062539 0
1034 0.9722093117766984 0.7981044045066215 0
1035 0.828125 0.9737288166602325 0
1036 0.03025560658560811 0.1100396557225397 0
1037 0.254841094655905 0.06425836584657563 0
1038 0.4673301074824144 0.1779442755593483 0
1039 0.3883025105917846 0.8491965335165614 0
1040 0.05427652531006716 0.7455964663675874 0
1041 0.3745793645729121 0.8769132605631594 0
1042 0.4808757218041609 0.1499598707574281 0
1043 0.9369922063484957 0.05271939310041762 0
1044 0.9251686524362961 0.132653773881961 0
1045 0.9758641099040255 0.5470984998817261 0
1046 0.8976303014308852 0.3242540891976478 0
1047 0.5287320221553207 0.1720157959567944 0
1048 0.02592107903664043 0.546875 0
1049 0.5973326356687785 0.7239882205303804 0
1050 0.519345771081642 0.7577234011747446 0
1051 0.9281842476629207 0.3198158509823967 0
1052 0.5424266542767859 0.144016962768678 0
1053 0.2255089840609901 0.9447598254130816 0
1054 0.5900680129606818 0.1659735901510663 0
1055 0.6036364184947605 0.1382484547467175 0
1056 0.07334852507091694 0.08252874935223831 0
1057 0.5521663714952268 0.7549359821348427 0
1058 0.5643580428211055 0.7280525654144231 0
1059 0.5127734034757326 0.9734385348325811 0
1060 0.5015828481992091 0.7325946814795745 0
1061 0.9730209152934987 0.7322588571434018 0
1062 0.04961704347465001 0.9714163941664338 0
1063 0.02580006078672037 0.04721380216090204 0
1064 0.9704964479070338 0.05007346696667136 0
1065 0.9187857614913213 0.4511356653889553 0
1066 0.02607179227793566 0.2985923311302337 0
1067 0.3915477053366102 0.02530098558907978 0
1068 0.0532695500804003 0.6888128928366433 0
1069 0.6392177622019337 0.02574368293795398 0
1070 0.7826499180796781 0.9470018881817106 0
1071 0.6335855844014614 0.1354621227178043 0
1072 0.3447523254688986 0.8792726426609803 0
1073 0.05503297647376054 0.2477605957669438 0
1074 0.7242265795447109 0.3783369840337065 0
1075 0.9060189232267493 0.05509352981262894 0
1076 0.3967868645006385 0.3358027430421764 0
1077 0.6466848745820539 0.107595955486491 0
1078 0.7981412075800211 0.0910198772966585 0
1079 0.331650415609838 0.9073240232231565 0
1080 0.659571979287541 0.07938682396872471 0
1081 0.3214887024717556 0.9344928146326064 0
1082 0.2045845715797574 0.9743971411629473 0
1083 0.9444670176119347 0.8533829316599364 0
1084 0.6012532364484766 0.6653713896377749 0
1085 0.9753964277087532 0.701686190966107 0
1086 0.08066524254674257 0.45730766115896 0
1087 0.05340543481129129 0.8751738347809604 0
1088 0.2213717680255157 0.3902983352944119 0
1089 0.1470147978311042 0.5517718565174867 0
1090 0.09042453352241098 0.05410402481865256 0
1091 0.4914034633454555 0.9471735678811568 0
1092 0.3800329398287624 0.2925827581225668 0
1093 0.05351554061161301 0.1920653514877785 0
1094 0.4222478477615217 0.02460809524335927 0
1095 0.2470077720757374 0.3363636406097412 0
1096 0.752500811110528 0.948116499355764 0
1097 0.9503649678459762 0.9019237118892923 0
1098 0.2730438551301786 0.3791361905928639 0
1099 0.7269643840631606 0.6193766662774484 0
1100 0.09735922047696133 0.5290174972684164 0
1101 0.5916595231834331 0.2796973259761658 0
1102 0.2419580709970326 0.5976836292088588 0
1103 0.188796920951372 0.5758833395063649 0
1104 0.8441221938635309 0.4349245481912357 0
1105 0.9490209914575034 0.216408589174901 0
1106 0.1294605743070627 0.5272086561320053 0
1107 0.1744842233329353 0.9743665637044987 0
1108 0.6560513619131128 0.9488338127590614 0
1109 0.08057174857510191 0.3910978337408186 0
1110 0.7481812711016442 0.3375308343425641 0
1111 0.4485623553900547 0.9745830289067622 0
1112 0.7211369484281335 0.7142695414249496 0
1113 0.6721736006655533 0.05718607892957883 0
1114 0.438301545695843 0.04911151032054373 0
1115 0.1348301292117156 0.07731027071178531 0
1116 0.650432348289521 0.721748070197427 0
1117 0.3220831339182558 0.2938958217537154 0
1118 0.1777284059825222 0.5529417541899111 0
1119 0.9186885033048086 0.5824597404410482 0
1120 0.8945578601378293 0.4618704303213774 0
1121 0.7207171736873321 0.9496452798089684 0
1122 0.3906561113692962 0.6669335994356679 0
1123 0.8585694027639862 0.4021573431722903 0
1124 0.9749520069190694 0.9509175895417075 0
1125 0.1328127337020667 0.9484727680935913 0
1126 0.9771881874300616 0.3952010674312686 0
1127 0.206162444975638 0.4146366604993368 0
1128 0.5732855364288584 0.7027584842924374 0
1129 0.7069605263098466 0.02323205125271577 0
1130 0.429013439022166 0.9507109096380602 0
1131 0.7559771066438588 0.6313006203846484 0
1132 0.4698567407503954 0.04819508376851833 0
1133 0.7139851610486825 0.2845616943333986 0
1134 0.3363963151914401 0.6428772504069431 0
1135 0.101998567592407 0.3451832339128871 0
1136 0.6883122246236901 0.9499468891568164 0
1137 0.05183740032461148 0.8223713157496435 0
1138 0.9502349096132079 0.07786947527725918 0
1139 0.1521957502796358 0.04955683910927322 0
1140 0.6654574367923149 0.2621958072145869 0
1141 0.9504028804601889 0.1290089126858421 0
1142 0.6111303496591954 0.2367784787779393 0
1143 0.1003136812559636 0.9497200898980105 0
1144 0.1694622074039198 0.0246350821646843 0
1145 0.9503223766052957 0.7761185537197901 0
1146 0.2621662583976571 0.2975702128429294 0
1147 0.3886155757078494 0.9787969475557545 0
1148 0.9485610900274362 0.2616282636644263 0
1149 0.7336815943316729 0.01857497672948483 0
1150 0.3721960573991991 0.3439494943844714 0
1151 0.627791374684149 0.6560562427032121 0
1152 0.8014260401875827 0.5424386041324216 0
1153 0.9540284601421494 0.5008973139140045 0
1154 0.5010933318417761 0.04697281159308847 0
1155 0.1952051622673551 0.5091374029892013 0
1156 0.7505794590132298 0.660255314074818 0
1157 0.05034459523347279 0.1315825323276658 0
1158 0.08199358313781352 0.5097236624645581 0
1159 0.9768956794546489 0.9768956794546489 0
1160 0.0205893573561684 0.2653546613858701 0
1161 0.1983723085002995 0.4498450567421718 0
1162 0.04920910511751547 0.7753268627021493 0
1163 0.644140796303191 0.9264554359330017 0
1164 0.02288138851304616 0.9771186114869539 0
1165 0.02287684971009374 0.02287684971009374 0
1166 0.9771234122634725 0.02287658773652745 0
1167 0.9535787920639638 0.3162087927650263 0
1168 0.05014952699950276 0.3209695379541275 0
1169 0.04888557713696773 0.5883914230064015 0
1170 0.9264122024143369 0.6401861096969407 0
1171 0.0488180156613966 0.6311724019289985 0
1172 0.606752432163445 0.9347462951919702 0
1173 0.5375198294506383 0.27057194842488 0
1174 0.5710248953703805 0.2945156143803703 0
1175 0.7728507971998643 0.607384846783224 0
1176 0.6020914456246527 0.3332810594996063 0
1177 0.2741973930340366 0.6008689756656631 0
1178 0.2310194150397008 0.5754340117705714 0
1179 0.2836155169340947 0.6228295822908699 0
1180 0.2102202136557779 0.04861152559244752 0
1181 0.3583351858678508 0.9789799306567829 0
1182 0.04458214385373288 0.5315895377147659 0
1183 0.9775783012078765 0.3513355214999637 0
1184 0.5327077105858151 0.04596226477630039 0
1185 0.04456475337672494 0.7186938965082883 0
1186 0.7628960654314627 0.04845631199578004 0
1187 0.6987243300842306 0.7180997972306205 0
1188 0.102535877246504 0.4766193480589248 0
1189 0.2059660496819404 0.4804877812660733 0
1190 0.07340811576876971 0.9512166951324487 0
1191 0.07463985903751524 0.8969165978562178 0
1192 0.6247344681372013 0.3434163025453441 0
1193 0.9556375801292745 0.6871462921500086 0
1194 0.9233575990024501 0.182763701105189 0
1195 0.5775762742922004 0.3642646825335364 0
1196 0.04904894802892312 0.08710430191474472 0
1197 0.9192385355293917 0.3934723455045672 0
1198 0.7227136478402579 0.4020086364147371 0
1199 0.07574307728250218 0.2112943899062995 0
1200 0.397259086198935 0.3116203254051119 0
1201 0.9820754519406201 0.8277936093972251 0
1202 0.4586563539514948 0.248544074665622 0
1203 0.3419997003672223 0.9557555437676628 0
1204 0.4854040411561424 0.2486632314034257 0
1205 0.562479199969377 0.04325392985670617 0
1206 0.9552891276563351 0.8763916355431658 0
1207 0.07267991535945917 0.6670888991975895 0
1208 0.2374079996979562 0.04844071137530581 0
1209 0.3124999999999998 0.9569371491514714 0
1210 0.9569132733633028 0.5626793620047896 0
1211 0.276656656699216 0.4030489137374089 0
1212 0.7233434547470854 0.5969512638093463 0
1213 0.4217340435412831 0.6356908060102936 0
1214 0.6262092504702768 0.7320965716695835 0
1215 0.04445489927830326 0.8471338147989593 0
1216 0.7410864265502185 0.3646117164263114 0
$EndNodes
$Elements
2264
1 2 2 1 1 317 750 233
2 2 2 1 1 713 1098 799
3 2 2 1 1 742 743 329
4 2 2 1 1 631 1172 903
5 2 2 1 1 507 760 506
6 2 2 1 1 874 1109 984
7 2 2 1 1 768 773 229
8 2 2 1 1 631 903 902
9 2 2 1 1 652 1033 821
10 2 2 1 1 976 1109 993
11 2 2 1 1 741 778 336
12 2 2 1 1 799 1098 666
13 2 2 1 1 874 984 873
14 2 2 1 1 773 774 229
15 2 2 1 1 227 1063 927
16 2 2 1 1 188 1027 959
17 2 2 1 1 716 851 348
18 2 2 1 1 959 1027 639
19 2 2 1 1 211 988 911
20 2 2 1 1 336 1173 741
21 2 2 1 1 694 966 305
22 2 2 1 1 821 1033 583
23 2 2 1 1 322 836 835
24 2 2 1 1 305 1133 694
25 2 2 1 1 927 1196 227
26 2 2 1 1 667 991 7
27 2 2 1 1 641 837 640
28 2 2 1 1 5 750 720
29 2 2 1 1 462 1109 976
30 2 2 1 1 884 967 459
31 2 2 1 1 710 728 708
32 2 2 1 1 697 729 695
33 2 2 1 1 968 1021 448
34 2 2 1 1 835 1120 322
35 2 2 1 1 1027 1069 639
36 2 2 1 1 329 748 742
37 2 2 1 1 884 968 967
38 2 2 1 1 639 1069 719
39 2 2 1 1 905 906 611
40 2 2 1 1 577 667 7
41 2 2 1 1 693 747 746
42 2 2 1 1 715 728 710
43 2 2 1 1 701 729 697
44 2 2 1 1 1099 1131 700
45 2 2 1 1 211 1157 988
46 2 2 1 1 965 1061 182
47 2 2 1 1 215 680 678
48 2 2 1 1 693 1176 747
49 2 2 1 1 348 1092 716
50 2 2 1 1 707 1007 174
51 2 2 1 1 231 750 5
52 2 2 1 1 902 1001 631
53 2 2 1 1 678 718 215
54 2 2 1 1 899 990 656
55 2 2 1 1 656 1148 899
56 2 2 1 1 906 907 611
57 2 2 1 1 507 1134 760
58 2 2 1 1 103 774 102
59 2 2 1 1 646 1138 921
60 2 2 1 1 192 1001 902
61 2 2 1 1 233 750 231
62 2 2 1 1 680 757 751
63 2 2 1 1 720 750 494
64 2 2 1 1 494 750 317
65 2 2 1 1 215 757 680
66 2 2 1 1 921 1138 228
67 2 2 1 1 837 1153 640
68 2 2 1 1 168 231 5
69 2 2 1 1 150 577 7
70 2 2 1 1 5 720 133
71 2 2 1 1 7 991 151
72 2 2 1 1 276 759 278
73 2 2 1 1 1007 1179 174
74 2 2 1 1 1073 1160 183
75 2 2 1 1 833 834 793
76 2 2 1 1 743 759 329
77 2 2 1 1 733 1084 706
78 2 2 1 1 664 919 918
79 2 2 1 1 229 789 768
80 2 2 1 1 169 1082 1053
81 2 2 1 1 714 1095 822
82 2 2 1 1 744 746 216
83 2 2 1 1 506 760 588
84 2 2 1 1 730 1084 733
85 2 2 1 1 822 1146 714
86 2 2 1 1 229 774 103
87 2 2 1 1 1053 1082 637
88 2 2 1 1 673 1160 1073
89 2 2 1 1 1059 1091 682
90 2 2 1 1 483 1155 723
91 2 2 1 1 182 1145 965
92 2 2 1 1 220 1091 1059
93 2 2 1 1 967 968 448
94 2 2 1 1 1111 1130 749
95 2 2 1 1 629 1118 723
96 2 2 1 1 927 1090 1056
97 2 2 1 1 785 1101 326
98 2 2 1 1 1103 1118 629
99 2 2 1 1 187 1130 1111
100 2 2 1 1 740 742 737
101 2 2 1 1 680 751 681
102 2 2 1 1 216 776 744
103 2 2 1 1 984 1109 462
104 2 2 1 1 991 1189 1161
105 2 2 1 1 1056 1090 595
106 2 2 1 1 333 997 842
107 2 2 1 1 833 1065 834
108 2 2 1 1 659 1186 1025
109 2 2 1 1 991 1161 669
110 2 2 1 1 169 907 906
111 2 2 1 1 236 1123 1104
112 2 2 1 1 918 1191 664
113 2 2 1 1 218 833 793
114 2 2 1 1 903 1172 904
115 2 2 1 1 685 756 689
116 2 2 1 1 1064 1138 1043
117 2 2 1 1 514 1073 894
118 2 2 1 1 493 1189 1155
119 2 2 1 1 326 1142 785
120 2 2 1 1 708 728 155
121 2 2 1 1 695 729 137
122 2 2 1 1 814 1021 968
123 2 2 1 1 762 763 199
124 2 2 1 1 1108 1136 863
125 2 2 1 1 682 1001 192
126 2 2 1 1 544 953 826
127 2 2 1 1 834 1065 835
128 2 2 1 1 653 1131 1099
129 2 2 1 1 997 1133 842
130 2 2 1 1 814 886 813
131 2 2 1 1 493 1155 474
132 2 2 1 1 736 740 737
133 2 2 1 1 169 1053 907
134 2 2 1 1 474 1155 483
135 2 2 1 1 226 1124 773
136 2 2 1 1 747 1176 180
137 2 2 1 1 722 865 221
138 2 2 1 1 192 1059 682
139 2 2 1 1 683 756 685
140 2 2 1 1 894 1199 514
141 2 2 1 1 871 1188 457
142 2 2 1 1 457 1158 871
143 2 2 1 1 659 1025 825
144 2 2 1 1 730 733 731
145 2 2 1 1 17 866 16
146 2 2 1 1 719 1069 193
147 2 2 1 1 148 1177 650
148 2 2 1 1 159 736 186
149 2 2 1 1 141 731 185
150 2 2 1 1 825 1078 659
151 2 2 1 1 761 762 199
152 2 2 1 1 1082 1107 637
153 2 2 1 1 734 754 732
154 2 2 1 1 773 1124 774
155 2 2 1 1 180 1195 747
156 2 2 1 1 764 766 213
157 2 2 1 1 848 1112 969
158 2 2 1 1 329 759 276
159 2 2 1 1 278 759 348
160 2 2 1 1 577 1155 667
161 2 2 1 1 1127 1161 797
162 2 2 1 1 633 1136 1108
163 2 2 1 1 669 1161 1127
164 2 2 1 1 839 1103 629
165 2 2 1 1 221 864 722
166 2 2 1 1 184 1148 725
167 2 2 1 1 637 1107 758
168 2 2 1 1 148 650 149
169 2 2 1 1 134 651 135
170 2 2 1 1 166 655 167
171 2 2 1 1 152 654 153
172 2 2 1 1 766 789 213
173 2 2 1 1 736 737 186
174 2 2 1 1 731 732 185
175 2 2 1 1 178 724 145
176 2 2 1 1 1104 1123 836
177 2 2 1 1 590 718 678
178 2 2 1 1 732 754 751
179 2 2 1 1 723 1155 577
180 2 2 1 1 193 1113 719
181 2 2 1 1 314 972 850
182 2 2 1 1 826 1078 825
183 2 2 1 1 34 1025 33
184 2 2 1 1 35 763 34
185 2 2 1 1 105 789 104
186 2 2 1 1 629 1178 839
187 2 2 1 1 37 790 36
188 2 2 1 1 746 747 216
189 2 2 1 1 178 760 724
190 2 2 1 1 494 1152 720
191 2 2 1 1 525 865 526
192 2 2 1 1 763 1025 34
193 2 2 1 1 742 748 739
194 2 2 1 1 848 969 450
195 2 2 1 1 737 742 739
196 2 2 1 1 213 1035 764
197 2 2 1 1 826 953 534
198 2 2 1 1 706 1128 733
199 2 2 1 1 228 1138 1064
200 2 2 1 1 166 1198 655
201 2 2 1 1 951 1194 898
202 2 2 1 1 671 993 992
203 2 2 1 1 898 1105 951
204 2 2 1 1 768 789 766
205 2 2 1 1 199 763 35
206 2 2 1 1 815 1061 965
207 2 2 1 1 886 1193 813
208 2 2 1 1 746 1174 693
209 2 2 1 1 972 1146 850
210 2 2 1 1 201 1144 1139
211 2 2 1 1 760 1134 724
212 2 2 1 1 526 865 722
213 2 2 1 1 676 1149 172
214 2 2 1 1 751 754 681
215 2 2 1 1 202 1083 816
216 2 2 1 1 919 1062 920
217 2 2 1 1 927 1063 926
218 2 2 1 1 16 866 171
219 2 2 1 1 172 1186 676
220 2 2 1 1 864 1028 722
221 2 2 1 1 738 776 186
222 2 2 1 1 221 866 17
223 2 2 1 1 1139 1144 677
224 2 2 1 1 544 826 762
225 2 2 1 1 1076 1200 740
226 2 2 1 1 1061 1085 93
227 2 2 1 1 740 1200 743
228 2 2 1 1 142 757 215
229 2 2 1 1 984 1086 873
230 2 2 1 1 744 776 738
231 2 2 1 1 683 684 176
232 2 2 1 1 764 1035 612
233 2 2 1 1 928 1064 1043
234 2 2 1 1 748 1204 778
235 2 2 1 1 834 835 559
236 2 2 1 1 1202 1204 748
237 2 2 1 1 1050 1060 755
238 2 2 1 1 919 1190 1062
239 2 2 1 1 651 1212 135
240 2 2 1 1 654 1211 153
241 2 2 1 1 1025 1186 172
242 2 2 1 1 1043 1075 225
243 2 2 1 1 1131 1156 700
244 2 2 1 1 743 1092 759
245 2 2 1 1 1056 1196 927
246 2 2 1 1 899 1148 184
247 2 2 1 1 904 1172 522
248 2 2 1 1 158 736 159
249 2 2 1 1 140 731 141
250 2 2 1 1 753 785 260
251 2 2 1 1 969 1112 704
252 2 2 1 1 774 1159 102
253 2 2 1 1 213 789 105
254 2 2 1 1 890 1040 181
255 2 2 1 1 104 789 229
256 2 2 1 1 641 1065 837
257 2 2 1 1 36 790 199
258 2 2 1 1 225 790 37
259 2 2 1 1 694 1133 997
260 2 2 1 1 816 1201 202
261 2 2 1 1 734 755 754
262 2 2 1 1 671 1135 993
263 2 2 1 1 725 1105 184
264 2 2 1 1 988 1093 911
265 2 2 1 1 755 1060 754
266 2 2 1 1 752 1129 676
267 2 2 1 1 190 1028 864
268 2 2 1 1 522 1163 904
269 2 2 1 1 154 708 155
270 2 2 1 1 136 695 137
271 2 2 1 1 174 1177 148
272 2 2 1 1 217 1048 726
273 2 2 1 1 178 1213 718
274 2 2 1 1 147 707 174
275 2 2 1 1 165 683 176
276 2 2 1 1 944 1187 827
277 2 2 1 1 716 1117 851
278 2 2 1 1 741 1173 745
279 2 2 1 1 1129 1149 676
280 2 2 1 1 33 1025 172
281 2 2 1 1 1100 1106 663
282 2 2 1 1 1050 1057 382
283 2 2 1 1 628 1041 1039
284 2 2 1 1 865 1037 866
285 2 2 1 1 1039 1041 431
286 2 2 1 1 779 1055 1054
287 2 2 1 1 735 736 158
288 2 2 1 1 730 731 140
289 2 2 1 1 718 1122 178
290 2 2 1 1 740 743 742
291 2 2 1 1 739 778 741
292 2 2 1 1 145 724 146
293 2 2 1 1 1054 1055 300
294 2 2 1 1 164 756 683
295 2 2 1 1 723 1118 483
296 2 2 1 1 781 1052 1047
297 2 2 1 1 199 790 761
298 2 2 1 1 865 866 221
299 2 2 1 1 775 1029 1026
300 2 2 1 1 1047 1052 306
301 2 2 1 1 645 1137 891
302 2 2 1 1 787 1183 82
303 2 2 1 1 156 728 179
304 2 2 1 1 180 756 163
305 2 2 1 1 138 729 177
306 2 2 1 1 1026 1029 429
307 2 2 1 1 525 1037 865
308 2 2 1 1 505 791 507
309 2 2 1 1 925 1125 214
310 2 2 1 1 715 1150 728
311 2 2 1 1 620 1042 1038
312 2 2 1 1 743 1200 1092
313 2 2 1 1 701 1151 729
314 2 2 1 1 87 1045 1030
315 2 2 1 1 751 757 185
316 2 2 1 1 590 1122 718
317 2 2 1 1 157 735 158
318 2 2 1 1 139 730 140
319 2 2 1 1 815 1085 1061
320 2 2 1 1 791 1007 507
321 2 2 1 1 993 1135 976
322 2 2 1 1 737 738 186
323 2 2 1 1 732 751 185
324 2 2 1 1 731 733 732
325 2 2 1 1 762 825 763
326 2 2 1 1 1038 1042 299
327 2 2 1 1 225 1075 790
328 2 2 1 1 705 1049 706
329 2 2 1 1 628 1032 858
330 2 2 1 1 649 1210 882
331 2 2 1 1 749 1091 220
332 2 2 1 1 670 1066 673
333 2 2 1 1 773 1097 226
334 2 2 1 1 6 757 142
335 2 2 1 1 628 1039 1032
336 2 2 1 1 60 877 59
337 2 2 1 1 428 1022 775
338 2 2 1 1 748 778 739
339 2 2 1 1 714 1146 972
340 2 2 1 1 82 1126 787
341 2 2 1 1 160 776 216
342 2 2 1 1 197 992 877
343 2 2 1 1 186 776 8
344 2 2 1 1 193 1129 752
345 2 2 1 1 595 1090 923
346 2 2 1 1 441 916 777
347 2 2 1 1 925 1143 1125
348 2 2 1 1 294 1023 783
349 2 2 1 1 827 1187 420
350 2 2 1 1 197 877 60
351 2 2 1 1 835 836 559
352 2 2 1 1 782 791 505
353 2 2 1 1 612 1035 909
354 2 2 1 1 429 1029 858
355 2 2 1 1 369 820 412
356 2 2 1 1 416 1013 780
357 2 2 1 1 220 1111 749
358 2 2 1 1 817 1009 414
359 2 2 1 1 891 1137 892
360 2 2 1 1 752 1113 193
361 2 2 1 1 782 800 499
362 2 2 1 1 799 1095 713
363 2 2 1 1 499 791 782
364 2 2 1 1 59 877 875
365 2 2 1 1 433 957 916
366 2 2 1 1 412 820 430
367 2 2 1 1 800 849 497
368 2 2 1 1 683 685 684
369 2 2 1 1 783 1023 855
370 2 2 1 1 1018 1022 428
371 2 2 1 1 916 957 777
372 2 2 1 1 430 820 818
373 2 2 1 1 424 955 844
374 2 2 1 1 1102 1177 831
375 2 2 1 1 433 844 784
376 2 2 1 1 620 1031 783
377 2 2 1 1 293 986 854
378 2 2 1 1 303 1010 788
379 2 2 1 1 755 1057 1050
380 2 2 1 1 858 1032 429
381 2 2 1 1 59 875 58
382 2 2 1 1 448 1021 1015
383 2 2 1 1 413 987 857
384 2 2 1 1 818 847 430
385 2 2 1 1 784 957 433
386 2 2 1 1 1040 1162 181
387 2 2 1 1 499 800 497
388 2 2 1 1 620 1038 1031
389 2 2 1 1 171 1180 908
390 2 2 1 1 775 1026 428
391 2 2 1 1 1008 1013 416
392 2 2 1 1 775 1022 558
393 2 2 1 1 844 955 784
394 2 2 1 1 804 847 807
395 2 2 1 1 252 954 794
396 2 2 1 1 615 999 857
397 2 2 1 1 780 1022 1018
398 2 2 1 1 923 1115 595
399 2 2 1 1 414 1009 1005
400 2 2 1 1 1030 1045 642
401 2 2 1 1 792 981 304
402 2 2 1 1 840 912 424
403 2 2 1 1 260 1140 753
404 2 2 1 1 1015 1021 817
405 2 2 1 1 209 873 872
406 2 2 1 1 734 1058 755
407 2 2 1 1 820 998 819
408 2 2 1 1 853 1011 854
409 2 2 1 1 780 1013 550
410 2 2 1 1 810 1009 817
411 2 2 1 1 802 956 847
412 2 2 1 1 209 872 57
413 2 2 1 1 780 1018 416
414 2 2 1 1 484 797 325
415 2 2 1 1 735 740 736
416 2 2 1 1 788 1010 554
417 2 2 1 1 572 907 570
418 2 2 1 1 615 1008 999
419 2 2 1 1 414 1015 817
420 2 2 1 1 854 986 856
421 2 2 1 1 578 1068 579
422 2 2 1 1 209 874 873
423 2 2 1 1 611 907 572
424 2 2 1 1 615 1013 1008
425 2 2 1 1 857 987 519
426 2 2 1 1 1016 1023 294
427 2 2 1 1 882 1119 649
428 2 2 1 1 196 886 885
429 2 2 1 1 716 1092 717
430 2 2 1 1 427 975 795
431 2 2 1 1 1005 1009 819
432 2 2 1 1 912 955 424
433 2 2 1 1 421 849 800
434 2 2 1 1 299 1042 781
435 2 2 1 1 323 798 484
436 2 2 1 1 196 885 91
437 2 2 1 1 807 847 818
438 2 2 1 1 998 1005 819
439 2 2 1 1 794 954 887
440 2 2 1 1 800 901 421
441 2 2 1 1 1002 1010 303
442 2 2 1 1 947 950 397
443 2 2 1 1 58 875 209
444 2 2 1 1 617 996 794
445 2 2 1 1 853 1016 1011
446 2 2 1 1 515 981 792
447 2 2 1 1 319 824 494
448 2 2 1 1 337 1000 994
449 2 2 1 1 436 849 411
450 2 2 1 1 354 821 583
451 2 2 1 1 207 837 832
452 2 2 1 1 802 847 804
453 2 2 1 1 795 975 511
454 2 2 1 1 860 937 614
455 2 2 1 1 832 837 833
456 2 2 1 1 524 856 523
457 2 2 1 1 737 739 738
458 2 2 1 1 801 934 444
459 2 2 1 1 463 1006 963
460 2 2 1 1 346 796 493
461 2 2 1 1 733 734 732
462 2 2 1 1 480 839 838
463 2 2 1 1 394 840 424
464 2 2 1 1 497 849 436
465 2 2 1 1 456 838 500
466 2 2 1 1 400 845 501
467 2 2 1 1 463 915 914
468 2 2 1 1 614 950 947
469 2 2 1 1 783 855 598
470 2 2 1 1 758 1107 214
471 2 2 1 1 532 887 530
472 2 2 1 1 445 827 374
473 2 2 1 1 333 842 247
474 2 2 1 1 321 824 319
475 2 2 1 1 268 828 336
476 2 2 1 1 286 850 823
477 2 2 1 1 386 916 441
478 2 2 1 1 207 832 85
479 2 2 1 1 50 880 195
480 2 2 1 1 435 830 378
481 2 2 1 1 868 869 208
482 2 2 1 1 249 842 841
483 2 2 1 1 857 999 413
484 2 2 1 1 57 872 56
485 2 2 1 1 343 995 936
486 2 2 1 1 437 838 456
487 2 2 1 1 983 987 413
488 2 2 1 1 838 839 500
489 2 2 1 1 362 848 450
490 2 2 1 1 358 846 461
491 2 2 1 1 314 850 284
492 2 2 1 1 963 1006 655
493 2 2 1 1 306 1052 779
494 2 2 1 1 801 956 802
495 2 2 1 1 843 848 364
496 2 2 1 1 457 1106 1100
497 2 2 1 1 881 882 210
498 2 2 1 1 994 1000 792
499 2 2 1 1 421 901 845
500 2 2 1 1 301 822 340
501 2 2 1 1 666 1088 799
502 2 2 1 1 325 797 328
503 2 2 1 1 598 855 567
504 2 2 1 1 782 901 800
505 2 2 1 1 286 823 288
506 2 2 1 1 55 868 208
507 2 2 1 1 847 956 430
508 2 2 1 1 860 932 422
509 2 2 1 1 315 798 323
510 2 2 1 1 47 890 181
511 2 2 1 1 498 831 647
512 2 2 1 1 402 845 400
513 2 2 1 1 346 493 474
514 2 2 1 1 783 1031 294
515 2 2 1 1 527 856 524
516 2 2 1 1 171 1208 1180
517 2 2 1 1 903 904 189
518 2 2 1 1 91 885 90
519 2 2 1 1 249 841 251
520 2 2 1 1 323 484 325
521 2 2 1 1 348 851 280
522 2 2 1 1 396 840 394
523 2 2 1 1 335 796 346
524 2 2 1 1 346 474 347
525 2 2 1 1 617 1010 1002
526 2 2 1 1 424 844 392
527 2 2 1 1 870 871 869
528 2 2 1 1 366 843 364
529 2 2 1 1 616 970 867
530 2 2 1 1 617 1002 996
531 2 2 1 1 832 833 218
532 2 2 1 1 328 797 796
533 2 2 1 1 852 853 563
534 2 2 1 1 89 881 210
535 2 2 1 1 369 998 820
536 2 2 1 1 237 914 240
537 2 2 1 1 411 849 408
538 2 2 1 1 909 1070 612
539 2 2 1 1 113 903 189
540 2 2 1 1 247 842 249
541 2 2 1 1 962 986 293
542 2 2 1 1 788 1020 303
543 2 2 1 1 883 884 882
544 2 2 1 1 463 914 237
545 2 2 1 1 309 867 295
546 2 2 1 1 335 346 339
547 2 2 1 1 328 796 335
548 2 2 1 1 354 583 352
549 2 2 1 1 340 799 798
550 2 2 1 1 663 900 491
551 2 2 1 1 887 954 530
552 2 2 1 1 295 867 291
553 2 2 1 1 500 831 498
554 2 2 1 1 364 848 362
555 2 2 1 1 762 826 825
556 2 2 1 1 562 852 563
557 2 2 1 1 937 950 614
558 2 2 1 1 301 340 315
559 2 2 1 1 853 1023 1016
560 2 2 1 1 437 456 436
561 2 2 1 1 245 859 333
562 2 2 1 1 770 934 801
563 2 2 1 1 461 821 356
564 2 2 1 1 284 850 286
565 2 2 1 1 340 798 315
566 2 2 1 1 868 870 869
567 2 2 1 1 451 480 439
568 2 2 1 1 296 822 301
569 2 2 1 1 795 987 983
570 2 2 1 1 896 898 897
571 2 2 1 1 374 827 372
572 2 2 1 1 536 887 532
573 2 2 1 1 298 888 313
574 2 2 1 1 419 436 411
575 2 2 1 1 23 861 191
576 2 2 1 1 188 862 26
577 2 2 1 1 505 507 506
578 2 2 1 1 78 899 184
579 2 2 1 1 189 863 112
580 2 2 1 1 190 864 19
581 2 2 1 1 480 838 439
582 2 2 1 1 408 421 405
583 2 2 1 1 419 437 436
584 2 2 1 1 356 821 354
585 2 2 1 1 503 505 504
586 2 2 1 1 505 506 504
587 2 2 1 1 109 878 170
588 2 2 1 1 408 849 421
589 2 2 1 1 84 832 218
590 2 2 1 1 685 686 684
591 2 2 1 1 266 828 268
592 2 2 1 1 583 824 352
593 2 2 1 1 854 1011 293
594 2 2 1 1 450 846 360
595 2 2 1 1 456 500 498
596 2 2 1 1 352 824 321
597 2 2 1 1 503 504 502
598 2 2 1 1 881 883 882
599 2 2 1 1 326 829 828
600 2 2 1 1 169 906 125
601 2 2 1 1 501 503 502
602 2 2 1 1 304 981 979
603 2 2 1 1 893 894 183
604 2 2 1 1 755 1058 1057
605 2 2 1 1 896 897 212
606 2 2 1 1 662 663 491
607 2 2 1 1 456 498 497
608 2 2 1 1 501 502 399
609 2 2 1 1 358 461 356
610 2 2 1 1 255 305 258
611 2 2 1 1 571 860 614
612 2 2 1 1 372 420 370
613 2 2 1 1 301 315 302
614 2 2 1 1 378 830 376
615 2 2 1 1 936 995 619
616 2 2 1 1 376 445 374
617 2 2 1 1 64 893 183
618 2 2 1 1 264 326 266
619 2 2 1 1 552 617 543
620 2 2 1 1 423 932 446
621 2 2 1 1 292 888 298
622 2 2 1 1 360 846 358
623 2 2 1 1 268 336 270
624 2 2 1 1 372 827 420
625 2 2 1 1 807 809 808
626 2 2 1 1 86 207 85
627 2 2 1 1 55 208 54
628 2 2 1 1 599 620 598
629 2 2 1 1 217 879 52
630 2 2 1 1 380 435 378
631 2 2 1 1 329 1202 748
632 2 2 1 1 810 817 812
633 2 2 1 1 726 1169 217
634 2 2 1 1 498 647 499
635 2 2 1 1 56 868 55
636 2 2 1 1 326 828 266
637 2 2 1 1 954 964 528
638 2 2 1 1 523 616 470
639 2 2 1 1 123 905 194
640 2 2 1 1 386 441 384
641 2 2 1 1 274 329 276
642 2 2 1 1 439 838 437
643 2 2 1 1 75 896 212
644 2 2 1 1 44 892 200
645 2 2 1 1 288 823 296
646 2 2 1 1 376 830 445
647 2 2 1 1 296 301 297
648 2 2 1 1 560 788 554
649 2 2 1 1 562 563 527
650 2 2 1 1 879 880 51
651 2 2 1 1 84 218 83
652 2 2 1 1 53 217 52
653 2 2 1 1 451 660 480
654 2 2 1 1 282 851 314
655 2 2 1 1 853 854 563
656 2 2 1 1 809 810 808
657 2 2 1 1 304 994 792
658 2 2 1 1 597 598 567
659 2 2 1 1 540 543 536
660 2 2 1 1 565 852 562
661 2 2 1 1 407 408 405
662 2 2 1 1 89 210 88
663 2 2 1 1 58 209 57
664 2 2 1 1 818 819 809
665 2 2 1 1 278 348 280
666 2 2 1 1 556 780 550
667 2 2 1 1 585 775 558
668 2 2 1 1 548 615 521
669 2 2 1 1 623 858 587
670 2 2 1 1 603 781 601
671 2 2 1 1 390 433 388
672 2 2 1 1 620 783 598
673 2 2 1 1 515 792 547
674 2 2 1 1 616 986 962
675 2 2 1 1 280 851 282
676 2 2 1 1 625 628 623
677 2 2 1 1 400 501 399
678 2 2 1 1 804 807 806
679 2 2 1 1 540 552 543
680 2 2 1 1 567 855 565
681 2 2 1 1 243 859 245
682 2 2 1 1 628 858 623
683 2 2 1 1 245 333 247
684 2 2 1 1 607 779 605
685 2 2 1 1 756 1192 689
686 2 2 1 1 405 845 402
687 2 2 1 1 370 843 366
688 2 2 1 1 319 494 317
689 2 2 1 1 807 808 806
690 2 2 1 1 506 588 508
691 2 2 1 1 251 841 255
692 2 2 1 1 90 881 89
693 2 2 1 1 517 795 511
694 2 2 1 1 571 614 573
695 2 2 1 1 315 323 316
696 2 2 1 1 51 880 50
697 2 2 1 1 346 347 339
698 2 2 1 1 362 450 360
699 2 2 1 1 255 258 256
700 2 2 1 1 521 857 519
701 2 2 1 1 765 939 934
702 2 2 1 1 565 855 852
703 2 2 1 1 399 840 396
704 2 2 1 1 323 325 324
705 2 2 1 1 469 618 513
706 2 2 1 1 889 890 48
707 2 2 1 1 282 314 284
708 2 2 1 1 394 424 392
709 2 2 1 1 195 889 49
710 2 2 1 1 569 860 571
711 2 2 1 1 258 260 259
712 2 2 1 1 597 599 598
713 2 2 1 1 502 912 840
714 2 2 1 1 313 888 469
715 2 2 1 1 325 328 327
716 2 2 1 1 456 497 436
717 2 2 1 1 410 411 408
718 2 2 1 1 219 861 24
719 2 2 1 1 25 862 219
720 2 2 1 1 371 372 370
721 2 2 1 1 470 867 309
722 2 2 1 1 18 864 221
723 2 2 1 1 111 863 222
724 2 2 1 1 588 590 589
725 2 2 1 1 902 903 114
726 2 2 1 1 192 902 115
727 2 2 1 1 222 878 110
728 2 2 1 1 92 196 91
729 2 2 1 1 81 198 80
730 2 2 1 1 50 195 49
731 2 2 1 1 61 197 60
732 2 2 1 1 615 857 521
733 2 2 1 1 95 182 94
734 2 2 1 1 78 184 77
735 2 2 1 1 47 181 46
736 2 2 1 1 64 183 63
737 2 2 1 1 914 915 859
738 2 2 1 1 85 832 84
739 2 2 1 1 48 890 47
740 2 2 1 1 856 986 523
741 2 2 1 1 422 932 423
742 2 2 1 1 79 899 78
743 2 2 1 1 617 794 543
744 2 2 1 1 390 844 433
745 2 2 1 1 418 419 411
746 2 2 1 1 471 523 470
747 2 2 1 1 781 1047 299
748 2 2 1 1 373 374 372
749 2 2 1 1 184 895 77
750 2 2 1 1 124 906 905
751 2 2 1 1 770 801 772
752 2 2 1 1 56 872 868
753 2 2 1 1 895 898 896
754 2 2 1 1 888 974 618
755 2 2 1 1 415 913 409
756 2 2 1 1 181 891 46
757 2 2 1 1 801 802 772
758 2 2 1 1 807 818 809
759 2 2 1 1 569 932 860
760 2 2 1 1 590 678 591
761 2 2 1 1 451 900 660
762 2 2 1 1 388 916 386
763 2 2 1 1 116 192 115
764 2 2 1 1 23 191 22
765 2 2 1 1 573 630 574
766 2 2 1 1 118 220 117
767 2 2 1 1 25 219 24
768 2 2 1 1 264 266 265
769 2 2 1 1 351 352 321
770 2 2 1 1 114 903 113
771 2 2 1 1 113 189 112
772 2 2 1 1 120 187 119
773 2 2 1 1 20 190 19
774 2 2 1 1 27 188 26
775 2 2 1 1 240 914 243
776 2 2 1 1 398 399 396
777 2 2 1 1 678 680 679
778 2 2 1 1 474 483 347
779 2 2 1 1 111 222 110
780 2 2 1 1 123 194 122
781 2 2 1 1 18 221 17
782 2 2 1 1 30 193 29
783 2 2 1 1 420 843 370
784 2 2 1 1 498 499 497
785 2 2 1 1 266 268 267
786 2 2 1 1 569 571 570
787 2 2 1 1 296 823 822
788 2 2 1 1 109 170 108
789 2 2 1 1 126 169 125
790 2 2 1 1 16 171 15
791 2 2 1 1 33 172 32
792 2 2 1 1 845 901 501
793 2 2 1 1 392 844 390
794 2 2 1 1 170 909 108
795 2 2 1 1 934 939 444
796 2 2 1 1 571 573 572
797 2 2 1 1 252 964 954
798 2 2 1 1 171 908 15
799 2 2 1 1 404 405 402
800 2 2 1 1 211 911 66
801 2 2 1 1 375 376 374
802 2 2 1 1 268 270 269
803 2 2 1 1 469 888 618
804 2 2 1 1 251 255 254
805 2 2 1 1 255 841 305
806 2 2 1 1 230 1143 925
807 2 2 1 1 52 879 51
808 2 2 1 1 209 875 874
809 2 2 1 1 124 905 123
810 2 2 1 1 421 845 405
811 2 2 1 1 818 820 819
812 2 2 1 1 443 913 415
813 2 2 1 1 503 782 505
814 2 2 1 1 476 569 568
815 2 2 1 1 65 893 64
816 2 2 1 1 647 791 499
817 2 2 1 1 377 378 376
818 2 2 1 1 463 963 915
819 2 2 1 1 616 867 470
820 2 2 1 1 270 272 271
821 2 2 1 1 573 947 630
822 2 2 1 1 288 296 290
823 2 2 1 1 469 513 482
824 2 2 1 1 261 264 263
825 2 2 1 1 368 370 366
826 2 2 1 1 444 956 801
827 2 2 1 1 90 885 881
828 2 2 1 1 353 354 352
829 2 2 1 1 621 930 425
830 2 2 1 1 875 876 874
831 2 2 1 1 510 511 509
832 2 2 1 1 512 517 511
833 2 2 1 1 272 274 273
834 2 2 1 1 332 470 309
835 2 2 1 1 539 540 536
836 2 2 1 1 895 896 76
837 2 2 1 1 65 911 893
838 2 2 1 1 513 515 514
839 2 2 1 1 872 873 870
840 2 2 1 1 502 840 399
841 2 2 1 1 891 892 45
842 2 2 1 1 379 380 378
843 2 2 1 1 804 806 805
844 2 2 1 1 506 508 504
845 2 2 1 1 563 856 527
846 2 2 1 1 24 861 23
847 2 2 1 1 561 562 527
848 2 2 1 1 795 983 427
849 2 2 1 1 26 862 25
850 2 2 1 1 19 864 18
851 2 2 1 1 112 863 111
852 2 2 1 1 76 896 75
853 2 2 1 1 794 996 252
854 2 2 1 1 45 892 44
855 2 2 1 1 518 519 517
856 2 2 1 1 520 521 519
857 2 2 1 1 110 878 109
858 2 2 1 1 274 276 275
859 2 2 1 1 125 906 124
860 2 2 1 1 49 889 48
861 2 2 1 1 115 902 114
862 2 2 1 1 509 913 443
863 2 2 1 1 458 509 443
864 2 2 1 1 553 554 552
865 2 2 1 1 381 382 380
866 2 2 1 1 438 439 437
867 2 2 1 1 503 901 782
868 2 2 1 1 449 929 910
869 2 2 1 1 564 565 562
870 2 2 1 1 522 548 521
871 2 2 1 1 741 744 738
872 2 2 1 1 526 527 524
873 2 2 1 1 301 302 297
874 2 2 1 1 313 469 349
875 2 2 1 1 802 804 803
876 2 2 1 1 535 536 532
877 2 2 1 1 885 886 883
878 2 2 1 1 201 923 922
879 2 2 1 1 770 772 771
880 2 2 1 1 979 981 618
881 2 2 1 1 549 550 548
882 2 2 1 1 422 937 860
883 2 2 1 1 276 278 277
884 2 2 1 1 917 918 223
885 2 2 1 1 551 556 550
886 2 2 1 1 383 384 382
887 2 2 1 1 179 1076 735
888 2 2 1 1 243 914 859
889 2 2 1 1 810 812 811
890 2 2 1 1 398 400 399
891 2 2 1 1 433 916 388
892 2 2 1 1 566 567 565
893 2 2 1 1 385 386 384
894 2 2 1 1 767 770 769
895 2 2 1 1 434 621 425
896 2 2 1 1 328 335 334
897 2 2 1 1 557 558 556
898 2 2 1 1 404 407 405
899 2 2 1 1 258 259 256
900 2 2 1 1 596 597 567
901 2 2 1 1 77 895 76
902 2 2 1 1 108 909 107
903 2 2 1 1 584 585 558
904 2 2 1 1 600 601 599
905 2 2 1 1 46 891 45
906 2 2 1 1 501 901 503
907 2 2 1 1 278 280 279
908 2 2 1 1 255 256 254
909 2 2 1 1 685 689 687
910 2 2 1 1 15 908 14
911 2 2 1 1 588 589 508
912 2 2 1 1 812 814 813
913 2 2 1 1 515 547 516
914 2 2 1 1 355 356 354
915 2 2 1 1 586 587 585
916 2 2 1 1 41 920 40
917 2 2 1 1 933 1044 897
918 2 2 1 1 569 570 568
919 2 2 1 1 387 388 386
920 2 2 1 1 260 261 259
921 2 2 1 1 622 623 587
922 2 2 1 1 602 603 601
923 2 2 1 1 547 671 670
924 2 2 1 1 624 625 623
925 2 2 1 1 446 932 476
926 2 2 1 1 918 919 223
927 2 2 1 1 745 746 744
928 2 2 1 1 98 924 202
929 2 2 1 1 962 970 616
930 2 2 1 1 604 605 603
931 2 2 1 1 368 371 370
932 2 2 1 1 371 373 372
933 2 2 1 1 571 572 570
934 2 2 1 1 129 925 214
935 2 2 1 1 702 703 701
936 2 2 1 1 332 471 470
937 2 2 1 1 66 911 65
938 2 2 1 1 608 609 607
939 2 2 1 1 606 607 605
940 2 2 1 1 11 922 224
941 2 2 1 1 42 917 223
942 2 2 1 1 73 921 228
943 2 2 1 1 573 574 572
944 2 2 1 1 538 953 544
945 2 2 1 1 952 975 427
946 2 2 1 1 75 212 74
947 2 2 1 1 98 202 97
948 2 2 1 1 13 201 12
949 2 2 1 1 36 199 35
950 2 2 1 1 44 200 43
951 2 2 1 1 67 211 66
952 2 2 1 1 224 927 926
953 2 2 1 1 626 627 625
954 2 2 1 1 389 390 388
955 2 2 1 1 471 524 523
956 2 2 1 1 712 715 710
957 2 2 1 1 106 213 105
958 2 2 1 1 129 214 128
959 2 2 1 1 212 921 74
960 2 2 1 1 201 922 12
961 2 2 1 1 200 917 43
962 2 2 1 1 296 297 290
963 2 2 1 1 240 243 242
964 2 2 1 1 543 887 536
965 2 2 1 1 226 924 99
966 2 2 1 1 767 934 770
967 2 2 1 1 739 741 738
968 2 2 1 1 593 594 478
969 2 2 1 1 468 929 449
970 2 2 1 1 716 717 715
971 2 2 1 1 407 410 408
972 2 2 1 1 230 925 130
973 2 2 1 1 99 924 98
974 2 2 1 1 689 691 690
975 2 2 1 1 419 438 437
976 2 2 1 1 555 560 554
977 2 2 1 1 130 925 129
978 2 2 1 1 590 591 589
979 2 2 1 1 718 1213 215
980 2 2 1 1 223 920 41
981 2 2 1 1 38 928 225
982 2 2 1 1 280 282 281
983 2 2 1 1 12 922 11
984 2 2 1 1 43 917 42
985 2 2 1 1 74 921 73
986 2 2 1 1 73 228 72
987 2 2 1 1 100 226 99
988 2 2 1 1 11 224 10
989 2 2 1 1 38 225 37
990 2 2 1 1 42 223 41
991 2 2 1 1 69 227 68
992 2 2 1 1 131 230 130
993 2 2 1 1 104 229 103
994 2 2 1 1 224 926 10
995 2 2 1 1 802 803 772
996 2 2 1 1 699 701 697
997 2 2 1 1 39 928 38
998 2 2 1 1 511 975 509
999 2 2 1 1 391 392 390
1000 2 2 1 1 315 316 302
1001 2 2 1 1 10 926 9
1002 2 2 1 1 235 463 237
1003 2 2 1 1 373 375 374
1004 2 2 1 1 678 679 591
1005 2 2 1 1 266 267 265
1006 2 2 1 1 264 265 263
1007 2 2 1 1 458 510 509
1008 2 2 1 1 540 553 552
1009 2 2 1 1 469 482 349
1010 2 2 1 1 268 269 267
1011 2 2 1 1 919 920 223
1012 2 2 1 1 705 706 703
1013 2 2 1 1 680 681 679
1014 2 2 1 1 393 394 392
1015 2 2 1 1 510 512 511
1016 2 2 1 1 578 579 468
1017 2 2 1 1 770 771 769
1018 2 2 1 1 513 514 482
1019 2 2 1 1 357 358 356
1020 2 2 1 1 538 544 542
1021 2 2 1 1 691 693 692
1022 2 2 1 1 243 245 244
1023 2 2 1 1 579 929 468
1024 2 2 1 1 282 284 283
1025 2 2 1 1 245 247 246
1026 2 2 1 1 270 271 269
1027 2 2 1 1 544 762 761
1028 2 2 1 1 512 518 517
1029 2 2 1 1 375 377 376
1030 2 2 1 1 351 353 352
1031 2 2 1 1 657 658 473
1032 2 2 1 1 804 805 803
1033 2 2 1 1 359 360 358
1034 2 2 1 1 440 451 439
1035 2 2 1 1 535 539 536
1036 2 2 1 1 765 767 766
1037 2 2 1 1 419 910 438
1038 2 2 1 1 518 520 519
1039 2 2 1 1 272 273 271
1040 2 2 1 1 496 765 764
1041 2 2 1 1 167 203 168
1042 2 2 1 1 149 205 150
1043 2 2 1 1 133 206 134
1044 2 2 1 1 151 204 152
1045 2 2 1 1 247 249 248
1046 2 2 1 1 377 379 378
1047 2 2 1 1 526 561 527
1048 2 2 1 1 274 275 273
1049 2 2 1 1 410 418 411
1050 2 2 1 1 361 362 360
1051 2 2 1 1 476 568 489
1052 2 2 1 1 520 522 521
1053 2 2 1 1 854 856 563
1054 2 2 1 1 561 564 562
1055 2 2 1 1 446 476 475
1056 2 2 1 1 593 721 594
1057 2 2 1 1 767 769 768
1058 2 2 1 1 868 872 870
1059 2 2 1 1 335 339 338
1060 2 2 1 1 276 277 275
1061 2 2 1 1 810 811 808
1062 2 2 1 1 379 381 380
1063 2 2 1 1 597 600 599
1064 2 2 1 1 418 910 419
1065 2 2 1 1 513 981 515
1066 2 2 1 1 661 662 491
1067 2 2 1 1 522 549 548
1068 2 2 1 1 974 979 618
1069 2 2 1 1 323 324 316
1070 2 2 1 1 325 327 324
1071 2 2 1 1 395 396 394
1072 2 2 1 1 686 688 684
1073 2 2 1 1 278 279 277
1074 2 2 1 1 549 551 550
1075 2 2 1 1 381 383 382
1076 2 2 1 1 476 932 569
1077 2 2 1 1 564 566 565
1078 2 2 1 1 312 528 307
1079 2 2 1 1 960 1028 190
1080 2 2 1 1 594 942 478
1081 2 2 1 1 551 557 556
1082 2 2 1 1 465 559 330
1083 2 2 1 1 515 516 514
1084 2 2 1 1 674 941 485
1085 2 2 1 1 401 402 400
1086 2 2 1 1 383 385 384
1087 2 2 1 1 198 990 80
1088 2 2 1 1 794 887 543
1089 2 2 1 1 442 443 415
1090 2 2 1 1 404 930 407
1091 2 2 1 1 504 912 502
1092 2 2 1 1 632 646 541
1093 2 2 1 1 566 596 567
1094 2 2 1 1 557 584 558
1095 2 2 1 1 385 387 386
1096 2 2 1 1 658 943 473
1097 2 2 1 1 353 355 354
1098 2 2 1 1 249 251 250
1099 2 2 1 1 464 636 492
1100 2 2 1 1 584 586 585
1101 2 2 1 1 79 990 899
1102 2 2 1 1 881 885 883
1103 2 2 1 1 490 491 453
1104 2 2 1 1 726 727 662
1105 2 2 1 1 765 766 764
1106 2 2 1 1 546 674 485
1107 2 2 1 1 280 281 279
1108 2 2 1 1 767 768 766
1109 2 2 1 1 452 458 443
1110 2 2 1 1 586 622 587
1111 2 2 1 1 624 626 625
1112 2 2 1 1 477 478 447
1113 2 2 1 1 341 343 342
1114 2 2 1 1 769 773 768
1115 2 2 1 1 600 602 601
1116 2 2 1 1 453 900 451
1117 2 2 1 1 544 761 542
1118 2 2 1 1 328 334 327
1119 2 2 1 1 622 624 623
1120 2 2 1 1 685 687 686
1121 2 2 1 1 363 364 362
1122 2 2 1 1 529 530 528
1123 2 2 1 1 947 1014 630
1124 2 2 1 1 308 309 295
1125 2 2 1 1 257 341 311
1126 2 2 1 1 602 604 603
1127 2 2 1 1 606 608 607
1128 2 2 1 1 608 610 609
1129 2 2 1 1 913 975 952
1130 2 2 1 1 604 606 605
1131 2 2 1 1 426 942 434
1132 2 2 1 1 387 389 388
1133 2 2 1 1 626 668 627
1134 2 2 1 1 741 745 744
1135 2 2 1 1 423 425 406
1136 2 2 1 1 491 900 453
1137 2 2 1 1 389 391 390
1138 2 2 1 1 553 555 554
1139 2 2 1 1 331 332 309
1140 2 2 1 1 397 398 396
1141 2 2 1 1 355 357 356
1142 2 2 1 1 481 593 478
1143 2 2 1 1 313 349 344
1144 2 2 1 1 284 286 285
1145 2 2 1 1 298 313 310
1146 2 2 1 1 412 430 417
1147 2 2 1 1 496 939 765
1148 2 2 1 1 547 670 516
1149 2 2 1 1 636 672 492
1150 2 2 1 1 282 283 281
1151 2 2 1 1 689 690 687
1152 2 2 1 1 251 254 253
1153 2 2 1 1 476 489 475
1154 2 2 1 1 568 637 489
1155 2 2 1 1 875 877 876
1156 2 2 1 1 343 467 466
1157 2 2 1 1 492 595 472
1158 2 2 1 1 391 393 392
1159 2 2 1 1 365 366 364
1160 2 2 1 1 393 395 394
1161 2 2 1 1 712 716 715
1162 2 2 1 1 403 404 402
1163 2 2 1 1 447 942 426
1164 2 2 1 1 261 263 262
1165 2 2 1 1 540 951 553
1166 2 2 1 1 426 434 425
1167 2 2 1 1 699 702 701
1168 2 2 1 1 519 987 517
1169 2 2 1 1 257 931 341
1170 2 2 1 1 528 964 307
1171 2 2 1 1 787 793 581
1172 2 2 1 1 477 481 478
1173 2 2 1 1 657 659 658
1174 2 2 1 1 162 180 163
1175 2 2 1 1 156 179 157
1176 2 2 1 1 144 178 145
1177 2 2 1 1 138 177 139
1178 2 2 1 1 812 813 811
1179 2 2 1 1 479 641 640
1180 2 2 1 1 367 368 366
1181 2 2 1 1 398 401 400
1182 2 2 1 1 525 526 524
1183 2 2 1 1 702 705 703
1184 2 2 1 1 477 634 481
1185 2 2 1 1 533 535 532
1186 2 2 1 1 765 934 767
1187 2 2 1 1 245 246 244
1188 2 2 1 1 359 361 360
1189 2 2 1 1 141 185 6
1190 2 2 1 1 159 186 8
1191 2 2 1 1 247 248 246
1192 2 2 1 1 155 728 156
1193 2 2 1 1 634 664 481
1194 2 2 1 1 243 244 242
1195 2 2 1 1 531 532 530
1196 2 2 1 1 538 542 541
1197 2 2 1 1 487 752 676
1198 2 2 1 1 475 477 447
1199 2 2 1 1 357 359 358
1200 2 2 1 1 163 756 164
1201 2 2 1 1 454 576 575
1202 2 2 1 1 542 632 541
1203 2 2 1 1 137 729 138
1204 2 2 1 1 312 529 528
1205 2 2 1 1 446 475 447
1206 2 2 1 1 284 285 283
1207 2 2 1 1 482 486 349
1208 2 2 1 1 576 644 643
1209 2 2 1 1 533 538 537
1210 2 2 1 1 249 250 248
1211 2 2 1 1 256 931 254
1212 2 2 1 1 442 452 443
1213 2 2 1 1 510 592 512
1214 2 2 1 1 8 776 160
1215 2 2 1 1 691 692 690
1216 2 2 1 1 423 446 426
1217 2 2 1 1 805 816 803
1218 2 2 1 1 160 216 161
1219 2 2 1 1 142 215 143
1220 2 2 1 1 637 758 489
1221 2 2 1 1 597 949 600
1222 2 2 1 1 286 288 287
1223 2 2 1 1 452 496 495
1224 2 2 1 1 146 707 147
1225 2 2 1 1 452 495 458
1226 2 2 1 1 331 485 332
1227 2 2 1 1 135 173 136
1228 2 2 1 1 165 176 166
1229 2 2 1 1 153 175 154
1230 2 2 1 1 147 174 148
1231 2 2 1 1 464 492 472
1232 2 2 1 1 361 363 362
1233 2 2 1 1 446 447 426
1234 2 2 1 1 425 930 406
1235 2 2 1 1 368 427 371
1236 2 2 1 1 496 764 612
1237 2 2 1 1 538 541 537
1238 2 2 1 1 308 331 309
1239 2 2 1 1 164 683 165
1240 2 2 1 1 574 611 572
1241 2 2 1 1 288 290 289
1242 2 2 1 1 867 970 291
1243 2 2 1 1 341 342 311
1244 2 2 1 1 403 422 406
1245 2 2 1 1 331 545 485
1246 2 2 1 1 529 534 531
1247 2 2 1 1 423 426 425
1248 2 2 1 1 614 947 573
1249 2 2 1 1 401 403 402
1250 2 2 1 1 395 397 396
1251 2 2 1 1 344 345 310
1252 2 2 1 1 533 537 535
1253 2 2 1 1 613 677 546
1254 2 2 1 1 545 613 546
1255 2 2 1 1 403 406 404
1256 2 2 1 1 313 344 310
1257 2 2 1 1 406 930 404
1258 2 2 1 1 535 933 539
1259 2 2 1 1 487 657 473
1260 2 2 1 1 261 262 259
1261 2 2 1 1 251 253 250
1262 2 2 1 1 518 633 520
1263 2 2 1 1 466 473 342
1264 2 2 1 1 779 1054 306
1265 2 2 1 1 496 612 495
1266 2 2 1 1 464 472 345
1267 2 2 1 1 471 525 524
1268 2 2 1 1 1176 1192 180
1269 2 2 1 1 529 531 530
1270 2 2 1 1 365 367 366
1271 2 2 1 1 644 645 643
1272 2 2 1 1 363 365 364
1273 2 2 1 1 438 440 439
1274 2 2 1 1 531 533 532
1275 2 2 1 1 343 466 342
1276 2 2 1 1 238 317 233
1277 2 2 1 1 401 937 403
1278 2 2 1 1 508 912 504
1279 2 2 1 1 254 257 253
1280 2 2 1 1 185 757 6
1281 2 2 1 1 422 423 406
1282 2 2 1 1 179 735 157
1283 2 2 1 1 177 730 139
1284 2 2 1 1 289 291 287
1285 2 2 1 1 555 656 560
1286 2 2 1 1 526 722 561
1287 2 2 1 1 343 936 467
1288 2 2 1 1 257 307 253
1289 2 2 1 1 344 464 345
1290 2 2 1 1 311 312 307
1291 2 2 1 1 545 546 485
1292 2 2 1 1 365 369 367
1293 2 2 1 1 639 719 610
1294 2 2 1 1 553 951 725
1295 2 2 1 1 302 304 297
1296 2 2 1 1 288 289 287
1297 2 2 1 1 479 985 641
1298 2 2 1 1 320 321 319
1299 2 2 1 1 286 287 285
1300 2 2 1 1 350 351 321
1301 2 2 1 1 298 308 295
1302 2 2 1 1 298 310 308
1303 2 2 1 1 373 413 375
1304 2 2 1 1 417 442 415
1305 2 2 1 1 417 444 442
1306 2 2 1 1 913 952 409
1307 2 2 1 1 432 449 418
1308 2 2 1 1 318 319 317
1309 2 2 1 1 300 619 262
1310 2 2 1 1 397 950 398
1311 2 2 1 1 267 306 265
1312 2 2 1 1 621 973 930
1313 2 2 1 1 591 784 589
1314 2 2 1 1 398 950 401
1315 2 2 1 1 539 951 540
1316 2 2 1 1 367 952 368
1317 2 2 1 1 576 643 575
1318 2 2 1 1 537 933 535
1319 2 2 1 1 596 949 597
1320 2 2 1 1 257 311 307
1321 2 2 1 1 271 299 269
1322 2 2 1 1 393 431 395
1323 2 2 1 1 440 453 451
1324 2 2 1 1 478 942 447
1325 2 2 1 1 466 487 473
1326 2 2 1 1 292 295 291
1327 2 2 1 1 696 700 698
1328 2 2 1 1 487 676 657
1329 2 2 1 1 575 578 468
1330 2 2 1 1 709 713 711
1331 2 2 1 1 454 468 449
1332 2 2 1 1 283 293 281
1333 2 2 1 1 240 242 241
1334 2 2 1 1 277 294 275
1335 2 2 1 1 292 298 295
1336 2 2 1 1 254 931 257
1337 2 2 1 1 369 412 409
1338 2 2 1 1 146 724 707
1339 2 2 1 1 250 252 248
1340 2 2 1 1 454 575 468
1341 2 2 1 1 549 631 551
1342 2 2 1 1 642 649 488
1343 2 2 1 1 711 712 710
1344 2 2 1 1 608 639 610
1345 2 2 1 1 369 409 367
1346 2 2 1 1 626 675 668
1347 2 2 1 1 263 300 262
1348 2 2 1 1 412 417 415
1349 2 2 1 1 412 415 409
1350 2 2 1 1 289 292 291
1351 2 2 1 1 335 338 334
1352 2 2 1 1 681 777 679
1353 2 2 1 1 379 416 381
1354 2 2 1 1 557 682 584
1355 2 2 1 1 604 648 606
1356 2 2 1 1 566 638 596
1357 2 2 1 1 586 749 622
1358 2 2 1 1 464 945 636
1359 2 2 1 1 458 938 510
1360 2 2 1 1 383 428 385
1361 2 2 1 1 359 414 361
1362 2 2 1 1 600 635 602
1363 2 2 1 1 490 661 491
1364 2 2 1 1 477 935 634
1365 2 2 1 1 495 938 458
1366 2 2 1 1 475 935 477
1367 2 2 1 1 237 240 239
1368 2 2 1 1 808 965 806
1369 2 2 1 1 600 949 635
1370 2 2 1 1 387 429 389
1371 2 2 1 1 553 725 555
1372 2 2 1 1 486 945 349
1373 2 2 1 1 203 231 168
1374 2 2 1 1 349 945 344
1375 2 2 1 1 430 956 417
1376 2 2 1 1 661 726 662
1377 2 2 1 1 347 457 339
1378 2 2 1 1 459 1119 884
1379 2 2 1 1 432 454 449
1380 2 2 1 1 489 935 475
1381 2 2 1 1 332 941 471
1382 2 2 1 1 811 965 808
1383 2 2 1 1 485 941 332
1384 2 2 1 1 670 673 516
1385 2 2 1 1 401 950 937
1386 2 2 1 1 410 432 418
1387 2 2 1 1 403 937 422
1388 2 2 1 1 809 1009 810
1389 2 2 1 1 709 710 708
1390 2 2 1 1 244 303 242
1391 2 2 1 1 692 785 753
1392 2 2 1 1 698 699 697
1393 2 2 1 1 992 993 876
1394 2 2 1 1 205 577 150
1395 2 2 1 1 758 935 489
1396 2 2 1 1 687 694 686
1397 2 2 1 1 547 1000 671
1398 2 2 1 1 512 946 518
1399 2 2 1 1 175 708 154
1400 2 2 1 1 409 952 367
1401 2 2 1 1 173 695 136
1402 2 2 1 1 133 720 206
1403 2 2 1 1 692 753 690
1404 2 2 1 1 341 995 343
1405 2 2 1 1 368 952 427
1406 2 2 1 1 442 939 452
1407 2 2 1 1 510 938 592
1408 2 2 1 1 696 697 695
1409 2 2 1 1 530 954 528
1410 2 2 1 1 880 989 195
1411 2 2 1 1 449 910 418
1412 2 2 1 1 813 815 811
1413 2 2 1 1 452 939 496
1414 2 2 1 1 308 940 331
1415 2 2 1 1 407 973 410
1416 2 2 1 1 444 939 442
1417 2 2 1 1 592 946 512
1418 2 2 1 1 235 237 236
1419 2 2 1 1 487 958 752
1420 2 2 1 1 417 956 444
1421 2 2 1 1 344 945 464
1422 2 2 1 1 355 448 357
1423 2 2 1 1 311 943 312
1424 2 2 1 1 533 953 538
1425 2 2 1 1 467 958 466
1426 2 2 1 1 471 941 525
1427 2 2 1 1 310 940 308
1428 2 2 1 1 345 940 310
1429 2 2 1 1 473 943 342
1430 2 2 1 1 342 943 311
1431 2 2 1 1 259 948 256
1432 2 2 1 1 670 1168 1066
1433 2 2 1 1 698 704 699
1434 2 2 1 1 709 711 710
1435 2 2 1 1 331 940 545
1436 2 2 1 1 256 948 931
1437 2 2 1 1 713 714 711
1438 2 2 1 1 292 974 888
1439 2 2 1 1 322 1104 836
1440 2 2 1 1 699 944 702
1441 2 2 1 1 518 946 633
1442 2 2 1 1 324 337 316
1443 2 2 1 1 534 953 531
1444 2 2 1 1 351 459 353
1445 2 2 1 1 696 698 697
1446 2 2 1 1 564 960 566
1447 2 2 1 1 930 973 407
1448 2 2 1 1 440 460 453
1449 2 2 1 1 460 490 453
1450 2 2 1 1 410 973 432
1451 2 2 1 1 345 982 940
1452 2 2 1 1 589 955 508
1453 2 2 1 1 679 957 591
1454 2 2 1 1 240 241 239
1455 2 2 1 1 531 953 533
1456 2 2 1 1 173 696 695
1457 2 2 1 1 815 965 811
1458 2 2 1 1 606 959 608
1459 2 2 1 1 262 948 259
1460 2 2 1 1 509 975 913
1461 2 2 1 1 204 669 665
1462 2 2 1 1 940 982 545
1463 2 2 1 1 241 330 239
1464 2 2 1 1 460 582 490
1465 2 2 1 1 602 961 604
1466 2 2 1 1 175 709 708
1467 2 2 1 1 290 974 289
1468 2 2 1 1 237 239 236
1469 2 2 1 1 289 974 292
1470 2 2 1 1 320 350 321
1471 2 2 1 1 554 1010 552
1472 2 2 1 1 318 320 319
1473 2 2 1 1 658 978 943
1474 2 2 1 1 619 948 262
1475 2 2 1 1 580 581 465
1476 2 2 1 1 455 465 330
1477 2 2 1 1 786 787 581
1478 2 2 1 1 580 786 581
1479 2 2 1 1 232 235 234
1480 2 2 1 1 466 958 487
1481 2 2 1 1 455 580 465
1482 2 2 1 1 529 978 534
1483 2 2 1 1 238 318 317
1484 2 2 1 1 1115 1139 613
1485 2 2 1 1 929 980 910
1486 2 2 1 1 285 962 283
1487 2 2 1 1 307 964 253
1488 2 2 1 1 427 983 371
1489 2 2 1 1 704 944 699
1490 2 2 1 1 253 964 250
1491 2 2 1 1 241 455 330
1492 2 2 1 1 334 462 327
1493 2 2 1 1 608 959 639
1494 2 2 1 1 320 479 350
1495 2 2 1 1 566 960 638
1496 2 2 1 1 304 979 297
1497 2 2 1 1 648 959 606
1498 2 2 1 1 618 981 513
1499 2 2 1 1 508 955 912
1500 2 2 1 1 784 955 589
1501 2 2 1 1 591 957 784
1502 2 2 1 1 604 961 648
1503 2 2 1 1 550 1013 548
1504 2 2 1 1 291 970 287
1505 2 2 1 1 283 962 293
1506 2 2 1 1 250 964 252
1507 2 2 1 1 635 961 602
1508 2 2 1 1 238 322 318
1509 2 2 1 1 777 957 679
1510 2 2 1 1 690 966 687
1511 2 2 1 1 479 640 488
1512 2 2 1 1 297 979 290
1513 2 2 1 1 700 969 698
1514 2 2 1 1 350 977 351
1515 2 2 1 1 373 983 413
1516 2 2 1 1 353 967 355
1517 2 2 1 1 149 650 205
1518 2 2 1 1 206 652 651
1519 2 2 1 1 206 651 134
1520 2 2 1 1 711 972 712
1521 2 2 1 1 287 970 285
1522 2 2 1 1 232 233 231
1523 2 2 1 1 943 978 312
1524 2 2 1 1 167 655 203
1525 2 2 1 1 234 238 233
1526 2 2 1 1 371 983 373
1527 2 2 1 1 204 654 152
1528 2 2 1 1 665 666 654
1529 2 2 1 1 479 488 350
1530 2 2 1 1 290 979 974
1531 2 2 1 1 235 236 234
1532 2 2 1 1 312 978 529
1533 2 2 1 1 640 642 488
1534 2 2 1 1 652 653 651
1535 2 2 1 1 204 665 654
1536 2 2 1 1 753 966 690
1537 2 2 1 1 235 1006 463
1538 2 2 1 1 687 966 694
1539 2 2 1 1 523 986 616
1540 2 2 1 1 472 982 345
1541 2 2 1 1 545 982 613
1542 2 2 1 1 151 991 204
1543 2 2 1 1 232 234 233
1544 2 2 1 1 629 723 577
1545 2 2 1 1 698 969 704
1546 2 2 1 1 948 995 931
1547 2 2 1 1 649 977 488
1548 2 2 1 1 302 994 304
1549 2 2 1 1 517 987 795
1550 2 2 1 1 490 971 661
1551 2 2 1 1 714 972 711
1552 2 2 1 1 910 980 438
1553 2 2 1 1 624 1003 626
1554 2 2 1 1 203 232 231
1555 2 2 1 1 285 970 962
1556 2 2 1 1 252 996 248
1557 2 2 1 1 351 977 459
1558 2 2 1 1 582 971 490
1559 2 2 1 1 365 998 369
1560 2 2 1 1 327 976 324
1561 2 2 1 1 205 629 577
1562 2 2 1 1 355 967 448
1563 2 2 1 1 454 1004 576
1564 2 2 1 1 855 1023 852
1565 2 2 1 1 619 995 948
1566 2 2 1 1 1004 1012 576
1567 2 2 1 1 459 967 353
1568 2 2 1 1 655 1006 203
1569 2 2 1 1 812 1021 814
1570 2 2 1 1 488 977 350
1571 2 2 1 1 438 980 440
1572 2 2 1 1 413 999 375
1573 2 2 1 1 203 1006 232
1574 2 2 1 1 324 976 337
1575 2 2 1 1 80 990 79
1576 2 2 1 1 631 1001 551
1577 2 2 1 1 754 1060 681
1578 2 2 1 1 557 1001 682
1579 2 2 1 1 316 994 302
1580 2 2 1 1 248 996 246
1581 2 2 1 1 414 1005 361
1582 2 2 1 1 486 988 945
1583 2 2 1 1 858 1029 587
1584 2 2 1 1 558 1022 556
1585 2 2 1 1 337 994 316
1586 2 2 1 1 877 992 876
1587 2 2 1 1 440 980 460
1588 2 2 1 1 244 1002 303
1589 2 2 1 1 170 1070 909
1590 2 2 1 1 462 976 327
1591 2 2 1 1 945 988 636
1592 2 2 1 1 338 984 334
1593 2 2 1 1 931 995 341
1594 2 2 1 1 632 1075 1043
1595 2 2 1 1 379 1008 416
1596 2 2 1 1 363 998 365
1597 2 2 1 1 721 1024 594
1598 2 2 1 1 973 1004 432
1599 2 2 1 1 293 1011 281
1600 2 2 1 1 320 985 479
1601 2 2 1 1 621 1004 973
1602 2 2 1 1 334 984 462
1603 2 2 1 1 27 1027 188
1604 2 2 1 1 792 1000 547
1605 2 2 1 1 322 985 318
1606 2 2 1 1 585 1029 775
1607 2 2 1 1 318 985 320
1608 2 2 1 1 375 999 377
1609 2 2 1 1 686 997 688
1610 2 2 1 1 395 1014 397
1611 2 2 1 1 551 1001 557
1612 2 2 1 1 246 1002 244
1613 2 2 1 1 361 1005 363
1614 2 2 1 1 397 1014 947
1615 2 2 1 1 626 1003 675
1616 2 2 1 1 996 1002 246
1617 2 2 1 1 359 1015 414
1618 2 2 1 1 647 1007 791
1619 2 2 1 1 204 991 669
1620 2 2 1 1 621 1012 1004
1621 2 2 1 1 594 1019 942
1622 2 2 1 1 277 1016 294
1623 2 2 1 1 694 997 686
1624 2 2 1 1 432 1004 454
1625 2 2 1 1 363 1005 998
1626 2 2 1 1 576 1012 644
1627 2 2 1 1 303 1020 242
1628 2 2 1 1 650 1177 1102
1629 2 2 1 1 819 1009 809
1630 2 2 1 1 416 1018 381
1631 2 2 1 1 448 1015 357
1632 2 2 1 1 383 1018 428
1633 2 2 1 1 579 1017 929
1634 2 2 1 1 377 1008 379
1635 2 2 1 1 929 1017 980
1636 2 2 1 1 552 1010 617
1637 2 2 1 1 214 1125 758
1638 2 2 1 1 232 1006 235
1639 2 2 1 1 999 1008 377
1640 2 2 1 1 897 1194 933
1641 2 2 1 1 980 1017 460
1642 2 2 1 1 281 1011 279
1643 2 2 1 1 909 1035 107
1644 2 2 1 1 87 1030 86
1645 2 2 1 1 241 1020 455
1646 2 2 1 1 548 1013 615
1647 2 2 1 1 434 1012 621
1648 2 2 1 1 326 1101 829
1649 2 2 1 1 1012 1019 644
1650 2 2 1 1 722 1028 561
1651 2 2 1 1 106 1035 213
1652 2 2 1 1 428 1026 385
1653 2 2 1 1 387 1026 429
1654 2 2 1 1 625 1041 628
1655 2 2 1 1 67 1036 211
1656 2 2 1 1 200 1215 1087
1657 2 2 1 1 781 1042 601
1658 2 2 1 1 227 1036 68
1659 2 2 1 1 599 1042 620
1660 2 2 1 1 357 1015 359
1661 2 2 1 1 564 1028 960
1662 2 2 1 1 431 1014 395
1663 2 2 1 1 1011 1016 279
1664 2 2 1 1 279 1016 277
1665 2 2 1 1 208 1048 54
1666 2 2 1 1 294 1031 275
1667 2 2 1 1 53 1048 217
1668 2 2 1 1 434 1019 1012
1669 2 2 1 1 381 1018 383
1670 2 2 1 1 594 1024 1019
1671 2 2 1 1 942 1019 434
1672 2 2 1 1 242 1020 241
1673 2 2 1 1 429 1032 389
1674 2 2 1 1 460 1017 582
1675 2 2 1 1 88 1045 87
1676 2 2 1 1 271 1038 299
1677 2 2 1 1 817 1021 812
1678 2 2 1 1 1020 1046 455
1679 2 2 1 1 393 1039 431
1680 2 2 1 1 646 1044 541
1681 2 2 1 1 96 1034 95
1682 2 2 1 1 556 1022 780
1683 2 2 1 1 190 1067 960
1684 2 2 1 1 852 1023 853
1685 2 2 1 1 941 1037 525
1686 2 2 1 1 575 1040 578
1687 2 2 1 1 603 1052 781
1688 2 2 1 1 779 1052 605
1689 2 2 1 1 333 1110 997
1690 2 2 1 1 384 1050 382
1691 2 2 1 1 537 1044 933
1692 2 2 1 1 825 1025 763
1693 2 2 1 1 559 1197 834
1694 2 2 1 1 560 1046 788
1695 2 2 1 1 206 1033 652
1696 2 2 1 1 441 1060 1050
1697 2 2 1 1 644 1024 645
1698 2 2 1 1 627 1079 1072
1699 2 2 1 1 267 1047 306
1700 2 2 1 1 385 1026 387
1701 2 2 1 1 299 1047 269
1702 2 2 1 1 667 1189 991
1703 2 2 1 1 1019 1024 644
1704 2 2 1 1 827 1116 944
1705 2 2 1 1 561 1028 564
1706 2 2 1 1 28 1027 27
1707 2 2 1 1 607 1055 779
1708 2 2 1 1 568 1053 637
1709 2 2 1 1 95 1034 182
1710 2 2 1 1 587 1029 585
1711 2 2 1 1 898 1194 897
1712 2 2 1 1 788 1046 1020
1713 2 2 1 1 907 1053 570
1714 2 2 1 1 86 1030 207
1715 2 2 1 1 560 1051 1046
1716 2 2 1 1 656 1051 560
1717 2 2 1 1 176 1198 166
1718 2 2 1 1 382 1057 380
1719 2 2 1 1 275 1031 273
1720 2 2 1 1 263 1054 300
1721 2 2 1 1 306 1054 265
1722 2 2 1 1 116 1059 192
1723 2 2 1 1 220 1059 117
1724 2 2 1 1 492 1056 595
1725 2 2 1 1 389 1032 391
1726 2 2 1 1 805 1034 816
1727 2 2 1 1 1036 1157 211
1728 2 2 1 1 68 1036 67
1729 2 2 1 1 107 1035 106
1730 2 2 1 1 1031 1038 273
1731 2 2 1 1 674 1037 941
1732 2 2 1 1 179 1150 1076
1733 2 2 1 1 720 1033 206
1734 2 2 1 1 94 1061 93
1735 2 2 1 1 273 1038 271
1736 2 2 1 1 681 1060 777
1737 2 2 1 1 132 1062 131
1738 2 2 1 1 70 1063 69
1739 2 2 1 1 72 1064 71
1740 2 2 1 1 747 1195 216
1741 2 2 1 1 391 1039 393
1742 2 2 1 1 1032 1039 391
1743 2 2 1 1 534 1078 826
1744 2 2 1 1 20 1067 190
1745 2 2 1 1 170 1096 1070
1746 2 2 1 1 62 1066 61
1747 2 2 1 1 777 1060 441
1748 2 2 1 1 627 1041 625
1749 2 2 1 1 601 1042 599
1750 2 2 1 1 177 1084 730
1751 2 2 1 1 643 1040 575
1752 2 2 1 1 821 1175 652
1753 2 2 1 1 928 1043 225
1754 2 2 1 1 693 1174 1101
1755 2 2 1 1 193 1069 29
1756 2 2 1 1 541 1044 537
1757 2 2 1 1 1037 1208 866
1758 2 2 1 1 210 1045 88
1759 2 2 1 1 435 1049 830
1760 2 2 1 1 989 1068 195
1761 2 2 1 1 790 1075 761
1762 2 2 1 1 1087 1215 721
1763 2 2 1 1 745 1173 829
1764 2 2 1 1 612 1070 495
1765 2 2 1 1 230 1190 1143
1766 2 2 1 1 269 1047 267
1767 2 2 1 1 672 1157 1036
1768 2 2 1 1 54 1048 53
1769 2 2 1 1 455 1046 580
1770 2 2 1 1 705 1214 1049
1771 2 2 1 1 834 1197 793
1772 2 2 1 1 441 1050 384
1773 2 2 1 1 799 1088 798
1774 2 2 1 1 659 1078 658
1775 2 2 1 1 761 1075 542
1776 2 2 1 1 1046 1051 580
1777 2 2 1 1 516 1073 514
1778 2 2 1 1 727 1182 869
1779 2 2 1 1 605 1052 603
1780 2 2 1 1 126 1082 169
1781 2 2 1 1 894 1073 183
1782 2 2 1 1 960 1067 638
1783 2 2 1 1 580 1051 786
1784 2 2 1 1 62 1160 1066
1785 2 2 1 1 480 1103 839
1786 2 2 1 1 1089 1118 660
1787 2 2 1 1 144 1213 178
1788 2 2 1 1 900 1089 660
1789 2 2 1 1 93 1085 92
1790 2 2 1 1 772 1083 771
1791 2 2 1 1 180 1192 756
1792 2 2 1 1 570 1053 568
1793 2 2 1 1 200 1087 917
1794 2 2 1 1 28 1069 1027
1795 2 2 1 1 816 1083 803
1796 2 2 1 1 300 1071 619
1797 2 2 1 1 314 1117 972
1798 2 2 1 1 265 1054 263
1799 2 2 1 1 162 1195 180
1800 2 2 1 1 923 1090 922
1801 2 2 1 1 878 1096 170
1802 2 2 1 1 224 1090 927
1803 2 2 1 1 822 1095 340
1804 2 2 1 1 215 1213 143
1805 2 2 1 1 677 1144 908
1806 2 2 1 1 627 1072 1041
1807 2 2 1 1 191 1094 22
1808 2 2 1 1 978 1078 534
1809 2 2 1 1 668 1079 627
1810 2 2 1 1 609 1055 607
1811 2 2 1 1 586 1091 749
1812 2 2 1 1 682 1091 584
1813 2 2 1 1 216 1195 161
1814 2 2 1 1 1062 1190 230
1815 2 2 1 1 662 1100 663
1816 2 2 1 1 668 1081 1079
1817 2 2 1 1 1003 1147 675
1818 2 2 1 1 1057 1058 435
1819 2 2 1 1 609 1077 1071
1820 2 2 1 1 380 1057 435
1821 2 2 1 1 500 1102 831
1822 2 2 1 1 578 1185 1068
1823 2 2 1 1 873 1086 870
1824 2 2 1 1 672 1056 492
1825 2 2 1 1 837 1065 833
1826 2 2 1 1 189 1108 863
1827 2 2 1 1 908 1180 677
1828 2 2 1 1 696 1099 700
1829 2 2 1 1 709 1098 713
1830 2 2 1 1 693 1101 692
1831 2 2 1 1 923 1139 1115
1832 2 2 1 1 184 1105 895
1833 2 2 1 1 869 1182 208
1834 2 2 1 1 117 1059 116
1835 2 2 1 1 182 1061 94
1836 2 2 1 1 915 1110 859
1837 2 2 1 1 993 1109 876
1838 2 2 1 1 420 1112 843
1839 2 2 1 1 971 1171 879
1840 2 2 1 1 214 1107 128
1841 2 2 1 1 911 1093 893
1842 2 2 1 1 1067 1094 638
1843 2 2 1 1 131 1062 230
1844 2 2 1 1 69 1063 227
1845 2 2 1 1 228 1064 72
1846 2 2 1 1 1147 1181 675
1847 2 2 1 1 118 1111 220
1848 2 2 1 1 187 1111 119
1849 2 2 1 1 665 1088 666
1850 2 2 1 1 431 1072 1014
1851 2 2 1 1 483 1106 347
1852 2 2 1 1 836 1123 559
1853 2 2 1 1 238 1104 322
1854 2 2 1 1 778 1204 336
1855 2 2 1 1 760 1122 588
1856 2 2 1 1 236 1104 234
1857 2 2 1 1 684 1074 176
1858 2 2 1 1 1161 1189 493
1859 2 2 1 1 61 1066 197
1860 2 2 1 1 595 1115 472
1861 2 2 1 1 610 1077 609
1862 2 2 1 1 728 1150 179
1863 2 2 1 1 729 1151 177
1864 2 2 1 1 596 1114 949
1865 2 2 1 1 1114 1132 949
1866 2 2 1 1 884 1170 968
1867 2 2 1 1 559 1123 330
1868 2 2 1 1 702 1116 705
1869 2 2 1 1 610 1080 1077
1870 2 2 1 1 21 1067 20
1871 2 2 1 1 1072 1079 630
1872 2 2 1 1 878 1121 1096
1873 2 2 1 1 1000 1135 671
1874 2 2 1 1 688 1074 684
1875 2 2 1 1 719 1080 610
1876 2 2 1 1 1066 1160 673
1877 2 2 1 1 1055 1071 300
1878 2 2 1 1 1041 1072 431
1879 2 2 1 1 101 1124 100
1880 2 2 1 1 239 1123 236
1881 2 2 1 1 785 1142 260
1882 2 2 1 1 841 1133 305
1883 2 2 1 1 30 1129 193
1884 2 2 1 1 195 1068 889
1885 2 2 1 1 829 1174 745
1886 2 2 1 1 611 1209 905
1887 2 2 1 1 982 1115 613
1888 2 2 1 1 29 1069 28
1889 2 2 1 1 583 1152 824
1890 2 2 1 1 495 1070 938
1891 2 2 1 1 640 1153 642
1892 2 2 1 1 1071 1077 936
1893 2 2 1 1 435 1058 1049
1894 2 2 1 1 4 1159 101
1895 2 2 1 1 102 1159 4
1896 2 2 1 1 966 1140 305
1897 2 2 1 1 624 1130 1003
1898 2 2 1 1 258 1140 260
1899 2 2 1 1 797 1161 796
1900 2 2 1 1 1014 1072 630
1901 2 2 1 1 823 1146 822
1902 2 2 1 1 207 1153 837
1903 2 2 1 1 977 1119 459
1904 2 2 1 1 758 1125 935
1905 2 2 1 1 619 1071 936
1906 2 2 1 1 749 1130 622
1907 2 2 1 1 264 1142 326
1908 2 2 1 1 177 1151 1084
1909 2 2 1 1 322 1120 985
1910 2 2 1 1 96 1201 1034
1911 2 2 1 1 829 1173 828
1912 2 2 1 1 908 1144 14
1913 2 2 1 1 260 1142 261
1914 2 2 1 1 1101 1174 829
1915 2 2 1 1 120 1147 187
1916 2 2 1 1 879 1171 880
1917 2 2 1 1 1003 1130 187
1918 2 2 1 1 172 1149 32
1919 2 2 1 1 735 1076 740
1920 2 2 1 1 588 1122 590
1921 2 2 1 1 13 1144 201
1922 2 2 1 1 609 1071 1055
1923 2 2 1 1 196 1193 886
1924 2 2 1 1 883 1170 884
1925 2 2 1 1 673 1073 516
1926 2 2 1 1 183 1160 63
1927 2 2 1 1 958 1113 752
1928 2 2 1 1 542 1075 632
1929 2 2 1 1 769 1097 773
1930 2 2 1 1 336 1204 270
1931 2 2 1 1 274 1202 329
1932 2 2 1 1 665 1127 1088
1933 2 2 1 1 198 1183 786
1934 2 2 1 1 965 1145 806
1935 2 2 1 1 642 1153 1030
1936 2 2 1 1 194 1181 122
1937 2 2 1 1 40 1164 3
1938 2 2 1 1 3 1164 132
1939 2 2 1 1 882 1210 210
1940 2 2 1 1 187 1147 1003
1941 2 2 1 1 759 1092 348
1942 2 2 1 1 9 1165 1
1943 2 2 1 1 1 1165 70
1944 2 2 1 1 2 1166 39
1945 2 2 1 1 71 1166 2
1946 2 2 1 1 445 1116 827
1947 2 2 1 1 870 1086 871
1948 2 2 1 1 82 1183 81
1949 2 2 1 1 936 1077 467
1950 2 2 1 1 630 1079 574
1951 2 2 1 1 1077 1080 467
1952 2 2 1 1 202 1201 97
1953 2 2 1 1 555 1148 656
1954 2 2 1 1 222 1121 878
1955 2 2 1 1 1034 1201 816
1956 2 2 1 1 633 1163 520
1957 2 2 1 1 793 1197 581
1958 2 2 1 1 21 1094 1067
1959 2 2 1 1 1033 1152 583
1960 2 2 1 1 1079 1081 574
1961 2 2 1 1 522 1172 549
1962 2 2 1 1 658 1078 978
1963 2 2 1 1 677 1180 546
1964 2 2 1 1 988 1157 636
1965 2 2 1 1 664 1191 481
1966 2 2 1 1 467 1080 958
1967 2 2 1 1 574 1081 611
1968 2 2 1 1 514 1199 482
1969 2 2 1 1 465 1197 559
1970 2 2 1 1 676 1186 657
1971 2 2 1 1 661 1169 726
1972 2 2 1 1 457 1188 339
1973 2 2 1 1 647 1179 1007
1974 2 2 1 1 539 1194 951
1975 2 2 1 1 127 1082 126
1976 2 2 1 1 706 1084 703
1977 2 2 1 1 803 1083 772
1978 2 2 1 1 92 1085 196
1979 2 2 1 1 866 1208 171
1980 2 2 1 1 771 1097 769
1981 2 2 1 1 650 1178 205
1982 2 2 1 1 593 1087 721
1983 2 2 1 1 1034 1145 182
1984 2 2 1 1 1070 1096 938
1985 2 2 1 1 798 1088 484
1986 2 2 1 1 483 1118 1089
1987 2 2 1 1 917 1087 918
1988 2 2 1 1 194 1203 1181
1989 2 2 1 1 721 1137 1024
1990 2 2 1 1 893 1093 894
1991 2 2 1 1 338 1086 984
1992 2 2 1 1 1066 1168 197
1993 2 2 1 1 1049 1128 706
1994 2 2 1 1 891 1162 645
1995 2 2 1 1 663 1089 900
1996 2 2 1 1 191 1114 1094
1997 2 2 1 1 805 1145 1034
1998 2 2 1 1 976 1135 337
1999 2 2 1 1 1155 1189 667
2000 2 2 1 1 713 1095 714
2001 2 2 1 1 786 1183 787
2002 2 2 1 1 922 1090 224
2003 2 2 1 1 972 1117 712
2004 2 2 1 1 584 1091 586
2005 2 2 1 1 642 1210 649
2006 2 2 1 1 879 1169 971
2007 2 2 1 1 135 1212 173
2008 2 2 1 1 153 1211 175
2009 2 2 1 1 921 1141 646
2010 2 2 1 1 643 1162 1040
2011 2 2 1 1 1076 1150 717
2012 2 2 1 1 1049 1214 830
2013 2 2 1 1 222 1136 1121
2014 2 2 1 1 1058 1128 1049
2015 2 2 1 1 997 1110 688
2016 2 2 1 1 22 1094 21
2017 2 2 1 1 1089 1106 483
2018 2 2 1 1 582 1207 989
2019 2 2 1 1 486 1093 988
2020 2 2 1 1 127 1107 1082
2021 2 2 1 1 951 1105 725
2022 2 2 1 1 786 1167 198
2023 2 2 1 1 340 1095 799
2024 2 2 1 1 814 1170 886
2025 2 2 1 1 83 1126 82
2026 2 2 1 1 1017 1207 582
2027 2 2 1 1 938 1096 592
2028 2 2 1 1 1045 1210 642
2029 2 2 1 1 226 1097 924
2030 2 2 1 1 863 1136 222
2031 2 2 1 1 727 1100 662
2032 2 2 1 1 173 1099 696
2033 2 2 1 1 175 1098 709
2034 2 2 1 1 839 1102 500
2035 2 2 1 1 745 1174 746
2036 2 2 1 1 712 1117 716
2037 2 2 1 1 692 1101 785
2038 2 2 1 1 660 1103 480
2039 2 2 1 1 949 1132 635
2040 2 2 1 1 1088 1127 484
2041 2 2 1 1 217 1169 879
2042 2 2 1 1 793 1126 218
2043 2 2 1 1 181 1162 891
2044 2 2 1 1 178 1122 760
2045 2 2 1 1 895 1105 898
2046 2 2 1 1 234 1104 238
2047 2 2 1 1 869 1158 727
2048 2 2 1 1 969 1156 450
2049 2 2 1 1 128 1107 127
2050 2 2 1 1 904 1108 189
2051 2 2 1 1 720 1152 1033
2052 2 2 1 1 1068 1185 889
2053 2 2 1 1 1132 1154 635
2054 2 2 1 1 347 1106 457
2055 2 2 1 1 1096 1121 592
2056 2 2 1 1 876 1109 874
2057 2 2 1 1 632 1138 646
2058 2 2 1 1 1203 1209 1081
2059 2 2 1 1 968 1170 814
2060 2 2 1 1 915 1216 1110
2061 2 2 1 1 859 1110 333
2062 2 2 1 1 218 1126 83
2063 2 2 1 1 1084 1151 703
2064 2 2 1 1 897 1141 212
2065 2 2 1 1 843 1112 848
2066 2 2 1 1 119 1111 118
2067 2 2 1 1 191 1132 1114
2068 2 2 1 1 1100 1158 457
2069 2 2 1 1 666 1211 654
2070 2 2 1 1 813 1193 815
2071 2 2 1 1 653 1212 651
2072 2 2 1 1 638 1114 596
2073 2 2 1 1 959 1205 188
2074 2 2 1 1 753 1140 966
2075 2 2 1 1 101 1159 1124
2076 2 2 1 1 771 1206 1097
2077 2 2 1 1 884 1119 882
2078 2 2 1 1 1086 1188 871
2079 2 2 1 1 1007 1134 507
2080 2 2 1 1 593 1191 1087
2081 2 2 1 1 669 1127 665
2082 2 2 1 1 472 1115 982
2083 2 2 1 1 1108 1163 633
2084 2 2 1 1 944 1116 702
2085 2 2 1 1 851 1117 314
2086 2 2 1 1 1102 1178 650
2087 2 2 1 1 1087 1191 918
2088 2 2 1 1 1093 1199 894
2089 2 2 1 1 985 1120 641
2090 2 2 1 1 212 1141 921
2091 2 2 1 1 338 1188 1086
2092 2 2 1 1 871 1158 869
2093 2 2 1 1 700 1156 969
2094 2 2 1 1 1051 1167 786
2095 2 2 1 1 592 1121 946
2096 2 2 1 1 649 1119 977
2097 2 2 1 1 330 1123 239
2098 2 2 1 1 989 1207 1068
2099 2 2 1 1 198 1167 990
2100 2 2 1 1 668 1203 1081
2101 2 2 1 1 227 1196 1036
2102 2 2 1 1 486 1199 1093
2103 2 2 1 1 1044 1141 897
2104 2 2 1 1 990 1167 656
2105 2 2 1 1 635 1154 961
2106 2 2 1 1 1116 1214 705
2107 2 2 1 1 100 1124 226
2108 2 2 1 1 719 1113 1080
2109 2 2 1 1 484 1127 797
2110 2 2 1 1 1094 1114 638
2111 2 2 1 1 1097 1206 924
2112 2 2 1 1 733 1128 734
2113 2 2 1 1 671 1168 670
2114 2 2 1 1 664 1190 919
2115 2 2 1 1 197 1168 992
2116 2 2 1 1 1154 1184 961
2117 2 2 1 1 992 1168 671
2118 2 2 1 1 1065 1120 835
2119 2 2 1 1 787 1126 793
2120 2 2 1 1 935 1125 634
2121 2 2 1 1 641 1120 1065
2122 2 2 1 1 846 1131 461
2123 2 2 1 1 1121 1136 946
2124 2 2 1 1 31 1129 30
2125 2 2 1 1 1040 1185 578
2126 2 2 1 1 1036 1196 672
2127 2 2 1 1 861 1132 191
2128 2 2 1 1 842 1133 841
2129 2 2 1 1 655 1198 963
2130 2 2 1 1 622 1130 624
2131 2 2 1 1 461 1175 821
2132 2 2 1 1 663 1106 1089
2133 2 2 1 1 724 1134 707
2134 2 2 1 1 989 1171 582
2135 2 2 1 1 582 1171 971
2136 2 2 1 1 707 1134 1007
2137 2 2 1 1 1125 1143 634
2138 2 2 1 1 613 1139 677
2139 2 2 1 1 1080 1113 958
2140 2 2 1 1 31 1149 1129
2141 2 2 1 1 946 1136 633
2142 2 2 1 1 846 1156 1131
2143 2 2 1 1 963 1216 915
2144 2 2 1 1 726 1182 727
2145 2 2 1 1 861 1154 1132
2146 2 2 1 1 337 1135 1000
2147 2 2 1 1 305 1140 258
2148 2 2 1 1 660 1118 1103
2149 2 2 1 1 201 1139 923
2150 2 2 1 1 890 1185 1040
2151 2 2 1 1 815 1193 1085
2152 2 2 1 1 961 1184 648
2153 2 2 1 1 646 1141 1044
2154 2 2 1 1 261 1142 264
2155 2 2 1 1 1184 1205 648
2156 2 2 1 1 132 1164 1062
2157 2 2 1 1 1064 1166 71
2158 2 2 1 1 70 1165 1063
2159 2 2 1 1 824 1152 494
2160 2 2 1 1 850 1146 823
2161 2 2 1 1 634 1143 664
2162 2 2 1 1 14 1144 13
2163 2 2 1 1 806 1145 805
2164 2 2 1 1 121 1147 120
2165 2 2 1 1 717 1150 715
2166 2 2 1 1 703 1151 701
2167 2 2 1 1 32 1149 31
2168 2 2 1 1 219 1154 861
2169 2 2 1 1 1024 1137 645
2170 2 2 1 1 1098 1211 666
2171 2 2 1 1 1099 1212 653
2172 2 2 1 1 1068 1207 579
2173 2 2 1 1 725 1148 555
2174 2 2 1 1 796 1161 493
2175 2 2 1 1 420 1187 1112
2176 2 2 1 1 734 1128 1058
2177 2 2 1 1 1083 1206 771
2178 2 2 1 1 450 1156 846
2179 2 2 1 1 1048 1182 726
2180 2 2 1 1 63 1160 62
2181 2 2 1 1 636 1157 672
2182 2 2 1 1 121 1181 1147
2183 2 2 1 1 219 1184 1154
2184 2 2 1 1 828 1173 336
2185 2 2 1 1 1043 1138 632
2186 2 2 1 1 920 1164 40
2187 2 2 1 1 886 1170 883
2188 2 2 1 1 645 1162 643
2189 2 2 1 1 926 1165 9
2190 2 2 1 1 39 1166 928
2191 2 2 1 1 520 1163 522
2192 2 2 1 1 1110 1216 688
2193 2 2 1 1 831 1179 647
2194 2 2 1 1 208 1182 1048
2195 2 2 1 1 648 1205 959
2196 2 2 1 1 656 1167 1051
2197 2 2 1 1 549 1172 631
2198 2 2 1 1 971 1169 661
2199 2 2 1 1 691 1176 693
2200 2 2 1 1 880 1171 989
2201 2 2 1 1 1030 1153 207
2202 2 2 1 1 81 1183 198
2203 2 2 1 1 862 1184 219
2204 2 2 1 1 122 1181 121
2205 2 2 1 1 691 1192 1176
2206 2 2 1 1 652 1175 653
2207 2 2 1 1 546 1180 674
2208 2 2 1 1 889 1185 890
2209 2 2 1 1 704 1187 944
2210 2 2 1 1 839 1178 1102
2211 2 2 1 1 205 1178 629
2212 2 2 1 1 862 1205 1184
2213 2 2 1 1 657 1186 659
2214 2 2 1 1 689 1192 691
2215 2 2 1 1 963 1198 1074
2216 2 2 1 1 339 1188 338
2217 2 2 1 1 1181 1203 675
2218 2 2 1 1 188 1205 862
2219 2 2 1 1 481 1191 593
2220 2 2 1 1 161 1195 162
2221 2 2 1 1 272 1204 1202
2222 2 2 1 1 272 1202 274
2223 2 2 1 1 933 1194 539
2224 2 2 1 1 905 1209 194
2225 2 2 1 1 270 1204 272
2226 2 2 1 1 1081 1209 611
2227 2 2 1 1 892 1215 200
2228 2 2 1 1 482 1199 486
2229 2 2 1 1 581 1197 465
2230 2 2 1 1 830 1214 445
2231 2 2 1 1 1180 1208 674
2232 2 2 1 1 97 1201 96
2233 2 2 1 1 924 1206 202
2234 2 2 1 1 1074 1216 963
2235 2 2 1 1 675 1203 668
2236 2 2 1 1 143 1213 144
2237 2 2 1 1 579 1207 1017
2238 2 2 1 1 721 1215 1137
2239 2 2 1 1 1062 1164 920
2240 2 2 1 1 1063 1165 926
2241 2 2 1 1 928 1166 1064
2242 2 2 1 1 1124 1159 774
2243 2 2 1 1 445 1214 1116
2244 2 2 1 1 1143 1190 664
2245 2 2 1 1 674 1208 1037
2246 2 2 1 1 210 1210 1045
2247 2 2 1 1 653 1175 1131
2248 2 2 1 1 194 1209 1203
2249 2 2 1 1 1131 1175 461
2250 2 2 1 1 904 1163 1108
2251 2 2 1 1 672 1196 1056
2252 2 2 1 1 202 1206 1083
2253 2 2 1 1 688 1216 1074
2254 2 2 1 1 727 1158 1100
2255 2 2 1 1 1074 1198 176
2256 2 2 1 1 717 1200 1076
2257 2 2 1 1 1092 1200 717
2258 2 2 1 1 1085 1193 196
2259 2 2 1 1 1112 1187 704
2260 2 2 1 1 173 1212 1099
2261 2 2 1 1 175 1211 1098
2262 2 2 1 1 1177 1179 831
2263 2 2 1 1 174 1179 1177
2264 2 2 1 1 1137 1215 892
$EndElements
