$MeshFormat
2.2 0 8
$EndMeshFormat
$Nodes
1264
1 0 0 0
2 1 0 0
3 1 1 0
4 0 1 0
5 0.03124999999994063 0 0
6 0.06249999999987327 0 0
7 0.09374999999982422 0 0
8 0.1249999999997738 0 0
9 0.1562499999996854 0 0
10 0.1874999999995943 0 0
11 0.2187499999995032 0 0
12 0.2499999999994121 0 0
13 0.2812499999993209 0 0
14 0.3124999999992298 0 0
15 0.3437499999991387 0 0
16 0.3749999999990476 0 0
17 0.4062499999989564 0 0
18 0.4374999999988654 0 0
19 0.4687499999987742 0 0
20 0.499999999998694 0 0
21 0.5312499999987655 0 0
22 0.5624999999988478 0 0
23 0.5937499999989301 0 0
24 0.6249999999990125 0 0
25 0.6562499999990947 0 0
26 0.687499999999177 0 0
27 0.7187499999992593 0 0
28 0.7499999999993416 0 0
29 0.7812499999994239 0 0
30 0.8124999999995062 0 0
31 0.8437499999995886 0 0
32 0.8749999999996708 0 0
33 0.9062499999997531 0 0
34 0.9374999999998354 0 0
35 0.9687499999999177 0 0
36 1 0.03124999999994063 0
37 1 0.06249999999987327 0
38 1 0.09374999999982422 0
39 1 0.1249999999997738 0
40 1 0.1562499999996854 0
41 1 0.1874999999995943 0
42 1 0.2187499999995032 0
43 1 0.2499999999994121 0
44 1 0.2812499999993209 0
45 1 0.3124999999992298 0
46 1 0.3437499999991387 0
47 1 0.3749999999990476 0
48 1 0.4062499999989564 0
49 1 0.4374999999988654 0
50 1 0.4687499999987742 0
51 1 0.499999999998694 0
52 1 0.5312499999987655 0
53 1 0.5624999999988478 0
54 1 0.5937499999989301 0
55 1 0.6249999999990125 0
56 1 0.6562499999990947 0
57 1 0.687499999999177 0
58 1 0.7187499999992593 0
59 1 0.7499999999993416 0
60 1 0.7812499999994239 0
61 1 0.8124999999995062 0
62 1 0.8437499999995886 0
63 1 0.8749999999996708 0
64 1 0.9062499999997531 0
65 1 0.9374999999998354 0
66 1 0.9687499999999177 0
67 0.9687499999998699 1 0
68 0.9374999999997397 1 0
69 0.9062499999996095 1 0
70 0.8749999999995011 1 0
71 0.8437499999996961 1 0
72 0.812499999999913 1 0
73 0.7812500000001297 1 0
74 0.7500000000003465 1 0
75 0.7187500000005633 1 0
76 0.68750000000078 1 0
77 0.6562500000009969 1 0
78 0.6250000000012137 1 0
79 0.5937500000014304 1 0
80 0.5625000000016472 1 0
81 0.5312500000018641 1 0
82 0.5000000000020591 1 0
83 0.4687500000019508 1 0
84 0.4375000000018207 1 0
85 0.4062500000016906 1 0
86 0.3750000000015605 1 0
87 0.3437500000014305 1 0
88 0.3125000000013005 1 0
89 0.2812500000011704 1 0
90 0.2500000000010404 1 0
91 0.2187500000009104 1 0
92 0.1875000000007803 1 0
93 0.1562500000006503 1 0
94 0.1250000000005203 1 0
95 0.09375000000039013 1 0
96 0.06250000000026013 1 0
97 0.03125000000013001 1 0
98 0 0.9687499999998699 0
99 0 0.9374999999997397 0
100 0 0.9062499999996095 0
101 0 0.8749999999995011 0
102 0 0.8437499999996961 0
103 0 0.812499999999913 0
104 0 0.7812500000001297 0
105 0 0.7500000000003465 0
106 0 0.7187500000005633 0
107 0 0.68750000000078 0
108 0 0.6562500000009969 0
109 0 0.6250000000012137 0
110 0 0.5937500000014304 0
111 0 0.5625000000016472 0
112 0 0.5312500000018641 0
113 0 0.5000000000020591 0
114 0 0.4687500000019508 0
115 0 0.4375000000018207 0
116 0 0.4062500000016906 0
117 0 0.3750000000015605 0
118 0 0.3437500000014305 0
119 0 0.3125000000013005 0
120 0 0.2812500000011704 0
121 0 0.2500000000010404 0
122 0 0.2187500000009104 0
123 0 0.1875000000007803 0
124 0 0.1562500000006503 0
125 0 0.1250000000005203 0
126 0 0.09375000000039013 0
127 0 0.06250000000026013 0
128 0 0.03125000000013001 0
129 0.4843750000020048 0.9729367061317739 0
130 0.0275122886460728 0.4858211636073522 0
131 0.515624999970274 0.02706329414048694 0
132 0.9751061535865475 0.5174523604453467 0
133 0.3593750001001826 0.02706329276161599 0
134 0.02904480306665047 0.6444052229798448 0
135 0.6406250000011053 0.9729367061319241 0
136 0.9734135176375475 0.3602008613607838 0
137 0.03148961489290906 0.3267040973693984 0
138 0.6718749998354959 0.02706329495578334 0
139 0.3314470653438242 0.9696770809620199 0
140 0.9720798050273632 0.6697839788054299 0
141 0.02972493619274164 0.7619473701735764 0
142 0.765625000000238 0.9729367061319241 0
143 0.9729367061318153 0.2343749999994576 0
144 0.2343749997112753 0.0270632912566282 0
145 0.202827670195626 0.9721939093545607 0
146 0.9766516023350031 0.7975253537753436 0
147 0.7968749999771167 0.02706329527517995 0
148 0.02708793963827729 0.2016741877101144 0
149 0.8593749999995989 0.9729367062679011 0
150 0.02706329387344975 0.859374999998414 0
151 0.140625000513001 0.02706329163425092 0
152 0.9721138184196404 0.1424910232767621 0
153 0.027785317111914 0.108965571409074 0
154 0.9719596272460747 0.887686567358915 0
155 0.8906249999142359 0.02706329583444141 0
156 0.1127391769312903 0.9692265458777604 0
157 0.2656250000011056 0.9729367061316238 0
158 0.02910272784622125 0.5452212086793126 0
159 0.9702869402894767 0.4266912440559241 0
160 0.4218749998486795 0.0270632937838403 0
161 0.02598919934717794 0.3902980435419411 0
162 0.4218750000017557 0.9729367062676102 0
163 0.9723888367667688 0.5783391694762379 0
164 0.5781249999988887 0.02706329386833494 0
165 0.5468750000017556 0.9729367062679106 0
166 0.9718555411702269 0.7371472682412281 0
167 0.02706329377434201 0.7031249999912821 0
168 0.7031250000006716 0.9729367062679106 0
169 0.9750629945805368 0.2949133215735952 0
170 0.7343749999680307 0.02706329465814404 0
171 0.2968750000039701 0.02706329376975613 0
172 0.02473212331133209 0.264940595278318 0
173 0.02601074828661975 0.9200519372680632 0
174 0.07838040748919002 0.02691583264366282 0
175 0.971990746064531 0.07541482557254323 0
176 0.9215381151220166 0.9716261830077622 0
177 0.9739757390132453 0.9535089745654559 0
178 0.9529925821858706 0.02646162719555278 0
179 0.04700741782903273 0.9735383736658133 0
180 0.02830303995913445 0.04974454888633129 0
181 0.4531249998743236 0.02706329386004478 0
182 0.4374999998507053 0.05412658769419922 0
183 0.468749999830477 0.05412658793776626 0
184 0.4531249996459696 0.08118988153563066 0
185 0.4843749996399169 0.08118988190050434 0
186 0.4687499992913505 0.1082531746924106 0
187 0.4999999991373933 0.1082531759895417 0
188 0.4843749996943958 0.1353164681401491 0
189 0.5156249988622492 0.1353164700690044 0
190 0.499999999576374 0.1623797631601888 0
191 0.5312499983513903 0.1623797643222011 0
192 0.5156249981131837 0.1894430578724292 0
193 0.4843749994193206 0.1894430551799786 0
194 0.4999999978536125 0.2165063512061774 0
195 0.5312499975520062 0.2165063520623732 0
196 0.5156249969961701 0.2435696457162021 0
197 0.4843749986670556 0.2435696448430898 0
198 0.4999999971983313 0.2706329394469996 0
199 0.5312499964969716 0.2706329399698469 0
200 0.5156249959189001 0.2976962334871628 0
201 0.4843749964872283 0.2976962330109836 0
202 0.4999999950669267 0.3247595271696826 0
203 0.4687499950520184 0.3247595263271199 0
204 0.4843749943024909 0.3518228207202734 0
205 0.5156249943306417 0.3518228214640221 0
206 0.4999999936467197 0.3788861149272582 0
207 0.5312499937818966 0.3788861158000298 0
208 0.5156249932345079 0.4059494093177836 0
209 0.4843749930562384 0.4059494084786114 0
210 0.4999999925497654 0.4330127026309942 0
211 0.5312499926116355 0.4330127035552317 0
212 0.5156249921206606 0.460075996813978 0
213 0.4843749921243557 0.4600759962941809 0
214 0.4999999917773314 0.4871392903298393 0
215 0.4687499918370683 0.4871392899064368 0
216 0.5312499916676384 0.4871392907504113 0
217 0.5156249914814318 0.5142025842523725 0
218 0.5468749913300867 0.5142025845853432 0
219 0.5312499911457449 0.54126587807959 0
220 0.5624999909903373 0.5412658783876181 0
221 0.5468749908144507 0.5683291719605312 0
222 0.5781249906573733 0.5683291722532223 0
223 0.5937499908319451 0.5412658786677306 0
224 0.6093749905196658 0.5683291725548901 0
225 0.5937499903484937 0.5953924661423995 0
226 0.6249999906778464 0.5412658789590764 0
227 0.6249999902626271 0.5953924664886302 0
228 0.6093749899936641 0.6224557600408223 0
229 0.6406249898439037 0.6224557604393537 0
230 0.6249999895738764 0.649519053989555 0
231 0.6562499894369836 0.649519054432065 0
232 0.6718749897085532 0.6224557608551204 0
233 0.5156249909713116 0.5683291716657064 0
234 0.6874999893121717 0.6495190548873685 0
235 0.6718749889900645 0.6765823484765269 0
236 0.7031249895620605 0.6224557612864167 0
237 0.7031249889533142 0.6765823489650997 0
238 0.6874999885924991 0.7036456424697075 0
239 0.7187499884211217 0.7036456430431106 0
240 0.5937499897302685 0.64951905358466 0
241 0.4375000002755861 0.1082531726996891 0
242 0.7031249880791461 0.7307089365935378 0
243 0.7343749880102624 0.7307089371124182 0
244 0.6718749881379186 0.7307089361026081 0
245 0.7499999884821356 0.7036456434449352 0
246 0.7656249880945246 0.7307089375569812 0
247 0.6874999875732084 0.7577722302995276 0
248 0.6562499876949869 0.7577722296072781 0
249 0.7812499884270532 0.7036456438135787 0
250 0.6718749869674455 0.7848355238193583 0
251 0.6406249871922161 0.7848355231346777 0
252 0.7968749880955549 0.7307089380051505 0
253 0.7812499877069138 0.7577722316492854 0
254 0.8124999877102932 0.7577722320901015 0
255 0.7968749872829879 0.78483552558623 0
256 0.8124999884278631 0.7036456444782033 0
257 0.6562499865014455 0.811898817335555 0
258 0.6249999865025956 0.811898816463809 0
259 0.6093749873427776 0.7848355223238694 0
260 0.5937499866573812 0.8118988156257083 0
261 0.5781249874976049 0.7848355214511206 0
262 0.5624999866696891 0.8118988150888591 0
263 0.5468749876277585 0.7848355206267146 0
264 0.5312499868366296 0.8118988141632232 0
265 0.5156249877978865 0.7848355197819236 0
266 0.499999986990106 0.811898813069537 0
267 0.4843749879138106 0.7848355188030082 0
268 0.4687499869536216 0.8118988120873486 0
269 0.453124987920288 0.7848355176684594 0
270 0.4374999869553199 0.8118988109776375 0
271 0.4218749879610719 0.7848355165156862 0
272 0.437499988532925 0.7577722233916109 0
273 0.4062499888661494 0.7577722221503418 0
274 0.390624987906542 0.7848355153416432 0
275 0.3749999888916005 0.7577722209620628 0
276 0.3906249892316813 0.7307089279485919 0
277 0.3593749897603008 0.7307089265322658 0
278 0.3437499889186373 0.7577722198472521 0
279 0.3281249899126386 0.7307089254052441 0
280 0.3437499909065436 0.703645632110957 0
281 0.3124999908360573 0.7036456311084818 0
282 0.2968749898915034 0.730708924295161 0
283 0.3281249918630164 0.6765823377273297 0
284 0.2968749918710962 0.6765823367376731 0
285 0.312499992724124 0.6495190433643563 0
286 0.2812499927020717 0.6495190423088828 0
287 0.2968749935792745 0.6224557491386645 0
288 0.2656249936088894 0.6224557480327608 0
289 0.2812499945518226 0.5953924547175726 0
290 0.2499999946527967 0.5953924535916558 0
291 0.2656249955611503 0.5683291603704448 0
292 0.249999992739994 0.6495190413546463 0
293 0.2343749955597738 0.5683291592951256 0
294 0.2499999965149832 0.5412658660104084 0
295 0.2187499965191535 0.5412658648930668 0
296 0.2343749973050385 0.5142025716737429 0
297 0.2656249967924414 0.5142025728448064 0
298 0.2499999979494089 0.4871392784204477 0
299 0.2187499979495434 0.4871392772944946 0
300 0.2343749988849664 0.4600759839402992 0
301 0.265624998831977 0.4600759848156226 0
302 0.249999999734962 0.4330126904300243 0
303 0.2812499995949809 0.433012691387776 0
304 0.2656250003328454 0.405949397073582 0
305 0.2343750004308582 0.4059493962810736 0
306 0.250000001014114 0.3788861028112051 0
307 0.2187500010426695 0.3788861020571198 0
308 0.234375001593402 0.351822808665643 0
309 0.265625001682376 0.3518228094162165 0
310 0.2500000021295418 0.3247595153555348 0
311 0.2812500021835326 0.3247595157948604 0
312 0.2656250026189198 0.2976962215310692 0
313 0.2343750027805139 0.297696221110867 0
314 0.2500000029792386 0.2706329275674539 0
315 0.2812500028744774 0.2706329278093755 0
316 0.2656250030756869 0.2435696338227063 0
317 0.2343750032114219 0.2435696333001491 0
318 0.3281249929889706 0.6224557513038621 0
319 0.2968750029547583 0.243569634018562 0
320 0.2031249955549213 0.5683291581258607 0
321 0.2500000033750169 0.2165063397097328 0
322 0.2187500033563075 0.2165063393734684 0
323 0.2343750036210747 0.1894430456933212 0
324 0.2031250036859508 0.1894430454872072 0
325 0.1875000034495132 0.216506339161759 0
326 0.1718750036843605 0.1894430451662474 0
327 0.7968749888783122 0.6765823503019947 0
328 0.8281249888958254 0.6765823508222072 0
329 0.8124999893276703 0.6495190568262011 0
330 0.8281249873110792 0.7848355260500661 0
331 0.8124999868753769 0.8118988196460482 0
332 0.8437499868367382 0.8118988201161981 0
333 0.1875000037520764 0.1623797515665845 0
334 0.8437499892985262 0.6495190572773065 0
335 0.8281249896231282 0.6224557632488334 0
336 0.1562500037769086 0.162379751401285 0
337 0.6093749854799203 0.8389621102484688 0
338 0.8281249866358401 0.838962113738401 0
339 0.7968749866271074 0.8389621131826048 0
340 0.4531249860412667 0.8389621053729939 0
341 0.1562500034584538 0.2165063392712768 0
342 0.5156249860638686 0.8389621074255853 0
343 0.312500002892796 0.2706329282255719 0
344 0.3281250030666436 0.2435696340729958 0
345 0.5468749986580382 0.1353164704907882 0
346 0.5624999982215406 0.1623797645236705 0
347 0.5781249986646092 0.1353164708763396 0
348 0.5937499983588289 0.1623797648593 0
349 0.6093749985673392 0.1353164711477919 0
350 0.6249999983871449 0.1623797651483067 0
351 0.6406249985728504 0.1353164714874541 0
352 0.6562499983212163 0.1623797654494005 0
353 0.6406249980955416 0.1894430591972748 0
354 0.6718749980327667 0.1894430593602364 0
355 0.6562499976697556 0.2165063531398233 0
356 0.6874999978923055 0.2165063533023923 0
357 0.6718749975381142 0.2435696471645487 0
358 0.7031249977390872 0.2435696472586007 0
359 0.6874999975744509 0.27063294102818 0
360 0.7187499975881541 0.2706329412174636 0
361 0.7031249970624396 0.2976962351904386 0
362 0.7343749977397864 0.2435696474359378 0
363 0.7343749974435303 0.2976962351693667 0
364 0.7187499964496529 0.3247595296533703 0
365 0.7499999970840687 0.324759529286245 0
366 0.7343749962943247 0.3518228234238813 0
367 0.7656249968478723 0.3518228230888551 0
368 0.7499999968226654 0.3788861170117874 0
369 0.7812499970976221 0.3247595291899716 0
370 0.7812499968981217 0.3788861171035987 0
371 0.7656249969013191 0.4059494109168927 0
372 0.7187499963307145 0.3788861172475844 0
373 0.7968749965950412 0.4059494112081185 0
374 0.7812499965589527 0.4330127049791954 0
375 0.8124999959279773 0.4330127048700335 0
376 0.6874999983478338 0.1623797657269022 0
377 0.796874995942622 0.4600759988146808 0
378 0.7656249961138244 0.4600759986339369 0
379 0.6718749965215046 0.2976962360378229 0
380 0.8281249947490927 0.4600759985841351 0
381 0.8281249963012522 0.4059494111603578 0
382 0.781249995791561 0.4871392925610533 0
383 0.749999995833639 0.4871392922526438 0
384 0.4531249921163362 0.4600759957802546 0
385 0.4374999918194711 0.4871392894901664 0
386 0.4218749921860454 0.4600759954151161 0
387 0.4062499918601183 0.4871392892039912 0
388 0.421874991491872 0.5142025830542289 0
389 0.4531249939586101 0.3518228202376047 0
390 0.54687499431899 0.3518228222887678 0
391 0.296875000321183 0.351822811773732 0
392 0.3593749918549395 0.6765823387995763 0
393 0.4218749858584658 0.8389621041814666 0
394 0.2656250034534389 0.1894430460150246 0
395 0.2031250004662637 0.4059493954950567 0
396 0.1875000010967193 0.3788861013042309 0
397 0.1718750005076848 0.4059493947452774 0
398 0.1562500011933999 0.3788861005853802 0
399 0.6093749910061986 0.5142025850780608 0
400 0.4999999886671862 0.7577722256028309 0
401 0.5624999938872286 0.3788861167744368 0
402 0.4531249981438868 0.2976962309564204 0
403 0.7656249956080327 0.5142025861435074 0
404 0.7968749941399893 0.5142025863544507 0
405 0.1874999965766286 0.5412658637770013 0
406 0.1718749955527358 0.5683291570802259 0
407 0.1562499965119313 0.5412658627020055 0
408 0.2968749951487524 0.56832916165374 0
409 0.2500000037809055 0.1623797520741232 0
410 0.2812500037547797 0.162379752339033 0
411 0.8437499884770246 0.7036456449494227 0
412 0.1406249954479443 0.5683291561074739 0
413 0.1562499945937692 0.5953924503139132 0
414 0.1406250004220159 0.4059493940314987 0
415 0.8593749865915702 0.838962114046931 0
416 0.8593749871004424 0.7848355265511366 0
417 0.8124999863865302 0.8660254072649922 0
418 0.7812499864129792 0.8660254069649707 0
419 0.8593749899575944 0.6224557635229768 0
420 0.6406249913870969 0.5142025853483222 0
421 0.624999991206586 0.4871392914894122 0
422 0.6406249971758873 0.2435696472047492 0
423 0.5624999883325728 0.7577722274026645 0
424 0.2968749987781694 0.4600759857888211 0
425 0.3124999987984648 0.4330126938216405 0
426 0.3437500029819553 0.2706329282582299 0
427 0.3593750029405809 0.2435696339809951 0
428 0.1718750038526853 0.1353164576091651 0
429 0.1406250038230545 0.135316457413667 0
430 0.265625004055888 0.1353164583071746 0
431 0.2968750039477943 0.1353164587424105 0
432 0.1250000012146478 0.3788860997773723 0
433 0.140625001784042 0.3518228065177436 0
434 0.4374999849089929 0.8660253986913667 0
435 0.4062499849301127 0.8660253974889129 0
436 0.5781249943385911 0.3518228232805783 0
437 0.5937499937242539 0.3788861175742687 0
438 0.687499986339548 0.8118988180480331 0
439 0.6718749858755765 0.8389621113927281 0
440 0.3906249914579731 0.5142025826318564 0
441 0.4062499912579742 0.5412658766823604 0
442 0.1249999964772556 0.5412658616886362 0
443 0.1406249975207872 0.5142025683257021 0
444 0.1249999945012734 0.5953924493106346 0
445 0.1406249937810418 0.6224557435988556 0
446 0.1250000037990441 0.1623797511584286 0
447 0.8749999896475951 0.6495190575804433 0
448 0.7343749956946346 0.5142025858410536 0
449 0.7187499960021961 0.487139291886328 0
450 0.7499999940522978 0.5412658800908681 0
451 0.6249999989351708 0.1082531772433467 0
452 0.6562499988064945 0.108253177709733 0
453 0.6874999899611877 0.5953924673128611 0
454 0.796874989348285 0.6224557625629817 0
455 0.5312499906406867 0.5953924655465115 0
456 0.4999999907145362 0.5953924652476066 0
457 0.5156249903656975 0.6224557591246165 0
458 0.4843749903850033 0.6224557589179561 0
459 0.4999999901738777 0.6495190529057626 0
460 0.4687499901753333 0.6495190527403321 0
461 0.4531249903268061 0.6224557587693829 0
462 0.3125000038187635 0.1623797527824035 0
463 0.3281250040633069 0.1353164593090062 0
464 0.6093749892947607 0.6765823475683134 0
465 0.171875003431798 0.2435696330300241 0
466 0.1406250034477986 0.2435696333295827 0
467 0.3437500038261102 0.1623797533475465 0
468 0.5781249894597792 0.6765823471544197 0
469 0.8437499900992811 0.5953924693783316 0
470 0.8749999902345968 0.5953924699389671 0
471 0.8593749905677939 0.5683291760298951 0
472 0.1082658823025998 0.405309043025978 0
473 0.8906249904638324 0.5683291762071002 0
474 0.8749999907222544 0.5412658823786866 0
475 0.7968749861411883 0.8930887008736439 0
476 0.7656249856578481 0.8930887007981273 0
477 0.8281249861215292 0.8930887010987403 0
478 0.1086852158644653 0.5145868982900781 0
479 0.1093750038295524 0.1353164573050586 0
480 0.1093750018512956 0.351822805638244 0
481 0.1093894994662439 0.622447368043556 0
482 0.1250169162622129 0.6495092663656837 0
483 0.1562528136012994 0.6495174094643492 0
484 0.1406282828295741 0.6765804314398253 0
485 0.1718760107567711 0.6765817441849482 0
486 0.1562507095967321 0.7036452109447247 0
487 0.1875002808235935 0.7036454594996958 0
488 0.1718751585427264 0.7307088228501881 0
489 0.1406251382428506 0.7307088336825684 0
490 0.1562500035343674 0.7577722052806293 0
491 0.1875000201360624 0.7577721967191325 0
492 0.1718749963609885 0.7848355033416398 0
493 0.2031249951363011 0.784835504633832 0
494 0.187499988894499 0.811898801433379 0
495 0.218749989164139 0.8118988018100003 0
496 0.1562499897021066 0.8118988001818379 0
497 0.1718749878621724 0.838962094979223 0
498 0.1407070880047351 0.8390094946536579 0
499 0.1562636703676051 0.8660332886133714 0
500 0.1875022674245439 0.8660267059894342 0
501 0.1266677798212665 0.8671748533006027 0
502 0.1259662971591818 0.8114515025056557 0
503 0.17187764692675 0.8930902190058634 0
504 0.2031252005323995 0.8930888074504618 0
505 0.1091547835173679 0.6763906969663953 0
506 0.6093749942316895 0.3518228241166139 0
507 0.6249999934858925 0.3788861183805012 0
508 0.5937499949343933 0.3247595296434934 0
509 0.5624999989625831 0.1082531769637316 0
510 0.7031249859199209 0.8389621121542401 0
511 0.6874999852262366 0.8660254055909641 0
512 0.7187499864514318 0.8118988186516961 0
513 0.4374999911033681 0.5412658770654939 0
514 0.2187499956208337 0.7577722113982845 0
515 0.1562499999042633 0.4330126881868154 0
516 0.1562500036727433 0.2706329270046348 0
517 0.125000003690309 0.270632926902766 0
518 0.1093750034427706 0.243569633534312 0
519 0.6093749928393194 0.4059494118442489 0
520 0.6406249926258133 0.4059494126102515 0
521 0.4843749900313385 0.6765823466912134 0
522 0.4374999901755311 0.6495190525709731 0
523 0.4218749904461551 0.6224557585224672 0
524 0.3749999918319317 0.4871392885810297 0
525 0.3750000030501167 0.2706329279037919 0
526 0.3593750005921191 0.297696225571173 0
527 0.3906250029397385 0.2435696338858547 0
528 0.3749999911606028 0.5412658762953879 0
529 0.3593750039902356 0.1353164595728578 0
530 0.3750000038017561 0.1623797536875765 0
531 0.3125000041528977 0.1082531651041376 0
532 0.1562500038005403 0.1082531636760602 0
533 0.187500003865833 0.1082531637256865 0
534 0.09407402836266811 0.595576737744326 0
535 0.4218749840054075 0.8930886918621677 0
536 0.390624984068154 0.893088690808838 0
537 0.3749999849309033 0.8660253963726245 0
538 0.3593749839662725 0.893088689683708 0
539 0.3437499847135083 0.8660253952997667 0
540 0.3281249839663012 0.8930886885698319 0
541 0.3124999848422162 0.8660253942608183 0
542 0.2968749840925444 0.8925914313789631 0
543 0.4531249839567587 0.8930886930215194 0
544 0.32812498589567 0.8389621008333488 0
545 0.2812499851286092 0.8659425170536953 0
546 0.3749999831983872 0.9201519841748012 0
547 0.8124999859128912 0.9201519948459708 0
548 0.9062499901802702 0.5953924702183419 0
549 0.09375000371445866 0.1623797510811893 0
550 0.09375000355024807 0.2706329267247079 0
551 0.9062499905758342 0.5412658825721142 0
552 0.8906249909144519 0.5142025886990584 0
553 0.7031249944910636 0.5142025858827685 0
554 0.687499994672917 0.4871392918348999 0
555 0.7031249960656496 0.4600759979194426 0
556 0.6406249942307634 0.3518228249132129 0
557 0.7187499898281964 0.5953924678270673 0
558 0.6406249992663214 0.08118988364809678 0
559 0.6718749991227512 0.08118988402647434 0
560 0.5781249980570393 0.1894430586146575 0
561 0.6093749991305045 0.081189883275831 0
562 0.7343749894164898 0.62245576165023 0
563 0.6562499851579177 0.8660254050140467 0
564 0.6718749845008678 0.8930886992483498 0
565 0.6406249839593497 0.8930886989253277 0
566 0.7031249847682361 0.8930886998858258 0
567 0.3906249909201131 0.5683291702941327 0
568 0.4374999926866345 0.4330127016314658 0
569 0.4062499926092725 0.4330127013090118 0
570 0.4218749930171085 0.4059494075572276 0
571 0.3906249928389294 0.4059494071771119 0
572 0.4062499932572087 0.3788861134989873 0
573 0.374999993246158 0.3788861130609744 0
574 0.3906249934807822 0.3518228195477792 0
575 0.12500001679409 0.7577721967253012 0
576 0.1093750196076757 0.7307089012537379 0
577 0.09374999929911898 0.7577722060227935 0
578 0.09330315359173369 0.5426508790931603 0
579 0.6562499910695399 0.541265879408354 0
580 0.1875006328943832 0.6495186695374506 0
581 0.4062499998342852 0.05412658659472568 0
582 0.6874999988059785 0.1082531780770309 0
583 0.7031249991226304 0.0811898843917257 0
584 0.7187499986431805 0.1082531785211689 0
585 0.7343749990992924 0.08118988480839628 0
586 0.7499999986495798 0.1082531788395057 0
587 0.7656249990270835 0.08118988525467728 0
588 0.7812499985116657 0.108253179430781 0
589 0.7656249981465669 0.135316473041322 0
590 0.7968749981705309 0.1353164736115807 0
591 0.8124999982999487 0.1082531800729518 0
592 0.8281249977565416 0.1353164739666363 0
593 0.8124999976730221 0.162379767725298 0
594 0.8437499973359519 0.1623797677322561 0
595 0.8281249973420552 0.189443061585244 0
596 0.8593749977016945 0.135316474241738 0
597 0.8593749971911806 0.1894430614740634 0
598 0.843749997420939 0.2165063554275108 0
599 0.8749999973278564 0.216506355291412 0
600 0.8593749974684713 0.2435696492672544 0
601 0.828124997464134 0.2435696493088222 0
602 0.843749997538298 0.270632943024299 0
603 0.8749999975707512 0.270632943070736 0
604 0.8593749975990198 0.2976962369641796 0
605 0.8906249971954131 0.1894430614008433 0
606 0.8906249975989081 0.2976962368812568 0
607 0.8749999976707771 0.324759530790917 0
608 0.7968749975833472 0.1894430614467308 0
609 0.9062499976250772 0.2706329430009571 0
610 0.906249997670698 0.3247595307079815 0
611 0.8906249978341274 0.3518228244743219 0
612 0.8437499973537896 0.3247595301169275 0
613 0.9062499973133316 0.2165063552328524 0
614 0.9218749973628817 0.1894430612260253 0
615 0.640624988305298 0.7307089355840982 0
616 0.5624999913865771 0.487139291233092 0
617 0.8281249904866635 0.5683291755977594 0
618 0.5156249899133738 0.6765823467882152 0
619 0.5156249995409958 0.08118988260134531 0
620 0.9062499973630845 0.1623797677302324 0
621 0.1248850347134065 0.4872033292439316 0
622 0.09292609261138163 0.4875983351001537 0
623 0.5937499890445168 0.7036456410405786 0
624 0.1562308376919342 0.4871499510883339 0
625 0.6718749950569599 0.4600759981542579 0
626 0.6874999958536141 0.4330127045968206 0
627 0.812499997482854 0.2706329429256069 0
628 0.7968749973652002 0.243569649101833 0
629 0.5624999893086966 0.7036456406105265 0
630 0.7499999896981894 0.5953924681702709 0
631 0.2187504022055298 0.8660256301225827 0
632 0.2656249840020619 0.8928046377061787 0
633 0.859374991858483 0.5142025876974758 0
634 0.3749999938551323 0.4330127007857953 0
635 0.1718750038565679 0.08118987067550376 0
636 0.8749999921060969 0.4871392940208894 0
637 0.9062499913463948 0.487139294872808 0
638 0.8906249918136546 0.460076000807038 0
639 0.3593749916111947 0.5683291688544427 0
640 0.3749999913188096 0.5953924627712647 0
641 0.3906249989939995 0.2976962275297492 0
642 0.3593749948784325 0.3518228193273157 0
643 0.3437499949672732 0.3788861116966066 0
644 0.2031250028916281 0.08118987073723327 0
645 0.3437499913935045 0.5412658743097556 0
646 0.1406250036732599 0.08118986972220688 0
647 0.07795394924729074 0.2437779546673997 0
648 0.9218749913652606 0.4600760012157545 0
649 0.9062499917008858 0.4330127072576039 0
650 0.8437499858731189 0.9196547374458378 0
651 0.8593749861110632 0.8930058251259788 0
652 0.8749999858710308 0.9195580486946632 0
653 0.8906249861122064 0.8929758978876824 0
654 0.9062499858971617 0.9195369461802365 0
655 0.0781249969200478 0.7307089134555501 0
656 0.07812500383409836 0.1353164571827485 0
657 0.0937500038615188 0.1082531633708488 0
658 0.1875004647094071 0.9196549978412611 0
659 0.1562505087345355 0.9200694024115839 0
660 0.2220721560533422 0.9233406245122663 0
661 0.3122026563228298 0.9208762865812581 0
662 0.6874999838932668 0.919654736038267 0
663 0.718749984058904 0.9195718603851978 0
664 0.4374999829731009 0.9196547295853592 0
665 0.4687499828652441 0.9195718543856763 0
666 0.4843749837968218 0.8929920054721744 0
667 0.4999999829754158 0.9195419279153954 0
668 0.5156249838356796 0.8929709037356383 0
669 0.5312499828981906 0.9195334237686326 0
670 0.5468749837545887 0.8929659701943712 0
671 0.5624999827911882 0.9195311849386256 0
672 0.5781249836452875 0.8929647754215425 0
673 0.5937499827080625 0.9200278704790184 0
674 0.06282640251299082 0.1621876394483717 0
675 0.07846080623582175 0.6224828273219357 0
676 0.0585915457851157 0.5955281595336296 0
677 0.6249999995538782 0.05412658958070793 0
678 0.312500000603634 0.3247595195824293 0
679 0.07812500356077305 0.1894430449868321 0
680 0.7499999858601136 0.866025406759151 0
681 0.7656249870312932 0.7848355253301127 0
682 0.562499984555426 0.8660254031727006 0
683 0.2187500035964268 0.1082531638454397 0
684 0.2343750019627803 0.08118987160400291 0
685 0.7031249910452594 0.5683291739418012 0
686 0.5468749956728083 0.2976962342707442 0
687 0.5624999961897282 0.2706329407612062 0
688 0.4374999904993682 0.5953924647481713 0
689 0.4843749910800766 0.5683291713276305 0
690 0.7187499963595527 0.4330127045237042 0
691 0.3125000033625798 0.2165063403631298 0
692 0.5624999898395261 0.6495190533262861 0
693 0.2031249989442271 0.4600759829140511 0
694 0.1875000034385781 0.2706329268629054 0
695 0.1718750033085463 0.2976962204621192 0
696 0.7812499975235143 0.2706329425409805 0
697 0.3593750034891992 0.1894430472282841 0
698 0.3906250033572403 0.1894430477139109 0
699 0.4062500029265195 0.1623797545297083 0
700 0.4218750031013141 0.1894430481398716 0
701 0.1092185209303178 0.4601631664304355 0
702 0.07796160175540455 0.4601670204570834 0
703 0.3281249972934443 0.4600759906562485 0
704 0.3124999957237689 0.4871392837111969 0
705 0.6249999921284787 0.4330127058069781 0
706 0.593749992294208 0.4330127050598116 0
707 0.4999999898883501 0.7036456406078804 0
708 0.4687499894940754 0.7036456393040286 0
709 0.1250000027436908 0.3247595127929758 0
710 0.09375000260777211 0.3247595116565251 0
711 0.07778633774160501 0.3512272485342774 0
712 0.8749999929993095 0.433012705988807 0
713 0.8906249938130648 0.4059494125278453 0
714 0.9218749919801563 0.4059494135050938 0
715 0.4062499897227727 0.6495190508517921 0
716 0.4218749893529105 0.6765823442309132 0
717 0.4375000013494421 0.1623797562555345 0
718 0.1875000021489667 0.05412657869874182 0
719 0.9209572670130104 0.8934972382847184 0
720 0.9060970330185592 0.8660746966383177 0
721 0.9222136623989011 0.351227265375519 0
722 0.9421907100739312 0.868878818092478 0
723 0.9226312811332696 0.8394458974247777 0
724 0.9374999858811915 0.9201519956905958 0
725 0.9522761489697625 0.8373418982723129 0
726 0.9372629239018604 0.4861388417272739 0
727 0.9365791092252069 0.3252462052800661 0
728 0.953085473249273 0.4572364657636077 0
729 0.1718749847637078 0.9472152705966219 0
730 0.8281249857037549 0.9472152886988108 0
731 0.4531249821033357 0.9472152807105894 0
732 0.515624982065949 0.9472152828246225 0
733 0.8906124596133735 0.9478673463183273 0
734 0.5729166549449543 0.9466438397761988 0
735 0.9353485627613757 0.8118623775400474 0
736 0.9060174650728321 0.8119733773012536 0
737 0.9208468966732875 0.7844777069388528 0
738 0.942497859241987 0.1601449655439146 0
739 0.9218749972014327 0.135316473600186 0
740 0.9502196225684466 0.188465822426464 0
741 0.6093749817925854 0.9472152860244193 0
742 0.1406249847636686 0.9472152697529297 0
743 0.1257886597361076 0.9197772851964849 0
744 0.791666657155237 0.9467679964376838 0
745 0.06249998991281702 0.7577722105831863 0
746 0.08178849321104111 0.7831150150043446 0
747 0.06610501627935755 0.273369114057869 0
748 0.06415861220292107 0.3250093745431685 0
749 0.06032303885313205 0.4871515856943778 0
750 0.06171349666726036 0.1083718979396378 0
751 0.07799391869638551 0.08120966059484014 0
752 0.04653821808650158 0.0800905436436409 0
753 0.04685937005102215 0.7310265192411758 0
754 0.06127889140356611 0.703387573854815 0
755 0.04557683060121154 0.6750384389011195 0
756 0.07669649298856962 0.675494449014405 0
757 0.04702286696895353 0.1363316353889044 0
758 0.03008569131085273 0.1661528514645221 0
759 0.06022497081154286 0.6488557901584219 0
760 0.04687499903561307 0.4600759781615519 0
761 0.06220419805471843 0.4331004332560089 0
762 0.04536963871949007 0.5160165086645563 0
763 0.07722080871733762 0.5156292914549697 0
764 0.06295606850162536 0.543249934611309 0
765 0.03326600860914909 0.4352293058360143 0
766 0.3749999965551671 0.3247595243731342 0
767 0.4062499961112936 0.3247595250514088 0
768 0.7187499994816016 0.05412659027394396 0
769 0.6562499928904362 0.4871392918769705 0
770 0.6718749937325985 0.5142025855080798 0
771 0.6249999829534687 0.9196340482826408 0
772 0.593749984538875 0.8660047502337025 0
773 0.5937499995602276 0.05412658908372936 0
774 0.609374999789277 0.02706329472103549 0
775 0.5624999996291504 0.0541265884091393 0
776 0.734374985066183 0.8929920115461703 0
777 0.7499999849425075 0.9195419330505417 0
778 0.7343749833956745 0.94721528825527 0
779 0.7968749970952609 0.3518228230965125 0
780 0.1250000035609931 0.216506339528606 0
781 0.8124999971943754 0.3247595296808633 0
782 0.9424028145893211 0.2178761057326291 0
783 0.4374999932682584 0.3788861138212063 0
784 0.09327169589917517 0.7033893599395576 0
785 0.2500000033895601 0.1082531643339894 0
786 0.2656250021982497 0.08118987213258033 0
787 0.2968750023375196 0.2976962226947094 0
788 0.5312499951291718 0.324759527769412 0
789 0.5937499988911989 0.1082531772550381 0
790 0.5781249992316495 0.08118988297259265 0
791 0.9218749979277032 0.2435696488275693 0
792 0.4999999847574517 0.8660160958254903 0
793 0.2343750037367051 0.1353164580448365 0
794 0.5781249955858341 0.297696235161863 0
795 0.5937499961137711 0.270632941293493 0
796 0.5781249968312924 0.2435696468312074 0
797 0.6093749954868536 0.29769623577298 0
798 0.6249999964771868 0.2706329414968178 0
799 0.6406249962109392 0.2976962359994436 0
800 0.6249999948946839 0.3247595299973436 0
801 0.6562499951699388 0.3247595307775539 0
802 0.6718749942503242 0.3518228254989427 0
803 0.6874999955974477 0.3247595304036478 0
804 0.7656249894431001 0.6224557620870897 0
805 0.7499999891969912 0.649519055652177 0
806 0.7812499897769793 0.5953924685671127 0
807 0.4999999997882051 0.05412658819027746 0
808 0.3281250013143204 0.2976962253737436 0
809 0.5468749979343329 0.1894430582318471 0
810 0.5624999976197694 0.2165063525328768 0
811 0.5937499974547422 0.2165063528966901 0
812 0.6093749966165363 0.2435696470497581 0
813 0.6249999973288376 0.2165063530299883 0
814 0.3593749920008317 0.5142025823547092 0
815 0.3281249927703699 0.5142025801853172 0
816 0.7812499975883538 0.1623797675370481 0
817 0.7499999978610139 0.1623797667465899 0
818 0.7656249976728515 0.1894430608255162 0
819 0.7343749978026634 0.1894430604512429 0
820 0.7812499892222291 0.6495190562734454 0
821 0.7187499855234203 0.866009291503713 0
822 0.6093749836994998 0.8929575912760245 0
823 0.6562499835677651 0.9194855353654887 0
824 0.6718749838036697 0.9472152873154085 0
825 0.2187499946237813 0.5953924525265297 0
826 0.5781249856268593 0.8389586672462703 0
827 0.1093750036888335 0.1894430453662923 0
828 0.3906249903028098 0.6224557562268185 0
829 0.8749999973894929 0.1623797678056185 0
830 0.7343749861076919 0.8389594268538227 0
831 0.7499999865987713 0.8118983713717247 0
832 0.734374987097924 0.7848354503416884 0
833 0.5624999949964761 0.3247595287584086 0
834 0.296874999411611 0.4059493989539855 0
835 0.2812499999492369 0.3788861044202457 0
836 0.9211578372268288 0.5679151278298699 0
837 0.9338114000768816 0.5385737745731133 0
838 0.9426704240372159 0.5940108345756017 0
839 0.9227367289113004 0.6222254914658054 0
840 0.9511960889084798 0.6227215571204211 0
841 0.9423113910061548 0.6518774646126261 0
842 0.9071955132472116 0.6498737467815303 0
843 0.921874989354544 0.6765823518385045 0
844 0.8909262003142707 0.6224764999292223 0
845 0.3437500035066445 0.1082531660115235 0
846 0.3750000025929173 0.1082531678353002 0
847 0.3281250021322768 0.0811898733329678 0
848 0.2968750018136427 0.0811898727538418 0
849 0.3906250029231674 0.1353164617978869 0
850 0.4687499935888424 0.3788861143704149 0
851 0.5781249932462571 0.405949411063375 0
852 0.2187500037929401 0.1623797518205722 0
853 0.4374999958664227 0.3247595259261695 0
854 0.3906249858972421 0.8389621030625387 0
855 0.3124999888738916 0.757772218575223 0
856 0.2812499889700073 0.7577722175434201 0
857 0.296874987928417 0.7848355117964059 0
858 0.2656249899115527 0.7307089229588574 0
859 0.2656249882682197 0.7848355104158816 0
860 0.2812499868918953 0.8118988051881221 0
861 0.2812499908926513 0.7036456298905938 0
862 0.249999991030442 0.7036456286943285 0
863 0.1248842716223098 0.7035705723668362 0
864 0.8906249975764924 0.243569649171796 0
865 0.9338664771569822 0.2733344102183901 0
866 0.2974286775293977 0.9728906916948725 0
867 0.2865010529753733 0.9464337484116152 0
868 0.2506025260946037 0.9450980313458281 0
869 0.02706329386807593 0.8281249999998047 0
870 0.05412658763187492 0.8437500000166251 0
871 0.054126587912114 0.8750000000267821 0
872 0.08037035405433425 0.8580822807935174 0
873 0.08339885558107196 0.891467608360813 0
874 0.07882291806071806 0.8282064134829803 0
875 0.02688786960591249 0.8903211562896713 0
876 0.8124999967910076 0.3788861171619865 0
877 0.8437499966666415 0.378886117238837 0
878 0.8281249971571982 0.3518228236421428 0
879 0.6249999848194793 0.8660001110884376 0
880 0.4218749936791774 0.3518228199247932 0
881 0.4218749888769371 0.7307089297350224 0
882 0.1406250036945299 0.1894430452754047 0
883 0.281249995077212 0.541265867801875 0
884 0.7656249864049131 0.83896159079899 0
885 0.3437499924740958 0.6495190447314867 0
886 0.468749990609353 0.5953924649766411 0
887 0.3124999867838818 0.8118988063072081 0
888 0.2968749858309676 0.8389482870723254 0
889 0.3437499868099953 0.8118988077045961 0
890 0.2656249863182199 0.8389459835004511 0
891 0.9732282464292868 0.3915653508753889 0
892 0.9432608017633639 0.376814712038807 0
893 0.3749999903398424 0.7036456334662078 0
894 0.1094175680767193 0.02703871420199766 0
895 0.8593749889306997 0.676582351252682 0
896 0.8749999886804409 0.7036456455354656 0
897 0.8593749882423993 0.7307089390382188 0
898 0.890624987998644 0.730708939586298 0
899 0.8907825763536441 0.6766414665993287 0
900 0.9062762531037992 0.7036554982593607 0
901 0.9209851751350429 0.730194321131472 0
902 0.9362889764408746 0.7034611726200163 0
903 0.8281249883310959 0.7307089385474956 0
904 0.453124993009085 0.4059494078734132 0
905 0.4687499925978735 0.4330127020037173 0
906 0.3281250000858873 0.02706329324173983 0
907 0.4843749915858166 0.5142025838373137 0
908 0.6874999995428128 0.05412658998007944 0
909 0.6562499973425406 0.2706329415382215 0
910 0.8437499876399159 0.7577722326225265 0
911 0.1874999946291329 0.5953924514322328 0
912 0.3281249878492377 0.7848355131329154 0
913 0.3593749878709857 0.7848355143338365 0
914 0.3749999868610466 0.8118988088591641 0
915 0.4062499868196551 0.8118988098210017 0
916 0.359374985706834 0.8389621018784841 0
917 0.2656249997407194 0.02706329276935448 0
918 0.3593749938112793 0.4059494062832326 0
919 0.02706329408844509 0.359374999832058 0
920 0.05631426404636988 0.3774745516552823 0
921 0.1718718040296688 0.5142043487273071 0
922 0.4062499832783295 0.9195718525346441 0
923 0.3906249824640163 0.9472152784174377 0
924 0.3593749824358814 0.9472152776825273 0
925 0.7187499874796529 0.7577722183615629 0
926 0.7968749989650926 0.08118988580404853 0
927 0.8281249988799764 0.08118988645512601 0
928 0.8124999995859715 0.05412659159683677 0
929 0.8437499996595828 0.05412659261489781 0
930 0.8593749991846218 0.08118988695450848 0
931 0.8749999995783273 0.05412659263285166 0
932 0.890624999042431 0.08118988711598643 0
933 0.9062499994767987 0.05412659294702529 0
934 0.9209685499330906 0.08171322578828531 0
935 0.9422263781814699 0.05678813301930657 0
936 0.9226406599844417 0.02740660820479574 0
937 0.7812499994066784 0.05412659114011118 0
938 0.8281249996022439 0.0270632964597002 0
939 0.7499999994172893 0.05412659057881455 0
940 0.7656249999351568 0.02706329523433716 0
941 0.7803819308618437 0.9194785114138914 0
942 0.7812499975960984 0.2165063548280103 0
943 0.234374993566017 0.6224557471373356 0
944 0.6562499932933459 0.3788861189569727 0
945 0.6874999933300397 0.3788861197993378 0
946 0.4062500017532117 0.2706329306565661 0
947 0.421875002643832 0.243569635886956 0
948 0.4375000009083863 0.2706329353483658 0
949 0.6406249997873468 0.02706329485259031 0
950 0.4531249898114154 0.676582345638552 0
951 0.1410916645125609 0.8932716494825523 0
952 0.3449720105403724 0.9195385523552064 0
953 0.9755941165958434 0.5477727358836504 0
954 0.9206589980777786 0.2984648004556097 0
955 0.9702316729516232 0.4848095473587891 0
956 0.2356974452495264 0.9734178231573603 0
957 0.484374999871484 0.02706329401417187 0
958 0.7031249998588724 0.02706329531735623 0
959 0.07870776582269334 0.9724186241592193 0
960 0.06240130797195619 0.9485748296551797 0
961 0.9725579203910141 0.7677242245393758 0
962 0.9679835796702274 0.7034074690087428 0
963 0.02620872294869711 0.2333737455375409 0
964 0.05675777792151459 0.2174390769039485 0
965 0.9684629438777498 0.9207944255416615 0
966 0.9681829830118349 0.1087986768587412 0
967 0.02706329377434201 0.6093750000013217 0
968 0.9756222598423709 0.2646136540754236 0
969 0.02692906784506878 0.7964954724420772 0
970 0.203125072782607 0.7307088733808125 0
971 0.2031250018650989 0.3518228081605795 0
972 0.171875001863538 0.3518228074730595 0
973 0.1407860488434209 0.7847609522221439 0
974 0.6093749979228226 0.1894430589307623 0
975 0.6718749905116409 0.5683291734972041 0
976 0.02737082505462806 0.5786207982631962 0
977 0.749999997681809 0.2706329415871717 0
978 0.2031250037375535 0.1353164577568086 0
979 0.7656249887225703 0.6765823497951929 0
980 0.9371946658333621 0.4315359718450391 0
981 0.7499999875556391 0.7577722167003029 0
982 0.02528619881266071 0.2945624309727098 0
983 0.671874998565323 0.1353164717718968 0
984 0.7343749967740925 0.4059494107798376 0
985 0.2812499970972351 0.4871392801776331 0
986 0.05319803115681265 0.9041444515751986 0
987 0.4531249914424015 0.5142025834973475 0
988 0.4843749861390862 0.8389605555981438 0
989 0.9687507022875297 0.3266113697006297 0
990 0.6562499995745028 0.05412658960386375 0
991 0.09136862959539961 0.3778045068346094 0
992 0.07646299565593308 0.4064040398282805 0
993 0.8749999979828449 0.1082531808086581 0
994 0.2812500032732073 0.1082531652775045 0
995 0.6406249857536712 0.8389578952354868 0
996 0.8124999899033672 0.595392468986735 0
997 0.7968749908158355 0.5683291749902254 0
998 0.05217911823539279 0.8143339736985288 0
999 0.453124990779821 0.5683291710664208 0
1000 0.5624999925098815 0.4330127045089477 0
1001 0.5468749930784425 0.4059494101891958 0
1002 0.3906249999987575 0.02706329342347146 0
1003 0.2031254371322586 0.8389623551663188 0
1004 0.1110439989289177 0.7839591805844655 0
1005 0.8124999974697695 0.2165063553762457 0
1006 0.7343749981754444 0.1353164726147184 0
1007 0.859374999893742 0.02706329628206072 0
1008 0.4999999913027372 0.5412658777888869 0
1009 0.2187499997144964 0.4330126895784186 0
1010 0.656249988663279 0.7036456420529382 0
1011 0.7812499867961802 0.8118986577152146 0
1012 0.406249990755424 0.5953924638980561 0
1013 0.4218749909685453 0.5683291706346147 0
1014 0.4687499912516896 0.5412658773424891 0
1015 0.7031249984936861 0.1353164721263189 0
1016 0.3906249928786999 0.4600759953295456 0
1017 0.2031250034162829 0.2435696332906319 0
1018 0.7499999964508367 0.4330127046159942 0
1019 0.1096761435061032 0.5687763915594277 0
1020 0.3749999999540342 0.05412658411936678 0
1021 0.4687499884023137 0.7577722247687851 0
1022 0.2187500031847557 0.2706329270690475 0
1023 0.8593749974866935 0.3518228239400375 0
1024 0.09229543643159023 0.9446883350843136 0
1025 0.5312499899646431 0.6495190530879268 0
1026 0.5468749998354083 0.02706329424105994 0
1027 0.5312499997447265 0.05412658854692944 0
1028 0.531249988545937 0.7577722266549072 0
1029 0.718749992707158 0.5412658802574977 0
1030 0.531249999190581 0.1082531765460357 0
1031 0.6406249904753235 0.5683291729319868 0
1032 0.5624999904469222 0.5953924658429602 0
1033 0.3124999936845138 0.5953924571877596 0
1034 0.6406249891494862 0.6765823480014218 0
1035 0.5781249911342631 0.5142025849089722 0
1036 0.5937499912660474 0.487139291370531 0
1037 0.8124999945099288 0.4871392922561928 0
1038 0.5937499881373444 0.7577722282693161 0
1039 0.4218750006280111 0.08118987929222367 0
1040 0.2343750050488018 0.7307089133132224 0
1041 0.2812500032847018 0.2165063400893381 0
1042 0.9207398984915103 0.5133774712695915 0
1043 0.656249990127206 0.5953924669208593 0
1044 0.2187500996087553 0.6495189785769702 0
1045 0.5312499847301623 0.8660254021121361 0
1046 0.8437499915577615 0.5412658815445712 0
1047 0.7343749959429791 0.4600759982803031 0
1048 0.546874996960199 0.2435696464647164 0
1049 0.5781249900712812 0.6224557597352817 0
1050 0.7187499891906568 0.6495190553990047 0
1051 0.2187500558122684 0.7036455905349612 0
1052 0.2656249919086296 0.6765823356818236 0
1053 0.2343750206284176 0.6765823180687898 0
1054 0.1093531550380352 0.08119316971555755 0
1055 0.2031251182150863 0.622455673938535 0
1056 0.1249963624301261 0.1082537135325473 0
1057 0.6249999878615228 0.757772228928147 0
1058 0.656249992413571 0.4330127064277396 0
1059 0.6718749930138403 0.4059494126238297 0
1060 0.3281250035873029 0.1894430467704455 0
1061 0.5468749901778459 0.6224557594526822 0
1062 0.5468749992347011 0.08118988284362229 0
1063 0.4687499850276185 0.8660074757199103 0
1064 0.843749986328073 0.8660115949199293 0
1065 0.6249999888412009 0.7036456415854799 0
1066 0.7343749887443605 0.6765823495305003 0
1067 0.4687499999721935 0.2165063466481426 0
1068 0.1874962725184306 0.487141352154657 0
1069 0.1718711847365046 0.460078107293892 0
1070 0.1718755912433859 0.6224553997033804 0
1071 0.1874993640649711 0.4330130429297849 0
1072 0.2187500025061772 0.3247595147768468 0
1073 0.7031249870190716 0.7848355098610691 0
1074 0.8749999875662304 0.757772233168178 0
1075 0.5468749896513243 0.6765823469070892 0
1076 0.8906867898716984 0.839063385652782 0
1077 0.8749999865989544 0.8660254080192238 0
1078 0.3437500031864152 0.2165063404610523 0
1079 0.2031246971433175 0.5142027378196838 0
1080 0.8437499981456307 0.1082531804969152 0
1081 0.2968750035859942 0.1894430464449835 0
1082 0.531249989545 0.7036456404726924 0
1083 0.09276445688399279 0.216696515783539 0
1084 0.7031249942390521 0.3518228246608825 0
1085 0.7031249978970167 0.1894430598882802 0
1086 0.2031253500694245 0.6765821267152483 0
1087 0.6093749885351363 0.7307089349596473 0
1088 0.1562500028486402 0.324759513637236 0
1089 0.874971533886416 0.81192812514247 0
1090 0.7187499981073781 0.1623797661530442 0
1091 0.5468749857471058 0.838961534868129 0
1092 0.140575929717973 0.4601033216610345 0
1093 0.5781249888321923 0.7307089343405302 0
1094 0.2499999926433982 0.7577722140254255 0
1095 0.7656249973851457 0.2435696481449409 0
1096 0.7499999976279605 0.2165063542478939 0
1097 0.7031249964432457 0.4059494111635678 0
1098 0.3750000031394656 0.2165063407714061 0
1099 0.5468749919444076 0.4600759974195884 0
1100 0.890410143041991 0.784793200501184 0
1101 0.9058945295066539 0.7576197724343051 0
1102 0.2031250030746266 0.2976962207458817 0
1103 0.7187499978930152 0.2165063536803908 0
1104 0.1247808888788328 0.4329250501116851 0
1105 0.2343749914475328 0.7848355075424542 0
1106 0.09314901454110808 0.4330114589602428 0
1107 0.687499991852718 0.5412658799093887 0
1108 0.5468749889789811 0.730708933817568 0
1109 0.8281249973259712 0.2976962365669658 0
1110 0.578124991718397 0.4600759981359819 0
1111 0.2499999880280742 0.8118961174030734 0
1112 0.7656249972990772 0.2976962357189429 0
1113 0.9413200429879712 0.7553464513522162 0
1114 0.8124999918434724 0.5412658812087289 0
1115 0.4062500025580856 0.2165063413004088 0
1116 0.1875000025557328 0.3247595143789115 0
1117 0.2343751314213456 0.8389590466486648 0
1118 0.7968749972343518 0.2976962360913693 0
1119 0.8906249974280276 0.1353164743004461 0
1120 0.9072665742570436 0.3784416241398143 0
1121 0.1406250032918641 0.2976962201821221 0
1122 0.2500000789624859 0.8659610831647212 0
1123 0.6093749916436867 0.4600759984805841 0
1124 0.8751694255577585 0.3788120354738203 0
1125 0.7656249902671324 0.5683291752406742 0
1126 0.7343749912413337 0.5683291741612513 0
1127 0.6406249915482236 0.460075998849038 0
1128 0.2347705675678836 0.8930716745594998 0
1129 0.9060989227641244 0.1083404038080856 0
1130 0.5156249893094883 0.7307089334240873 0
1131 0.4843749888926291 0.7307089324499825 0
1132 0.1093750032061298 0.2976962195763864 0
1133 0.453124988828021 0.7307089312254034 0
1134 0.7812499930180319 0.5412658802307194 0
1135 0.07994560457360153 0.2987385262012254 0
1136 0.4374999891866838 0.7036456377242462 0
1137 0.8437499942352589 0.4330127043806412 0
1138 0.8593749935141529 0.4600759993543009 0
1139 0.843749993205603 0.4871392929323117 0
1140 0.828124992807754 0.5142025870456778 0
1141 0.8594032331866117 0.4059370644744182 0
1142 0.4531250012413176 0.1894430512838317 0
1143 0.4062499883013786 0.7036456360640228 0
1144 0.4375000011135628 0.2165063420001731 0
1145 0.9354669628839958 0.1084750813923004 0
1146 0.2968749948794317 0.5142025759217657 0
1147 0.3437499943645004 0.4871392878096305 0
1148 0.3906249884420351 0.6765823417148992 0
1149 0.3593749944918066 0.4600759934891031 0
1150 0.4687499989907489 0.2706329373342593 0
1151 0.3749999898013244 0.6495190474640411 0
1152 0.3593749905729457 0.6224557535472154 0
1153 0.4218749986731611 0.2976962291908989 0
1154 0.312499998381893 0.378886108098869 0
1155 0.3437499918453842 0.5953924597607353 0
1156 0.1718750010565189 0.02706328964041926 0
1157 0.3281249977124335 0.3518228178120534 0
1158 0.1562500019134409 0.05412658021540916 0
1159 0.3437499986840174 0.3247595221176379 0
1160 0.3281249920463112 0.5683291651430388 0
1161 0.312499993617649 0.5412658708233961 0
1162 0.4531249994568219 0.1353164643033603 0
1163 0.4687500001342715 0.1623797596992124 0
1164 0.4218750020410373 0.1353164635590628 0
1165 0.3437499964247214 0.4330126980707565 0
1166 0.3281249971595209 0.4059494030096342 0
1167 0.3906249999549377 0.08118987532291032 0
1168 0.4062500014149042 0.1082531700435998 0
1169 0.3593750009483575 0.0811898748597786 0
1170 0.3437500003137596 0.05412658162598094 0
1171 0.3124999999551688 0.05412658107966019 0
1172 0.28124999979366 0.0541265808185034 0
1173 0.2031250000652804 0.02706328898815769 0
1174 0.2500000000204639 0.05412658087906874 0
1175 0.1250034548917137 0.05412303425836517 0
1176 0.2187500002576896 0.05412658016135385 0
1177 0.4531250012324357 0.2435696404146165 0
1178 0.06222883752961385 0.05304428417040163 0
1179 0.09372955695104686 0.05392078257862465 0
1180 0.09383702694774874 0.649468787147948 0
1181 0.1076041675726978 0.8406507063300721 0
1182 0.9740567365854775 0.8567970472805941 0
1183 0.1135376023004203 0.8931294102642933 0
1184 0.9536780944264223 0.9742411599690055 0
1185 0.9739886456432587 0.04660345607966554 0
1186 0.02860122848357715 0.9508256923076712 0
1187 0.04782342036702528 0.0256440174413578 0
1188 0.07854772150504272 0.5693867593623154 0
1189 0.07556072541427084 0.921445693990488 0
1190 0.9736429202576597 0.6397396241122032 0
1191 0.9735732413628042 0.1724418995921336 0
1192 0.1447457317193985 0.9740221319179698 0
1193 0.172639677379498 0.9786862623017896 0
1194 0.2021309501721449 0.9425366188641301 0
1195 0.2508640434022676 0.9142966823406187 0
1196 0.2791386182306936 0.9179414159254804 0
1197 0.3126667853656711 0.9505376389143909 0
1198 0.3634907180036105 0.9740757705170033 0
1199 0.3914481399375857 0.9788455509757586 0
1200 0.421874986212842 0.9413187695110556 0
1201 0.4531249963911938 0.9786177387110742 0
1202 0.4843749858919122 0.94129621044387 0
1203 0.5156249964811235 0.9786177390361559 0
1204 0.5458333205283831 0.9411720874572761 0
1205 0.5824652727912106 0.9737860137226533 0
1206 0.6102430509403435 0.9787876012091311 0
1207 0.6406249864582084 0.9412973725753512 0
1208 0.6718749967871128 0.9786177398399105 0
1209 0.7031249870208109 0.9413187757102567 0
1210 0.7644097112939463 0.9411880870921815 0
1211 0.7343749966788722 0.9786177401309072 0
1212 0.8012152738066356 0.9738067071564389 0
1213 0.8289930518990045 0.9787917403545661 0
1214 0.8593724834115429 0.9414464254153011 0
1215 0.8905551149474451 0.9784860471189094 0
1216 0.9208174260601498 0.9406756276536403 0
1217 0.05061602879906205 0.1874384442168332 0
1218 0.9497956068925872 0.406249999866061 0
1219 0.9736973976367609 0.204209188669061 0
1220 0.9741773780787152 0.6073329687022462 0
1221 0.9510739347233447 0.7886562909394086 0
1222 0.05476580962950271 0.7867400889028657 0
1223 0.05067708390504353 0.6241294000195101 0
1224 0.9504783756016428 0.5596436070555446 0
1225 0.977913932837882 0.8281249999995474 0
1226 0.950072518664965 0.2506537151432237 0
1227 0.04911967574907351 0.25231939490872 0
1228 0.0517056668242315 0.567583395480014 0
1229 0.9786512867820569 0.4531249999988197 0
1230 0.05136242457243879 0.3479580544496633 0
1231 0.9487342805680365 0.3487051686932466 0
1232 0.04624049944837882 0.4099045943643793 0
1233 0.9459953841962142 0.9468330610455186 0
1234 0.9480273241456003 0.1310452440294468 0
1235 0.09840307665406445 0.80892052416489 0
1236 0.9481077484130992 0.6810224872965669 0
1237 0.02091234933927187 0.7340092091740794 0
1238 0.02052531503382865 0.0790101328338807 0
1239 0.9476866628973446 0.7259113365368098 0
1240 0.9477671238958466 0.08623798847152359 0
1241 0.9477736677100408 0.8967712194435025 0
1242 0.9475158721902986 0.5109641630798532 0
1243 0.9474650123241323 0.3009640304020534 0
1244 0.05253498935004784 0.3009640108465795 0
1245 0.02016674640359774 0.6722364984057926 0
1246 0.02097877509077519 0.1385400116023922 0
1247 0.0215306592434794 0.4574752895253819 0
1248 0.02287658785370849 0.977123412330977 0
1249 0.9771234126426017 0.0228765879548113 0
1250 0.02287658781010747 0.02287658774474477 0
1251 0.9771234122476363 0.9771234123271747 0
1252 0.01923944922606223 0.5156384023676199 0
1253 0.2244849212465174 0.9508084497696423 0
1254 0.3344345856957563 0.9423579747838287 0
1255 0.1017215976206581 0.8717471878235603 0
1256 0.1155148317340308 0.9402179563843678 0
1257 0.1017708128336445 0.9169279306897853 0
1258 0.02126610945652072 0.4148994133974933 0
1259 0.04869606890026345 0.9280940650315348 0
1260 0.9591748349724922 0.8138284439585234 0
1261 0.9568667938238697 0.5331027183658602 0
1262 0.9568129789037836 0.2795144145739512 0
1263 0.04326410568031439 0.2790848759280334 0
1264 0.07430928850384932 0.8054942017355163 0
$EndNodes
$Elements
2526
1 1 2 10 1 1 5
2 1 2 10 1 5 6
3 1 2 10 1 6 7
4 1 2 10 1 7 8
5 1 2 10 1 8 9
6 1 2 10 1 9 10
7 1 2 10 1 10 11
8 1 2 10 1 11 12
9 1 2 10 1 12 13
10 1 2 10 1 13 14
11 1 2 10 1 14 15
12 1 2 10 1 15 16
13 1 2 10 1 16 17
14 1 2 10 1 17 18
15 1 2 10 1 18 19
16 1 2 10 1 19 20
17 1 2 10 1 20 21
18 1 2 10 1 21 22
19 1 2 10 1 22 23
20 1 2 10 1 23 24
21 1 2 10 1 24 25
22 1 2 10 1 25 26
23 1 2 10 1 26 27
24 1 2 10 1 27 28
25 1 2 10 1 28 29
26 1 2 10 1 29 30
27 1 2 10 1 30 31
28 1 2 10 1 31 32
29 1 2 10 1 32 33
30 1 2 10 1 33 34
31 1 2 10 1 34 35
32 1 2 10 1 35 2
33 1 2 10 2 2 36
34 1 2 10 2 36 37
35 1 2 10 2 37 38
36 1 2 10 2 38 39
37 1 2 10 2 39 40
38 1 2 10 2 40 41
39 1 2 10 2 41 42
40 1 2 10 2 42 43
41 1 2 10 2 43 44
42 1 2 10 2 44 45
43 1 2 10 2 45 46
44 1 2 10 2 46 47
45 1 2 10 2 47 48
46 1 2 10 2 48 49
47 1 2 10 2 49 50
48 1 2 10 2 50 51
49 1 2 10 2 51 52
50 1 2 10 2 52 53
51 1 2 10 2 53 54
52 1 2 10 2 54 55
53 1 2 10 2 55 56
54 1 2 10 2 56 57
55 1 2 10 2 57 58
56 1 2 10 2 58 59
57 1 2 10 2 59 60
58 1 2 10 2 60 61
59 1 2 10 2 61 62
60 1 2 10 2 62 63
61 1 2 10 2 63 64
62 1 2 10 2 64 65
63 1 2 10 2 65 66
64 1 2 10 2 66 3
65 1 2 10 3 3 67
66 1 2 10 3 67 68
67 1 2 10 3 68 69
68 1 2 10 3 69 70
69 1 2 10 3 70 71
70 1 2 10 3 71 72
71 1 2 10 3 72 73
72 1 2 10 3 73 74
73 1 2 10 3 74 75
74 1 2 10 3 75 76
75 1 2 10 3 76 77
76 1 2 10 3 77 78
77 1 2 10 3 78 79
78 1 2 10 3 79 80
79 1 2 10 3 80 81
80 1 2 10 3 81 82
81 1 2 10 3 82 83
82 1 2 10 3 83 84
83 1 2 10 3 84 85
84 1 2 10 3 85 86
85 1 2 10 3 86 87
86 1 2 10 3 87 88
87 1 2 10 3 88 89
88 1 2 10 3 89 90
89 1 2 10 3 90 91
90 1 2 10 3 91 92
91 1 2 10 3 92 93
92 1 2 10 3 93 94
93 1 2 10 3 94 95
94 1 2 10 3 95 96
95 1 2 10 3 96 97
96 1 2 10 3 97 4
97 1 2 10 4 4 98
98 1 2 10 4 98 99
99 1 2 10 4 99 100
100 1 2 10 4 100 101
101 1 2 10 4 101 102
102 1 2 10 4 102 103
103 1 2 10 4 103 104
104 1 2 10 4 104 105
105 1 2 10 4 105 106
106 1 2 10 4 106 107
107 1 2 10 4 107 108
108 1 2 10 4 108 109
109 1 2 10 4 109 110
110 1 2 10 4 110 111
111 1 2 10 4 111 112
112 1 2 10 4 112 113
113 1 2 10 4 113 114
114 1 2 10 4 114 115
115 1 2 10 4 115 116
116 1 2 10 4 116 117
117 1 2 10 4 117 118
118 1 2 10 4 118 119
119 1 2 10 4 119 120
120 1 2 10 4 120 121
121 1 2 10 4 121 122
122 1 2 10 4 122 123
123 1 2 10 4 123 124
124 1 2 10 4 124 125
125 1 2 10 4 125 126
126 1 2 10 4 126 127
127 1 2 10 4 127 128
128 1 2 10 4 128 1
129 2 2 1 1 728 980 159
130 2 2 1 1 722 1182 154
131 2 2 1 1 935 1185 175
132 2 2 1 1 961 1113 166
133 2 2 1 1 154 1241 722
134 2 2 1 1 123 758 148
135 2 2 1 1 159 1229 728
136 2 2 1 1 762 764 158
137 2 2 1 1 714 1120 892
138 2 2 1 1 841 1190 140
139 2 2 1 1 175 1240 935
140 2 2 1 1 152 1191 738
141 2 2 1 1 1113 1239 166
142 2 2 1 1 729 1192 742
143 2 2 1 1 729 1193 1192
144 2 2 1 1 1195 1196 868
145 2 2 1 1 868 1196 867
146 2 2 1 1 923 1198 924
147 2 2 1 1 923 1199 1198
148 2 2 1 1 730 1213 1212
149 2 2 1 1 730 1212 744
150 2 2 1 1 741 1206 1205
151 2 2 1 1 741 1205 734
152 2 2 1 1 679 1083 964
153 2 2 1 1 967 976 676
154 2 2 1 1 141 753 745
155 2 2 1 1 782 1219 143
156 2 2 1 1 140 1236 841
157 2 2 1 1 163 1220 838
158 2 2 1 1 472 1106 992
159 2 2 1 1 180 1178 752
160 2 2 1 1 738 1234 152
161 2 2 1 1 134 759 755
162 2 2 1 1 964 1083 647
163 2 2 1 1 711 991 920
164 2 2 1 1 892 1120 721
165 2 2 1 1 991 992 920
166 2 2 1 1 145 1193 729
167 2 2 1 1 729 1194 145
168 2 2 1 1 660 1195 868
169 2 2 1 1 162 1199 923
170 2 2 1 1 923 1200 162
171 2 2 1 1 129 1201 731
172 2 2 1 1 731 1202 129
173 2 2 1 1 165 1203 732
174 2 2 1 1 732 1204 165
175 2 2 1 1 741 1207 135
176 2 2 1 1 135 1206 741
177 2 2 1 1 168 1208 824
178 2 2 1 1 824 1209 168
179 2 2 1 1 778 1210 142
180 2 2 1 1 142 1211 778
181 2 2 1 1 730 1214 149
182 2 2 1 1 149 1213 730
183 2 2 1 1 176 1215 733
184 2 2 1 1 733 1216 176
185 2 2 1 1 742 1192 156
186 2 2 1 1 661 1197 867
187 2 2 1 1 867 1196 661
188 2 2 1 1 924 1198 139
189 2 2 1 1 731 1201 162
190 2 2 1 1 162 1200 731
191 2 2 1 1 129 1202 732
192 2 2 1 1 732 1203 129
193 2 2 1 1 142 1210 744
194 2 2 1 1 744 1212 142
195 2 2 1 1 149 1214 733
196 2 2 1 1 733 1215 149
197 2 2 1 1 135 1207 824
198 2 2 1 1 165 1204 734
199 2 2 1 1 734 1205 165
200 2 2 1 1 824 1208 135
201 2 2 1 1 168 1209 778
202 2 2 1 1 778 1211 168
203 2 2 1 1 868 1253 660
204 2 2 1 1 139 1254 924
205 2 2 1 1 156 1256 742
206 2 2 1 1 124 758 123
207 2 2 1 1 758 1217 148
208 2 2 1 1 141 1237 753
209 2 2 1 1 755 1245 134
210 2 2 1 1 763 764 762
211 2 2 1 1 143 1226 782
212 2 2 1 1 752 1238 180
213 2 2 1 1 992 1106 761
214 2 2 1 1 472 992 991
215 2 2 1 1 838 1224 163
216 2 2 1 1 976 1228 676
217 2 2 1 1 892 1218 714
218 2 2 1 1 478 763 622
219 2 2 1 1 176 1233 1184
220 2 2 1 1 838 1220 840
221 2 2 1 1 740 1219 782
222 2 2 1 1 153 752 750
223 2 2 1 1 137 1244 748
224 2 2 1 1 727 1243 989
225 2 2 1 1 1216 1233 176
226 2 2 1 1 41 1219 1191
227 2 2 1 1 1190 1220 55
228 2 2 1 1 167 754 753
229 2 2 1 1 955 1242 726
230 2 2 1 1 749 762 130
231 2 2 1 1 167 755 754
232 2 2 1 1 964 1217 679
233 2 2 1 1 738 1191 740
234 2 2 1 1 920 1232 161
235 2 2 1 1 676 1223 967
236 2 2 1 1 840 1190 841
237 2 2 1 1 750 757 153
238 2 2 1 1 724 1241 965
239 2 2 1 1 178 1185 935
240 2 2 1 1 179 1186 960
241 2 2 1 1 725 1182 722
242 2 2 1 1 992 1232 920
243 2 2 1 1 1145 1240 966
244 2 2 1 1 764 1228 158
245 2 2 1 1 578 763 478
246 2 2 1 1 728 955 726
247 2 2 1 1 130 760 749
248 2 2 1 1 622 763 749
249 2 2 1 1 962 1239 902
250 2 2 1 1 158 1252 762
251 2 2 1 1 180 1187 1178
252 2 2 1 1 982 1244 137
253 2 2 1 1 989 1243 169
254 2 2 1 1 902 1236 962
255 2 2 1 1 980 1218 159
256 2 2 1 1 874 1181 872
257 2 2 1 1 966 1234 1145
258 2 2 1 1 1191 1219 740
259 2 2 1 1 840 1220 1190
260 2 2 1 1 132 1242 955
261 2 2 1 1 965 1233 724
262 2 2 1 1 505 784 756
263 2 2 1 1 675 1180 759
264 2 2 1 1 1186 1259 960
265 2 2 1 1 759 1180 756
266 2 2 1 1 961 1221 1113
267 2 2 1 1 745 1222 141
268 2 2 1 1 748 1230 137
269 2 2 1 1 989 1231 727
270 2 2 1 1 965 1241 154
271 2 2 1 1 756 784 754
272 2 2 1 1 656 757 750
273 2 2 1 1 674 757 656
274 2 2 1 1 749 763 762
275 2 2 1 1 755 756 754
276 2 2 1 1 1181 1255 872
277 2 2 1 1 756 1180 505
278 2 2 1 1 966 1240 175
279 2 2 1 1 674 758 757
280 2 2 1 1 158 1228 976
281 2 2 1 1 166 1239 962
282 2 2 1 1 578 764 763
283 2 2 1 1 755 759 756
284 2 2 1 1 153 1238 752
285 2 2 1 1 968 1262 1226
286 2 2 1 1 1227 1263 172
287 2 2 1 1 948 1153 946
288 2 2 1 1 526 1159 808
289 2 2 1 1 641 767 766
290 2 2 1 1 641 766 526
291 2 2 1 1 402 1153 948
292 2 2 1 1 766 1159 526
293 2 2 1 1 34 936 33
294 2 2 1 1 155 933 931
295 2 2 1 1 32 1007 31
296 2 2 1 1 1029 1107 553
297 2 2 1 1 554 769 625
298 2 2 1 1 928 937 147
299 2 2 1 1 554 770 769
300 2 2 1 1 366 1084 364
301 2 2 1 1 31 938 30
302 2 2 1 1 685 1107 1029
303 2 2 1 1 769 1127 625
304 2 2 1 1 31 1007 938
305 2 2 1 1 379 801 799
306 2 2 1 1 29 940 28
307 2 2 1 1 935 936 178
308 2 2 1 1 178 936 34
309 2 2 1 1 147 938 928
310 2 2 1 1 931 1007 155
311 2 2 1 1 170 939 768
312 2 2 1 1 379 803 801
313 2 2 1 1 33 936 155
314 2 2 1 1 30 938 147
315 2 2 1 1 1144 1177 947
316 2 2 1 1 155 1007 32
317 2 2 1 1 155 936 933
318 2 2 1 1 553 1107 770
319 2 2 1 1 1125 1134 997
320 2 2 1 1 945 1084 372
321 2 2 1 1 364 1084 803
322 2 2 1 1 945 1097 1059
323 2 2 1 1 1067 1142 193
324 2 2 1 1 1059 1097 626
325 2 2 1 1 422 909 798
326 2 2 1 1 946 1153 641
327 2 2 1 1 798 909 799
328 2 2 1 1 27 958 26
329 2 2 1 1 1058 1059 626
330 2 2 1 1 420 770 579
331 2 2 1 1 364 803 361
332 2 2 1 1 625 1058 626
333 2 2 1 1 1067 1144 1142
334 2 2 1 1 908 990 138
335 2 2 1 1 799 909 379
336 2 2 1 1 937 940 147
337 2 2 1 1 769 770 420
338 2 2 1 1 1114 1140 1046
339 2 2 1 1 25 949 24
340 2 2 1 1 372 1084 366
341 2 2 1 1 476 941 777
342 2 2 1 1 147 940 29
343 2 2 1 1 713 1124 1120
344 2 2 1 1 713 1120 714
345 2 2 1 1 372 1097 945
346 2 2 1 1 703 1147 704
347 2 2 1 1 798 812 422
348 2 2 1 1 815 1146 704
349 2 2 1 1 361 803 379
350 2 2 1 1 625 1127 1058
351 2 2 1 1 553 770 554
352 2 2 1 1 24 949 774
353 2 2 1 1 704 1146 985
354 2 2 1 1 450 1126 1029
355 2 2 1 1 28 940 170
356 2 2 1 1 24 774 23
357 2 2 1 1 1125 1126 450
358 2 2 1 1 389 880 853
359 2 2 1 1 426 808 343
360 2 2 1 1 771 822 565
361 2 2 1 1 476 777 776
362 2 2 1 1 768 958 170
363 2 2 1 1 703 1149 1147
364 2 2 1 1 790 1062 775
365 2 2 1 1 827 1083 679
366 2 2 1 1 808 1159 678
367 2 2 1 1 853 880 767
368 2 2 1 1 170 940 939
369 2 2 1 1 801 803 802
370 2 2 1 1 662 823 564
371 2 2 1 1 138 990 949
372 2 2 1 1 565 823 771
373 2 2 1 1 170 958 27
374 2 2 1 1 138 958 908
375 2 2 1 1 26 958 138
376 2 2 1 1 476 776 680
377 2 2 1 1 773 790 775
378 2 2 1 1 138 949 25
379 2 2 1 1 641 1153 767
380 2 2 1 1 783 880 389
381 2 2 1 1 1026 1027 131
382 2 2 1 1 207 1001 208
383 2 2 1 1 431 994 531
384 2 2 1 1 822 879 565
385 2 2 1 1 776 821 680
386 2 2 1 1 812 813 422
387 2 2 1 1 1029 1126 685
388 2 2 1 1 355 813 353
389 2 2 1 1 696 1095 628
390 2 2 1 1 564 823 565
391 2 2 1 1 948 1150 402
392 2 2 1 1 895 899 896
393 2 2 1 1 311 787 678
394 2 2 1 1 810 811 796
395 2 2 1 1 526 808 426
396 2 2 1 1 704 1147 815
397 2 2 1 1 662 824 823
398 2 2 1 1 818 819 817
399 2 2 1 1 993 1080 930
400 2 2 1 1 23 774 164
401 2 2 1 1 343 808 787
402 2 2 1 1 811 812 796
403 2 2 1 1 422 813 355
404 2 2 1 1 262 1091 264
405 2 2 1 1 772 826 337
406 2 2 1 1 831 832 681
407 2 2 1 1 454 820 804
408 2 2 1 1 131 1027 807
409 2 2 1 1 260 826 262
410 2 2 1 1 337 826 260
411 2 2 1 1 773 775 164
412 2 2 1 1 780 1083 827
413 2 2 1 1 531 994 848
414 2 2 1 1 804 806 454
415 2 2 1 1 389 850 783
416 2 2 1 1 337 879 772
417 2 2 1 1 827 882 780
418 2 2 1 1 792 988 342
419 2 2 1 1 899 900 896
420 2 2 1 1 450 1134 1125
421 2 2 1 1 506 800 556
422 2 2 1 1 787 808 678
423 2 2 1 1 832 981 681
424 2 2 1 1 821 830 680
425 2 2 1 1 878 1023 877
426 2 2 1 1 816 818 817
427 2 2 1 1 409 793 430
428 2 2 1 1 928 938 929
429 2 2 1 1 401 1001 207
430 2 2 1 1 780 882 341
431 2 2 1 1 510 830 821
432 2 2 1 1 799 801 800
433 2 2 1 1 335 996 469
434 2 2 1 1 804 820 805
435 2 2 1 1 977 1095 696
436 2 2 1 1 409 852 793
437 2 2 1 1 879 995 563
438 2 2 1 1 806 996 454
439 2 2 1 1 530 849 699
440 2 2 1 1 848 994 786
441 2 2 1 1 317 1022 1017
442 2 2 1 1 794 797 508
443 2 2 1 1 843 902 900
444 2 2 1 1 796 1048 810
445 2 2 1 1 770 1107 579
446 2 2 1 1 900 902 901
447 2 2 1 1 430 793 785
448 2 2 1 1 205 788 390
449 2 2 1 1 419 844 447
450 2 2 1 1 569 1016 634
451 2 2 1 1 826 1091 262
452 2 2 1 1 164 774 773
453 2 2 1 1 447 844 842
454 2 2 1 1 312 787 311
455 2 2 1 1 807 957 131
456 2 2 1 1 333 978 852
457 2 2 1 1 486 863 484
458 2 2 1 1 852 978 793
459 2 2 1 1 1017 1022 694
460 2 2 1 1 984 1018 690
461 2 2 1 1 370 876 373
462 2 2 1 1 779 876 370
463 2 2 1 1 886 999 689
464 2 2 1 1 842 899 447
465 2 2 1 1 806 997 996
466 2 2 1 1 930 1080 927
467 2 2 1 1 560 809 346
468 2 2 1 1 797 800 508
469 2 2 1 1 796 812 795
470 2 2 1 1 437 851 401
471 2 2 1 1 1060 1081 462
472 2 2 1 1 561 790 773
473 2 2 1 1 565 879 563
474 2 2 1 1 249 979 327
475 2 2 1 1 775 1062 1027
476 2 2 1 1 447 899 895
477 2 2 1 1 508 833 794
478 2 2 1 1 828 1012 523
479 2 2 1 1 560 810 809
480 2 2 1 1 912 913 889
481 2 2 1 1 454 996 335
482 2 2 1 1 510 821 511
483 2 2 1 1 942 1005 628
484 2 2 1 1 925 1073 247
485 2 2 1 1 922 923 546
486 2 2 1 1 342 1045 792
487 2 2 1 1 791 865 609
488 2 2 1 1 795 812 798
489 2 2 1 1 691 1081 1060
490 2 2 1 1 430 994 431
491 2 2 1 1 831 884 830
492 2 2 1 1 988 1063 340
493 2 2 1 1 681 1011 831
494 2 2 1 1 590 816 589
495 2 2 1 1 484 863 505
496 2 2 1 1 843 900 899
497 2 2 1 1 512 830 510
498 2 2 1 1 466 780 341
499 2 2 1 1 792 1063 988
500 2 2 1 1 640 1012 828
501 2 2 1 1 253 981 246
502 2 2 1 1 876 878 877
503 2 2 1 1 810 1048 195
504 2 2 1 1 831 1011 884
505 2 2 1 1 609 864 791
506 2 2 1 1 887 912 889
507 2 2 1 1 470 844 419
508 2 2 1 1 794 833 686
509 2 2 1 1 560 974 811
510 2 2 1 1 529 849 530
511 2 2 1 1 782 791 613
512 2 2 1 1 999 1014 689
513 2 2 1 1 508 800 506
514 2 2 1 1 373 876 381
515 2 2 1 1 816 817 589
516 2 2 1 1 861 1052 284
517 2 2 1 1 580 1086 485
518 2 2 1 1 208 1001 211
519 2 2 1 1 367 779 370
520 2 2 1 1 511 821 566
521 2 2 1 1 274 915 914
522 2 2 1 1 806 1125 997
523 2 2 1 1 117 919 161
524 2 2 1 1 452 983 351
525 2 2 1 1 772 879 822
526 2 2 1 1 536 922 546
527 2 2 1 1 820 979 805
528 2 2 1 1 252 903 254
529 2 2 1 1 800 801 556
530 2 2 1 1 926 927 591
531 2 2 1 1 775 1027 1026
532 2 2 1 1 317 322 321
533 2 2 1 1 1105 1111 495
534 2 2 1 1 204 850 389
535 2 2 1 1 582 983 452
536 2 2 1 1 337 995 879
537 2 2 1 1 695 1116 1088
538 2 2 1 1 854 915 393
539 2 2 1 1 386 1016 569
540 2 2 1 1 549 679 674
541 2 2 1 1 914 915 854
542 2 2 1 1 789 790 561
543 2 2 1 1 568 905 384
544 2 2 1 1 101 875 100
545 2 2 1 1 908 958 768
546 2 2 1 1 7 894 174
547 2 2 1 1 202 788 205
548 2 2 1 1 788 833 390
549 2 2 1 1 593 816 590
550 2 2 1 1 384 905 213
551 2 2 1 1 599 864 600
552 2 2 1 1 118 919 117
553 2 2 1 1 290 943 825
554 2 2 1 1 256 903 252
555 2 2 1 1 383 1047 378
556 2 2 1 1 919 920 161
557 2 2 1 1 511 566 564
558 2 2 1 1 203 402 201
559 2 2 1 1 100 875 173
560 2 2 1 1 1021 1133 1131
561 2 2 1 1 348 974 560
562 2 2 1 1 566 662 564
563 2 2 1 1 1104 1106 472
564 2 2 1 1 296 299 298
565 2 2 1 1 245 979 249
566 2 2 1 1 645 814 528
567 2 2 1 1 303 424 301
568 2 2 1 1 610 954 727
569 2 2 1 1 1109 1118 627
570 2 2 1 1 571 918 573
571 2 2 1 1 203 853 402
572 2 2 1 1 318 885 285
573 2 2 1 1 850 904 783
574 2 2 1 1 517 518 466
575 2 2 1 1 532 533 428
576 2 2 1 1 369 781 779
577 2 2 1 1 873 986 871
578 2 2 1 1 926 928 927
579 2 2 1 1 799 800 797
580 2 2 1 1 469 471 470
581 2 2 1 1 131 957 20
582 2 2 1 1 406 412 407
583 2 2 1 1 119 982 137
584 2 2 1 1 386 569 568
585 2 2 1 1 803 1084 802
586 2 2 1 1 463 529 467
587 2 2 1 1 528 814 440
588 2 2 1 1 157 866 89
589 2 2 1 1 872 873 871
590 2 2 1 1 749 760 702
591 2 2 1 1 549 656 479
592 2 2 1 1 540 952 661
593 2 2 1 1 1006 1090 1015
594 2 2 1 1 246 981 243
595 2 2 1 1 357 909 422
596 2 2 1 1 331 1011 255
597 2 2 1 1 463 467 462
598 2 2 1 1 277 893 276
599 2 2 1 1 121 963 172
600 2 2 1 1 781 878 779
601 2 2 1 1 171 917 13
602 2 2 1 1 895 896 411
603 2 2 1 1 750 751 657
604 2 2 1 1 159 891 48
605 2 2 1 1 412 1019 442
606 2 2 1 1 350 974 348
607 2 2 1 1 45 169 44
608 2 2 1 1 183 957 807
609 2 2 1 1 288 943 290
610 2 2 1 1 550 747 647
611 2 2 1 1 274 914 913
612 2 2 1 1 521 950 460
613 2 2 1 1 446 882 827
614 2 2 1 1 655 784 576
615 2 2 1 1 499 501 498
616 2 2 1 1 281 861 284
617 2 2 1 1 512 831 830
618 2 2 1 1 516 517 466
619 2 2 1 1 404 1140 1114
620 2 2 1 1 708 950 521
621 2 2 1 1 571 572 570
622 2 2 1 1 600 864 603
623 2 2 1 1 713 714 649
624 2 2 1 1 206 850 204
625 2 2 1 1 605 620 614
626 2 2 1 1 441 1013 567
627 2 2 1 1 807 1027 619
628 2 2 1 1 299 300 298
629 2 2 1 1 100 173 99
630 2 2 1 1 711 748 710
631 2 2 1 1 7 174 6
632 2 2 1 1 407 921 405
633 2 2 1 1 386 568 384
634 2 2 1 1 328 895 411
635 2 2 1 1 20 957 19
636 2 2 1 1 791 864 613
637 2 2 1 1 857 912 887
638 2 2 1 1 760 765 761
639 2 2 1 1 469 996 617
640 2 2 1 1 157 867 866
641 2 2 1 1 200 202 201
642 2 2 1 1 302 303 301
643 2 2 1 1 569 571 570
644 2 2 1 1 490 973 575
645 2 2 1 1 738 740 614
646 2 2 1 1 163 953 53
647 2 2 1 1 310 312 311
648 2 2 1 1 926 937 928
649 2 2 1 1 181 182 160
650 2 2 1 1 1018 1047 690
651 2 2 1 1 53 953 52
652 2 2 1 1 291 883 408
653 2 2 1 1 830 884 680
654 2 2 1 1 605 614 613
655 2 2 1 1 45 989 169
656 2 2 1 1 465 466 341
657 2 2 1 1 440 814 524
658 2 2 1 1 280 893 277
659 2 2 1 1 185 807 619
660 2 2 1 1 429 532 428
661 2 2 1 1 325 341 326
662 2 2 1 1 813 974 353
663 2 2 1 1 456 886 689
664 2 2 1 1 509 789 347
665 2 2 1 1 469 470 419
666 2 2 1 1 869 998 870
667 2 2 1 1 532 646 635
668 2 2 1 1 317 321 316
669 2 2 1 1 330 332 331
670 2 2 1 1 431 463 462
671 2 2 1 1 870 998 874
672 2 2 1 1 532 1056 646
673 2 2 1 1 425 703 424
674 2 2 1 1 825 911 320
675 2 2 1 1 977 1112 363
676 2 2 1 1 192 195 194
677 2 2 1 1 523 1012 688
678 2 2 1 1 645 815 814
679 2 2 1 1 336 882 446
680 2 2 1 1 299 693 300
681 2 2 1 1 887 888 860
682 2 2 1 1 294 883 291
683 2 2 1 1 577 1004 746
684 2 2 1 1 605 829 620
685 2 2 1 1 513 1014 999
686 2 2 1 1 542 632 545
687 2 2 1 1 628 1095 942
688 2 2 1 1 560 811 810
689 2 2 1 1 8 894 7
690 2 2 1 1 583 908 768
691 2 2 1 1 845 846 529
692 2 2 1 1 857 859 856
693 2 2 1 1 544 888 887
694 2 2 1 1 622 749 702
695 2 2 1 1 103 969 869
696 2 2 1 1 836 838 548
697 2 2 1 1 181 183 182
698 2 2 1 1 443 921 407
699 2 2 1 1 577 745 655
700 2 2 1 1 520 1058 705
701 2 2 1 1 304 835 834
702 2 2 1 1 923 924 546
703 2 2 1 1 691 1078 344
704 2 2 1 1 832 1073 925
705 2 2 1 1 573 918 643
706 2 2 1 1 428 978 333
707 2 2 1 1 264 1091 342
708 2 2 1 1 451 452 351
709 2 2 1 1 112 158 111
710 2 2 1 1 473 836 548
711 2 2 1 1 330 416 332
712 2 2 1 1 317 1017 322
713 2 2 1 1 12 144 11
714 2 2 1 1 559 908 583
715 2 2 1 1 18 181 160
716 2 2 1 1 472 991 432
717 2 2 1 1 429 1056 532
718 2 2 1 1 924 952 546
719 2 2 1 1 550 647 518
720 2 2 1 1 681 981 253
721 2 2 1 1 169 968 44
722 2 2 1 1 622 702 701
723 2 2 1 1 89 866 88
724 2 2 1 1 750 752 751
725 2 2 1 1 904 905 568
726 2 2 1 1 446 549 479
727 2 2 1 1 209 850 206
728 2 2 1 1 321 1041 316
729 2 2 1 1 303 425 424
730 2 2 1 1 327 979 820
731 2 2 1 1 297 883 294
732 2 2 1 1 809 810 195
733 2 2 1 1 545 890 888
734 2 2 1 1 339 1011 331
735 2 2 1 1 406 407 405
736 2 2 1 1 907 987 215
737 2 2 1 1 857 860 859
738 2 2 1 1 577 655 576
739 2 2 1 1 583 768 585
740 2 2 1 1 527 947 946
741 2 2 1 1 492 973 490
742 2 2 1 1 684 785 683
743 2 2 1 1 406 413 412
744 2 2 1 1 754 784 655
745 2 2 1 1 805 1066 1050
746 2 2 1 1 947 948 946
747 2 2 1 1 888 890 860
748 2 2 1 1 549 827 679
749 2 2 1 1 393 915 270
750 2 2 1 1 1044 1055 943
751 2 2 1 1 325 326 324
752 2 2 1 1 520 705 519
753 2 2 1 1 811 813 812
754 2 2 1 1 876 877 381
755 2 2 1 1 779 878 876
756 2 2 1 1 373 381 375
757 2 2 1 1 242 247 244
758 2 2 1 1 587 926 588
759 2 2 1 1 344 426 343
760 2 2 1 1 245 246 243
761 2 2 1 1 684 786 785
762 2 2 1 1 896 900 898
763 2 2 1 1 903 910 254
764 2 2 1 1 851 1001 401
765 2 2 1 1 117 161 116
766 2 2 1 1 939 940 937
767 2 2 1 1 862 1052 861
768 2 2 1 1 613 864 599
769 2 2 1 1 296 298 297
770 2 2 1 1 1088 1116 972
771 2 2 1 1 341 882 326
772 2 2 1 1 714 980 649
773 2 2 1 1 566 663 662
774 2 2 1 1 704 985 424
775 2 2 1 1 624 921 443
776 2 2 1 1 275 913 278
777 2 2 1 1 634 918 571
778 2 2 1 1 202 203 201
779 2 2 1 1 158 976 111
780 2 2 1 1 984 1097 372
781 2 2 1 1 424 985 301
782 2 2 1 1 310 313 312
783 2 2 1 1 332 338 331
784 2 2 1 1 518 780 466
785 2 2 1 1 517 550 518
786 2 2 1 1 914 916 889
787 2 2 1 1 349 451 351
788 2 2 1 1 28 170 27
789 2 2 1 1 929 1007 931
790 2 2 1 1 928 929 927
791 2 2 1 1 469 617 471
792 2 2 1 1 471 473 470
793 2 2 1 1 192 193 190
794 2 2 1 1 569 570 568
795 2 2 1 1 412 442 407
796 2 2 1 1 529 530 467
797 2 2 1 1 14 906 171
798 2 2 1 1 296 297 294
799 2 2 1 1 760 761 702
800 2 2 1 1 497 500 499
801 2 2 1 1 121 172 120
802 2 2 1 1 371 1018 984
803 2 2 1 1 628 1005 601
804 2 2 1 1 302 304 303
805 2 2 1 1 569 634 571
806 2 2 1 1 896 897 411
807 2 2 1 1 570 904 568
808 2 2 1 1 499 951 501
809 2 2 1 1 274 913 275
810 2 2 1 1 512 832 831
811 2 2 1 1 802 1084 945
812 2 2 1 1 572 783 570
813 2 2 1 1 571 573 572
814 2 2 1 1 620 738 614
815 2 2 1 1 465 516 466
816 2 2 1 1 264 342 266
817 2 2 1 1 487 488 486
818 2 2 1 1 247 248 244
819 2 2 1 1 391 835 309
820 2 2 1 1 186 241 184
821 2 2 1 1 157 868 867
822 2 2 1 1 102 869 150
823 2 2 1 1 505 863 784
824 2 2 1 1 1009 1071 395
825 2 2 1 1 444 1019 412
826 2 2 1 1 854 916 914
827 2 2 1 1 15 906 14
828 2 2 1 1 509 790 789
829 2 2 1 1 537 916 854
830 2 2 1 1 897 1074 910
831 2 2 1 1 436 833 508
832 2 2 1 1 489 863 486
833 2 2 1 1 686 833 788
834 2 2 1 1 969 998 869
835 2 2 1 1 703 704 424
836 2 2 1 1 435 854 393
837 2 2 1 1 432 433 398
838 2 2 1 1 913 914 889
839 2 2 1 1 195 1048 196
840 2 2 1 1 745 753 655
841 2 2 1 1 577 746 745
842 2 2 1 1 345 346 191
843 2 2 1 1 390 833 436
844 2 2 1 1 395 397 396
845 2 2 1 1 1002 1020 133
846 2 2 1 1 192 809 195
847 2 2 1 1 620 739 738
848 2 2 1 1 596 1080 993
849 2 2 1 1 563 995 439
850 2 2 1 1 979 1066 805
851 2 2 1 1 46 989 45
852 2 2 1 1 289 1033 287
853 2 2 1 1 783 904 570
854 2 2 1 1 209 904 850
855 2 2 1 1 192 194 193
856 2 2 1 1 656 657 479
857 2 2 1 1 857 887 860
858 2 2 1 1 182 581 160
859 2 2 1 1 59 961 166
860 2 2 1 1 656 750 657
861 2 2 1 1 1006 1015 584
862 2 2 1 1 340 1063 434
863 2 2 1 1 587 937 926
864 2 2 1 1 245 249 246
865 2 2 1 1 533 978 428
866 2 2 1 1 119 137 118
867 2 2 1 1 123 148 122
868 2 2 1 1 30 147 29
869 2 2 1 1 406 911 413
870 2 2 1 1 358 359 357
871 2 2 1 1 566 776 663
872 2 2 1 1 202 204 203
873 2 2 1 1 313 314 312
874 2 2 1 1 458 886 456
875 2 2 1 1 929 930 927
876 2 2 1 1 621 624 443
877 2 2 1 1 507 944 520
878 2 2 1 1 530 697 467
879 2 2 1 1 91 956 90
880 2 2 1 1 358 360 359
881 2 2 1 1 302 305 304
882 2 2 1 1 896 898 897
883 2 2 1 1 465 694 516
884 2 2 1 1 488 489 486
885 2 2 1 1 409 430 410
886 2 2 1 1 157 956 868
887 2 2 1 1 200 788 202
888 2 2 1 1 373 375 374
889 2 2 1 1 293 294 291
890 2 2 1 1 975 1031 579
891 2 2 1 1 90 956 157
892 2 2 1 1 409 410 394
893 2 2 1 1 432 480 433
894 2 2 1 1 753 754 655
895 2 2 1 1 345 347 346
896 2 2 1 1 473 548 470
897 2 2 1 1 242 925 247
898 2 2 1 1 196 197 194
899 2 2 1 1 287 318 285
900 2 2 1 1 460 950 522
901 2 2 1 1 373 374 371
902 2 2 1 1 869 870 150
903 2 2 1 1 249 252 246
904 2 2 1 1 145 956 91
905 2 2 1 1 525 946 641
906 2 2 1 1 566 821 776
907 2 2 1 1 202 205 204
908 2 2 1 1 204 389 203
909 2 2 1 1 314 315 312
910 2 2 1 1 137 919 118
911 2 2 1 1 929 931 930
912 2 2 1 1 360 361 359
913 2 2 1 1 358 362 360
914 2 2 1 1 305 306 304
915 2 2 1 1 694 695 516
916 2 2 1 1 336 446 429
917 2 2 1 1 636 637 552
918 2 2 1 1 488 490 489
919 2 2 1 1 614 782 613
920 2 2 1 1 480 709 433
921 2 2 1 1 673 822 771
922 2 2 1 1 347 348 346
923 2 2 1 1 345 509 347
924 2 2 1 1 181 957 183
925 2 2 1 1 196 198 197
926 2 2 1 1 197 1067 194
927 2 2 1 1 252 253 246
928 2 2 1 1 205 206 204
929 2 2 1 1 389 853 203
930 2 2 1 1 931 932 930
931 2 2 1 1 360 363 361
932 2 2 1 1 361 379 359
933 2 2 1 1 306 835 304
934 2 2 1 1 305 307 306
935 2 2 1 1 636 638 637
936 2 2 1 1 688 999 886
937 2 2 1 1 490 575 489
938 2 2 1 1 488 491 490
939 2 2 1 1 348 560 346
940 2 2 1 1 480 710 709
941 2 2 1 1 347 349 348
942 2 2 1 1 688 886 461
943 2 2 1 1 196 199 198
944 2 2 1 1 83 129 82
945 2 2 1 1 205 207 206
946 2 2 1 1 363 364 361
947 2 2 1 1 575 576 489
948 2 2 1 1 307 308 306
949 2 2 1 1 305 395 307
950 2 2 1 1 638 648 637
951 2 2 1 1 164 1026 22
952 2 2 1 1 491 492 490
953 2 2 1 1 52 132 51
954 2 2 1 1 503 951 499
955 2 2 1 1 21 131 20
956 2 2 1 1 349 350 348
957 2 2 1 1 480 711 710
958 2 2 1 1 132 955 51
959 2 2 1 1 196 1048 199
960 2 2 1 1 51 955 50
961 2 2 1 1 54 163 53
962 2 2 1 1 23 164 22
963 2 2 1 1 205 390 207
964 2 2 1 1 363 365 364
965 2 2 1 1 308 309 306
966 2 2 1 1 64 965 154
967 2 2 1 1 57 962 140
968 2 2 1 1 648 726 637
969 2 2 1 1 638 649 648
970 2 2 1 1 743 951 659
971 2 2 1 1 64 154 63
972 2 2 1 1 395 396 307
973 2 2 1 1 90 157 89
974 2 2 1 1 545 888 541
975 2 2 1 1 166 962 58
976 2 2 1 1 92 145 91
977 2 2 1 1 541 544 539
978 2 2 1 1 59 166 58
979 2 2 1 1 57 140 56
980 2 2 1 1 33 155 32
981 2 2 1 1 365 366 364
982 2 2 1 1 65 965 64
983 2 2 1 1 659 951 503
984 2 2 1 1 541 888 544
985 2 2 1 1 648 728 726
986 2 2 1 1 390 401 207
987 2 2 1 1 491 493 492
988 2 2 1 1 26 138 25
989 2 2 1 1 491 514 493
990 2 2 1 1 58 962 57
991 2 2 1 1 742 743 659
992 2 2 1 1 97 179 96
993 2 2 1 1 365 367 366
994 2 2 1 1 648 980 728
995 2 2 1 1 367 368 366
996 2 2 1 1 610 721 611
997 2 2 1 1 21 1026 131
998 2 2 1 1 368 372 366
999 2 2 1 1 542 545 541
1000 2 2 1 1 279 280 277
1001 2 2 1 1 610 727 721
1002 2 2 1 1 610 611 607
1003 2 2 1 1 17 1002 16
1004 2 2 1 1 715 828 523
1005 2 2 1 1 109 134 108
1006 2 2 1 1 49 159 48
1007 2 2 1 1 19 181 18
1008 2 2 1 1 606 610 607
1009 2 2 1 1 522 716 715
1010 2 2 1 1 78 135 77
1011 2 2 1 1 494 496 492
1012 2 2 1 1 44 968 43
1013 2 2 1 1 540 541 539
1014 2 2 1 1 43 143 42
1015 2 2 1 1 22 1026 21
1016 2 2 1 1 38 175 37
1017 2 2 1 1 43 968 143
1018 2 2 1 1 74 142 73
1019 2 2 1 1 522 715 523
1020 2 2 1 1 540 542 541
1021 2 2 1 1 523 688 461
1022 2 2 1 1 103 869 102
1023 2 2 1 1 493 495 494
1024 2 2 1 1 729 742 659
1025 2 2 1 1 493 494 492
1026 2 2 1 1 278 279 277
1027 2 2 1 1 495 1003 494
1028 2 2 1 1 606 607 604
1029 2 2 1 1 540 661 542
1030 2 2 1 1 658 659 503
1031 2 2 1 1 603 609 606
1032 2 2 1 1 658 729 659
1033 2 2 1 1 504 660 658
1034 2 2 1 1 649 980 648
1035 2 2 1 1 538 540 539
1036 2 2 1 1 522 523 461
1037 2 2 1 1 504 658 503
1038 2 2 1 1 651 652 650
1039 2 2 1 1 275 278 277
1040 2 2 1 1 477 651 650
1041 2 2 1 1 603 606 604
1042 2 2 1 1 627 696 628
1043 2 2 1 1 665 731 664
1044 2 2 1 1 538 539 537
1045 2 2 1 1 500 504 503
1046 2 2 1 1 536 546 538
1047 2 2 1 1 460 522 461
1048 2 2 1 1 461 886 458
1049 2 2 1 1 477 650 547
1050 2 2 1 1 340 393 270
1051 2 2 1 1 442 443 407
1052 2 2 1 1 275 277 276
1053 2 2 1 1 559 583 582
1054 2 2 1 1 603 604 602
1055 2 2 1 1 627 628 601
1056 2 2 1 1 543 665 664
1057 2 2 1 1 191 192 190
1058 2 2 1 1 537 854 435
1059 2 2 1 1 525 641 526
1060 2 2 1 1 527 946 525
1061 2 2 1 1 500 503 499
1062 2 2 1 1 536 538 537
1063 2 2 1 1 352 353 350
1064 2 2 1 1 309 835 306
1065 2 2 1 1 460 461 458
1066 2 2 1 1 459 521 460
1067 2 2 1 1 477 547 475
1068 2 2 1 1 356 358 357
1069 2 2 1 1 270 271 269
1070 2 2 1 1 268 340 270
1071 2 2 1 1 319 691 344
1072 2 2 1 1 567 640 639
1073 2 2 1 1 275 276 273
1074 2 2 1 1 419 447 334
1075 2 2 1 1 284 286 285
1076 2 2 1 1 933 936 935
1077 2 2 1 1 559 582 452
1078 2 2 1 1 150 875 101
1079 2 2 1 1 1119 1129 739
1080 2 2 1 1 622 701 621
1081 2 2 1 1 564 565 563
1082 2 2 1 1 600 603 602
1083 2 2 1 1 602 627 601
1084 2 2 1 1 608 818 816
1085 2 2 1 1 189 191 190
1086 2 2 1 1 543 664 535
1087 2 2 1 1 536 537 435
1088 2 2 1 1 525 526 426
1089 2 2 1 1 427 527 525
1090 2 2 1 1 507 519 437
1091 2 2 1 1 506 556 507
1092 2 2 1 1 320 911 406
1093 2 2 1 1 396 972 971
1094 2 2 1 1 626 690 555
1095 2 2 1 1 534 1019 444
1096 2 2 1 1 128 180 127
1097 2 2 1 1 35 178 34
1098 2 2 1 1 126 153 125
1099 2 2 1 1 459 460 458
1100 2 2 1 1 417 477 475
1101 2 2 1 1 356 357 355
1102 2 2 1 1 268 270 269
1103 2 2 1 1 353 974 350
1104 2 2 1 1 319 344 343
1105 2 2 1 1 52 953 132
1106 2 2 1 1 567 639 528
1107 2 2 1 1 328 411 256
1108 2 2 1 1 274 275 273
1109 2 2 1 1 239 243 242
1110 2 2 1 1 719 724 654
1111 2 2 1 1 335 419 334
1112 2 2 1 1 284 285 283
1113 2 2 1 1 567 1013 1012
1114 2 2 1 1 933 935 934
1115 2 2 1 1 558 559 452
1116 2 2 1 1 605 613 599
1117 2 2 1 1 597 829 605
1118 2 2 1 1 195 196 194
1119 2 2 1 1 239 245 243
1120 2 2 1 1 1167 1168 846
1121 2 2 1 1 478 622 621
1122 2 2 1 1 856 858 282
1123 2 2 1 1 855 857 856
1124 2 2 1 1 511 564 563
1125 2 2 1 1 234 237 235
1126 2 2 1 1 439 995 257
1127 2 2 1 1 600 602 601
1128 2 2 1 1 608 816 593
1129 2 2 1 1 189 190 188
1130 2 2 1 1 677 990 558
1131 2 2 1 1 766 767 574
1132 2 2 1 1 434 543 535
1133 2 2 1 1 535 536 435
1134 2 2 1 1 427 525 426
1135 2 2 1 1 699 717 700
1136 2 2 1 1 506 507 437
1137 2 2 1 1 436 508 506
1138 2 2 1 1 687 796 795
1139 2 2 1 1 111 976 110
1140 2 2 1 1 269 1021 267
1141 2 2 1 1 907 1014 987
1142 2 2 1 1 369 779 367
1143 2 2 1 1 394 1041 321
1144 2 2 1 1 625 626 555
1145 2 2 1 1 352 376 354
1146 2 2 1 1 481 534 444
1147 2 2 1 1 562 1050 236
1148 2 2 1 1 60 961 59
1149 2 2 1 1 257 995 258
1150 2 2 1 1 558 990 559
1151 2 2 1 1 457 459 458
1152 2 2 1 1 633 636 552
1153 2 2 1 1 307 971 308
1154 2 2 1 1 325 465 341
1155 2 2 1 1 385 387 386
1156 2 2 1 1 549 674 656
1157 2 2 1 1 585 586 584
1158 2 2 1 1 287 1033 318
1159 2 2 1 1 417 475 418
1160 2 2 1 1 338 339 331
1161 2 2 1 1 354 356 355
1162 2 2 1 1 561 773 677
1163 2 2 1 1 268 269 267
1164 2 2 1 1 368 984 372
1165 2 2 1 1 798 799 797
1166 2 2 1 1 319 343 315
1167 2 2 1 1 278 855 279
1168 2 2 1 1 185 186 184
1169 2 2 1 1 183 807 185
1170 2 2 1 1 846 849 529
1171 2 2 1 1 441 567 528
1172 2 2 1 1 639 645 528
1173 2 2 1 1 327 328 256
1174 2 2 1 1 498 502 496
1175 2 2 1 1 254 330 255
1176 2 2 1 1 707 708 521
1177 2 2 1 1 286 292 288
1178 2 2 1 1 497 499 498
1179 2 2 1 1 288 289 287
1180 2 2 1 1 653 719 654
1181 2 2 1 1 271 274 273
1182 2 2 1 1 239 242 238
1183 2 2 1 1 1085 1103 356
1184 2 2 1 1 329 335 334
1185 2 2 1 1 513 1013 441
1186 2 2 1 1 357 422 355
1187 2 2 1 1 455 457 456
1188 2 2 1 1 212 214 213
1189 2 2 1 1 215 987 385
1190 2 2 1 1 1054 1056 657
1191 2 2 1 1 736 737 735
1192 2 2 1 1 673 734 671
1193 2 2 1 1 281 284 283
1194 2 2 1 1 283 392 280
1195 2 2 1 1 257 258 251
1196 2 2 1 1 587 939 937
1197 2 2 1 1 485 486 484
1198 2 2 1 1 320 406 405
1199 2 2 1 1 933 934 932
1200 2 2 1 1 840 841 839
1201 2 2 1 1 898 1101 1074
1202 2 2 1 1 597 605 599
1203 2 2 1 1 264 266 265
1204 2 2 1 1 342 988 266
1205 2 2 1 1 292 943 288
1206 2 2 1 1 635 644 533
1207 2 2 1 1 392 893 280
1208 2 2 1 1 323 409 394
1209 2 2 1 1 485 487 486
1210 2 2 1 1 311 391 309
1211 2 2 1 1 478 621 443
1212 2 2 1 1 551 837 836
1213 2 2 1 1 855 856 282
1214 2 2 1 1 208 211 210
1215 2 2 1 1 987 1014 513
1216 2 2 1 1 511 563 439
1217 2 2 1 1 285 885 283
1218 2 2 1 1 234 235 231
1219 2 2 1 1 399 1036 421
1220 2 2 1 1 448 553 449
1221 2 2 1 1 485 1086 487
1222 2 2 1 1 600 601 598
1223 2 2 1 1 48 891 47
1224 2 2 1 1 898 1074 897
1225 2 2 1 1 375 380 377
1226 2 2 1 1 775 1026 164
1227 2 2 1 1 431 462 410
1228 2 2 1 1 88 866 139
1229 2 2 1 1 451 558 452
1230 2 2 1 1 416 1100 1089
1231 2 2 1 1 430 431 410
1232 2 2 1 1 871 986 875
1233 2 2 1 1 382 1037 404
1234 2 2 1 1 396 971 307
1235 2 2 1 1 497 1003 500
1236 2 2 1 1 455 456 233
1237 2 2 1 1 370 373 371
1238 2 2 1 1 293 825 320
1239 2 2 1 1 187 189 188
1240 2 2 1 1 215 385 384
1241 2 2 1 1 870 874 872
1242 2 2 1 1 642 766 574
1243 2 2 1 1 561 677 558
1244 2 2 1 1 377 382 378
1245 2 2 1 1 434 535 435
1246 2 2 1 1 344 427 426
1247 2 2 1 1 19 957 181
1248 2 2 1 1 975 1043 1031
1249 2 2 1 1 559 990 908
1250 2 2 1 1 248 615 244
1251 2 2 1 1 603 864 609
1252 2 2 1 1 699 700 698
1253 2 2 1 1 581 1020 1002
1254 2 2 1 1 295 1079 296
1255 2 2 1 1 687 795 794
1256 2 2 1 1 436 506 437
1257 2 2 1 1 301 985 298
1258 2 2 1 1 109 967 134
1259 2 2 1 1 451 789 561
1260 2 2 1 1 442 1019 578
1261 2 2 1 1 646 1056 1054
1262 2 2 1 1 334 895 328
1263 2 2 1 1 483 580 485
1264 2 2 1 1 785 994 430
1265 2 2 1 1 1049 1061 1032
1266 2 2 1 1 151 894 8
1267 2 2 1 1 332 415 338
1268 2 2 1 1 801 802 556
1269 2 2 1 1 413 445 444
1270 2 2 1 1 336 428 333
1271 2 2 1 1 322 324 323
1272 2 2 1 1 415 1077 1064
1273 2 2 1 1 394 1081 1041
1274 2 2 1 1 666 668 667
1275 2 2 1 1 932 993 930
1276 2 2 1 1 1068 1079 921
1277 2 2 1 1 360 977 363
1278 2 2 1 1 338 417 339
1279 2 2 1 1 414 1104 472
1280 2 2 1 1 255 1011 681
1281 2 2 1 1 351 352 350
1282 2 2 1 1 315 787 312
1283 2 2 1 1 378 1047 1018
1284 2 2 1 1 114 130 113
1285 2 2 1 1 925 981 832
1286 2 2 1 1 367 370 368
1287 2 2 1 1 102 150 101
1288 2 2 1 1 927 1080 591
1289 2 2 1 1 556 944 507
1290 2 2 1 1 305 1009 395
1291 2 2 1 1 377 1037 382
1292 2 2 1 1 554 625 555
1293 2 2 1 1 445 483 482
1294 2 2 1 1 445 481 444
1295 2 2 1 1 595 608 593
1296 2 2 1 1 587 588 586
1297 2 2 1 1 185 187 186
1298 2 2 1 1 644 684 683
1299 2 2 1 1 177 965 65
1300 2 2 1 1 494 1003 497
1301 2 2 1 1 323 852 409
1302 2 2 1 1 311 678 391
1303 2 2 1 1 279 855 282
1304 2 2 1 1 496 973 492
1305 2 2 1 1 215 384 213
1306 2 2 1 1 133 906 15
1307 2 2 1 1 110 976 967
1308 2 2 1 1 185 619 187
1309 2 2 1 1 397 414 398
1310 2 2 1 1 451 561 558
1311 2 2 1 1 414 432 398
1312 2 2 1 1 179 959 96
1313 2 2 1 1 395 1071 397
1314 2 2 1 1 457 458 456
1315 2 2 1 1 768 939 585
1316 2 2 1 1 397 1071 515
1317 2 2 1 1 322 325 324
1318 2 2 1 1 104 969 103
1319 2 2 1 1 292 1044 943
1320 2 2 1 1 418 884 339
1321 2 2 1 1 1034 1065 464
1322 2 2 1 1 338 1064 417
1323 2 2 1 1 446 479 429
1324 2 2 1 1 288 290 289
1325 2 2 1 1 385 386 384
1326 2 2 1 1 484 505 482
1327 2 2 1 1 675 676 534
1328 2 2 1 1 442 478 443
1329 2 2 1 1 189 345 191
1330 2 2 1 1 582 1015 983
1331 2 2 1 1 583 585 584
1332 2 2 1 1 266 267 265
1333 2 2 1 1 457 1025 459
1334 2 2 1 1 322 323 321
1335 2 2 1 1 417 418 339
1336 2 2 1 1 413 444 412
1337 2 2 1 1 18 160 17
1338 2 2 1 1 744 941 547
1339 2 2 1 1 949 990 677
1340 2 2 1 1 214 215 213
1341 2 2 1 1 871 875 150
1342 2 2 1 1 773 774 677
1343 2 2 1 1 552 1042 551
1344 2 2 1 1 388 987 513
1345 2 2 1 1 446 827 549
1346 2 2 1 1 442 578 478
1347 2 2 1 1 266 268 267
1348 2 2 1 1 238 1010 235
1349 2 2 1 1 900 901 898
1350 2 2 1 1 532 635 533
1351 2 2 1 1 310 1072 313
1352 2 2 1 1 1041 1081 691
1353 2 2 1 1 352 354 353
1354 2 2 1 1 209 905 904
1355 2 2 1 1 397 398 396
1356 2 2 1 1 316 319 315
1357 2 2 1 1 531 848 847
1358 2 2 1 1 705 706 519
1359 2 2 1 1 336 429 428
1360 2 2 1 1 110 967 109
1361 2 2 1 1 107 167 106
1362 2 2 1 1 1012 1013 688
1363 2 2 1 1 296 1079 299
1364 2 2 1 1 346 809 191
1365 2 2 1 1 1008 1014 907
1366 2 2 1 1 183 185 184
1367 2 2 1 1 884 1011 339
1368 2 2 1 1 14 171 13
1369 2 2 1 1 607 612 604
1370 2 2 1 1 467 1060 462
1371 2 2 1 1 441 528 440
1372 2 2 1 1 637 1042 552
1373 2 2 1 1 388 513 441
1374 2 2 1 1 635 718 644
1375 2 2 1 1 213 905 210
1376 2 2 1 1 320 405 295
1377 2 2 1 1 440 524 387
1378 2 2 1 1 551 1042 837
1379 2 2 1 1 751 1054 657
1380 2 2 1 1 356 1103 358
1381 2 2 1 1 298 985 297
1382 2 2 1 1 199 1048 687
1383 2 2 1 1 241 1039 184
1384 2 2 1 1 249 327 256
1385 2 2 1 1 254 255 253
1386 2 2 1 1 146 961 60
1387 2 2 1 1 199 686 200
1388 2 2 1 1 200 201 198
1389 2 2 1 1 730 744 547
1390 2 2 1 1 497 498 496
1391 2 2 1 1 653 654 652
1392 2 2 1 1 618 707 521
1393 2 2 1 1 271 273 272
1394 2 2 1 1 272 1021 269
1395 2 2 1 1 286 288 287
1396 2 2 1 1 237 239 238
1397 2 2 1 1 931 933 932
1398 2 2 1 1 870 871 150
1399 2 2 1 1 585 587 586
1400 2 2 1 1 329 334 328
1401 2 2 1 1 720 722 719
1402 2 2 1 1 588 926 591
1403 2 2 1 1 580 1070 1055
1404 2 2 1 1 212 213 210
1405 2 2 1 1 208 209 206
1406 2 2 1 1 351 983 352
1407 2 2 1 1 292 1053 1044
1408 2 2 1 1 431 531 463
1409 2 2 1 1 483 484 482
1410 2 2 1 1 575 577 576
1411 2 2 1 1 723 725 722
1412 2 2 1 1 183 184 182
1413 2 2 1 1 723 736 735
1414 2 2 1 1 672 673 671
1415 2 2 1 1 795 797 794
1416 2 2 1 1 281 283 280
1417 2 2 1 1 362 977 360
1418 2 2 1 1 250 257 251
1419 2 2 1 1 385 987 388
1420 2 2 1 1 483 485 484
1421 2 2 1 1 875 986 173
1422 2 2 1 1 838 840 839
1423 2 2 1 1 584 1015 582
1424 2 2 1 1 567 1012 640
1425 2 2 1 1 354 355 353
1426 2 2 1 1 448 1029 553
1427 2 2 1 1 481 675 534
1428 2 2 1 1 349 351 350
1429 2 2 1 1 1064 1077 651
1430 2 2 1 1 1015 1090 376
1431 2 2 1 1 795 798 797
1432 2 2 1 1 414 472 432
1433 2 2 1 1 891 892 136
1434 2 2 1 1 405 1079 295
1435 2 2 1 1 326 333 324
1436 2 2 1 1 323 394 321
1437 2 2 1 1 388 441 440
1438 2 2 1 1 291 408 289
1439 2 2 1 1 471 474 473
1440 2 2 1 1 293 320 295
1441 2 2 1 1 310 311 309
1442 2 2 1 1 304 834 303
1443 2 2 1 1 316 1041 319
1444 2 2 1 1 365 369 367
1445 2 2 1 1 573 574 572
1446 2 2 1 1 388 440 387
1447 2 2 1 1 859 1094 856
1448 2 2 1 1 583 584 582
1449 2 2 1 1 693 1009 300
1450 2 2 1 1 551 836 473
1451 2 2 1 1 408 1033 289
1452 2 2 1 1 290 825 293
1453 2 2 1 1 670 671 669
1454 2 2 1 1 284 1052 286
1455 2 2 1 1 595 1005 608
1456 2 2 1 1 483 1070 580
1457 2 2 1 1 682 772 672
1458 2 2 1 1 475 941 476
1459 2 2 1 1 208 210 209
1460 2 2 1 1 776 777 663
1461 2 2 1 1 16 1002 133
1462 2 2 1 1 588 590 589
1463 2 2 1 1 474 633 552
1464 2 2 1 1 244 1010 238
1465 2 2 1 1 375 377 374
1466 2 2 1 1 247 250 248
1467 2 2 1 1 258 995 337
1468 2 2 1 1 293 295 294
1469 2 2 1 1 510 511 439
1470 2 2 1 1 434 1063 543
1471 2 2 1 1 249 256 252
1472 2 2 1 1 417 1064 477
1473 2 2 1 1 644 683 533
1474 2 2 1 1 252 254 253
1475 2 2 1 1 85 162 84
1476 2 2 1 1 232 234 231
1477 2 2 1 1 199 200 198
1478 2 2 1 1 207 208 206
1479 2 2 1 1 179 960 959
1480 2 2 1 1 95 156 94
1481 2 2 1 1 69 176 68
1482 2 2 1 1 88 139 87
1483 2 2 1 1 61 146 60
1484 2 2 1 1 16 133 15
1485 2 2 1 1 47 136 46
1486 2 2 1 1 66 177 65
1487 2 2 1 1 399 421 420
1488 2 2 1 1 71 149 70
1489 2 2 1 1 224 227 225
1490 2 2 1 1 76 168 75
1491 2 2 1 1 81 165 80
1492 2 2 1 1 40 152 39
1493 2 2 1 1 9 151 8
1494 2 2 1 1 494 497 496
1495 2 2 1 1 500 631 504
1496 2 2 1 1 651 653 652
1497 2 2 1 1 650 730 547
1498 2 2 1 1 340 434 393
1499 2 2 1 1 1031 1043 227
1500 2 2 1 1 459 618 521
1501 2 2 1 1 547 941 475
1502 2 2 1 1 236 1050 234
1503 2 2 1 1 271 272 269
1504 2 2 1 1 447 895 334
1505 2 2 1 1 286 287 285
1506 2 2 1 1 507 520 519
1507 2 2 1 1 450 1029 448
1508 2 2 1 1 243 925 242
1509 2 2 1 1 335 469 419
1510 2 2 1 1 237 238 235
1511 2 2 1 1 889 916 544
1512 2 2 1 1 194 1067 193
1513 2 2 1 1 448 449 383
1514 2 2 1 1 308 1072 310
1515 2 2 1 1 235 1034 231
1516 2 2 1 1 588 589 586
1517 2 2 1 1 385 388 387
1518 2 2 1 1 475 476 418
1519 2 2 1 1 599 600 598
1520 2 2 1 1 802 944 556
1521 2 2 1 1 95 959 156
1522 2 2 1 1 502 973 496
1523 2 2 1 1 327 329 328
1524 2 2 1 1 330 331 255
1525 2 2 1 1 653 720 719
1526 2 2 1 1 242 244 238
1527 2 2 1 1 329 454 335
1528 2 2 1 1 212 216 214
1529 2 2 1 1 673 741 734
1530 2 2 1 1 283 885 392
1531 2 2 1 1 300 302 301
1532 2 2 1 1 258 259 251
1533 2 2 1 1 211 212 210
1534 2 2 1 1 553 554 449
1535 2 2 1 1 597 599 598
1536 2 2 1 1 785 793 683
1537 2 2 1 1 247 1073 250
1538 2 2 1 1 290 293 291
1539 2 2 1 1 122 963 121
1540 2 2 1 1 678 1157 391
1541 2 2 1 1 13 917 12
1542 2 2 1 1 96 959 95
1543 2 2 1 1 300 301 298
1544 2 2 1 1 433 972 398
1545 2 2 1 1 668 669 667
1546 2 2 1 1 382 404 403
1547 2 2 1 1 666 792 668
1548 2 2 1 1 376 1090 1085
1549 2 2 1 1 792 1045 668
1550 2 2 1 1 445 482 481
1551 2 2 1 1 601 1005 598
1552 2 2 1 1 136 989 46
1553 2 2 1 1 397 515 414
1554 2 2 1 1 278 913 912
1555 2 2 1 1 187 1030 189
1556 2 2 1 1 580 1055 1044
1557 2 2 1 1 468 1075 692
1558 2 2 1 1 522 950 716
1559 2 2 1 1 270 915 271
1560 2 2 1 1 612 1109 604
1561 2 2 1 1 865 954 609
1562 2 2 1 1 345 1030 509
1563 2 2 1 1 463 845 529
1564 2 2 1 1 594 595 593
1565 2 2 1 1 370 371 368
1566 2 2 1 1 268 988 340
1567 2 2 1 1 413 1070 445
1568 2 2 1 1 326 336 333
1569 2 2 1 1 187 188 186
1570 2 2 1 1 255 681 253
1571 2 2 1 1 654 733 652
1572 2 2 1 1 720 723 722
1573 2 2 1 1 1030 1062 509
1574 2 2 1 1 273 881 272
1575 2 2 1 1 712 713 649
1576 2 2 1 1 432 991 480
1577 2 2 1 1 723 735 725
1578 2 2 1 1 672 822 673
1579 2 2 1 1 250 438 257
1580 2 2 1 1 870 872 871
1581 2 2 1 1 573 642 574
1582 2 2 1 1 449 1047 383
1583 2 2 1 1 279 282 281
1584 2 2 1 1 398 972 396
1585 2 2 1 1 377 378 374
1586 2 2 1 1 959 1024 156
1587 2 2 1 1 434 435 393
1588 2 2 1 1 670 672 671
1589 2 2 1 1 682 826 772
1590 2 2 1 1 279 281 280
1591 2 2 1 1 456 689 233
1592 2 2 1 1 415 1064 338
1593 2 2 1 1 250 251 248
1594 2 2 1 1 232 236 234
1595 2 2 1 1 227 228 225
1596 2 2 1 1 160 1002 17
1597 2 2 1 1 182 1039 581
1598 2 2 1 1 390 436 401
1599 2 2 1 1 105 141 104
1600 2 2 1 1 343 787 315
1601 2 2 1 1 231 1034 230
1602 2 2 1 1 243 981 925
1603 2 2 1 1 538 952 540
1604 2 2 1 1 299 1079 1068
1605 2 2 1 1 573 643 642
1606 2 2 1 1 548 844 470
1607 2 2 1 1 943 1055 825
1608 2 2 1 1 838 839 548
1609 2 2 1 1 530 699 698
1610 2 2 1 1 784 863 576
1611 2 2 1 1 184 1039 182
1612 2 2 1 1 326 882 336
1613 2 2 1 1 592 593 590
1614 2 2 1 1 673 771 741
1615 2 2 1 1 474 1046 633
1616 2 2 1 1 1035 1036 399
1617 2 2 1 1 687 794 686
1618 2 2 1 1 436 437 401
1619 2 2 1 1 597 598 595
1620 2 2 1 1 858 1040 862
1621 2 2 1 1 371 984 368
1622 2 2 1 1 411 903 256
1623 2 2 1 1 500 1003 631
1624 2 2 1 1 592 596 594
1625 2 2 1 1 774 949 677
1626 2 2 1 1 805 1050 562
1627 2 2 1 1 445 1070 483
1628 2 2 1 1 692 1061 1049
1629 2 2 1 1 887 889 544
1630 2 2 1 1 1117 1122 631
1631 2 2 1 1 617 1046 471
1632 2 2 1 1 726 1042 637
1633 2 2 1 1 303 834 425
1634 2 2 1 1 519 851 437
1635 2 2 1 1 1074 1101 1100
1636 2 2 1 1 687 1048 796
1637 2 2 1 1 358 1103 362
1638 2 2 1 1 214 907 215
1639 2 2 1 1 382 383 378
1640 2 2 1 1 606 954 610
1641 2 2 1 1 245 1066 979
1642 2 2 1 1 575 1004 577
1643 2 2 1 1 224 1031 227
1644 2 2 1 1 47 891 136
1645 2 2 1 1 267 1021 400
1646 2 2 1 1 1033 1160 1155
1647 2 2 1 1 543 666 665
1648 2 2 1 1 457 1061 1025
1649 2 2 1 1 359 909 357
1650 2 2 1 1 314 316 315
1651 2 2 1 1 308 310 309
1652 2 2 1 1 120 982 119
1653 2 2 1 1 572 880 783
1654 2 2 1 1 487 1051 970
1655 2 2 1 1 1055 1070 911
1656 2 2 1 1 491 970 514
1657 2 2 1 1 825 1055 911
1658 2 2 1 1 615 1010 244
1659 2 2 1 1 438 512 510
1660 2 2 1 1 234 1050 237
1661 2 2 1 1 602 1109 627
1662 2 2 1 1 911 1070 413
1663 2 2 1 1 772 822 672
1664 2 2 1 1 1032 1061 455
1665 2 2 1 1 487 970 488
1666 2 2 1 1 464 1065 623
1667 2 2 1 1 1010 1034 235
1668 2 2 1 1 598 1005 595
1669 2 2 1 1 531 847 845
1670 2 2 1 1 290 291 289
1671 2 2 1 1 271 915 274
1672 2 2 1 1 585 939 587
1673 2 2 1 1 689 1014 1008
1674 2 2 1 1 189 1030 345
1675 2 2 1 1 1010 1065 1034
1676 2 2 1 1 267 400 265
1677 2 2 1 1 230 1034 464
1678 2 2 1 1 843 899 842
1679 2 2 1 1 512 1073 832
1680 2 2 1 1 611 1023 607
1681 2 2 1 1 530 698 697
1682 2 2 1 1 781 1109 612
1683 2 2 1 1 638 712 649
1684 2 2 1 1 471 1046 474
1685 2 2 1 1 666 667 665
1686 2 2 1 1 535 922 536
1687 2 2 1 1 347 789 349
1688 2 2 1 1 859 1105 1094
1689 2 2 1 1 421 769 420
1690 2 2 1 1 474 551 473
1691 2 2 1 1 686 788 200
1692 2 2 1 1 380 1037 377
1693 2 2 1 1 619 1030 187
1694 2 2 1 1 971 1072 308
1695 2 2 1 1 588 591 590
1696 2 2 1 1 624 1068 921
1697 2 2 1 1 723 1076 736
1698 2 2 1 1 777 778 663
1699 2 2 1 1 295 296 294
1700 2 2 1 1 376 1085 354
1701 2 2 1 1 459 1025 618
1702 2 2 1 1 1060 1078 691
1703 2 2 1 1 476 680 418
1704 2 2 1 1 239 1066 245
1705 2 2 1 1 329 820 454
1706 2 2 1 1 216 217 214
1707 2 2 1 1 258 260 259
1708 2 2 1 1 554 555 449
1709 2 2 1 1 579 1107 975
1710 2 2 1 1 1085 1090 819
1711 2 2 1 1 960 1024 959
1712 2 2 1 1 669 732 667
1713 2 2 1 1 668 670 669
1714 2 2 1 1 502 1004 973
1715 2 2 1 1 612 878 781
1716 2 2 1 1 438 439 257
1717 2 2 1 1 509 1062 790
1718 2 2 1 1 1050 1066 237
1719 2 2 1 1 670 682 672
1720 2 2 1 1 817 1006 589
1721 2 2 1 1 232 453 236
1722 2 2 1 1 227 229 228
1723 2 2 1 1 692 1075 1025
1724 2 2 1 1 217 1008 907
1725 2 2 1 1 688 1013 999
1726 2 2 1 1 263 1028 423
1727 2 2 1 1 657 1056 479
1728 2 2 1 1 608 1005 942
1729 2 2 1 1 666 1063 792
1730 2 2 1 1 199 687 686
1731 2 2 1 1 720 1076 723
1732 2 2 1 1 254 910 330
1733 2 2 1 1 265 1028 263
1734 2 2 1 1 594 829 597
1735 2 2 1 1 400 1028 265
1736 2 2 1 1 286 1052 292
1737 2 2 1 1 438 1073 512
1738 2 2 1 1 543 1063 666
1739 2 2 1 1 474 552 551
1740 2 2 1 1 680 884 418
1741 2 2 1 1 216 218 217
1742 2 2 1 1 258 337 260
1743 2 2 1 1 260 261 259
1744 2 2 1 1 141 969 104
1745 2 2 1 1 438 510 439
1746 2 2 1 1 229 230 228
1747 2 2 1 1 453 557 236
1748 2 2 1 1 539 916 537
1749 2 2 1 1 592 594 593
1750 2 2 1 1 227 1043 229
1751 2 2 1 1 1155 1160 639
1752 2 2 1 1 218 219 217
1753 2 2 1 1 260 262 261
1754 2 2 1 1 216 616 218
1755 2 2 1 1 1023 1124 877
1756 2 2 1 1 761 1106 702
1757 2 2 1 1 230 240 228
1758 2 2 1 1 453 685 557
1759 2 2 1 1 229 231 230
1760 2 2 1 1 557 562 236
1761 2 2 1 1 219 1008 217
1762 2 2 1 1 218 220 219
1763 2 2 1 1 262 263 261
1764 2 2 1 1 230 464 240
1765 2 2 1 1 453 975 685
1766 2 2 1 1 557 630 562
1767 2 2 1 1 229 232 231
1768 2 2 1 1 220 221 219
1769 2 2 1 1 263 423 261
1770 2 2 1 1 262 264 263
1771 2 2 1 1 464 468 240
1772 2 2 1 1 221 233 219
1773 2 2 1 1 464 623 468
1774 2 2 1 1 220 222 221
1775 2 2 1 1 468 692 240
1776 2 2 1 1 264 265 263
1777 2 2 1 1 623 629 468
1778 2 2 1 1 221 455 233
1779 2 2 1 1 220 223 222
1780 2 2 1 1 223 399 226
1781 2 2 1 1 224 225 222
1782 2 2 1 1 399 420 226
1783 2 2 1 1 223 226 224
1784 2 2 1 1 420 579 226
1785 2 2 1 1 223 224 222
1786 2 2 1 1 226 1031 224
1787 2 2 1 1 579 1031 226
1788 2 2 1 1 222 1032 221
1789 2 2 1 1 221 1032 455
1790 2 2 1 1 225 1032 222
1791 2 2 1 1 354 1085 356
1792 2 2 1 1 233 1008 219
1793 2 2 1 1 228 1049 225
1794 2 2 1 1 477 1064 651
1795 2 2 1 1 616 1035 218
1796 2 2 1 1 223 1035 399
1797 2 2 1 1 210 905 209
1798 2 2 1 1 218 1035 220
1799 2 2 1 1 220 1035 223
1800 2 2 1 1 248 1057 615
1801 2 2 1 1 403 450 448
1802 2 2 1 1 261 1038 259
1803 2 2 1 1 423 1038 261
1804 2 2 1 1 581 1002 160
1805 2 2 1 1 586 1006 584
1806 2 2 1 1 841 843 842
1807 2 2 1 1 819 1090 817
1808 2 2 1 1 229 1043 232
1809 2 2 1 1 148 964 963
1810 2 2 1 1 319 1041 691
1811 2 2 1 1 12 917 144
1812 2 2 1 1 232 1043 453
1813 2 2 1 1 973 1004 575
1814 2 2 1 1 403 448 383
1815 2 2 1 1 668 1045 670
1816 2 2 1 1 148 963 122
1817 2 2 1 1 670 1045 682
1818 2 2 1 1 327 820 329
1819 2 2 1 1 897 910 903
1820 2 2 1 1 453 1043 975
1821 2 2 1 1 240 1049 228
1822 2 2 1 1 855 912 857
1823 2 2 1 1 1025 1061 692
1824 2 2 1 1 462 1081 410
1825 2 2 1 1 544 916 539
1826 2 2 1 1 237 1066 239
1827 2 2 1 1 314 317 316
1828 2 2 1 1 344 1078 427
1829 2 2 1 1 1124 1141 877
1830 2 2 1 1 921 1079 405
1831 2 2 1 1 225 1049 1032
1832 2 2 1 1 692 1049 240
1833 2 2 1 1 387 1016 386
1834 2 2 1 1 839 844 548
1835 2 2 1 1 479 1056 429
1836 2 2 1 1 701 1092 621
1837 2 2 1 1 38 966 175
1838 2 2 1 1 410 1081 394
1839 2 2 1 1 455 1061 457
1840 2 2 1 1 259 1057 251
1841 2 2 1 1 480 991 711
1842 2 2 1 1 282 861 281
1843 2 2 1 1 901 1101 898
1844 2 2 1 1 818 1096 819
1845 2 2 1 1 594 597 595
1846 2 2 1 1 349 789 451
1847 2 2 1 1 802 945 944
1848 2 2 1 1 217 907 214
1849 2 2 1 1 188 1163 1162
1850 2 2 1 1 693 1071 1009
1851 2 2 1 1 382 403 383
1852 2 2 1 1 251 1057 248
1853 2 2 1 1 299 1068 693
1854 2 2 1 1 811 974 813
1855 2 2 1 1 302 1009 305
1856 2 2 1 1 1040 1051 862
1857 2 2 1 1 1038 1057 259
1858 2 2 1 1 619 1062 1030
1859 2 2 1 1 629 1075 468
1860 2 2 1 1 740 782 614
1861 2 2 1 1 689 1008 233
1862 2 2 1 1 546 952 538
1863 2 2 1 1 576 863 489
1864 2 2 1 1 615 1065 1010
1865 2 2 1 1 276 881 273
1866 2 2 1 1 616 1036 1035
1867 2 2 1 1 1022 1102 694
1868 2 2 1 1 696 1112 977
1869 2 2 1 1 300 1009 302
1870 2 2 1 1 1027 1062 619
1871 2 2 1 1 786 994 785
1872 2 2 1 1 1052 1053 292
1873 2 2 1 1 683 978 533
1874 2 2 1 1 612 1023 878
1875 2 2 1 1 996 997 617
1876 2 2 1 1 591 592 590
1877 2 2 1 1 841 842 839
1878 2 2 1 1 342 1091 1045
1879 2 2 1 1 363 1112 365
1880 2 2 1 1 352 983 376
1881 2 2 1 1 1000 1099 211
1882 2 2 1 1 607 1023 612
1883 2 2 1 1 266 988 268
1884 2 2 1 1 706 1000 851
1885 2 2 1 1 859 1111 1105
1886 2 2 1 1 767 880 574
1887 2 2 1 1 1162 1163 717
1888 2 2 1 1 333 852 324
1889 2 2 1 1 172 982 120
1890 2 2 1 1 609 954 606
1891 2 2 1 1 487 1086 1051
1892 2 2 1 1 804 805 562
1893 2 2 1 1 630 806 804
1894 2 2 1 1 1065 1087 623
1895 2 2 1 1 250 1073 438
1896 2 2 1 1 793 978 683
1897 2 2 1 1 618 1082 707
1898 2 2 1 1 842 844 839
1899 2 2 1 1 152 966 39
1900 2 2 1 1 690 1097 984
1901 2 2 1 1 1044 1086 580
1902 2 2 1 1 324 852 323
1903 2 2 1 1 999 1013 513
1904 2 2 1 1 191 809 192
1905 2 2 1 1 488 970 491
1906 2 2 1 1 890 1117 1111
1907 2 2 1 1 632 1122 545
1908 2 2 1 1 624 1069 1068
1909 2 2 1 1 1076 1089 736
1910 2 2 1 1 330 910 416
1911 2 2 1 1 604 1109 602
1912 2 2 1 1 1025 1075 618
1913 2 2 1 1 1057 1087 615
1914 2 2 1 1 630 804 562
1915 2 2 1 1 465 1017 694
1916 2 2 1 1 624 1092 1069
1917 2 2 1 1 983 1015 376
1918 2 2 1 1 278 912 855
1919 2 2 1 1 379 909 359
1920 2 2 1 1 970 1051 1040
1921 2 2 1 1 520 1059 1058
1922 2 2 1 1 1143 1148 716
1923 2 2 1 1 1045 1091 682
1924 2 2 1 1 589 1006 586
1925 2 2 1 1 881 1143 1136
1926 2 2 1 1 1137 1138 380
1927 2 2 1 1 858 862 861
1928 2 2 1 1 1076 1077 415
1929 2 2 1 1 374 1018 371
1930 2 2 1 1 1038 1087 1057
1931 2 2 1 1 664 922 535
1932 2 2 1 1 1068 1069 693
1933 2 2 1 1 518 1083 780
1934 2 2 1 1 524 1016 387
1935 2 2 1 1 1096 1103 819
1936 2 2 1 1 1074 1100 416
1937 2 2 1 1 651 1077 653
1938 2 2 1 1 623 1093 629
1939 2 2 1 1 890 1122 1117
1940 2 2 1 1 362 1103 1096
1941 2 2 1 1 945 1059 944
1942 2 2 1 1 1000 1110 1099
1943 2 2 1 1 817 1090 1006
1944 2 2 1 1 767 1153 853
1945 2 2 1 1 695 1121 516
1946 2 2 1 1 862 1053 1052
1947 2 2 1 1 629 1082 1075
1948 2 2 1 1 1075 1082 618
1949 2 2 1 1 1087 1093 623
1950 2 2 1 1 720 1077 1076
1951 2 2 1 1 1039 1168 1167
1952 2 2 1 1 897 903 411
1953 2 2 1 1 910 1074 416
1954 2 2 1 1 697 1060 467
1955 2 2 1 1 574 880 572
1956 2 2 1 1 515 1104 414
1957 2 2 1 1 858 1094 1040
1958 2 2 1 1 781 1118 1109
1959 2 2 1 1 970 1040 514
1960 2 2 1 1 1051 1086 1053
1961 2 2 1 1 621 1092 624
1962 2 2 1 1 1051 1053 862
1963 2 2 1 1 531 845 463
1964 2 2 1 1 706 851 519
1965 2 2 1 1 493 1105 495
1966 2 2 1 1 709 1088 433
1967 2 2 1 1 596 829 594
1968 2 2 1 1 615 1087 1065
1969 2 2 1 1 608 942 818
1970 2 2 1 1 694 1102 695
1971 2 2 1 1 626 1097 690
1972 2 2 1 1 362 1095 977
1973 2 2 1 1 682 1091 826
1974 2 2 1 1 416 1089 332
1975 2 2 1 1 858 861 282
1976 2 2 1 1 1093 1108 629
1977 2 2 1 1 647 1083 518
1978 2 2 1 1 313 1022 314
1979 2 2 1 1 938 1007 929
1980 2 2 1 1 39 966 38
1981 2 2 1 1 1099 1110 616
1982 2 2 1 1 313 1102 1022
1983 2 2 1 1 423 1093 1038
1984 2 2 1 1 211 1099 212
1985 2 2 1 1 211 1001 1000
1986 2 2 1 1 856 1094 858
1987 2 2 1 1 314 1022 317
1988 2 2 1 1 1078 1098 427
1989 2 2 1 1 653 1077 720
1990 2 2 1 1 690 1047 555
1991 2 2 1 1 1053 1086 1044
1992 2 2 1 1 993 1119 596
1993 2 2 1 1 216 1099 616
1994 2 2 1 1 698 1115 1098
1995 2 2 1 1 972 1116 971
1996 2 2 1 1 1089 1100 736
1997 2 2 1 1 365 1112 369
1998 2 2 1 1 1046 1140 633
1999 2 2 1 1 706 1110 1000
2000 2 2 1 1 504 1128 660
2001 2 2 1 1 415 1089 1076
2002 2 2 1 1 322 1017 325
2003 2 2 1 1 890 1111 860
2004 2 2 1 1 1038 1093 1087
2005 2 2 1 1 620 1119 739
2006 2 2 1 1 515 1071 1069
2007 2 2 1 1 1069 1092 515
2008 2 2 1 1 701 1106 1104
2009 2 2 1 1 1072 1102 313
2010 2 2 1 1 591 1080 592
2011 2 2 1 1 1003 1117 631
2012 2 2 1 1 1000 1001 851
2013 2 2 1 1 516 1121 517
2014 2 2 1 1 944 1059 520
2015 2 2 1 1 721 1120 611
2016 2 2 1 1 427 1098 527
2017 2 2 1 1 423 1108 1093
2018 2 2 1 1 369 1118 781
2019 2 2 1 1 325 1017 465
2020 2 2 1 1 712 1141 713
2021 2 2 1 1 819 1103 1085
2022 2 2 1 1 555 1047 449
2023 2 2 1 1 698 1098 697
2024 2 2 1 1 592 1080 596
2025 2 2 1 1 1112 1118 369
2026 2 2 1 1 1069 1071 693
2027 2 2 1 1 1040 1094 514
2028 2 2 1 1 685 1126 557
2029 2 2 1 1 1120 1124 611
2030 2 2 1 1 700 1115 698
2031 2 2 1 1 332 1089 415
2032 2 2 1 1 697 1098 1078
2033 2 2 1 1 975 1107 685
2034 2 2 1 1 1088 1121 695
2035 2 2 1 1 716 1148 715
2036 2 2 1 1 378 1018 374
2037 2 2 1 1 1108 1130 1082
2038 2 2 1 1 1095 1096 942
2039 2 2 1 1 1131 1133 708
2040 2 2 1 1 1028 1108 423
2041 2 2 1 1 706 1123 1110
2042 2 2 1 1 702 1106 701
2043 2 2 1 1 1111 1117 495
2044 2 2 1 1 627 1118 696
2045 2 2 1 1 272 1133 1021
2046 2 2 1 1 633 1139 636
2047 2 2 1 1 1098 1115 527
2048 2 2 1 1 212 1099 216
2049 2 2 1 1 1137 1141 712
2050 2 2 1 1 527 1115 947
2051 2 2 1 1 934 1129 932
2052 2 2 1 1 1102 1116 695
2053 2 2 1 1 629 1108 1082
2054 2 2 1 1 997 1114 617
2055 2 2 1 1 697 1078 1060
2056 2 2 1 1 632 1128 1122
2057 2 2 1 1 993 1129 1119
2058 2 2 1 1 1094 1105 514
2059 2 2 1 1 617 1114 1046
2060 2 2 1 1 545 1122 890
2061 2 2 1 1 942 1096 818
2062 2 2 1 1 633 1140 1139
2063 2 2 1 1 1121 1132 517
2064 2 2 1 1 1123 1127 421
2065 2 2 1 1 362 1096 1095
2066 2 2 1 1 433 1088 972
2067 2 2 1 1 701 1104 1092
2068 2 2 1 1 611 1124 1023
2069 2 2 1 1 1092 1104 515
2070 2 2 1 1 375 1137 380
2071 2 2 1 1 1072 1116 1102
2072 2 2 1 1 514 1105 493
2073 2 2 1 1 1036 1123 421
2074 2 2 1 1 1028 1130 1108
2075 2 2 1 1 708 1136 950
2076 2 2 1 1 901 1113 1101
2077 2 2 1 1 404 1134 403
2078 2 2 1 1 421 1127 769
2079 2 2 1 1 1110 1123 1036
2080 2 2 1 1 1082 1130 707
2081 2 2 1 1 705 1123 706
2082 2 2 1 1 705 1127 1123
2083 2 2 1 1 860 1111 859
2084 2 2 1 1 696 1118 1112
2085 2 2 1 1 495 1117 1003
2086 2 2 1 1 736 1100 737
2087 2 2 1 1 636 1138 638
2088 2 2 1 1 630 1126 1125
2089 2 2 1 1 630 1125 806
2090 2 2 1 1 713 1141 1124
2091 2 2 1 1 557 1126 630
2092 2 2 1 1 829 1119 620
2093 2 2 1 1 709 1121 1088
2094 2 2 1 1 1148 1151 715
2095 2 2 1 1 616 1110 1036
2096 2 2 1 1 631 1128 504
2097 2 2 1 1 1149 1165 634
2098 2 2 1 1 971 1116 1072
2099 2 2 1 1 400 1130 1028
2100 2 2 1 1 815 1147 814
2101 2 2 1 1 1114 1134 404
2102 2 2 1 1 596 1119 829
2103 2 2 1 1 1058 1127 705
2104 2 2 1 1 710 1135 1132
2105 2 2 1 1 709 1132 1121
2106 2 2 1 1 707 1131 708
2107 2 2 1 1 1016 1149 634
2108 2 2 1 1 1122 1128 631
2109 2 2 1 1 997 1134 1114
2110 2 2 1 1 517 1132 550
2111 2 2 1 1 748 1135 710
2112 2 2 1 1 985 1146 297
2113 2 2 1 1 1067 1177 1144
2114 2 2 1 1 1130 1131 707
2115 2 2 1 1 715 1151 828
2116 2 2 1 1 646 1175 1158
2117 2 2 1 1 1150 1177 197
2118 2 2 1 1 1100 1101 737
2119 2 2 1 1 276 1143 881
2120 2 2 1 1 828 1152 640
2121 2 2 1 1 400 1131 1130
2122 2 2 1 1 1101 1113 737
2123 2 2 1 1 710 1132 709
2124 2 2 1 1 881 1133 272
2125 2 2 1 1 678 1159 1157
2126 2 2 1 1 1021 1131 400
2127 2 2 1 1 1133 1136 708
2128 2 2 1 1 636 1139 1138
2129 2 2 1 1 198 1150 197
2130 2 2 1 1 712 1138 1137
2131 2 2 1 1 1136 1143 716
2132 2 2 1 1 391 1154 835
2133 2 2 1 1 932 1129 993
2134 2 2 1 1 402 1150 201
2135 2 2 1 1 1132 1135 550
2136 2 2 1 1 1151 1152 828
2137 2 2 1 1 403 1134 450
2138 2 2 1 1 1154 1166 834
2139 2 2 1 1 635 1158 718
2140 2 2 1 1 684 1176 1174
2141 2 2 1 1 9 1156 151
2142 2 2 1 1 381 1137 375
2143 2 2 1 1 1033 1155 318
2144 2 2 1 1 877 1141 381
2145 2 2 1 1 950 1136 716
2146 2 2 1 1 380 1139 1037
2147 2 2 1 1 1037 1140 404
2148 2 2 1 1 550 1135 747
2149 2 2 1 1 638 1138 712
2150 2 2 1 1 846 1168 849
2151 2 2 1 1 1139 1140 1037
2152 2 2 1 1 193 1163 190
2153 2 2 1 1 699 1164 717
2154 2 2 1 1 381 1141 1137
2155 2 2 1 1 786 1172 848
2156 2 2 1 1 717 1164 1162
2157 2 2 1 1 188 1162 186
2158 2 2 1 1 639 1160 645
2159 2 2 1 1 893 1143 276
2160 2 2 1 1 846 1169 1167
2161 2 2 1 1 1160 1161 645
2162 2 2 1 1 1115 1144 947
2163 2 2 1 1 881 1136 1133
2164 2 2 1 1 947 1177 948
2165 2 2 1 1 1138 1139 380
2166 2 2 1 1 645 1161 815
2167 2 2 1 1 643 1157 642
2168 2 2 1 1 847 1171 1170
2169 2 2 1 1 297 1146 883
2170 2 2 1 1 893 1148 1143
2171 2 2 1 1 1169 1170 1020
2172 2 2 1 1 1142 1144 700
2173 2 2 1 1 948 1177 1150
2174 2 2 1 1 1039 1167 581
2175 2 2 1 1 934 1145 1129
2176 2 2 1 1 700 1144 1115
2177 2 2 1 1 144 1173 11
2178 2 2 1 1 703 1165 1149
2179 2 2 1 1 643 1166 1154
2180 2 2 1 1 845 1169 846
2181 2 2 1 1 848 1172 1171
2182 2 2 1 1 717 1142 700
2183 2 2 1 1 1020 1170 133
2184 2 2 1 1 1147 1149 524
2185 2 2 1 1 524 1149 1016
2186 2 2 1 1 644 1176 684
2187 2 2 1 1 848 1171 847
2188 2 2 1 1 1158 1175 151
2189 2 2 1 1 1129 1145 739
2190 2 2 1 1 814 1147 524
2191 2 2 1 1 425 1166 1165
2192 2 2 1 1 885 1151 392
2193 2 2 1 1 392 1151 1148
2194 2 2 1 1 392 1148 893
2195 2 2 1 1 425 1165 703
2196 2 2 1 1 318 1152 885
2197 2 2 1 1 201 1150 198
2198 2 2 1 1 853 1153 402
2199 2 2 1 1 885 1152 1151
2200 2 2 1 1 1142 1163 193
2201 2 2 1 1 1146 1161 883
2202 2 2 1 1 835 1154 834
2203 2 2 1 1 640 1155 639
2204 2 2 1 1 391 1157 1154
2205 2 2 1 1 684 1174 786
2206 2 2 1 1 1054 1179 1175
2207 2 2 1 1 10 1156 9
2208 2 2 1 1 815 1161 1146
2209 2 2 1 1 144 1176 1173
2210 2 2 1 1 786 1174 1172
2211 2 2 1 1 646 1158 635
2212 2 2 1 1 718 1158 1156
2213 2 2 1 1 834 1166 425
2214 2 2 1 1 408 1160 1033
2215 2 2 1 1 1156 1158 151
2216 2 2 1 1 717 1163 1142
2217 2 2 1 1 751 1179 1054
2218 2 2 1 1 642 1159 766
2219 2 2 1 1 1054 1175 646
2220 2 2 1 1 408 1161 1160
2221 2 2 1 1 1154 1157 643
2222 2 2 1 1 849 1164 699
2223 2 2 1 1 1165 1166 918
2224 2 2 1 1 883 1161 408
2225 2 2 1 1 186 1162 241
2226 2 2 1 1 918 1166 643
2227 2 2 1 1 190 1163 188
2228 2 2 1 1 10 1173 1156
2229 2 2 1 1 1162 1164 241
2230 2 2 1 1 1156 1173 718
2231 2 2 1 1 634 1165 918
2232 2 2 1 1 1174 1176 144
2233 2 2 1 1 1167 1169 1020
2234 2 2 1 1 847 1169 845
2235 2 2 1 1 847 1170 1169
2236 2 2 1 1 241 1168 1039
2237 2 2 1 1 581 1167 1020
2238 2 2 1 1 1170 1171 906
2239 2 2 1 1 1152 1155 640
2240 2 2 1 1 171 1172 917
2241 2 2 1 1 906 1171 171
2242 2 2 1 1 1171 1172 171
2243 2 2 1 1 133 1170 906
2244 2 2 1 1 318 1155 1152
2245 2 2 1 1 1157 1159 642
2246 2 2 1 1 1172 1174 917
2247 2 2 1 1 11 1173 10
2248 2 2 1 1 718 1176 644
2249 2 2 1 1 151 1175 894
2250 2 2 1 1 917 1174 144
2251 2 2 1 1 1175 1179 894
2252 2 2 1 1 894 1179 174
2253 2 2 1 1 752 1178 751
2254 2 2 1 1 197 1177 1067
2255 2 2 1 1 1173 1176 718
2256 2 2 1 1 849 1168 1164
2257 2 2 1 1 1164 1168 241
2258 2 2 1 1 174 1179 1178
2259 2 2 1 1 1178 1179 751
2260 2 2 1 1 481 1180 675
2261 2 2 1 1 505 1180 482
2262 2 2 1 1 482 1180 481
2263 2 2 1 1 962 1236 140
2264 2 2 1 1 1226 1262 865
2265 2 2 1 1 747 1263 1227
2266 2 2 1 1 753 1237 167
2267 2 2 1 1 498 1181 502
2268 2 2 1 1 1224 1261 953
2269 2 2 1 1 152 1234 966
2270 2 2 1 1 501 1181 498
2271 2 2 1 1 837 1261 1224
2272 2 2 1 1 63 1182 62
2273 2 2 1 1 951 1183 501
2274 2 2 1 1 134 1223 759
2275 2 2 1 1 37 1185 36
2276 2 2 1 1 6 1187 5
2277 2 2 1 1 68 1184 67
2278 2 2 1 1 99 1186 98
2279 2 2 1 1 1178 1187 174
2280 2 2 1 1 578 1188 764
2281 2 2 1 1 177 1233 965
2282 2 2 1 1 1019 1188 578
2283 2 2 1 1 676 1188 534
2284 2 2 1 1 960 1189 1024
2285 2 2 1 1 1182 1225 62
2286 2 2 1 1 56 1190 55
2287 2 2 1 1 41 1191 40
2288 2 2 1 1 156 1192 94
2289 2 2 1 1 658 1194 729
2290 2 2 1 1 92 1193 145
2291 2 2 1 1 661 1196 542
2292 2 2 1 1 867 1197 866
2293 2 2 1 1 731 1200 664
2294 2 2 1 1 139 1198 87
2295 2 2 1 1 85 1199 162
2296 2 2 1 1 922 1200 923
2297 2 2 1 1 83 1201 129
2298 2 2 1 1 162 1201 84
2299 2 2 1 1 824 1207 823
2300 2 2 1 1 732 1202 667
2301 2 2 1 1 665 1202 731
2302 2 2 1 1 777 1210 778
2303 2 2 1 1 1128 1195 660
2304 2 2 1 1 129 1203 82
2305 2 2 1 1 734 1204 671
2306 2 2 1 1 81 1203 165
2307 2 2 1 1 669 1204 732
2308 2 2 1 1 165 1205 80
2309 2 2 1 1 771 1207 741
2310 2 2 1 1 78 1206 135
2311 2 2 1 1 744 1210 941
2312 2 2 1 1 135 1208 77
2313 2 2 1 1 662 1209 824
2314 2 2 1 1 76 1208 168
2315 2 2 1 1 778 1209 663
2316 2 2 1 1 74 1211 142
2317 2 2 1 1 168 1211 75
2318 2 2 1 1 71 1213 149
2319 2 2 1 1 142 1212 73
2320 2 2 1 1 650 1214 730
2321 2 2 1 1 733 1214 652
2322 2 2 1 1 149 1215 70
2323 2 2 1 1 69 1215 176
2324 2 2 1 1 654 1216 733
2325 2 2 1 1 647 1227 964
2326 2 2 1 1 154 1182 63
2327 2 2 1 1 167 1245 755
2328 2 2 1 1 148 1217 964
2329 2 2 1 1 891 1218 892
2330 2 2 1 1 1221 1260 735
2331 2 2 1 1 743 1183 951
2332 2 2 1 1 42 1219 41
2333 2 2 1 1 1222 1264 998
2334 2 2 1 1 55 1220 54
2335 2 2 1 1 173 1186 99
2336 2 2 1 1 174 1187 6
2337 2 2 1 1 175 1185 37
2338 2 2 1 1 176 1184 68
2339 2 2 1 1 737 1221 735
2340 2 2 1 1 762 1252 130
2341 2 2 1 1 725 1225 1182
2342 2 2 1 1 674 1217 758
2343 2 2 1 1 1181 1235 502
2344 2 2 1 1 836 1224 838
2345 2 2 1 1 61 1225 146
2346 2 2 1 1 782 1226 791
2347 2 2 1 1 501 1255 1181
2348 2 2 1 1 728 1229 955
2349 2 2 1 1 955 1229 50
2350 2 2 1 1 49 1229 159
2351 2 2 1 1 137 1230 919
2352 2 2 1 1 136 1231 989
2353 2 2 1 1 739 1234 738
2354 2 2 1 1 874 1235 1181
2355 2 2 1 1 1004 1235 746
2356 2 2 1 1 841 1236 843
2357 2 2 1 1 167 1237 106
2358 2 2 1 1 105 1237 141
2359 2 2 1 1 534 1188 1019
2360 2 2 1 1 180 1238 127
2361 2 2 1 1 126 1238 153
2362 2 2 1 1 873 1189 986
2363 2 2 1 1 901 1239 1113
2364 2 2 1 1 935 1240 934
2365 2 2 1 1 746 1264 1222
2366 2 2 1 1 722 1241 719
2367 2 2 1 1 1042 1242 837
2368 2 2 1 1 865 1243 954
2369 2 2 1 1 1135 1244 747
2370 2 2 1 1 963 1227 172
2371 2 2 1 1 968 1226 143
2372 2 2 1 1 134 1245 108
2373 2 2 1 1 107 1245 167
2374 2 2 1 1 140 1190 56
2375 2 2 1 1 115 1258 765
2376 2 2 1 1 757 1246 153
2377 2 2 1 1 98 1248 4
2378 2 2 1 1 1 1250 128
2379 2 2 1 1 2 1249 35
2380 2 2 1 1 5 1250 1
2381 2 2 1 1 4 1248 97
2382 2 2 1 1 3 1251 66
2383 2 2 1 1 67 1251 3
2384 2 2 1 1 36 1249 2
2385 2 2 1 1 130 1252 113
2386 2 2 1 1 112 1252 158
2387 2 2 1 1 163 1224 953
2388 2 2 1 1 145 1253 956
2389 2 2 1 1 952 1254 661
2390 2 2 1 1 40 1191 152
2391 2 2 1 1 116 1258 115
2392 2 2 1 1 969 1222 998
2393 2 2 1 1 675 1223 676
2394 2 2 1 1 153 1246 125
2395 2 2 1 1 714 1218 980
2396 2 2 1 1 94 1192 93
2397 2 2 1 1 1192 1193 93
2398 2 2 1 1 660 1194 658
2399 2 2 1 1 93 1193 92
2400 2 2 1 1 632 1196 1195
2401 2 2 1 1 542 1196 632
2402 2 2 1 1 632 1195 1128
2403 2 2 1 1 866 1197 139
2404 2 2 1 1 87 1198 86
2405 2 2 1 1 1198 1199 86
2406 2 2 1 1 86 1199 85
2407 2 2 1 1 664 1200 922
2408 2 2 1 1 84 1201 83
2409 2 2 1 1 667 1202 665
2410 2 2 1 1 82 1203 81
2411 2 2 1 1 671 1204 669
2412 2 2 1 1 80 1205 79
2413 2 2 1 1 941 1210 777
2414 2 2 1 1 1205 1206 79
2415 2 2 1 1 79 1206 78
2416 2 2 1 1 823 1207 771
2417 2 2 1 1 77 1208 76
2418 2 2 1 1 663 1209 662
2419 2 2 1 1 75 1211 74
2420 2 2 1 1 72 1213 71
2421 2 2 1 1 1212 1213 72
2422 2 2 1 1 73 1212 72
2423 2 2 1 1 652 1214 650
2424 2 2 1 1 70 1215 69
2425 2 2 1 1 724 1216 654
2426 2 2 1 1 920 1230 711
2427 2 2 1 1 721 1231 892
2428 2 2 1 1 146 1260 1221
2429 2 2 1 1 960 1259 1189
2430 2 2 1 1 967 1223 134
2431 2 2 1 1 146 1221 961
2432 2 2 1 1 141 1222 969
2433 2 2 1 1 1024 1257 1256
2434 2 2 1 1 1024 1256 156
2435 2 2 1 1 1183 1257 873
2436 2 2 1 1 679 1217 674
2437 2 2 1 1 759 1223 675
2438 2 2 1 1 159 1218 891
2439 2 2 1 1 873 1257 1189
2440 2 2 1 1 143 1219 42
2441 2 2 1 1 173 1259 1186
2442 2 2 1 1 1194 1253 145
2443 2 2 1 1 661 1254 1197
2444 2 2 1 1 54 1220 163
2445 2 2 1 1 1113 1221 737
2446 2 2 1 1 746 1222 745
2447 2 2 1 1 765 1247 115
2448 2 2 1 1 1189 1259 986
2449 2 2 1 1 761 1232 992
2450 2 2 1 1 964 1227 963
2451 2 2 1 1 115 1247 114
2452 2 2 1 1 1184 1233 177
2453 2 2 1 1 676 1228 1188
2454 2 2 1 1 837 1224 836
2455 2 2 1 1 62 1225 61
2456 2 2 1 1 1189 1257 1024
2457 2 2 1 1 130 1247 760
2458 2 2 1 1 791 1226 865
2459 2 2 1 1 747 1227 647
2460 2 2 1 1 114 1247 130
2461 2 2 1 1 711 1230 748
2462 2 2 1 1 727 1231 721
2463 2 2 1 1 124 1246 758
2464 2 2 1 1 50 1229 49
2465 2 2 1 1 919 1230 920
2466 2 2 1 1 892 1231 136
2467 2 2 1 1 765 1232 761
2468 2 2 1 1 660 1253 1194
2469 2 2 1 1 1197 1254 139
2470 2 2 1 1 1145 1234 739
2471 2 2 1 1 502 1235 1004
2472 2 2 1 1 843 1236 902
2473 2 2 1 1 106 1237 105
2474 2 2 1 1 127 1238 126
2475 2 2 1 1 902 1239 901
2476 2 2 1 1 872 1255 873
2477 2 2 1 1 934 1240 1145
2478 2 2 1 1 719 1241 724
2479 2 2 1 1 125 1246 124
2480 2 2 1 1 726 1242 1042
2481 2 2 1 1 954 1243 727
2482 2 2 1 1 748 1244 1135
2483 2 2 1 1 758 1246 757
2484 2 2 1 1 108 1245 107
2485 2 2 1 1 1188 1228 764
2486 2 2 1 1 760 1247 765
2487 2 2 1 1 1187 1250 5
2488 2 2 1 1 1185 1249 36
2489 2 2 1 1 1186 1248 98
2490 2 2 1 1 1184 1251 67
2491 2 2 1 1 865 1262 1243
2492 2 2 1 1 1244 1263 747
2493 2 2 1 1 1242 1261 837
2494 2 2 1 1 1235 1264 746
2495 2 2 1 1 873 1255 1183
2496 2 2 1 1 35 1249 178
2497 2 2 1 1 128 1250 180
2498 2 2 1 1 97 1248 179
2499 2 2 1 1 66 1251 177
2500 2 2 1 1 113 1252 112
2501 2 2 1 1 1225 1260 146
2502 2 2 1 1 1183 1255 501
2503 2 2 1 1 956 1253 868
2504 2 2 1 1 924 1254 952
2505 2 2 1 1 742 1256 743
2506 2 2 1 1 735 1260 725
2507 2 2 1 1 724 1233 1216
2508 2 2 1 1 161 1258 116
2509 2 2 1 1 986 1259 173
2510 2 2 1 1 169 1262 968
2511 2 2 1 1 172 1263 982
2512 2 2 1 1 953 1261 132
2513 2 2 1 1 998 1264 874
2514 2 2 1 1 1256 1257 743
2515 2 2 1 1 178 1249 1185
2516 2 2 1 1 177 1251 1184
2517 2 2 1 1 180 1250 1187
2518 2 2 1 1 179 1248 1186
2519 2 2 1 1 743 1257 1183
2520 2 2 1 1 1232 1258 161
2521 2 2 1 1 725 1260 1225
2522 2 2 1 1 765 1258 1232
2523 2 2 1 1 874 1264 1235
2524 2 2 1 1 132 1261 1242
2525 2 2 1 1 982 1263 1244
2526 2 2 1 1 1243 1262 169
$EndElements
