$MeshFormat
2.2 0 8
$EndMeshFormat
$Nodes
1445
1 0 0 0
2 1 0 0
3 1 1 0
4 0 1 0
5 0.75 0.5 0
6 0.5 0.625 0
7 0.5 0.375 0
8 0.85 0.5 0
9 0.5 0.7 0
10 0.5 0.3 0
11 0.03125 0 0
12 0.0625 0 0
13 0.09375 0 0
14 0.125 0 0
15 0.15625 0 0
16 0.1875 0 0
17 0.21875 0 0
18 0.25 0 0
19 0.28125 0 0
20 0.3125 0 0
21 0.34375 0 0
22 0.375 0 0
23 0.40625 0 0
24 0.4375 0 0
25 0.46875 0 0
26 0.5 0 0
27 0.53125 0 0
28 0.5625 0 0
29 0.59375 0 0
30 0.625 0 0
31 0.65625 0 0
32 0.6875 0 0
33 0.71875 0 0
34 0.75 0 0
35 0.78125 0 0
36 0.8125 0 0
37 0.84375 0 0
38 0.875 0 0
39 0.90625 0 0
40 0.9375 0 0
41 0.96875 0 0
42 1 0.03125 0
43 1 0.0625 0
44 1 0.09375 0
45 1 0.125 0
46 1 0.15625 0
47 1 0.1875 0
48 1 0.21875 0
49 1 0.25 0
50 1 0.28125 0
51 1 0.3125 0
52 1 0.34375 0
53 1 0.375 0
54 1 0.40625 0
55 1 0.4375 0
56 1 0.46875 0
57 1 0.5 0
58 1 0.53125 0
59 1 0.5625 0
60 1 0.59375 0
61 1 0.625 0
62 1 0.65625 0
63 1 0.6875 0
64 1 0.71875 0
65 1 0.75 0
66 1 0.78125 0
67 1 0.8125 0
68 1 0.84375 0
69 1 0.875 0
70 1 0.90625 0
71 1 0.9375 0
72 1 0.96875 0
73 0.96875 1 0
74 0.9375 1 0
75 0.90625 1 0
76 0.875 1 0
77 0.84375 1 0
78 0.8125 1 0
79 0.78125 1 0
80 0.75 1 0
81 0.71875 1 0
82 0.6875 1 0
83 0.65625 1 0
84 0.625 1 0
85 0.59375 1 0
86 0.5625 1 0
87 0.53125 1 0
88 0.5 1 0
89 0.46875 1 0
90 0.4375 1 0
91 0.40625 1 0
92 0.375 1 0
93 0.34375 1 0
94 0.3125 1 0
95 0.28125 1 0
96 0.25 1 0
97 0.21875 1 0
98 0.1875 1 0
99 0.15625 1 0
100 0.125 1 0
101 0.09375 1 0
102 0.0625 1 0
103 0.03125 1 0
104 0 0.96875 0
105 0 0.9375 0
106 0 0.90625 0
107 0 0.875 0
108 0 0.84375 0
109 0 0.8125 0
110 0 0.78125 0
111 0 0.75 0
112 0 0.71875 0
113 0 0.6875 0
114 0 0.65625 0
115 0 0.625 0
116 0 0.59375 0
117 0 0.5625 0
118 0 0.53125 0
119 0 0.5 0
120 0 0.46875 0
121 0 0.4375 0
122 0 0.40625 0
123 0 0.375 0
124 0 0.34375 0
125 0 0.3125 0
126 0 0.28125 0
127 0 0.25 0
128 0 0.21875 0
129 0 0.1875 0
130 0 0.15625 0
131 0 0.125 0
132 0 0.09375 0
133 0 0.0625 0
134 0 0.03125 0
135 0.7430776431520629 0.5292115533635168 0
136 0.7256456995618559 0.5538145386239646 0
137 0.7025281824920887 0.5732842672346037 0
138 0.676420906346086 0.5885658848033846 0
139 0.6486179744463727 0.6005145482896099 0
140 0.6197842932049799 0.609717504416323 0
141 0.5902988266702307 0.6165612734809247 0
142 0.5604008753906635 0.6212968819179223 0
143 0.5302577795947366 0.6240810891856575 0
144 0.5302577795947365 0.3759189108143425 0
145 0.5604008753906636 0.3787031180820777 0
146 0.5902988266702305 0.3834387265190753 0
147 0.6197842932049801 0.3902824955836771 0
148 0.6486179744463729 0.3994854517103902 0
149 0.6764209063460862 0.4114341151966155 0
150 0.702528182492089 0.4267157327653966 0
151 0.7256456995618561 0.4461854613760357 0
152 0.743077643152063 0.4707884466364834 0
153 0.8462951657865713 0.5290230487032809 0
154 0.8358165111197711 0.5563582443762558 0
155 0.8199990971270699 0.5810151466571079 0
156 0.8003071655054855 0.6027230973308553 0
157 0.7778760150993311 0.6216014503572425 0
158 0.7534993486164716 0.6379003843371531 0
159 0.7277185521936638 0.6518799321556841 0
160 0.7009067965913446 0.6637683372087899 0
161 0.673328022677151 0.6737531878948344 0
162 0.6451749282028226 0.6819838433925837 0
163 0.6165932468196922 0.6885766361151444 0
164 0.5876974520989905 0.6936199997220267 0
165 0.5585812210014036 0.6971786638670705 0
166 0.5293247223594101 0.6992967723781314 0
167 0.5293247223594097 0.3007032276218685 0
168 0.5585812210014034 0.3028213361329295 0
169 0.5876974520989905 0.3063800002779732 0
170 0.6165932468196921 0.3114233638848555 0
171 0.645174928202823 0.3180161566074164 0
172 0.673328022677151 0.3262468121051655 0
173 0.7009067965913442 0.3362316627912099 0
174 0.7277185521936635 0.3481200678443157 0
175 0.7534993486164717 0.3620996156628469 0
176 0.7778760150993314 0.3783985496427577 0
177 0.8003071655054856 0.3972769026691448 0
178 0.8199990971270701 0.4189848533428925 0
179 0.8358165111197713 0.4436417556237447 0
180 0.8462951657865714 0.4709769512967195 0
181 0.5 0.6749999999999999 0
182 0.5 0.65 0
183 0.5 0.325 0
184 0.5 0.35 0
185 0.8171745392475609 0.4653153447449556 0
186 0.8171757676208318 0.5346923820043195 0
187 0.7913581675750925 0.5748196479840204 0
188 0.7913581675750924 0.4251803520159799 0
189 0.7534321642437377 0.3919498191484467 0
190 0.7534321642437375 0.6080501808515535 0
191 0.521650635094611 0.3375 0
192 0.5216506350946108 0.6625 0
193 0.7021080389376007 0.6028705543013457 0
194 0.7021080389376009 0.3971294456986543 0
195 0.6784704803435049 0.3551225898847661 0
196 0.678470480343505 0.6448774101152337 0
197 0.626030066100161 0.3396571984232155 0
198 0.6260300661001609 0.6603428015767846 0
199 0.5700574578034368 0.3298159428557388 0
200 0.570057457803437 0.6701840571442612 0
201 0.7701770963641468 0.4773792846211842 0
202 0.7701770963641469 0.5226207153788159 0
203 0.8050423531741087 0.5000356196960167 0
204 0.7563349249621498 0.5565268238309871 0
205 0.7563349249621498 0.4434731761690133 0
206 0.6421704707188384 0.6300846686586405 0
207 0.6421704707188387 0.3699153313413595 0
208 0.7329014580294845 0.4147805590784278 0
209 0.7329014580294844 0.5852194409215724 0
210 0.5464505248557139 0.6482936511646802 0
211 0.5464505248557139 0.3517063488353198 0
212 0.786582921609829 0.5461198622641601 0
213 0.7865828171563196 0.4538807947723431 0
214 0.6721352587056553 0.3830850683294907 0
215 0.6721352587056549 0.6169149316705093 0
216 0.764427106120162 0.5834512853976492 0
217 0.764427106120162 0.416548714602351 0
218 0.5791606971564678 0.3570113968297735 0
219 0.5791606971564678 0.6429886031702265 0
220 0.5982463593881336 0.6659835910130841 0
221 0.5982463593881336 0.3340164089869159 0
222 0.6104404879451943 0.6363999504299679 0
223 0.6104404879451943 0.3636000495700322 0
224 0.7011955361100941 0.6331416002770777 0
225 0.7011955361100942 0.3668583997229223 0
226 0.6530347936084957 0.3417916176723846 0
227 0.6530347936084956 0.6582083823276154 0
228 0.7271819265213025 0.3807956219881641 0
229 0.7271819265213024 0.6192043780118357 0
230 0.5407876203365094 0.6766292038948204 0
231 0.5407876203365093 0.3233707961051797 0
232 0.8101864930105188 0.5586010566571727 0
233 0.8101862264451629 0.4414006200999832 0
234 0.8252297686894876 0.4875969020418787 0
235 0.8259531791271337 0.5123771383920169 0
236 0.7960006931754807 0.4778164816619206 0
237 0.7960447130530576 0.5221867777897136 0
238 0.5193104267807289 0.6418260284328096 0
239 0.5193104267807288 0.3581739715671904 0
240 0.7787326495797546 0.4001461598987412 0
241 0.7787326495797546 0.5998538401012591 0
242 0.5186611609044809 0.682322078814779 0
243 0.5186611609044811 0.3176779211852211 0
244 0.7765333567197146 0.5000000000000001 0
245 0.478260876079738 0.6375436901110821 0
246 0.4782605740849878 0.3624557804277347 0
247 0.02706329386826373 0.515625 0
248 0.02656719296881993 0.7352409419117926 0
249 0.02809075703895608 0.2660219058128812 0
250 0.02408584915164069 0.3908111226165147 0
251 0.2658761210248551 0.02692062107456672 0
252 0.2650529109896107 0.9719883325013816 0
253 0.4772506151804711 0.612325330607224 0
254 0.4561931188423672 0.6249955104005953 0
255 0.4564644739315425 0.6001929095699794 0
256 0.4342807618438079 0.6123737336141862 0
257 0.4347231589770968 0.5875259061527791 0
258 0.412332401103426 0.6004824097786102 0
259 0.411999907073974 0.6256827550388419 0
260 0.3892586843728517 0.6128062303877678 0
261 0.3898723230696392 0.5874477755668714 0
262 0.3893109545442654 0.639101488297847 0
263 0.3661853950278258 0.6259000136214675 0
264 0.3662803566124195 0.6526428906610138 0
265 0.34285271638612 0.6392531123302427 0
266 0.3429677405983264 0.6664180371569233 0
267 0.7241970450762913 0.6778862315431672 0
268 0.7265790035692371 0.3209819770384949 0
269 0.3192657757604674 0.6529184150502667 0
270 0.3193539309519375 0.6803930896205618 0
271 0.3911584095939045 0.026345076261651 0
272 0.3906118147559295 0.9741396866229745 0
273 0.02576536461852291 0.1704874947284995 0
274 0.02201090116813881 0.826765502844292 0
275 0.3192116718454566 0.6255339499565798 0
276 0.2955941043050818 0.6389364416088608 0
277 0.2954471541454807 0.6115920516139312 0
278 0.8274371201705605 0.0266646321962748 0
279 0.9729666183163372 0.8254269202307921 0
280 0.7947883502857103 0.9723441600685743 0
281 0.6372282156789834 0.7106490709172878 0
282 0.6365935520930122 0.2899675642631577 0
283 0.9699214795563555 0.2017324895024677 0
284 0.5164477441809957 0.7234333208860074 0
285 0.51522639100107 0.2768314655693022 0
286 0.4886597586907719 0.2759595094295326 0
287 0.7360493160617676 0.02511994120035566 0
288 0.2715507748443721 0.6251379653610553 0
289 0.2714150099739759 0.5974039372337432 0
290 0.7023167938794719 0.972449885594122 0
291 0.5028133068041067 0.2534760806696312 0
292 0.4764931749430178 0.2525845095354297 0
293 0.5779454050602202 0.973062937328117 0
294 0.4883328444353705 0.7252395744378972 0
295 0.6079490576554263 0.02815540158577223 0
296 0.5028640029961046 0.747627599898528 0
297 0.474978777019508 0.7483178362480161 0
298 0.1727967431511281 0.02888639517250902 0
299 0.1714822214077151 0.9731656167085837 0
300 0.2473817181163015 0.6109890008605112 0
301 0.2471070981222738 0.5833441064218444 0
302 0.2471151383164171 0.6370696370855549 0
303 0.4772670724699296 0.3876762238286564 0
304 0.4561825022517874 0.3750046421735754 0
305 0.4784025765645791 0.5870016621181011 0
306 0.9720808950322828 0.7357323911191422 0
307 0.4902647447002697 0.2302082682561764 0
308 0.4638803224596771 0.2293951538102925 0
309 0.4501508656818089 0.2519104709032949 0
310 0.4373413892836783 0.2286253130413882 0
311 0.4234240733934229 0.2515079371617254 0
312 0.410528678886568 0.2278892246533459 0
313 0.3963945812745836 0.2510185265347221 0
314 0.3832817930634843 0.2271241811221542 0
315 0.36897281481308 0.2501676457992832 0
316 0.3556448557924845 0.2262649973412422 0
317 0.3411692260459595 0.2496434746225572 0
318 0.3276933811004232 0.2254499647064252 0
319 0.3131452002146259 0.2494461495157274 0
320 0.3267298883430259 0.2741390082074004 0
321 0.298670619742321 0.2736149887054694 0
322 0.3119953669698777 0.2983491141741541 0
323 0.2841317093570321 0.2977657204492189 0
324 0.2976677376769023 0.3223955878486027 0
325 0.2856592929772818 0.2480824474826624 0
326 0.269478994249604 0.3218637196786842 0
327 0.2831401589426903 0.3466068342309324 0
328 0.254767957733519 0.3461083988741417 0
329 0.2714982504098986 0.5692901165510762 0
330 0.2471515958459244 0.5552438421787101 0
331 0.4895901676118523 0.7719515445749343 0
332 0.4613851555307522 0.772600764202274 0
333 0.2411487394062338 0.3210774504407629 0
334 0.4561672843421116 0.4003709755483728 0
335 0.8052829971317573 0.3685893446566277 0
336 0.4771387035957883 0.4130213316932856 0
337 0.2220662329667584 0.5954729902859552 0
338 0.2716008048741143 0.5412344439278323 0
339 0.4783600161738377 0.2069835577152231 0
340 0.504763156329166 0.2074291408240183 0
341 0.2472463716136701 0.5270911657165432 0
342 0.2262354255833714 0.3456371663157061 0
343 0.4761687718710223 0.7966986463910054 0
344 0.5045525869594525 0.7959070847333527 0
345 0.4478054427328366 0.79737453745028 0
346 0.5969705035822996 0.5924245765845076 0
347 0.8053380801769938 0.6288100219491549 0
348 0.0275839807854949 0.6424929669556261 0
349 0.4561467267566081 0.4259113644741117 0
350 0.2123063110635318 0.3204928125152952 0
351 0.4341242469737669 0.4131187656304799 0
352 0.4784880968293241 0.4384233943157193 0
353 0.2717329318472671 0.5130632682491746 0
354 0.4925053801177963 0.1837712085324251 0
355 0.5195148559905132 0.1842219284177825 0
356 0.3424193992747234 0.2015817965965804 0
357 0.9732412372102642 0.2969255847051077 0
358 0.1973248172765865 0.3453329391964796 0
359 0.4909896325244912 0.8210751478396665 0
360 0.5197815340975911 0.820231849930666 0
361 0.4343063085545355 0.438809443611495 0
362 0.4117727849472987 0.4260003916401721 0
363 0.6010701418733498 0.4130378617857051 0
364 0.971147674956182 0.1080037246901016 0
365 0.8885073464627595 0.9715482521391926 0
366 0.2473397337133832 0.4988490269753247 0
367 0.2226925976481158 0.5128988251109512 0
368 0.183262249557014 0.3198125593568844 0
369 0.5072708820792202 0.1603092827890497 0
370 0.5343601947966043 0.1606231700768047 0
371 0.4833847461338873 0.1584244768171377 0
372 0.973687453380104 0.6398561216137721 0
373 0.4118855810584641 0.4521469735824946 0
374 0.3890929949430255 0.4390650908879581 0
375 0.8481422186576493 0.4156971326503135 0
376 0.6770654510151882 0.4403596107736456 0
377 0.3433452831878556 0.6939522179066573 0
378 0.3194517383844996 0.7081489548442973 0
379 0.2718847460338844 0.4848993187246725 0
380 0.507104798713504 0.8450554888427828 0
381 0.5351898281888277 0.8440349459286216 0
382 0.2227586485163887 0.4843664528731605 0
383 0.1977845157141011 0.4986926163316213 0
384 0.3215457891287342 0.3207055588748893 0
385 0.1984807841735197 0.2947803556984649 0
386 0.169120252825499 0.2941770842547977 0
387 0.1845368079468624 0.2689469658604184 0
388 0.389203415962258 0.4653811463358772 0
389 0.1681301372270964 0.3448048342805052 0
390 0.5488510480014229 0.8190566770256806 0
391 0.5642708560760913 0.8431162866562876 0
392 0.5474871108766236 0.1853674837610511 0
393 0.5625704336414623 0.1613772941060898 0
394 0.3436963592096825 0.721704434021083 0
395 0.3196698691633543 0.7361642246691152 0
396 0.2950304649203751 0.7219532521549376 0
397 0.2952101431412141 0.7506476711361154 0
398 0.2702403575112384 0.7361424617517414 0
399 0.2704626915602131 0.7652791331957859 0
400 0.2453459660777443 0.7510290578807628 0
401 0.295691656605354 0.779540797869255 0
402 0.2455684807258967 0.7801996103046691 0
403 0.2198946832706584 0.765620453420239 0
404 0.220263365379955 0.7952424635766473 0
405 0.1944027384985166 0.7805440264097152 0
406 0.1942161636897451 0.7508365836494149 0
407 0.1945332938816265 0.8103065007132577 0
408 0.2206368966591922 0.8250581069854973 0
409 0.1686187884013867 0.7657768044715166 0
410 0.1685036704425237 0.7359635027037451 0
411 0.1549113529726692 0.2683729243879033 0
412 0.1704510945761041 0.2429253864131408 0
413 0.8640593503956735 0.5518319982313327 0
414 0.5207280587546274 0.1356015180834688 0
415 0.1947158674203379 0.8402782503080508 0
416 0.5781171408247339 0.8179468161616519 0
417 0.5937153630465061 0.8429925736822497 0
418 0.1979131288720496 0.46979262327219 0
419 0.1727081249742681 0.4841087601846609 0
420 0.1726424233898169 0.5132924003062731 0
421 0.452227988000377 0.0270981805245567 0
422 0.6076761263064721 0.8174109523241071 0
423 0.6233462490411124 0.8422679395069995 0
424 0.6374180930751228 0.8164682184139791 0
425 0.6531986866735028 0.8414198365388578 0
426 0.6673060952807031 0.8150216874753053 0
427 0.6831571029434846 0.8404119419711314 0
428 0.6972763007372962 0.8138871018175031 0
429 0.7132071550980508 0.8394236713318313 0
430 0.727415043044471 0.81351746814132 0
431 0.7433609087746202 0.8385637737474454 0
432 0.7576364452463896 0.8125440331157848 0
433 0.7736210587350362 0.8376232142075363 0
434 0.7879234784662041 0.8108050750857588 0
435 0.8039923673773727 0.8365429149046846 0
436 0.8182935120942567 0.8096261056896855 0
437 0.8344519717300128 0.8355095724806427 0
438 0.8022040804794803 0.7838191371635158 0
439 0.8325643548672181 0.7827471324187512 0
440 0.4077839335749953 0.2734439624280972 0
441 0.5759775424410135 0.1866639588022715 0
442 0.5913321631012213 0.1624913160296099 0
443 0.2991636639003348 0.5286484125399217 0
444 0.1405521935709969 0.2423251932117086 0
445 0.1560533957824028 0.2168773634919732 0
446 0.02706329386826373 0.578125 0
447 0.02610673731702362 0.4532419449390497 0
448 0.0298481075791272 0.3252147880064831 0
449 0.4504026036495936 0.973039425534249 0
450 0.9740497959098386 0.3577395053157629 0
451 0.6391653904271125 0.867594468614559 0
452 0.3278561981256475 0.02682979574352207 0
453 0.328223203856008 0.9729824090963369 0
454 0.6739176698752534 0.02474800770993701 0
455 0.4120816774094355 0.4784438690066032 0
456 0.02439074063403063 0.8894753282378042 0
457 0.03114425050768765 0.1101143228973849 0
458 0.8914831317607373 0.02595143382719134 0
459 0.9740258131632016 0.8923736806022046 0
460 0.109375 0.02706329386826373 0
461 0.1096638746347219 0.9747582200639823 0
462 0.1859534991311064 0.2176532286784091 0
463 0.1716520983445303 0.1913414290882925 0
464 0.2015900916016007 0.1920809344851807 0
465 0.1872846026243888 0.1657808732172876 0
466 0.217256662238602 0.1665567754503944 0
467 0.1572118747941023 0.1651149955245378 0
468 0.3657370607104503 0.7071761220524275 0
469 0.1685307934264205 0.8254082869671191 0
470 0.4119523409188383 0.3999569301499378 0
471 0.4779600915500812 0.8493172402659861 0
472 0.6049950002005955 0.1870399643056431 0
473 0.620530015657625 0.1633195191626055 0
474 0.6343528562420898 0.1880890921239144 0
475 0.6500266696969417 0.1644014215810132 0
476 0.6638771188364936 0.1902299969342023 0
477 0.6797327104717383 0.1655962795589995 0
478 0.6937283680766833 0.1915254524097884 0
479 0.709620963494703 0.1667839327709777 0
480 0.7236853162272809 0.1928278991837884 0
481 0.7396383433994567 0.1679592224377356 0
482 0.7537598896991338 0.1940359257691095 0
483 0.7697968838993716 0.1684222345762961 0
484 0.7839432388287439 0.195002908353242 0
485 0.800004120150456 0.1693412825277634 0
486 0.8142047834409958 0.1961022477321355 0
487 0.8302034671936542 0.1702223364680691 0
488 0.7980492869212552 0.2217439706350318 0
489 0.8283460802974373 0.2229006403707065 0
490 0.3442457047964039 0.7500503115442277 0
491 0.3976247747805975 0.2037265615198109 0
492 0.8743934809201881 0.4835013688377136 0
493 0.5240188103080144 0.8725083499879216 0
494 0.6762461631632539 0.5583255703805212 0
495 0.1686806281308034 0.8556427674205659 0
496 0.8164521886904732 0.7570079984746306 0
497 0.8467923258043079 0.7559134194650454 0
498 0.2208913091368029 0.8550266912742208 0
499 0.7849937219011135 0.1430610051566518 0
500 0.1473208795736131 0.4986065166124328 0
501 0.1474168137930055 0.4692171086764743 0
502 0.1480178642785088 0.5267603086205634 0
503 0.975135509658598 0.4206953044865739 0
504 0.4570330840864862 0.6492075367991635 0
505 0.2229754317936242 0.4555939468323505 0
506 0.8121644065618558 0.2484809075929278 0
507 0.8424559637621825 0.2497028968573146 0
508 0.1397011952857987 0.2937721696263688 0
509 0.2029593965432668 0.1402183473044422 0
510 0.232568311926997 0.1406926291565469 0
511 0.8587024992085646 0.2240228764310768 0
512 0.8629545857369917 0.7816108889356328 0
513 0.57523203147226 0.1365077032875338 0
514 0.3893833270592399 0.4917438454603872 0
515 0.1426544432145485 0.7509240201529949 0
516 0.1426224119017971 0.7210127796406243 0
517 0.7592993297852153 0.8642211335248546 0
518 0.6333956639742979 0.1389097649717316 0
519 0.6933869490807285 0.141481698547993 0
520 0.3661339772244444 0.4522778073173152 0
521 0.3661126073219392 0.4256375116283752 0
522 0.1422683746624426 0.8406156043853754 0
523 0.5449254506790743 0.02821339627135933 0
524 0.820052723562684 0.8624827019641665 0
525 0.8507487728049519 0.8614911886382425 0
526 0.9750190942541345 0.5782978902088739 0
527 0.1684510542009167 0.7060774077471061 0
528 0.142640508593981 0.6911402613752098 0
529 0.7143955346519839 0.7894219831019286 0
530 0.8728517728956424 0.2509500197937762 0
531 0.8565791573034567 0.2766172850258807 0
532 0.2685614801238004 0.3708811446166513 0
533 0.126049729124303 0.2160906859204665 0
534 0.9714664210116339 0.5128885039560431 0
535 0.4602741177143062 0.7256328212475986 0
536 0.1424684177515841 0.8711386041100376 0
537 0.1987426867564843 0.4420018431733028 0
538 0.6987624134013992 0.8659417264079725 0
539 0.706574595615478 0.2231249053624433 0
540 0.5459860318222164 0.5939919865795334 0
541 0.3140292413483708 0.2006898792509984 0
542 0.3291641919871208 0.1762714789619675 0
543 0.2186019177216614 0.1143571850326131 0
544 0.2488602819762776 0.1137806910209969 0
545 0.1883944464966131 0.1136383154180898 0
546 0.5769347581124862 0.8715613013461238 0
547 0.8307119960330391 0.7302240987960076 0
548 0.8610034817519706 0.7291319411589529 0
549 0.6403674005529894 0.972981651847391 0
550 0.1217527851468826 0.4838462591532525 0
551 0.1218746927807814 0.4541236447619383 0
552 0.4563819368823634 0.3495493683529275 0
553 0.3428424550661838 0.4389651721970167 0
554 0.5416707758191743 0.3996636973062592 0
555 0.5164830779846509 0.9737914548146949 0
556 0.5944643869044898 0.7926610671716618 0
557 0.412284496944141 0.5046834744457359 0
558 0.433070801830056 0.773038262682186 0
559 0.4192933584880777 0.796751476282896 0
560 0.434865342491518 0.4913797502301276 0
561 0.7871242799198954 0.7571618626710412 0
562 0.1684275822727605 0.6762164095206559 0
563 0.1426841244584389 0.6612147571839823 0
564 0.1167334044256206 0.6761873652176744 0
565 0.1168545540257577 0.6462275774891131 0
566 0.1427877547768044 0.6313230311894207 0
567 0.1170105255274246 0.6163093850083545 0
568 0.3413352720178155 0.4115813845154988 0
569 0.3170718940147904 0.4247271563874946 0
570 0.5928505292954913 0.2103016094787164 0
571 0.7820285790604679 0.2472986906550383 0
572 0.3195331199177855 0.5979406590144192 0
573 0.2468286034859183 0.8397581336601849 0
574 0.2477832229384389 0.8686690334686251 0
575 0.273185610878098 0.8543100556007009 0
576 0.223926135625907 0.8879336492552681 0
577 0.2741640126704648 0.8832053143558692 0
578 0.2994967742782375 0.8689805943446953 0
579 0.8361864731114237 0.8886535567884657 0
580 0.8670217796259487 0.8876561883967844 0
581 0.7960365540301821 0.2739254101874359 0
582 0.881562991641109 0.8604076500679496 0
583 0.1158151441307745 0.8559999324120764 0
584 0.1158471429003014 0.8255456236498784 0
585 0.2449122605731137 0.7208748076790344 0
586 0.7212408742792212 0.5086108397973838 0
587 0.8869829927965944 0.2778912699601425 0
588 0.8707233162504504 0.3035516459433347 0
589 0.1166104960853238 0.7361020605449125 0
590 0.1159713283983046 0.8866325478578618 0
591 0.8449372324727215 0.703384671947638 0
592 0.8752134275729144 0.7022112110590416 0
593 0.8147856020241666 0.7045658622992557 0
594 0.1104676481250231 0.2418146739782371 0
595 0.4350166150265938 0.5173991879132581 0
596 0.4573441712298478 0.5041728493886085 0
597 0.8891765644882992 0.225171191344422 0
598 0.3433417638898206 0.4665959289885799 0
599 0.8913713159785004 0.7280672812525975 0
600 0.9055969177505894 0.7011815869683339 0
601 0.8893555042200778 0.6753836201239829 0
602 0.3895726697948337 0.5181393272091213 0
603 0.6511230830281062 0.7884822096305106 0
604 0.530200883442308 0.7462353242510904 0
605 0.2310599746136678 0.1925657254119882 0
606 0.09583929443640526 0.2153893005704297 0
607 0.8999896926338063 0.3041133454807995 0
608 0.8846615418561146 0.3303504558562682 0
609 0.1422250554156085 0.602733803823252 0
610 0.1163572797991028 0.5877904084605325 0
611 0.2994051802120518 0.8983423981200481 0
612 0.3255857477766094 0.8838341477164662 0
613 0.3251861580853436 0.8538253937988249 0
614 0.3512633227931476 0.8684599695058821 0
615 0.3508069445671547 0.8387757825241648 0
616 0.3767677000812827 0.8532709064028738 0
617 0.3772548665956564 0.8829734748813456 0
618 0.4028346506540649 0.8676623078723207 0
619 0.4033234840978868 0.8974340845146555 0
620 0.5296656357767139 0.2540443986241301 0
621 0.2139520042095682 0.2696434245335415 0
622 0.173437982501234 0.5401509337512888 0
623 0.3008158236005688 0.1751321318123742 0
624 0.3157058546653921 0.1508657877373311 0
625 0.3444128305087394 0.1517095341486754 0
626 0.3309401748771478 0.1260540819780748 0
627 0.3601515079950119 0.126815237676935 0
628 0.3461212975217177 0.1013467516236055 0
629 0.3756261011422792 0.1017512109631672 0
630 0.3895947432097633 0.1277413242137397 0
631 0.4051010456994402 0.1028157530195929 0
632 0.3155656192258737 0.1017374223587754 0
633 0.6433098904489292 0.2132873774202638 0
634 0.8979153729946678 0.8866444112364159 0
635 0.2236232620914551 0.4283302099618768 0
636 0.4735658673172114 0.297581179935378 0
637 0.182347369828459 0.3704414316352236 0
638 0.1529840466873646 0.3699554034899552 0
639 0.1426622302194744 0.9010808263301709 0
640 0.5763330908329423 0.7204927424794088 0
641 0.4575458817575915 0.5300062818428576 0
642 0.4798630654291601 0.5170908791262161 0
643 0.8524625580238901 0.9148913706410405 0
644 0.2042380923171456 0.08767569684569015 0
645 0.1737370419853926 0.08612470699489672 0
646 0.09593359786015787 0.468944272009253 0
647 0.09607223200148107 0.4389989951107489 0
648 0.09589170405610847 0.4988624076082131 0
649 0.5763272129824979 0.2794685824979718 0
650 0.4187697450782504 0.1287737660719077 0
651 0.4344497849928755 0.1039329785702839 0
652 0.09099797409948607 0.6013903241063334 0
653 0.09028205934087169 0.5728053473370972 0
654 0.4046140189097969 0.7734718334994206 0
655 0.3776757025923456 0.9128318637733914 0
656 0.09070419894917536 0.6611456754292521 0
657 0.2962928094430716 0.3712362212448895 0
658 0.04442846957275415 0.02838212367493437 0
659 0.02942503164259425 0.9518923384505207 0
660 0.9519120423763292 0.02636177217832486 0
661 0.9762643941784429 0.9526545743755914 0
662 0.9123401157767744 0.8592651430888767 0
663 0.4289679661963241 0.8820966125464133 0
664 0.4797044342892482 0.491103054211751 0
665 0.5025510456138435 0.5040727502666131 0
666 0.5025756121270167 0.5305498902514357 0
667 0.5257650967972293 0.5173233040091391 0
668 0.5258221723618071 0.4902488579053765 0
669 0.549732919158193 0.5037594192810961 0
670 0.5496804029086049 0.4759671144525129 0
671 0.5742576198092899 0.4898917940611324 0
672 0.574883538913065 0.5192332551830103 0
673 0.5992675497041418 0.5044126111833792 0
674 0.599128723011361 0.4753650024369408 0
675 0.6243621717413446 0.4898119542472175 0
676 0.6242823610605706 0.5190767600298274 0
677 0.6498286818666508 0.5045187972697069 0
678 0.4294534361105096 0.9120083548525634 0
679 0.4551786875148209 0.8965880244990849 0
680 0.1940547590185676 0.6911060763943014 0
681 0.8215454851926456 0.9158620421375321 0
682 0.1940093583254197 0.6614799303055381 0
683 0.766080986727098 0.2735998001356039 0
684 0.7773334261258785 0.3013613486841988 0
685 0.4183963948073625 0.7486790948250215 0
686 0.08923500695976605 0.8714798638779564 0
687 0.08937393203573801 0.902266651738483 0
688 0.9145530023774443 0.2792109948715753 0
689 0.2474997974583495 0.4413079298268 0
690 0.8412060865418547 0.3016809084775065 0
691 0.1236193921188333 0.4205622396334259 0
692 0.09452852348875534 0.4063465933578604 0
693 0.9180145505732726 0.330109757266777 0
694 0.8987254154346387 0.3573981064167009 0
695 0.8682069237078351 0.3558214496025903 0
696 0.8960464018495042 0.8331625591774691 0
697 0.4207471090025375 0.07788087378337316 0
698 0.4502969763431037 0.07898626248646667 0
699 0.4639681268715149 0.1049836353347811 0
700 0.4798852700918496 0.08016417769033113 0
701 0.8749062414562436 0.1981348151784517 0
702 0.9055253120258584 0.1992717634208164 0
703 0.8912492789393593 0.1721221649601756 0
704 0.9219736906528557 0.173254006725797 0
705 0.907568920036532 0.1459993630764323 0
706 0.876818894294924 0.144889208534811 0
707 0.8931344277804927 0.1187269785884251 0
708 0.8622821802284102 0.117585397729994 0
709 0.877444055292555 0.09205899902331199 0
710 0.8475323088122562 0.0921231932886577 0
711 0.9069756105514513 0.09528849185486576 0
712 0.9219811349502871 0.2298647880439715 0
713 0.3659662633490992 0.3986030457002224 0
714 0.5254832268498838 0.4630579789383976 0
715 0.3887593958020428 0.665767011506945 0
716 0.1115890245510726 0.1898260718804554 0
717 0.1578914826152899 0.1127890040444032 0
718 0.1431081421128816 0.08521898715787568 0
719 0.1271455602024114 0.1121618765201348 0
720 0.112348010518436 0.08547828479619207 0
721 0.09642696073332785 0.1118102041448579 0
722 0.08111152988488401 0.08476318259394622 0
723 0.09064177298122944 0.6913080714886075 0
724 0.3667345054588693 0.5051462872921539 0
725 0.3667631681681025 0.5317095555466478 0
726 0.1388068754894045 0.3442939709550287 0
727 0.9224727351340348 0.6721056256547062 0
728 0.9027350322806342 0.6474676182445208 0
729 0.8731968293696204 0.6496292555394892 0
730 0.8876477889116977 0.6229077615571189 0
731 0.916298641101925 0.6207984938768732 0
732 0.9018646260794136 0.5962320053457704 0
733 0.1165656461907599 0.7660178417611035 0
734 0.09035486529848596 0.751188337986501 0
735 0.4342466517274646 0.3621414981714545 0
736 0.43428318369413 0.3363851304219142 0
737 0.4118999799907723 0.3488784775254696 0
738 0.6240632673722954 0.4604085326872136 0
739 0.4309507920197484 0.8234693648689181 0
740 0.3264938138033971 0.9172991476873948 0
741 0.1684083333309633 0.6168452898226732 0
742 0.1665609966963469 0.3956077867435528 0
743 0.2870622945852928 0.1982025176953175 0
744 0.09043372891881896 0.7815973782154749 0
745 0.5256625091830529 0.5444207350550635 0
746 0.3917637442613272 0.7963068155169617 0
747 0.2708562664239468 0.9150718141523095 0
748 0.3607783224930678 0.0772127749587041 0
749 0.2822286373050582 0.3944535038347611 0
750 0.3425950388110292 0.3847427649767957 0
751 0.366394080514195 0.3720490508825252 0
752 0.4758857740246601 0.6867392280303188 0
753 0.07966476385238097 0.2413269071508128 0
754 0.0948283719312053 0.2679011307556277 0
755 0.06500221687315982 0.2145210657383351 0
756 0.4119061289359375 0.3233076440762653 0
757 0.8382806729172132 0.94298551428806 0
758 0.8557706333678823 0.6237143500057327 0
759 0.5024400979537084 0.4218387924084035 0
760 0.06467869873984378 0.6767866019453888 0
761 0.06986601003121384 0.4838720276047225 0
762 0.324976831567759 0.8242438783608287 0
763 0.3887086980305489 0.3361714536872797 0
764 0.07042799439197422 0.4237029043885697 0
765 0.8290056537883221 0.6784250136513734 0
766 0.798988123627095 0.679306517894891 0
767 0.7848691873412381 0.7054386477639286 0
768 0.2198238185959264 0.6768649406700958 0
769 0.4033795745730963 0.153286519605916 0
770 0.3442336704964164 0.5191954088985202 0
771 0.3404624416912352 0.5468711069364101 0
772 0.753045741401404 0.2458055013520259 0
773 0.7361655353546852 0.2716449993107393 0
774 0.3899053472955719 0.3111701440113154 0
775 0.4356872283724473 0.5427083746203726 0
776 0.8830574468158365 0.3826835805142228 0
777 0.9123160890427269 0.3844772283358807 0
778 0.8977001195366175 0.4041471126036385 0
779 0.4345025198126933 0.3097074196471163 0
780 0.2877766315309088 0.1478487061694347 0
781 0.8313915949860964 0.1164914178291743 0
782 0.8148586576841869 0.088787554314321 0
783 0.2726556673055592 0.8244568449893874 0
784 0.06444676835336649 0.7674478231649902 0
785 0.9211874709441741 0.7266919304666837 0
786 0.9074546126368194 0.7538598239030854 0
787 0.5489952865225309 0.4484026594620411 0
788 0.3885374256692075 0.7473105238306593 0
789 0.9376935443490103 0.1475526662993498 0
790 0.4313719296994495 0.1538209189442092 0
791 0.1117571697515689 0.138320922766435 0
792 0.07855961486279295 0.1400570516071381 0
793 0.4049448868601865 0.7222637978271327 0
794 0.1242950903897319 0.3690160486094224 0
795 0.109299468993472 0.3439798435059825 0
796 0.3904679647884735 0.5436516082350837 0
797 0.4563078682137827 0.9255379698642261 0
798 0.4804610519192089 0.9109907328736886 0
799 0.8812074585658157 0.512625592832563 0
800 0.9015619056645197 0.4939399422768794 0
801 0.9045916363068364 0.5208418030444281 0
802 0.8985300342125941 0.4660622816524356 0
803 0.9249438957736977 0.4758253700156572 0
804 0.9233714716421743 0.4461138919578596 0
805 0.06433178252408184 0.795909578639505 0
806 0.07010953370234085 0.3921971972764551 0
807 0.07303079243944882 0.5210464920295277 0
808 0.2548036290557918 0.3947414127323745 0
809 0.1654293451531337 0.5850309089965904 0
810 0.7698658149600417 0.6816624932616467 0
811 0.7558765444814909 0.7079958849121283 0
812 0.06496911401988265 0.7054305479424786 0
813 0.3491475472562205 0.8093690070091526 0
814 0.9255873929211437 0.8326928850509172 0
815 0.9099042025016693 0.8062079778877627 0
816 0.4823858944759579 0.9392949654476898 0
817 0.5087835196366639 0.9248474273154563 0
818 0.8616887199833604 0.06453263824030059 0
819 0.9498881185605823 0.461138358193057 0
820 0.4579584676715963 0.5538068061862259 0
821 0.8551640719372103 0.5768312363987484 0
822 0.9305734409503454 0.5939947014944754 0
823 0.9128951102455466 0.5686611186688378 0
824 0.1034819266760713 0.5290841439529625 0
825 0.9274029875043165 0.8847517955471668 0
826 0.9142651743680643 0.9130014936743927 0
827 0.3662932341862676 0.3209559518117882 0
828 0.3712040606458109 0.2947164072992951 0
829 0.5028429773440247 0.5554494680550011 0
830 0.9436870513141568 0.8078848484450656 0
831 0.3428314754481739 0.3597230873946567 0
832 0.4326161749437187 0.9447947709660897 0
833 0.1935360477211353 0.396307781648618 0
834 0.4962243752339824 0.1111459573038721 0
835 0.5099915911513687 0.08204177608095764 0
836 0.4958990915809272 0.05509424353806763 0
837 0.9422891854068912 0.7520404134834981 0
838 0.1474054766913632 0.5573495683765732 0
839 0.827071131078623 0.3892882255889231 0
840 0.7131015153540321 0.4735504040810691 0
841 0.06045181342969153 0.6452502887666011 0
842 0.8620239733428756 0.4389820788736274 0
843 0.06647700792624889 0.5836804960611794 0
844 0.0652245191744249 0.5557220515510756 0
845 0.8688307606380206 0.9411930231063103 0
846 0.9256857766904144 0.4122222442230591 0
847 0.9404550243805544 0.3866578268019989 0
848 0.1896043217351528 0.06033593863843195 0
849 0.2203036469956913 0.06083927494563379 0
850 0.06291121829300161 0.2672600065411502 0
851 0.07888910502898849 0.2936974581831424 0
852 0.04870456418823266 0.2935353324198436 0
853 0.06370658344252944 0.320888981003253 0
854 0.05168774498230466 0.3485770728203225 0
855 0.4034441852728179 0.8393808624271031 0
856 0.04152186199833457 0.6900496630843129 0
857 0.781076223949183 0.3507382592096525 0
858 0.8078376841318123 0.3381075777235851 0
859 0.8355401500911463 0.3550958661920215 0
860 0.1268369438814556 0.05609404869327433 0
861 0.649675493261104 0.5353246300152522 0
862 0.6751482019499288 0.5200430648927965 0
863 0.6251442207534363 0.5488722695355952 0
864 0.6708041596854208 0.488529832153935 0
865 0.477869620777032 0.88106406223628 0
866 0.04110473456332148 0.7815620345435772 0
867 0.5262562432840739 0.0558888548742954 0
868 0.5393473766789608 0.08288280497978717 0
869 0.204882991018208 0.03191064854336961 0
870 0.9463341512413536 0.9103719585812146 0
871 0.9314601758943064 0.941708020371175 0
872 0.7575454987327133 0.3300974503068217 0
873 0.06257375648192892 0.8870724320968525 0
874 0.06274546465232894 0.9180670816907266 0
875 0.06332867503336642 0.8561816777894605 0
876 0.09167484861479441 0.9313765281149113 0
877 0.06294899162499951 0.9491443664810522 0
878 0.3236532883247009 0.7945778462998552 0
879 0.4170746117143252 0.1788269630424733 0
880 0.4414159740391993 0.1801811683854967 0
881 0.6975462982473064 0.6921662228831849 0
882 0.7247233180861394 0.7094597897398577 0
883 0.6945690489923095 0.7223486053589485 0
884 0.7437810622192949 0.7356572709583097 0
885 0.6997470575040806 0.3056054882740819 0
886 0.9524414984726931 0.4872651250824362 0
887 0.9523294565271677 0.1739743163072208 0
888 0.6675502452575514 0.7022707659709511 0
889 0.658044666778744 0.7323034272901715 0
890 0.6261840507087996 0.7384811822590019 0
891 0.6804591856489 0.7496857865605104 0
892 0.3129399796849341 0.3959438224484053 0
893 0.5990822351238718 0.4452620907224093 0
894 0.668146757861397 0.2973241340450724 0
895 0.6581684767284928 0.2687761551590314 0
896 0.6273521797377675 0.2619551739285506 0
897 0.6871871212546299 0.2760348893060256 0
898 0.6794426637531378 0.2466065532715754 0
899 0.7079358488468229 0.2560219407880993 0
900 0.09430481194521451 0.3736844248695159 0
901 0.781307693077792 0.6527301311648714 0
902 0.6060944630238375 0.2838366043080947 0
903 0.5952510003859407 0.2577104275107061 0
904 0.5625290847988208 0.2558105728135058 0
905 0.6153333107350105 0.2333729896345647 0
906 0.5556369590903504 0.05763705555106119 0
907 0.5694692327196758 0.08400825287680902 0
908 0.5857919091776574 0.05904595601413487 0
909 0.5997103985575338 0.08549618459026392 0
910 0.5565779922204568 0.1093654019343658 0
911 0.6161298729516509 0.0604413193686788 0
912 0.6301135921489489 0.08687698551778927 0
913 0.6466202874518139 0.06188281931141515 0
914 0.6606378632614694 0.08840002093640564 0
915 0.6771628270947977 0.06423049484460908 0
916 0.6912377482862938 0.08999792920601957 0
917 0.7077876863234255 0.06602254297037013 0
918 0.7218918500448384 0.09160816945853301 0
919 0.7384773169948473 0.06744288925941755 0
920 0.7526039076865267 0.0931220478677881 0
921 0.7682013782289441 0.07097403159234411 0
922 0.7379517736931746 0.1169946726579453 0
923 0.6162088160383328 0.1118455217488002 0
924 0.7832783813367392 0.09478733579656368 0
925 0.7136844145933269 0.7412708410455584 0
926 0.736743934013473 0.7646645401813961 0
927 0.52537245779957 0.5715974643207761 0
928 0.5493392704391739 0.5598611456071663 0
929 0.5168358907771433 0.5988692606982218 0
930 0.5728990801920895 0.5786668391137088 0
931 0.5745556370955667 0.5473369032883073 0
932 0.8274423869539456 0.610939475138228 0
933 0.04859318624732983 0.2394113726921721 0
934 0.03475480538838505 0.2150057958353812 0
935 0.6057880593330878 0.7164772673468431 0
936 0.5950117119962468 0.7428368815876898 0
937 0.5635354459900842 0.7457427386679274 0
938 0.6148716675400856 0.7665142648914854 0
939 0.6261863287108727 0.4327491102898431 0
940 0.5735271036691723 0.432759148353383 0
941 0.3495667293607841 0.777442823077104 0
942 0.856693412785331 0.9716684381595205 0
943 0.5154751484717429 0.3985370328694292 0
944 0.2195725334432866 0.7057876067950163 0
945 0.2453209040679106 0.691959209478077 0
946 0.270035767847604 0.7059170957996951 0
947 0.2708033040193893 0.6786045314076083 0
948 0.4319442330547126 0.72395592924133 0
949 0.4182458392579756 0.6992716249215764 0
950 0.4498742445765826 0.6993100379305568 0
951 0.4306064605634929 0.6770057544988863 0
952 0.9462886332366481 0.6226588783596285 0
953 0.2978250647729314 0.8093930319832474 0
954 0.6767351842813658 0.1145252783059924 0
955 0.7492459463392978 0.3004169023394852 0
956 0.5759587353098224 0.02880326955313195 0
957 0.3740429567516143 0.1523380676731793 0
958 0.843157237543527 0.6528254268854563 0
959 0.699386888423577 0.540204670677003 0
960 0.269350829641945 0.4213336612566015 0
961 0.3580589065517015 0.1770295226775741 0
962 0.4470234185656122 0.1290115293006264 0
963 0.4217418454407503 0.02637163743854803 0
964 0.4347141031085186 0.4652920573942597 0
965 0.5129649542959359 0.02842646399175713 0
966 0.1684760051024131 0.6464168483162396 0
967 0.1947272408971714 0.632707225445136 0
968 0.3595723917184562 0.02641580947731026 0
969 0.8092041865419538 0.3056620206687579 0
970 0.3158847886852132 0.3468526146818366 0
971 0.2968961284032506 0.4985691554605522 0
972 0.2962545299860759 0.4710429910735898 0
973 0.3204781957159053 0.4815536632112479 0
974 0.2956106389804503 0.5572856902851194 0
975 0.8549755746986025 0.3286044705035361 0
976 0.5469661024893008 0.9732322090347968 0
977 0.5623374988646274 0.9463384539608756 0
978 0.5931693630627151 0.9462058817186398 0
979 0.5799021283627905 0.9205089360844483 0
980 0.6089638962091579 0.919649593255047 0
981 0.5474603180844486 0.9180480286865322 0
982 0.6244525032439521 0.9461770365497438 0
983 0.6402791471310264 0.9196766608922664 0
984 0.2157953227988652 0.2180850337364028 0
985 0.2448159561944062 0.2189987165887513 0
986 0.2293735074460195 0.2440294213922714 0
987 0.2000103726847543 0.2435472434356973 0
988 0.2426728578775295 0.2705103429598114 0
989 0.4832908891183156 0.9695152258154722 0
990 0.9730135144956404 0.5467419640112718 0
991 0.946213668015589 0.5312495393047314 0
992 0.9450914681152685 0.5653114865924628 0
993 0.02469511403742441 0.4225427131656776 0
994 0.02557202040830342 0.4842243956927107 0
995 0.0256952058418517 0.5469470451645883 0
996 0.8591443141611972 0.6769765332011636 0
997 0.4545538905010109 0.8666581923879748 0
998 0.4285041003787762 0.8523232115465688 0
999 0.9700389411136292 0.1438145449676179 0
1000 0.02531301376260497 0.6094627925822657 0
1001 0.4215057779066897 0.9734099311257375 0
1002 0.80688357843022 0.9431142462545439 0
1003 0.7906246589520765 0.9168600523590236 0
1004 0.7764079840990926 0.9443665167288274 0
1005 0.7597200087964957 0.9177220125913123 0
1006 0.7452829183336971 0.9448410525999893 0
1007 0.7292991324245659 0.9184749343848052 0
1008 0.7434756030600514 0.891569384061095 0
1009 0.2711906069018211 0.4549230461700808 0
1010 0.2949203899319992 0.4396737030464428 0
1011 0.7677727594654109 0.7819895030142852 0
1012 0.1940574559146507 0.7209563323855127 0
1013 0.5311966117126456 0.9477791280871151 0
1014 0.9732583832737607 0.3278785300093014 0
1015 0.9471303990477521 0.3136274248202458 0
1016 0.9482618672020664 0.3425168427810502 0
1017 0.3593319888880109 0.9732325516623679 0
1018 0.3427080549004194 0.9465162215435379 0
1019 0.312829639904583 0.9460646143200018 0
1020 0.297087398294593 0.9727798998390328 0
1021 0.2819140898298308 0.9458771098045657 0
1022 0.2513820946818692 0.9421618709857633 0
1023 0.2399414799061307 0.9146533151142417 0
1024 0.2180996756302553 0.9396552362049154 0
1025 0.2340241718606362 0.9713416070317573 0
1026 0.3764746953359242 0.944282250886291 0
1027 0.2968944147831028 0.0269137364434488 0
1028 0.2811640836927046 0.05366583157504634 0
1029 0.3125003735564725 0.0538215970260143 0
1030 0.2458886825353478 0.1675001472210468 0
1031 0.2274342754101289 0.2956175846862817 0
1032 0.8007876896379396 0.7309565300790213 0
1033 0.2956349636976559 0.583972160694054 0
1034 0.3226021170199088 0.5696156468685509 0
1035 0.3448792843169468 0.5872401927362491 0
1036 0.7678821921452812 0.2205038117829197 0
1037 0.7388993626011001 0.219711809331069 0
1038 0.6752569594463589 0.2173399002080493 0
1039 0.2108328013104516 0.3707056402527246 0
1040 0.6716836994650069 0.9729263056864563 0
1041 0.6864400372639877 0.9456047556234048 0
1042 0.6560404384850527 0.946096607915383 0
1043 0.6704952942810789 0.9190473363596001 0
1044 0.6412193740776295 0.03174027568042603 0
1045 0.8462229722560091 0.1440184583930942 0
1046 0.7056004381367033 0.02422832701471489 0
1047 0.6832800284958254 0.7905315465153646 0
1048 0.654653804014429 0.8929355093362241 0
1049 0.9738106453446009 0.6705449289375567 0
1050 0.9488117396827069 0.6547751942609484 0
1051 0.9686429750337722 0.7023630359327795 0
1052 0.9732605817817714 0.2656900202560728 0
1053 0.972988986821155 0.2350276622786823 0
1054 0.9482068004493363 0.2489333556497511 0
1055 0.9729367061317364 0.765625 0
1056 0.9733121473339269 0.7953746121101986 0
1057 0.4348349472146068 0.2791889089798898 0
1058 0.2461277721775879 0.8098125292505933 0
1059 0.2504292043971005 0.05403159421608483 0
1060 0.2652247657355034 0.08321444094270303 0
1061 0.3893466839155252 0.3865210547129599 0
1062 0.8053945112965767 0.889654014282348 0
1063 0.221273346719786 0.6493380276977547 0
1064 0.7674073354093054 0.02497936074877449 0
1065 0.7977595966437483 0.02580254055888082 0
1066 0.813242998991822 0.05540385076231635 0
1067 0.116967172122433 0.5570653648936689 0
1068 0.02301699544628372 0.857932133459677 0
1069 0.02690442377106883 0.1415655069932464 0
1070 0.05129613834675506 0.1564990260934087 0
1071 0.6091141119866461 0.9730712512406485 0
1072 0.1484881922908515 0.4401461143680106 0
1073 0.3823678658617845 0.2726185318971149 0
1074 0.5639382220488008 0.7935336948889754 0
1075 0.2988876844813215 0.8392016331796142 0
1076 0.8598844506286284 0.03092494192535272 0
1077 0.9702784321349778 0.8585171024148475 0
1078 0.8262743924569143 0.2760115714683039 0
1079 0.1415684993713193 0.02789986340306272 0
1080 0.09549066025359176 0.05682041868851101 0
1081 0.06470116486940636 0.05776136584816249 0
1082 0.05035231940504586 0.08541361189063373 0
1083 0.03462160065038611 0.05894951252121733 0
1084 0.07837421578262543 0.02833786701331198 0
1085 0.1406067229110625 0.9732851662640754 0
1086 0.1561633992112829 0.9473093603404945 0
1087 0.187419496189401 0.9459132835520462 0
1088 0.1706496931668795 0.9188881122129553 0
1089 0.1212449838019737 0.9466006564838825 0
1090 0.02515925663301372 0.9207136158908997 0
1091 0.9218760595520111 0.02706268213562485 0
1092 0.9379175645907402 0.05293074370330508 0
1093 0.9713056561238844 0.05074042310890586 0
1094 0.9531820213331103 0.07695271926351954 0
1095 0.9074357990107575 0.04956688070793347 0
1096 0.1948871894261492 0.6042189447647408 0
1097 0.1941435146857131 0.5726688254387177 0
1098 0.1095403956570628 0.2939157604396613 0
1099 0.9191911059027258 0.9717221920071053 0
1100 0.4571415513590906 0.478129566509188 0
1101 0.47970962881748 0.4651177279130045 0
1102 0.4567510692375928 0.4519472590362963 0
1103 0.5335434448543614 0.7948481201388943 0
1104 0.8652256925160066 0.8343010510791792 0
1105 0.1423699372244124 0.8104429206855919 0
1106 0.4466749133261163 0.7487041180744043 0
1107 0.1579419487062217 0.05742665667667513 0
1108 0.4585222952482476 0.320309145068141 0
1109 0.4127059125738025 0.5306300991834154 0
1110 0.4141916860111446 0.5543561039735344 0
1111 0.3779298315947766 0.8210515454244218 0
1112 0.1985069536352407 0.5261443393904607 0
1113 0.5624741686911087 0.209716264675454 0
1114 0.2472748274029086 0.4699899535670649 0
1115 0.3676744238218779 0.5568194529728114 0
1116 0.5247779976890052 0.9003976046786346 0
1117 0.5503112639697344 0.8882924398690086 0
1118 0.343182079991084 0.6125659314928311 0
1119 0.08931317418101026 0.8409309200063271 0
1120 0.169135428569651 0.8862554749255392 0
1121 0.8833890982515256 0.9144406186904758 0
1122 0.9006258484259466 0.9425513024047187 0
1123 0.7744351177574351 0.8907728260808906 0
1124 0.9216284083691086 0.121343073013742 0
1125 0.4783493649053891 0.6625 0
1126 0.4783493649053892 0.3375 0
1127 0.545275711319986 0.2782799305432847 0
1128 0.5179062438705259 0.7709970244014355 0
1129 0.2195465546928644 0.7359668170234924 0
1130 0.8488505191278148 0.8085162110281587 0
1131 0.9360683456194538 0.7010533207504339 0
1132 0.936738105862003 0.2003188692798402 0
1133 0.7627515978959185 0.9718522530825789 0
1134 0.8445171698327321 0.1971449395049611 0
1135 0.7894658514190533 0.86354946749408 0
1136 0.6000888185594768 0.5335451403201793 0
1137 0.8770711761408498 0.7547969823217212 0
1138 0.6472812874544341 0.4749673673997424 0
1139 0.1731075815460052 0.4552963938632401 0
1140 0.224214702689623 0.3993640013766978 0
1141 0.2224921073631411 0.5664268375279762 0
1142 0.9017527400256672 0.2535063038736196 0
1143 0.2401606845968272 0.3704463941620026 0
1144 0.7291007565766106 0.8649712649329759 0
1145 0.4144676287695774 0.6545408356407746 0
1146 0.5325746776836668 0.2083286284994474 0
1147 0.8793314705256894 0.8073655971654525 0
1148 0.1166845805310447 0.7061254334760578 0
1149 0.08258338915300345 0.1899294324963631 0
1150 0.168748516504825 0.7955008457156381 0
1151 0.5463203636520064 0.7225213564535922 0
1152 0.5471656284254725 0.7695170269236897 0
1153 0.1954559580798473 0.8709352215452886 0
1154 0.1416950182888721 0.1906518005060093 0
1155 0.1726178568454764 0.1393977873545841 0
1156 0.1388127152653896 0.3937333169852267 0
1157 0.4741539381331286 0.1324119141729667 0
1158 0.2345956956084818 0.08774337858906989 0
1159 0.2815003863310029 0.1109513049443091 0
1160 0.09019729301851664 0.6310397236929011 0
1161 0.6088476170309988 0.8685570738290471 0
1162 0.8606530039954869 0.1710886538399272 0
1163 0.1540929218906161 0.3192064009241738 0
1164 0.5022763306671899 0.4773994606632181 0
1165 0.6688809434888641 0.8665861501904437 0
1166 0.1423729885576118 0.1387408072234042 0
1167 0.7139321893182727 0.8920213308396868 0
1168 0.1250001929237927 0.2680169753999178 0
1169 0.3516923003123457 0.8982742885627164 0
1170 0.9707717485446842 0.3883285178166987 0
1171 0.462982572394692 0.2747778473487958 0
1172 0.07048248264043711 0.4539026753138369 0
1173 0.366594774767772 0.4788543727030432 0
1174 0.1237398611162619 0.5121110227577826 0
1175 0.7722530574815351 0.7319805813296711 0
1176 0.2232925662288394 0.5397512765640904 0
1177 0.3911070485421978 0.07729914791407605 0
1178 0.647555584901784 0.7601734032932517 0
1179 0.3661496849055674 0.6797292273929434 0
1180 0.4038114554633794 0.9272287457525925 0
1181 0.9283747418783455 0.506366845175949 0
1182 0.3671906995027044 0.6008251952876491 0
1183 0.3002390873195756 0.2242312427694222 0
1184 0.4626352943776013 0.8215424056706642 0
1185 0.3191515381007959 0.4537597691507286 0
1186 0.3204414813699764 0.764509512800573 0
1187 0.5741118951741384 0.4612746349147366 0
1188 0.295191115151514 0.6939578927194903 0
1189 0.3890406125659543 0.4126306707866043 0
1190 0.4661921655356016 0.05387533989172905 0
1191 0.387757424914454 0.1774367316995455 0
1192 0.4341963368359707 0.3875755416208627 0
1193 0.4258733817083461 0.204240541860067 0
1194 0.4525393558758795 0.2057707449220424 0
1195 0.7540994001752936 0.1429575467691562 0
1196 0.09057741702402178 0.7212200221473606 0
1197 0.4798387566319659 0.5419448995715824 0
1198 0.2713885555245904 0.794780324598823 0
1199 0.8158396836255329 0.1437345566429035 0
1200 0.3701948144423793 0.2030530383070977 0
1201 0.2954740367801207 0.6660170957328262 0
1202 0.5250525781294152 0.4375258454253548 0
1203 0.2560449557303905 0.2972011219698147 0
1204 0.1426735362816651 0.7806831215919799 0
1205 0.4363996865243618 0.0527433595440101 0
1206 0.4345043864337207 0.6377298805476367 0
1207 0.0659473550600127 0.6133311524937958 0
1208 0.06467607587908197 0.1105772490542646 0
1209 0.5270680258535099 0.1088586556872435 0
1210 0.8934010569860934 0.7804794277253077 0
1211 0.2350814344798038 0.02827771191384587 0
1212 0.1164668284765271 0.9163526371446791 0
1213 0.1762971266014973 0.4232828138761538 0
1214 0.1950949467664328 0.900258195249225 0
1215 0.0598584488993919 0.7360172334075523 0
1216 0.2708184540755097 0.2718233951070574 0
1217 0.5022416598745002 0.4505605332773497 0
1218 0.9396450440477079 0.8584052585751316 0
1219 0.5174433041002724 0.2309357967840883 0
1220 0.3908001415757926 0.6963354018672889 0
1221 0.9743337660878783 0.9220814935228695 0
1222 0.4064478377495874 0.05212902601902319 0
1223 0.1269350380088697 0.1644859621083098 0
1224 0.3450318181191274 0.05240555035511552 0
1225 0.3779291018864348 0.774136340383642 0
1226 0.6246635858851268 0.8933438788529229 0
1227 0.9437357126897282 0.2805978687456077 0
1228 0.116353375713694 0.7957783748632812 0
1229 0.8829977174042108 0.5728931076253635 0
1230 0.5499898285977134 0.5319891270706304 0
1231 0.1242405696151329 0.3189981312365078 0
1232 0.3428967391310952 0.3024462911349118 0
1233 0.923690294374541 0.7790352961381918 0
1234 0.2952735409284041 0.0796837207232996 0
1235 0.08996568370622204 0.8110763636823848 0
1236 0.482672366568807 0.02741570465768506 0
1237 0.5482005547252849 0.1366049422955902 0
1238 0.5953563604720711 0.8944202406008673 0
1239 0.3650992919462247 0.7338373475565197 0
1240 0.257864197043701 0.2461601369159926 0
1241 0.8002065480342219 0.1174958946404341 0
1242 0.09400256037444288 0.3188206419678312 0
1243 0.4119303889017207 0.3742825962169536 0
1244 0.05106454539906441 0.1872662076856795 0
1245 0.06555420988086136 0.8253168251348206 0
1246 0.07828824434845688 0.9757999369137387 0
1247 0.9521642368099991 0.9685810826518666 0
1248 0.09761348008483994 0.1649373921758761 0
1249 0.6844634524587595 0.8921023989150735 0
1250 0.4549215804115692 0.6720397828324322 0
1251 0.08005871026239209 0.3448138398137942 0
1252 0.3228661704413502 0.5315325295833093 0
1253 0.9751595437265846 0.609375 0
1254 0.0473749782851528 0.9753404538698269 0
1255 0.5453957161112521 0.2321838843212223 0
1256 0.5872934708227545 0.1111178670911143 0
1257 0.6485457745136094 0.4463429156220243 0
1258 0.343907272557247 0.4933300849886755 0
1259 0.7323804907395466 0.9716801260214296 0
1260 0.355158233025162 0.2730725410594524 0
1261 0.6495222150719433 0.5654934341759017 0
1262 0.623739801814852 0.5798935626171491 0
1263 0.7161237588400562 0.9449233849534796 0
1264 0.3756826380360568 0.05196789749764669 0
1265 0.2596233279441498 0.1955889392995168 0
1266 0.7001847525880537 0.9185586055267547 0
1267 0.2018904064875509 0.9729355739701164 0
1268 0.6216494497717081 0.7932863521240816 0
1269 0.8254826690697457 0.9716853931284497 0
1270 0.6497506591391027 0.2426746180969687 0
1271 0.7121078988780434 0.2815170995468247 0
1272 0.3062977333260651 0.127491460637585 0
1273 0.6039986935110819 0.1373652820485659 0
1274 0.8728046687623585 0.5989833068383498 0
1275 0.2713255688210012 0.6518472792127894 0
1276 0.02446148006436333 0.3594419636739829 0
1277 0.3897489043905334 0.3606759851201065 0
1278 0.2604504939745347 0.1401995983012908 0
1279 0.412905036015672 0.2985532649115729 0
1280 0.6471184932341594 0.1137412090740594 0
1281 0.9761045929006824 0.4524093190606446 0
1282 0.3219498102239331 0.3711960926677585 0
1283 0.8940825299750126 0.4351365370968881 0
1284 0.5820405693283832 0.7675278649796637 0
1285 0.6633992784565386 0.1397759420066316 0
1286 0.3669570220837843 0.3476134082345805 0
1287 0.2725440260107346 0.2218773334586105 0
1288 0.7077694946114764 0.1164842189851819 0
1289 0.2459436800900718 0.6642806042586467 0
1290 0.950715173688085 0.4332426278166723 0
1291 0.3292118286407772 0.07770130284091914 0
1292 0.7688556221378449 0.1180697504814232 0
1293 0.7237444874091388 0.1421102153614983 0
1294 0.4519608129225207 0.2949423122423118 0
1295 0.7407927432843457 0.7924275055109429 0
1296 0.8136131407733114 0.6558068201569075 0
1297 0.8556044788862142 0.3840449869174722 0
1298 0.9216931533905711 0.5413478052370468 0
1299 0.8907225058769596 0.5426836691579844 0
1300 0.5697311116782249 0.4046578117989184 0
1301 0.839036740879386 0.05017293808665629 0
1302 0.04170967823996896 0.6650379123480959 0
1303 0.04718891091264432 0.5334682476648906 0
1304 0.2212418110737639 0.6216326376899421 0
1305 0.9274449348987003 0.360933012032538 0
1306 0.7865994038963082 0.3251933313186032 0
1307 0.02132868576126312 0.2957044052478416 0
1308 0.9483918104873543 0.7237775487720505 0
1309 0.4804752304829173 0.5657839541285045 0
1310 0.4582417878388695 0.5774217306650296 0
1311 0.3212575169190841 0.5088048757803711 0
1312 0.2736028756951338 0.1707453400831634 0
1313 0.0482393659281703 0.4688473167645187 0
1314 0.7504727758105171 0.6634229509365814 0
1315 0.9509257715777021 0.779868854021089 0
1316 0.9490280852173899 0.2236491454293339 0
1317 0.4372284651688844 0.5652910892101077 0
1318 0.5988996769996202 0.5634565485765746 0
1319 0.9469136549597901 0.1235656261580526 0
1320 0.04849339893134075 0.501180579959395 0
1321 0.5501451033310308 0.8639026647575927 0
1322 0.9768036349996304 0.4823513015554576 0
1323 0.048850341883443 0.4388978442921392 0
1324 0.4673236993450315 0.1812212141124531 0
1325 0.6982659008243938 0.5039888502828581 0
1326 0.6881298160839968 0.4694751885848552 0
1327 0.6181683173844232 0.2064182065926205 0
1328 0.2977797007487213 0.9249068396488248 0
1329 0.8734351278690342 0.4101152381093605 0
1330 0.04711508113461121 0.4069727151836792 0
1331 0.02228774973493425 0.2378378148680869 0
1332 0.02416494578467976 0.0832595214239174 0
1333 0.8297527364010739 0.3258301687130815 0
1334 0.7615350186199219 0.7542907516309407 0
1335 0.4083117426567415 0.6790228198595982 0
1336 0.9791270704826354 0.07838937341250546 0
1337 0.4059365588631046 0.9527105635172319 0
1338 0.9787636704768982 0.172544291032725 0
1339 0.04154420163102968 0.7569451345487622 0
1340 0.3547125584123764 0.9233508214704196 0
1341 0.5809337315162791 0.2346866599634094 0
1342 0.7934361650541562 0.07194321814800403 0
1343 0.4507695325262518 0.8426986284807785 0
1344 0.06820503264554967 0.3674977633315011 0
1345 0.1513496269158068 0.4150731141438325 0
1346 0.2442382934142074 0.416862450945805 0
1347 0.4574456176527181 0.1558452036221484 0
1348 0.413934072371509 0.5772686330745198 0
1349 0.4815237152105219 0.3165202868131345 0
1350 0.04288334953424477 0.8112718964973689 0
1351 0.115112106641585 0.3926685246910903 0
1352 0.5044279985856468 0.9510456402960856 0
1353 0.5010841420030433 0.8946532047777118 0
1354 0.3441722410121948 0.3339224668284962 0
1355 0.05051610067347728 0.1317626313290885 0
1356 0.2955331360991826 0.4147381293701229 0
1357 0.3923261613926393 0.566034471092858 0
1358 0.2001460122417286 0.5510621054773691 0
1359 0.7284484405180232 0.2419728125361275 0
1360 0.2149560107983167 0.9133883646934225 0
1361 0.7833443063201151 0.04947600688067721 0
1362 0.1406253367044757 0.92658523021493 0
1363 0.9375736736288872 0.09999265620660569 0
1364 0.5471965807374249 0.4238211553034543 0
1365 0.6536702612977007 0.4228441053616303 0
1366 0.3685673005819994 0.7949998419845834 0
1367 0.04672817743081381 0.3764691258777357 0
1368 0.2023000297772501 0.4181947453618563 0
1369 0.5012904471093331 0.5794682216185737 0
1370 0.02275522909784833 0.03716370316230899 0
1371 0.8289805248797389 0.6338024847788687 0
1372 0.4941309425696569 0.4002313165786592 0
1373 0.9501181643667982 0.6802001967080501 0
1374 0.4940336845150326 0.5997691468376123 0
1375 0.04235393931897136 0.714824326916401 0
1376 0.9557379528977992 0.5950524172403023 0
1377 0.9535396375144001 0.4073695991428926 0
1378 0.4963524000669692 0.139578629833299 0
1379 0.4610006860802737 0.9504364715255453 0
1380 0.9771234122634727 0.0228765877365274 0
1381 0.9771234122634727 0.9771234122634727 0
1382 0.3697664302378786 0.5789910279207078 0
1383 0.9246846714644008 0.3015318782370011 0
1384 0.2513367534062193 0.8930678199741811 0
1385 0.956111344842396 0.9390794259005435 0
1386 0.7541195994984631 0.0482613599876256 0
1387 0.4746660894560084 0.70826413983578 0
1388 0.4046763823273496 0.8153920129040602 0
1389 0.02271747701734567 0.9772825229826543 0
1390 0.0206991107174252 0.796495738980873 0
1391 0.7010410400312195 0.7666289309967116 0
1392 0.1389593885125786 0.5788064715508439 0
1393 0.8508545484265442 0.6019636951505019 0
1394 0.8932082709434251 0.07062131941641375 0
1395 0.01945546801160597 0.7660953504607024 0
1396 0.9269155360489199 0.6434261019385884 0
1397 0.1746370659322072 0.5630839620654281 0
1398 0.4981721297054393 0.8678376968818198 0
1399 0.9227154900097285 0.0742254685254406 0
1400 0.7455329523118408 0.6872967157545651 0
1401 0.9504329077468647 0.8365854029433508 0
1402 0.9518564322904293 0.8797460460111375 0
1403 0.6696193508919168 0.7700995654999039 0
1404 0.1264812053239827 0.5357583699039982 0
1405 0.1959290547001892 0.9237697629030717 0
1406 0.01977656451636672 0.673290768016211 0
1407 0.437780554312804 0.6574761397356674 0
1408 0.02087389614837498 0.7048888183119505 0
1409 0.7232899801092926 0.04720951853966865 0
1410 0.3650331277952992 0.7563011878789707 0
1411 0.7026839092917492 0.4498903815446225 0
1412 0.7175234012482221 0.5271660905489453 0
1413 0.04392828988626141 0.6248998048204403 0
1414 0.3485966098179594 0.5665901466429367 0
1415 0.3934052579613301 0.2901408292342419 0
1416 0.07280435088713133 0.1675284192073678 0
1417 0.3830237613523723 0.7213846386268056 0
1418 0.04363175199987118 0.5937262775153195 0
1419 0.8807951989476701 0.04769748155003584 0
1420 0.04416472227378387 0.5632408518637944 0
1421 0.5709604512490127 0.8983265088561923 0
1422 0.08888388159063421 0.5477824539125321 0
1423 0.09399159983101996 0.9559170744024676 0
1424 0.5730852779606375 0.6018415308857201 0
1425 0.6921948601059708 0.04611120705260641 0
1426 0.7318550081963291 0.4882374226287341 0
1427 0.9252507793545959 0.2580727118228619 0
1428 0.9496240823445654 0.5094425033797899 0
1429 0.0438033662195173 0.8415240427783467 0
1430 0.8337837202521662 0.07219628315065996 0
1431 0.04388564554262242 0.8724744257426464 0
1432 0.04609110136471278 0.9323553503720656 0
1433 0.04414099421810624 0.9033597056718324 0
1434 0.8671917523282193 0.5293629039906314 0
1435 0.02189482105286178 0.1945001364962657 0
1436 0.6663688779886319 0.4610130837722329 0
1437 0.3156020686260263 0.5495274660201919 0
1438 0.8754560885485504 0.4604692358546343 0
1439 0.5263670362222932 0.4162773046625802 0
1440 0.6294696374416152 0.4097081732470758 0
1441 0.72612190064362 0.2966746895171402 0
1442 0.9519320193303054 0.3661797278152944 0
1443 0.6337999463104209 0.7771140574848323 0
1444 0.6635939370627792 0.04663893487251336 0
1445 0.01859490209981496 0.01836092040933512 0
$EndNodes
$Elements
2760
1 2 2 300 300 193 224 215
2 2 2 300 300 214 225 194
3 2 2 300 300 204 212 187
4 2 2 300 300 188 213 205
5 2 2 300 300 187 216 204
6 2 2 300 300 205 217 188
7 2 2 300 300 206 215 196
8 2 2 300 300 195 214 207
9 2 2 300 300 202 204 135
10 2 2 300 300 152 205 201
11 2 2 300 300 202 212 204
12 2 2 300 300 205 213 201
13 2 2 300 300 196 227 206
14 2 2 300 300 207 226 195
15 2 2 300 300 204 216 209
16 2 2 300 300 208 217 205
17 2 2 300 300 215 224 196
18 2 2 300 300 195 225 214
19 2 2 300 300 194 228 208
20 2 2 300 300 209 229 193
21 2 2 300 300 159 229 158
22 2 2 300 300 175 228 174
23 2 2 300 300 151 208 205
24 2 2 300 300 204 209 136
25 2 2 300 300 213 233 185
26 2 2 300 300 186 232 212
27 2 2 300 300 185 236 213
28 2 2 300 300 212 237 186
29 2 2 300 300 208 228 189
30 2 2 300 300 190 229 209
31 2 2 300 300 219 222 220
32 2 2 300 300 221 223 218
33 2 2 300 300 198 222 206
34 2 2 300 300 207 223 197
35 2 2 300 300 235 237 203
36 2 2 300 300 203 236 234
37 2 2 300 300 209 216 190
38 2 2 300 300 189 217 208
39 2 2 300 300 137 209 193
40 2 2 300 300 194 208 150
41 2 2 300 300 234 235 203
42 2 2 300 300 206 227 198
43 2 2 300 300 197 226 207
44 2 2 300 300 158 229 190
45 2 2 300 300 189 228 175
46 2 2 300 300 234 236 185
47 2 2 300 300 186 237 235
48 2 2 300 300 210 219 200
49 2 2 300 300 199 218 211
50 2 2 300 300 193 215 138
51 2 2 300 300 149 214 194
52 2 2 300 300 207 214 148
53 2 2 300 300 139 215 206
54 2 2 300 300 220 222 198
55 2 2 300 300 197 223 221
56 2 2 300 300 224 229 159
57 2 2 300 300 174 228 225
58 2 2 300 300 147 223 207
59 2 2 300 300 206 222 140
60 2 2 300 300 211 218 145
61 2 2 300 300 142 219 210
62 2 2 300 300 139 206 140
63 2 2 300 300 147 207 148
64 2 2 300 300 136 209 137
65 2 2 300 300 150 208 151
66 2 2 300 300 151 205 152
67 2 2 300 300 135 204 136
68 2 2 300 300 137 193 138
69 2 2 300 300 149 194 150
70 2 2 300 300 5 202 135
71 2 2 300 300 152 201 5
72 2 2 300 300 225 228 194
73 2 2 300 300 193 229 224
74 2 2 300 300 180 185 179
75 2 2 300 300 154 186 153
76 2 2 300 300 178 188 177
77 2 2 300 300 156 187 155
78 2 2 300 300 176 189 175
79 2 2 300 300 158 190 157
80 2 2 300 300 144 211 145
81 2 2 300 300 142 210 143
82 2 2 300 300 173 195 172
83 2 2 300 300 161 196 160
84 2 2 300 300 171 197 170
85 2 2 300 300 163 198 162
86 2 2 300 300 165 200 164
87 2 2 300 300 169 199 168
88 2 2 300 300 141 222 219
89 2 2 300 300 218 223 146
90 2 2 300 300 219 220 200
91 2 2 300 300 199 221 218
92 2 2 300 300 200 230 210
93 2 2 300 300 211 231 199
94 2 2 300 300 148 214 149
95 2 2 300 300 138 215 139
96 2 2 300 300 141 219 142
97 2 2 300 300 145 218 146
98 2 2 300 300 164 220 163
99 2 2 300 300 170 221 169
100 2 2 300 300 169 221 199
101 2 2 300 300 200 220 164
102 2 2 300 300 163 220 198
103 2 2 300 300 197 221 170
104 2 2 300 300 210 230 192
105 2 2 300 300 191 231 211
106 2 2 300 300 146 223 147
107 2 2 300 300 140 222 141
108 2 2 300 300 160 224 159
109 2 2 300 300 174 225 173
110 2 2 300 300 168 231 167
111 2 2 300 300 166 230 165
112 2 2 300 300 171 226 197
113 2 2 300 300 198 227 162
114 2 2 300 300 195 226 172
115 2 2 300 300 161 227 196
116 2 2 300 300 196 224 160
117 2 2 300 300 173 225 195
118 2 2 300 300 172 226 171
119 2 2 300 300 162 227 161
120 2 2 300 300 182 192 181
121 2 2 300 300 183 191 184
122 2 2 300 300 143 238 6
123 2 2 300 300 7 239 144
124 2 2 300 300 211 239 191
125 2 2 300 300 192 238 210
126 2 2 300 300 9 242 166
127 2 2 300 300 167 243 10
128 2 2 300 300 188 233 213
129 2 2 300 300 212 232 187
130 2 2 300 300 165 230 200
131 2 2 300 300 199 231 168
132 2 2 300 300 210 238 143
133 2 2 300 300 144 239 211
134 2 2 300 300 10 243 183
135 2 2 300 300 181 242 9
136 2 2 300 300 179 233 178
137 2 2 300 300 155 232 154
138 2 2 300 300 184 239 7
139 2 2 300 300 6 238 182
140 2 2 300 300 176 240 189
141 2 2 300 300 190 241 157
142 2 2 300 300 185 233 179
143 2 2 300 300 154 232 186
144 2 2 300 300 187 232 155
145 2 2 300 300 178 233 188
146 2 2 300 300 188 240 177
147 2 2 300 300 156 241 187
148 2 2 300 300 216 241 190
149 2 2 300 300 189 240 217
150 2 2 300 300 8 234 180
151 2 2 300 300 153 235 8
152 2 2 300 300 180 234 185
153 2 2 300 300 213 236 201
154 2 2 300 300 202 237 212
155 2 2 300 300 186 235 153
156 2 2 300 300 187 241 216
157 2 2 300 300 217 240 188
158 2 2 300 300 231 243 167
159 2 2 300 300 166 242 230
160 2 2 300 300 203 244 236
161 2 2 300 300 237 244 203
162 2 2 300 300 5 244 202
163 2 2 300 300 201 244 5
164 2 2 300 300 236 244 201
165 2 2 300 300 202 244 237
166 2 2 300 300 230 242 192
167 2 2 300 300 191 243 231
168 2 2 300 300 157 241 156
169 2 2 300 300 177 240 176
170 2 2 300 300 8 235 234
171 2 2 300 300 182 238 192
172 2 2 300 300 191 239 184
173 2 2 300 300 192 242 181
174 2 2 300 300 183 243 191
175 2 2 301 301 539 899 898
176 2 2 301 301 872 955 684
177 2 2 301 301 684 1306 872
178 2 2 301 301 827 1354 1232
179 2 2 301 301 780 1278 1159
180 2 2 301 301 807 1422 844
181 2 2 301 301 568 892 750
182 2 2 301 301 898 1038 539
183 2 2 301 301 779 1279 1057
184 2 2 301 301 970 1354 831
185 2 2 301 301 842 1329 1283
186 2 2 301 301 139 1261 138
187 2 2 301 301 852 853 448
188 2 2 301 301 927 928 540
189 2 2 301 301 414 1378 834
190 2 2 301 301 844 1303 807
191 2 2 301 301 804 1283 846
192 2 2 301 301 911 1044 913
193 2 2 301 301 384 1354 970
194 2 2 301 301 928 930 540
195 2 2 301 301 834 1209 414
196 2 2 301 301 931 1230 672
197 2 2 301 301 335 859 839
198 2 2 301 301 1209 1237 414
199 2 2 301 301 846 1283 778
200 2 2 301 301 295 1044 911
201 2 2 301 301 861 862 494
202 2 2 301 301 1232 1354 384
203 2 2 301 301 1159 1272 780
204 2 2 301 301 1010 1185 972
205 2 2 301 301 1024 1267 1087
206 2 2 301 301 45 999 364
207 2 2 301 301 910 1237 1209
208 2 2 301 301 306 1055 837
209 2 2 301 301 883 891 889
210 2 2 301 301 806 900 692
211 2 2 301 301 1325 1326 840
212 2 2 301 301 1057 1294 779
213 2 2 301 301 569 892 568
214 2 2 301 301 960 1010 1009
215 2 2 301 301 864 1326 1325
216 2 2 301 301 833 1213 742
217 2 2 301 301 926 1334 1011
218 2 2 301 301 1096 1304 967
219 2 2 301 301 1011 1295 926
220 2 2 301 301 17 869 16
221 2 2 301 301 1060 1159 544
222 2 2 301 301 950 1250 752
223 2 2 301 301 633 1270 905
224 2 2 301 301 960 1009 689
225 2 2 301 301 295 911 908
226 2 2 301 301 1025 1267 1024
227 2 2 301 301 752 1387 950
228 2 2 301 301 1113 1341 1255
229 2 2 301 301 96 1025 252
230 2 2 301 301 365 942 845
231 2 2 301 301 883 889 888
232 2 2 301 301 1096 1097 337
233 2 2 301 301 900 1351 692
234 2 2 301 301 1097 1141 337
235 2 2 301 301 819 1322 886
236 2 2 301 301 335 839 177
237 2 2 301 301 448 1307 852
238 2 2 301 301 981 1013 817
239 2 2 301 301 871 1247 1099
240 2 2 301 301 1281 1322 819
241 2 2 301 301 817 1116 981
242 2 2 301 301 862 959 494
243 2 2 301 301 833 1368 1213
244 2 2 301 301 1022 1023 747
245 2 2 301 301 908 956 295
246 2 2 301 301 16 869 298
247 2 2 301 301 76 942 365
248 2 2 301 301 928 1230 931
249 2 2 301 301 871 1385 1247
250 2 2 301 301 859 975 695
251 2 2 301 301 364 1363 1094
252 2 2 301 301 544 1158 1060
253 2 2 301 301 1319 1363 364
254 2 2 301 301 884 925 882
255 2 2 301 301 850 852 249
256 2 2 301 301 793 1220 949
257 2 2 301 301 839 1297 375
258 2 2 301 301 1009 1010 972
259 2 2 301 301 1256 1273 513
260 2 2 301 301 1255 1341 904
261 2 2 301 301 898 1270 1038
262 2 2 301 301 830 1056 279
263 2 2 301 301 298 869 848
264 2 2 301 301 1297 1329 375
265 2 2 301 301 903 905 896
266 2 2 301 301 859 1297 839
267 2 2 301 301 1283 1329 778
268 2 2 301 301 858 1306 969
269 2 2 301 301 931 1318 930
270 2 2 301 301 827 1232 828
271 2 2 301 301 1038 1270 633
272 2 2 301 301 902 903 896
273 2 2 301 301 1082 1208 457
274 2 2 301 301 97 1025 96
275 2 2 301 301 1021 1022 747
276 2 2 301 301 449 1001 832
277 2 2 301 301 337 1304 1096
278 2 2 301 301 824 1422 807
279 2 2 301 301 923 1273 1256
280 2 2 301 301 162 888 281
281 2 2 301 301 1152 1284 1074
282 2 2 301 301 1018 1019 740
283 2 2 301 301 853 854 448
284 2 2 301 301 882 925 883
285 2 2 301 301 904 1127 620
286 2 2 301 301 1060 1158 1059
287 2 2 301 301 821 1393 155
288 2 2 301 301 867 965 523
289 2 2 301 301 6 929 143
290 2 2 301 301 138 1261 494
291 2 2 301 301 930 1318 346
292 2 2 301 301 991 1298 1181
293 2 2 301 301 43 1093 42
294 2 2 301 301 683 955 773
295 2 2 301 301 283 1132 887
296 2 2 301 301 139 1262 1261
297 2 2 301 301 1108 1294 636
298 2 2 301 301 1181 1298 801
299 2 2 301 301 1159 1234 632
300 2 2 301 301 460 1079 860
301 2 2 301 301 249 933 850
302 2 2 301 301 837 1308 306
303 2 2 301 301 891 1178 889
304 2 2 301 301 969 1333 858
305 2 2 301 301 1099 1122 871
306 2 2 301 301 493 1117 1116
307 2 2 301 301 695 1297 859
308 2 2 301 301 739 998 855
309 2 2 301 301 280 1133 1004
310 2 2 301 301 523 965 27
311 2 2 301 301 620 1255 904
312 2 2 301 301 46 999 45
313 2 2 301 301 905 1327 633
314 2 2 301 301 77 942 76
315 2 2 301 301 849 1211 1059
316 2 2 301 301 1015 1016 693
317 2 2 301 301 586 1325 840
318 2 2 301 301 845 1122 365
319 2 2 301 301 604 1151 937
320 2 2 301 301 757 1269 1002
321 2 2 301 301 880 1347 1324
322 2 2 301 301 1059 1158 849
323 2 2 301 301 529 1391 926
324 2 2 301 301 840 1426 586
325 2 2 301 301 973 1185 598
326 2 2 301 301 972 1185 973
327 2 2 301 301 848 1107 298
328 2 2 301 301 1159 1278 544
329 2 2 301 301 1029 1291 1234
330 2 2 301 301 890 938 936
331 2 2 301 301 860 1080 460
332 2 2 301 301 1057 1279 440
333 2 2 301 301 773 1271 899
334 2 2 301 301 910 1256 513
335 2 2 301 301 79 1133 280
336 2 2 301 301 523 956 906
337 2 2 301 301 155 1393 932
338 2 2 301 301 279 1401 830
339 2 2 301 301 793 1417 1220
340 2 2 301 301 869 1211 849
341 2 2 301 301 890 936 935
342 2 2 301 301 999 1319 364
343 2 2 301 301 888 889 281
344 2 2 301 301 513 1237 910
345 2 2 301 301 892 1282 750
346 2 2 301 301 937 1152 604
347 2 2 301 301 832 1379 449
348 2 2 301 301 672 1136 931
349 2 2 301 301 1324 1347 371
350 2 2 301 301 1081 1083 658
351 2 2 301 301 1208 1355 457
352 2 2 301 301 375 1329 842
353 2 2 301 301 718 1107 645
354 2 2 301 301 1280 1285 518
355 2 2 301 301 878 1186 941
356 2 2 301 301 905 1270 896
357 2 2 301 301 891 1403 1178
358 2 2 301 301 771 1414 1034
359 2 2 301 301 954 1285 1280
360 2 2 301 301 865 997 471
361 2 2 301 301 906 956 908
362 2 2 301 301 161 888 162
363 2 2 301 301 523 906 867
364 2 2 301 301 941 1186 490
365 2 2 301 301 1265 1287 985
366 2 2 301 301 1063 1289 768
367 2 2 301 301 1034 1437 771
368 2 2 301 301 838 1397 809
369 2 2 301 301 493 1321 1117
370 2 2 301 301 655 1180 1026
371 2 2 301 301 372 1050 952
372 2 2 301 301 1278 1312 1030
373 2 2 301 301 1281 1290 503
374 2 2 301 301 876 1212 1089
375 2 2 301 301 1093 1380 42
376 2 2 301 301 268 872 174
377 2 2 301 301 252 1025 1022
378 2 2 301 301 809 1392 838
379 2 2 301 301 937 1284 1152
380 2 2 301 301 632 1272 1159
381 2 2 301 301 556 1284 938
382 2 2 301 301 841 1302 348
383 2 2 301 301 823 992 822
384 2 2 301 301 365 1122 1099
385 2 2 301 301 968 1264 1224
386 2 2 301 301 882 1400 811
387 2 2 301 301 1394 1399 711
388 2 2 301 301 811 884 882
389 2 2 301 301 144 943 7
390 2 2 301 301 810 901 766
391 2 2 301 301 285 1127 167
392 2 2 301 301 166 1151 284
393 2 2 301 301 1095 1399 1394
394 2 2 301 301 1325 1412 959
395 2 2 301 301 569 1185 1010
396 2 2 301 301 636 1349 1108
397 2 2 301 301 17 1211 869
398 2 2 301 301 282 902 896
399 2 2 301 301 810 1314 901
400 2 2 301 301 137 959 136
401 2 2 301 301 1309 1369 305
402 2 2 301 301 905 1341 570
403 2 2 301 301 494 959 137
404 2 2 301 301 901 1314 158
405 2 2 301 301 819 1290 1281
406 2 2 301 301 971 1311 443
407 2 2 301 301 1079 1107 860
408 2 2 301 301 620 1127 285
409 2 2 301 301 154 821 155
410 2 2 301 301 179 842 180
411 2 2 301 301 268 955 872
412 2 2 301 301 880 1193 879
413 2 2 301 301 284 1151 604
414 2 2 301 301 540 929 927
415 2 2 301 301 926 1391 925
416 2 2 301 301 1234 1291 632
417 2 2 301 301 348 1413 841
418 2 2 301 301 684 955 683
419 2 2 301 301 1051 1308 1131
420 2 2 301 301 401 1186 878
421 2 2 301 301 893 940 363
422 2 2 301 301 801 1299 799
423 2 2 301 301 658 1084 1081
424 2 2 301 301 280 1004 1002
425 2 2 301 301 940 1187 787
426 2 2 301 301 890 1178 938
427 2 2 301 301 818 1301 1076
428 2 2 301 301 27 965 26
429 2 2 301 301 320 1260 1232
430 2 2 301 301 831 1282 970
431 2 2 301 301 890 935 281
432 2 2 301 301 1288 1293 519
433 2 2 301 301 1299 1434 799
434 2 2 301 301 855 1388 739
435 2 2 301 301 1215 1339 248
436 2 2 301 301 922 1293 1288
437 2 2 301 301 880 1194 1193
438 2 2 301 301 783 1198 953
439 2 2 301 301 878 953 401
440 2 2 301 301 499 1292 1241
441 2 2 301 301 894 897 885
442 2 2 301 301 893 1187 940
443 2 2 301 301 1002 1269 280
444 2 2 301 301 494 1261 861
445 2 2 301 301 639 1120 1088
446 2 2 301 301 826 1122 1121
447 2 2 301 301 248 1375 1215
448 2 2 301 301 283 1316 1132
449 2 2 301 301 1131 1373 1051
450 2 2 301 301 823 1299 1298
451 2 2 301 301 988 1240 1216
452 2 2 301 301 491 1191 879
453 2 2 301 301 282 894 171
454 2 2 301 301 177 839 178
455 2 2 301 301 282 895 894
456 2 2 301 301 363 939 893
457 2 2 301 301 992 1376 822
458 2 2 301 301 143 929 540
459 2 2 301 301 302 1289 1063
460 2 2 301 301 586 1412 1325
461 2 2 301 301 1089 1423 876
462 2 2 301 301 1060 1234 1159
463 2 2 301 301 740 1340 1018
464 2 2 301 301 938 1268 556
465 2 2 301 301 1191 1200 961
466 2 2 301 301 645 1107 848
467 2 2 301 301 860 1107 718
468 2 2 301 301 780 1312 1278
469 2 2 301 301 953 1198 401
470 2 2 301 301 13 1084 12
471 2 2 301 301 926 1295 529
472 2 2 301 301 944 945 585
473 2 2 301 301 743 1287 1265
474 2 2 301 301 281 935 163
475 2 2 301 301 945 946 585
476 2 2 301 301 170 902 282
477 2 2 301 301 1224 1264 748
478 2 2 301 301 267 1400 882
479 2 2 301 301 782 1241 924
480 2 2 301 301 948 950 535
481 2 2 301 301 983 1043 1042
482 2 2 301 301 80 1133 79
483 2 2 301 301 1300 1364 554
484 2 2 301 301 857 858 335
485 2 2 301 301 940 1364 1300
486 2 2 301 301 26 1236 25
487 2 2 301 301 8 1434 153
488 2 2 301 301 881 888 161
489 2 2 301 301 877 1254 659
490 2 2 301 301 1055 1315 837
491 2 2 301 301 899 1359 773
492 2 2 301 301 903 1341 905
493 2 2 301 301 883 925 891
494 2 2 301 301 81 1259 80
495 2 2 301 301 850 933 753
496 2 2 301 301 693 1383 1015
497 2 2 301 301 1330 1367 806
498 2 2 301 301 10 286 285
499 2 2 301 301 753 933 755
500 2 2 301 301 166 284 9
501 2 2 301 301 10 285 167
502 2 2 301 301 799 1434 8
503 2 2 301 301 398 946 396
504 2 2 301 301 1076 1419 818
505 2 2 301 301 846 1290 804
506 2 2 301 301 156 932 347
507 2 2 301 301 459 1221 870
508 2 2 301 301 885 1441 268
509 2 2 301 301 539 1359 899
510 2 2 301 301 471 1398 865
511 2 2 301 301 29 956 28
512 2 2 301 301 1101 1102 352
513 2 2 301 301 133 1370 1083
514 2 2 301 301 1216 1240 325
515 2 2 301 301 714 1217 1202
516 2 2 301 301 491 1200 1191
517 2 2 301 301 722 1080 720
518 2 2 301 301 413 1229 821
519 2 2 301 301 879 1193 491
520 2 2 301 301 691 1351 1156
521 2 2 301 301 720 1080 860
522 2 2 301 301 983 1042 982
523 2 2 301 301 899 1271 897
524 2 2 301 301 938 1284 936
525 2 2 301 301 1232 1260 828
526 2 2 301 301 1022 1024 1023
527 2 2 301 301 585 1129 944
528 2 2 301 301 157 901 158
529 2 2 301 301 852 1307 249
530 2 2 301 301 6 1374 929
531 2 2 301 301 1180 1337 1026
532 2 2 301 301 982 1042 549
533 2 2 301 301 1247 1385 661
534 2 2 301 301 298 1107 1079
535 2 2 301 301 585 946 398
536 2 2 301 301 859 1333 975
537 2 2 301 301 176 857 335
538 2 2 301 301 965 1236 26
539 2 2 301 301 986 988 621
540 2 2 301 301 1121 1122 845
541 2 2 301 301 983 1048 1043
542 2 2 301 301 1164 1217 714
543 2 2 301 301 1229 1299 823
544 2 2 301 301 1050 1396 952
545 2 2 301 301 1229 1274 821
546 2 2 301 301 174 872 175
547 2 2 301 301 923 1280 518
548 2 2 301 301 947 1188 946
549 2 2 301 301 871 1122 826
550 2 2 301 301 1100 1102 1101
551 2 2 301 301 886 1322 534
552 2 2 301 301 28 956 523
553 2 2 301 301 884 926 925
554 2 2 301 301 460 1084 13
555 2 2 301 301 12 1084 658
556 2 2 301 301 1080 1084 460
557 2 2 301 301 535 1106 948
558 2 2 301 301 554 943 144
559 2 2 301 301 951 1335 1145
560 2 2 301 301 570 1327 905
561 2 2 301 301 779 1294 1108
562 2 2 301 301 1271 1441 885
563 2 2 301 301 741 1096 967
564 2 2 301 301 1117 1321 546
565 2 2 301 301 953 1075 783
566 2 2 301 301 928 931 930
567 2 2 301 301 1202 1217 759
568 2 2 301 301 842 1438 180
569 2 2 301 301 889 890 281
570 2 2 301 301 295 956 29
571 2 2 301 301 1061 1189 713
572 2 2 301 301 10 636 286
573 2 2 301 301 897 1271 885
574 2 2 301 301 950 1387 535
575 2 2 301 301 443 1311 1252
576 2 2 301 301 412 987 387
577 2 2 301 301 1067 1422 824
578 2 2 301 301 621 987 986
579 2 2 301 301 901 1296 766
580 2 2 301 301 160 881 161
581 2 2 301 301 518 1273 923
582 2 2 301 301 862 1325 959
583 2 2 301 301 824 1404 1067
584 2 2 301 301 1081 1084 1080
585 2 2 301 301 699 1157 962
586 2 2 301 301 957 961 625
587 2 2 301 301 942 1269 757
588 2 2 301 301 1241 1292 924
589 2 2 301 301 549 1071 982
590 2 2 301 301 143 540 142
591 2 2 301 301 173 885 268
592 2 2 301 301 1178 1443 938
593 2 2 301 301 945 947 946
594 2 2 301 301 171 894 172
595 2 2 301 301 576 1384 1023
596 2 2 301 301 944 1129 1012
597 2 2 301 301 470 1189 1061
598 2 2 301 301 145 554 144
599 2 2 301 301 385 1031 350
600 2 2 301 301 167 1127 168
601 2 2 301 301 947 1201 1188
602 2 2 301 301 974 1034 1033
603 2 2 301 301 933 934 755
604 2 2 301 301 289 1033 277
605 2 2 301 301 627 957 625
606 2 2 301 301 387 987 621
607 2 2 301 301 829 1369 1309
608 2 2 301 301 722 1081 1080
609 2 2 301 301 635 1368 1140
610 2 2 301 301 97 1267 1025
611 2 2 301 301 689 1114 505
612 2 2 301 301 517 1123 1008
613 2 2 301 301 169 902 170
614 2 2 301 301 165 1151 166
615 2 2 301 301 542 961 356
616 2 2 301 301 482 1037 480
617 2 2 301 301 562 966 682
618 2 2 301 301 741 967 966
619 2 2 301 301 23 963 271
620 2 2 301 301 1074 1284 556
621 2 2 301 301 754 1168 1098
622 2 2 301 301 783 1075 575
623 2 2 301 301 1019 1328 740
624 2 2 301 301 277 1033 572
625 2 2 301 301 163 935 164
626 2 2 301 301 1123 1135 1062
627 2 2 301 301 625 961 542
628 2 2 301 301 80 1259 1133
629 2 2 301 301 282 896 895
630 2 2 301 301 1144 1167 538
631 2 2 301 301 284 294 9
632 2 2 301 301 969 1306 684
633 2 2 301 301 591 996 592
634 2 2 301 301 699 962 651
635 2 2 301 301 969 1078 690
636 2 2 301 301 1262 1318 863
637 2 2 301 301 271 968 22
638 2 2 301 301 949 951 950
639 2 2 301 301 958 996 765
640 2 2 301 301 855 998 618
641 2 2 301 301 252 1021 1020
642 2 2 301 301 1009 1114 689
643 2 2 301 301 949 950 948
644 2 2 301 301 384 970 324
645 2 2 301 301 1054 1427 712
646 2 2 301 301 966 967 682
647 2 2 301 301 361 964 373
648 2 2 301 301 895 897 894
649 2 2 301 301 350 1031 333
650 2 2 301 301 1008 1167 1144
651 2 2 301 301 680 1012 527
652 2 2 301 301 1120 1214 1088
653 2 2 301 301 977 1013 981
654 2 2 301 301 990 992 991
655 2 2 301 301 252 1020 95
656 2 2 301 301 480 1037 539
657 2 2 301 301 790 880 879
658 2 2 301 301 526 992 990
659 2 2 301 301 976 977 293
660 2 2 301 301 944 1012 680
661 2 2 301 301 332 1106 297
662 2 2 301 301 252 1022 1021
663 2 2 301 301 690 1078 531
664 2 2 301 301 563 966 562
665 2 2 301 301 649 1127 904
666 2 2 301 301 790 879 769
667 2 2 301 301 668 1164 714
668 2 2 301 301 404 1058 408
669 2 2 301 301 462 987 412
670 2 2 301 301 353 971 443
671 2 2 301 301 1098 1168 508
672 2 2 301 301 1027 1029 1028
673 2 2 301 301 712 1316 1054
674 2 2 301 301 650 769 630
675 2 2 301 301 976 1013 977
676 2 2 301 301 765 996 591
677 2 2 301 301 695 975 608
678 2 2 301 301 297 1106 535
679 2 2 301 301 650 790 769
680 2 2 301 301 957 1191 961
681 2 2 301 301 547 1032 593
682 2 2 301 301 86 976 293
683 2 2 301 301 1156 1345 691
684 2 2 301 301 986 1240 988
685 2 2 301 301 793 949 948
686 2 2 301 301 649 904 903
687 2 2 301 301 403 1129 400
688 2 2 301 301 1027 1028 251
689 2 2 301 301 517 1135 1123
690 2 2 301 301 621 1031 385
691 2 2 301 301 466 1030 605
692 2 2 301 301 449 989 89
693 2 2 301 301 526 990 59
694 2 2 301 301 250 993 122
695 2 2 301 301 119 994 247
696 2 2 301 301 1017 1026 272
697 2 2 301 301 1140 1143 808
698 2 2 301 301 247 995 118
699 2 2 301 301 775 1110 1109
700 2 2 301 301 679 997 865
701 2 2 301 301 706 1162 1045
702 2 2 301 301 964 1102 1100
703 2 2 301 301 115 1000 348
704 2 2 301 301 887 1338 283
705 2 2 301 301 593 1032 767
706 2 2 301 301 560 596 595
707 2 2 301 301 1014 1015 357
708 2 2 301 301 1034 1035 572
709 2 2 301 301 329 1033 289
710 2 2 301 301 352 1102 349
711 2 2 301 301 592 996 601
712 2 2 301 301 951 1250 950
713 2 2 301 301 402 1058 404
714 2 2 301 301 988 1031 621
715 2 2 301 301 272 1001 91
716 2 2 301 301 286 292 291
717 2 2 301 301 1036 1037 482
718 2 2 301 301 937 1151 640
719 2 2 301 301 605 985 984
720 2 2 301 301 1014 1016 1015
721 2 2 301 301 972 973 971
722 2 2 301 301 793 948 685
723 2 2 301 301 84 1071 549
724 2 2 301 301 682 768 680
725 2 2 301 301 948 1106 685
726 2 2 301 301 858 859 335
727 2 2 301 301 878 941 813
728 2 2 301 301 781 1241 782
729 2 2 301 301 128 1435 934
730 2 2 301 301 455 560 557
731 2 2 301 301 421 963 24
732 2 2 301 301 560 1100 596
733 2 2 301 301 870 1402 459
734 2 2 301 301 813 1111 615
735 2 2 301 301 630 957 627
736 2 2 301 301 1042 1043 1041
737 2 2 301 301 400 1129 585
738 2 2 301 301 373 964 455
739 2 2 301 301 1045 1162 487
740 2 2 301 301 990 991 534
741 2 2 301 301 788 793 685
742 2 2 301 301 1033 1034 572
743 2 2 301 301 762 813 615
744 2 2 301 301 955 1441 773
745 2 2 301 301 134 1370 133
746 2 2 301 301 562 682 680
747 2 2 301 301 361 1102 964
748 2 2 301 301 92 1017 272
749 2 2 301 301 327 970 657
750 2 2 301 301 978 1071 293
751 2 2 301 301 609 741 566
752 2 2 301 301 772 1036 571
753 2 2 301 301 379 971 353
754 2 2 301 301 907 910 868
755 2 2 301 301 657 892 749
756 2 2 301 301 309 1171 1057
757 2 2 301 301 1008 1144 517
758 2 2 301 301 663 998 997
759 2 2 301 301 604 1152 1128
760 2 2 301 301 1040 1042 1041
761 2 2 301 301 48 1053 283
762 2 2 301 301 51 1014 357
763 2 2 301 301 618 998 663
764 2 2 301 301 452 1029 1027
765 2 2 301 301 1040 1041 290
766 2 2 301 301 562 680 527
767 2 2 301 301 560 595 557
768 2 2 301 301 613 615 614
769 2 2 301 301 338 974 329
770 2 2 301 301 353 443 338
771 2 2 301 301 571 1036 488
772 2 2 301 301 324 970 327
773 2 2 301 301 596 641 595
774 2 2 301 301 946 1188 396
775 2 2 301 301 23 271 22
776 2 2 301 301 609 809 741
777 2 2 301 301 936 937 640
778 2 2 301 301 21 968 452
779 2 2 301 301 566 966 563
780 2 2 301 301 1049 1050 372
781 2 2 301 301 985 986 984
782 2 2 301 301 19 1027 251
783 2 2 301 301 455 964 560
784 2 2 301 301 432 1011 434
785 2 2 301 301 95 1020 94
786 2 2 301 301 635 689 505
787 2 2 301 301 443 974 338
788 2 2 301 301 466 605 464
789 2 2 301 301 631 650 630
790 2 2 301 301 63 1051 1049
791 2 2 301 301 982 1071 978
792 2 2 301 301 605 984 464
793 2 2 301 301 1035 1118 572
794 2 2 301 301 464 984 462
795 2 2 301 301 616 855 618
796 2 2 301 301 453 1018 1017
797 2 2 301 301 25 421 24
798 2 2 301 301 762 1075 953
799 2 2 301 301 762 878 813
800 2 2 301 301 1070 1244 273
801 2 2 301 301 768 945 944
802 2 2 301 301 322 384 324
803 2 2 301 301 1028 1060 1059
804 2 2 301 301 527 1012 410
805 2 2 301 301 613 1075 762
806 2 2 301 301 879 1191 769
807 2 2 301 301 729 758 730
808 2 2 301 301 342 1039 358
809 2 2 301 301 573 783 575
810 2 2 301 301 977 979 978
811 2 2 301 301 613 762 615
812 2 2 301 301 654 685 558
813 2 2 301 301 745 829 666
814 2 2 301 301 28 523 27
815 2 2 301 301 379 972 971
816 2 2 301 301 977 981 979
817 2 2 301 301 682 1063 768
818 2 2 301 301 561 1175 1032
819 2 2 301 301 555 1013 976
820 2 2 301 301 988 1203 1031
821 2 2 301 301 668 714 670
822 2 2 301 301 1145 1407 951
823 2 2 301 301 1018 1026 1017
824 2 2 301 301 663 997 679
825 2 2 301 301 974 1033 329
826 2 2 301 301 496 1032 547
827 2 2 301 301 344 1103 360
828 2 2 301 301 327 657 532
829 2 2 301 301 450 1016 1014
830 2 2 301 301 358 1039 637
831 2 2 301 301 679 865 798
832 2 2 301 301 1039 1143 1140
833 2 2 301 301 531 1078 507
834 2 2 301 301 1128 1152 1103
835 2 2 301 301 1022 1025 1024
836 2 2 301 301 772 1037 1036
837 2 2 301 301 62 1049 372
838 2 2 301 301 555 976 87
839 2 2 301 301 1261 1262 863
840 2 2 301 301 595 1109 557
841 2 2 301 301 775 1109 595
842 2 2 301 301 578 613 612
843 2 2 301 301 616 1111 855
844 2 2 301 301 977 978 293
845 2 2 301 301 82 1040 290
846 2 2 301 301 601 729 728
847 2 2 301 301 637 1039 833
848 2 2 301 301 596 1100 664
849 2 2 301 301 1023 1360 576
850 2 2 301 301 88 989 555
851 2 2 301 301 58 990 534
852 2 2 301 301 741 966 566
853 2 2 301 301 121 993 447
854 2 2 301 301 447 994 120
855 2 2 301 301 593 766 765
856 2 2 301 301 608 975 588
857 2 2 301 301 769 957 630
858 2 2 301 301 117 995 446
859 2 2 301 301 528 562 527
860 2 2 301 301 446 1000 116
861 2 2 301 301 1094 1336 364
862 2 2 301 301 65 1055 306
863 2 2 301 301 694 695 608
864 2 2 301 301 912 923 909
865 2 2 301 301 90 1001 449
866 2 2 301 301 1028 1059 251
867 2 2 301 301 549 1042 1040
868 2 2 301 301 547 593 591
869 2 2 301 301 30 1044 295
870 2 2 301 301 615 616 614
871 2 2 301 301 588 690 531
872 2 2 301 301 86 293 85
873 2 2 301 301 629 630 627
874 2 2 301 301 603 1047 426
875 2 2 301 301 408 1058 573
876 2 2 301 301 593 765 591
877 2 2 301 301 637 833 742
878 2 2 301 301 729 958 758
879 2 2 301 301 510 1030 466
880 2 2 301 301 729 730 728
881 2 2 301 301 287 1046 33
882 2 2 301 301 1086 1088 1087
883 2 2 301 301 476 1038 633
884 2 2 301 301 453 1019 1018
885 2 2 301 301 581 683 571
886 2 2 301 301 21 452 20
887 2 2 301 301 58 534 57
888 2 2 301 301 438 561 496
889 2 2 301 301 88 555 87
890 2 2 301 301 24 963 23
891 2 2 301 301 452 1027 20
892 2 2 301 301 575 1075 578
893 2 2 301 301 811 1175 884
894 2 2 301 301 581 684 683
895 2 2 301 301 506 571 488
896 2 2 301 301 112 248 111
897 2 2 301 301 119 247 118
898 2 2 301 301 121 447 120
899 2 2 301 301 123 250 122
900 2 2 301 301 125 448 124
901 2 2 301 301 127 249 126
902 2 2 301 301 694 776 695
903 2 2 301 301 90 449 89
904 2 2 301 301 700 834 699
905 2 2 301 301 450 1014 52
906 2 2 301 301 60 526 59
907 2 2 301 301 117 446 116
908 2 2 301 301 916 954 914
909 2 2 301 301 22 968 21
910 2 2 301 301 506 581 571
911 2 2 301 301 349 1102 361
912 2 2 301 301 115 348 114
913 2 2 301 301 613 614 612
914 2 2 301 301 588 975 690
915 2 2 301 301 561 1032 496
916 2 2 301 301 278 1066 1065
917 2 2 301 301 1052 1054 1053
918 2 2 301 301 767 810 766
919 2 2 301 301 453 1017 93
920 2 2 301 301 1007 1008 1005
921 2 2 301 301 654 788 685
922 2 2 301 301 657 749 532
923 2 2 301 301 55 503 54
924 2 2 301 301 698 699 651
925 2 2 301 301 558 1106 332
926 2 2 301 301 367 1112 383
927 2 2 301 301 722 1082 1081
928 2 2 301 301 478 1038 476
929 2 2 301 301 505 1114 382
930 2 2 301 301 952 1253 372
931 2 2 301 301 92 272 91
932 2 2 301 301 34 1064 287
933 2 2 301 301 377 1179 468
934 2 2 301 301 967 1063 682
935 2 2 301 301 311 1057 440
936 2 2 301 301 691 1072 551
937 2 2 301 301 683 773 772
938 2 2 301 301 306 1051 64
939 2 2 301 301 53 450 52
940 2 2 301 301 567 609 566
941 2 2 301 301 516 527 410
942 2 2 301 301 964 1100 560
943 2 2 301 301 77 1269 942
944 2 2 301 301 1069 1070 273
945 2 2 301 301 1085 1089 1086
946 2 2 301 301 428 1047 529
947 2 2 301 301 920 922 918
948 2 2 301 301 434 1011 438
949 2 2 301 301 551 1072 501
950 2 2 301 301 854 1276 448
951 2 2 301 301 829 1197 666
952 2 2 301 301 1086 1087 299
953 2 2 301 301 979 980 978
954 2 2 301 301 164 640 165
955 2 2 301 301 1100 1101 664
956 2 2 301 301 1109 1110 796
957 2 2 301 301 1155 1166 717
958 2 2 301 301 648 1174 824
959 2 2 301 301 357 1052 50
960 2 2 301 301 426 1047 428
961 2 2 301 301 549 1040 83
962 2 2 301 301 410 1012 406
963 2 2 301 301 62 372 61
964 2 2 301 301 659 1432 877
965 2 2 301 301 488 1036 484
966 2 2 301 301 768 944 680
967 2 2 301 301 51 357 50
968 2 2 301 301 65 306 64
969 2 2 301 301 708 1045 781
970 2 2 301 301 87 976 86
971 2 2 301 301 1052 1053 49
972 2 2 301 301 565 566 563
973 2 2 301 301 416 1074 556
974 2 2 301 301 706 1045 708
975 2 2 301 301 641 820 775
976 2 2 301 301 1008 1123 1005
977 2 2 301 301 279 1056 67
978 2 2 301 301 94 453 93
979 2 2 301 301 455 557 514
980 2 2 301 301 1045 1199 781
981 2 2 301 301 84 549 83
982 2 2 301 301 496 547 497
983 2 2 301 301 63 1049 62
984 2 2 301 301 539 1038 478
985 2 2 301 301 967 1304 1063
986 2 2 301 301 89 989 88
987 2 2 301 301 120 994 119
988 2 2 301 301 122 993 121
989 2 2 301 301 579 1062 524
990 2 2 301 301 118 995 117
991 2 2 301 301 59 990 58
992 2 2 301 301 547 591 548
993 2 2 301 301 116 1000 115
994 2 2 301 301 598 1258 973
995 2 2 301 301 49 1053 48
996 2 2 301 301 454 1044 31
997 2 2 301 301 438 496 439
998 2 2 301 301 278 1065 36
999 2 2 301 301 1003 1062 681
1000 2 2 301 301 441 1113 392
1001 2 2 301 301 736 1108 552
1002 2 2 301 301 593 767 766
1003 2 2 301 301 32 1046 454
1004 2 2 301 301 1003 1123 1062
1005 2 2 301 301 91 1001 90
1006 2 2 301 301 573 1058 783
1007 2 2 301 301 1085 1086 299
1008 2 2 301 301 713 1189 521
1009 2 2 301 301 779 1108 736
1010 2 2 301 301 683 772 571
1011 2 2 301 301 48 283 47
1012 2 2 301 301 428 529 430
1013 2 2 301 301 93 1017 92
1014 2 2 301 301 360 1103 390
1015 2 2 301 301 438 1011 561
1016 2 2 301 301 681 1062 579
1017 2 2 301 301 66 1055 65
1018 2 2 301 301 274 1068 108
1019 2 2 301 301 130 1069 273
1020 2 2 301 301 1004 1005 1003
1021 2 2 301 301 390 1074 416
1022 2 2 301 301 1083 1332 133
1023 2 2 301 301 277 572 275
1024 2 2 301 301 82 290 81
1025 2 2 301 301 30 295 29
1026 2 2 301 301 910 1209 868
1027 2 2 301 301 406 1129 403
1028 2 2 301 301 587 588 531
1029 2 2 301 301 1002 1003 681
1030 2 2 301 301 607 608 588
1031 2 2 301 301 336 352 349
1032 2 2 301 301 708 781 710
1033 2 2 301 301 1058 1198 783
1034 2 2 301 301 32 454 31
1035 2 2 301 301 52 1014 51
1036 2 2 301 301 984 987 462
1037 2 2 301 301 651 962 650
1038 2 2 301 301 96 252 95
1039 2 2 301 301 19 251 18
1040 2 2 301 301 489 506 488
1041 2 2 301 301 387 621 385
1042 2 2 301 301 66 1056 1055
1043 2 2 301 301 317 320 319
1044 2 2 301 301 79 280 78
1045 2 2 301 301 34 287 33
1046 2 2 301 301 650 962 790
1047 2 2 301 301 1006 1007 1005
1048 2 2 301 301 767 811 810
1049 2 2 301 301 383 1112 420
1050 2 2 301 301 366 379 353
1051 2 2 301 301 480 539 478
1052 2 2 301 301 35 1064 34
1053 2 2 301 301 437 1104 525
1054 2 2 301 301 64 1051 63
1055 2 2 301 301 573 575 574
1056 2 2 301 301 570 1341 1113
1057 2 2 301 301 461 1089 1085
1058 2 2 301 301 35 1065 1064
1059 2 2 301 301 293 1071 85
1060 2 2 301 301 602 796 725
1061 2 2 301 301 1072 1139 501
1062 2 2 301 301 578 1075 613
1063 2 2 301 301 424 603 426
1064 2 2 301 301 484 1036 482
1065 2 2 301 301 373 455 388
1066 2 2 301 301 594 1168 754
1067 2 2 301 301 20 1027 19
1068 2 2 301 301 575 578 577
1069 2 2 301 301 467 1166 1155
1070 2 2 301 301 572 1118 275
1071 2 2 301 301 420 622 502
1072 2 2 301 301 102 1254 1246
1073 2 2 301 301 434 438 436
1074 2 2 301 301 486 488 484
1075 2 2 301 301 809 1096 741
1076 2 2 301 301 601 996 729
1077 2 2 301 301 751 1061 713
1078 2 2 301 301 83 1040 82
1079 2 2 301 301 809 1097 1096
1080 2 2 301 301 583 1119 584
1081 2 2 301 301 311 440 313
1082 2 2 301 301 516 528 527
1083 2 2 301 301 503 1170 54
1084 2 2 301 301 730 732 731
1085 2 2 301 301 31 1044 30
1086 2 2 301 301 601 728 727
1087 2 2 301 301 895 898 897
1088 2 2 301 301 309 1057 311
1089 2 2 301 301 50 1052 49
1090 2 2 301 301 719 791 721
1091 2 2 301 301 530 531 507
1092 2 2 301 301 330 338 329
1093 2 2 301 301 33 1046 32
1094 2 2 301 301 301 329 289
1095 2 2 301 301 693 694 608
1096 2 2 301 301 109 274 108
1097 2 2 301 301 130 273 129
1098 2 2 301 301 68 1077 279
1099 2 2 301 301 37 1076 278
1100 2 2 301 301 1092 1095 1091
1101 2 2 301 301 696 815 814
1102 2 2 301 301 53 1170 450
1103 2 2 301 301 463 464 462
1104 2 2 301 301 341 353 338
1105 2 2 301 301 390 1103 1074
1106 2 2 301 301 1020 1021 1019
1107 2 2 301 301 537 635 505
1108 2 2 301 301 320 322 321
1109 2 2 301 301 1091 1095 458
1110 2 2 301 301 94 1020 453
1111 2 2 301 301 107 1068 456
1112 2 2 301 301 457 1069 131
1113 2 2 301 301 303 336 334
1114 2 2 301 301 255 305 253
1115 2 2 301 301 408 573 498
1116 2 2 301 301 660 1092 1091
1117 2 2 301 301 522 1105 469
1118 2 2 301 301 525 1104 582
1119 2 2 301 301 750 751 713
1120 2 2 301 301 648 824 807
1121 2 2 301 301 782 1342 1066
1122 2 2 301 301 456 1090 106
1123 2 2 301 301 298 1079 15
1124 2 2 301 301 99 1085 299
1125 2 2 301 301 582 696 662
1126 2 2 301 301 1035 1182 1118
1127 2 2 301 301 377 468 394
1128 2 2 301 301 777 778 776
1129 2 2 301 301 108 1068 107
1130 2 2 301 301 131 1069 130
1131 2 2 301 301 68 279 67
1132 2 2 301 301 37 278 36
1133 2 2 301 301 292 309 308
1134 2 2 301 301 781 782 710
1135 2 2 301 301 465 466 464
1136 2 2 301 301 647 691 551
1137 2 2 301 301 445 462 412
1138 2 2 301 301 67 1056 66
1139 2 2 301 301 168 649 169
1140 2 2 301 301 581 969 684
1141 2 2 301 301 36 1065 35
1142 2 2 301 301 592 601 600
1143 2 2 301 301 631 651 650
1144 2 2 301 301 458 1076 38
1145 2 2 301 301 459 1077 69
1146 2 2 301 301 107 456 106
1147 2 2 301 301 132 457 131
1148 2 2 301 301 416 556 422
1149 2 2 301 301 1002 1004 1003
1150 2 2 301 301 660 1093 1092
1151 2 2 301 301 883 888 881
1152 2 2 301 301 152 840 151
1153 2 2 301 301 584 1105 522
1154 2 2 301 301 39 1091 458
1155 2 2 301 301 629 631 630
1156 2 2 301 301 582 1104 696
1157 2 2 301 301 99 299 98
1158 2 2 301 301 16 298 15
1159 2 2 301 301 38 1076 37
1160 2 2 301 301 69 1077 68
1161 2 2 301 301 14 1079 460
1162 2 2 301 301 461 1085 100
1163 2 2 301 301 1093 1094 1092
1164 2 2 301 301 685 1106 558
1165 2 2 301 301 365 1099 75
1166 2 2 301 301 578 612 611
1167 2 2 301 301 105 1090 659
1168 2 2 301 301 106 1090 105
1169 2 2 301 301 70 459 69
1170 2 2 301 301 39 458 38
1171 2 2 301 301 649 903 902
1172 2 2 301 301 418 505 382
1173 2 2 301 301 528 563 562
1174 2 2 301 301 75 1099 74
1175 2 2 301 301 100 1085 99
1176 2 2 301 301 15 1079 14
1177 2 2 301 301 101 461 100
1178 2 2 301 301 14 460 13
1179 2 2 301 301 476 633 474
1180 2 2 301 301 496 497 439
1181 2 2 301 301 1117 1421 981
1182 2 2 301 301 660 1091 40
1183 2 2 301 301 40 1091 39
1184 2 2 301 301 45 364 44
1185 2 2 301 301 76 365 75
1186 2 2 301 301 565 567 566
1187 2 2 301 301 568 713 521
1188 2 2 301 301 570 1113 441
1189 2 2 301 301 150 376 149
1190 2 2 301 301 138 494 137
1191 2 2 301 301 25 1236 421
1192 2 2 301 301 547 548 497
1193 2 2 301 301 917 918 916
1194 2 2 301 301 696 1147 815
1195 2 2 301 301 72 661 71
1196 2 2 301 301 41 660 40
1197 2 2 301 301 12 658 11
1198 2 2 301 301 105 659 104
1199 2 2 301 301 147 363 146
1200 2 2 301 301 141 346 140
1201 2 2 301 301 915 916 914
1202 2 2 301 301 616 618 617
1203 2 2 301 301 703 706 705
1204 2 2 301 301 732 823 822
1205 2 2 301 301 85 1071 84
1206 2 2 301 301 834 1378 1157
1207 2 2 301 301 164 935 640
1208 2 2 301 301 438 439 436
1209 2 2 301 301 602 1109 796
1210 2 2 301 301 762 953 878
1211 2 2 301 301 921 924 920
1212 2 2 301 301 867 868 835
1213 2 2 301 301 706 708 707
1214 2 2 301 301 980 983 982
1215 2 2 301 301 1130 1147 1104
1216 2 2 301 301 754 851 850
1217 2 2 301 301 919 920 918
1218 2 2 301 301 1004 1006 1005
1219 2 2 301 301 420 1112 622
1220 2 2 301 301 754 1098 851
1221 2 2 301 301 594 754 753
1222 2 2 301 301 322 324 323
1223 2 2 301 301 615 1111 616
1224 2 2 301 301 344 1128 1103
1225 2 2 301 301 512 1147 1130
1226 2 2 301 301 749 960 808
1227 2 2 301 301 696 814 662
1228 2 2 301 301 686 1119 583
1229 2 2 301 301 649 902 169
1230 2 2 301 301 1157 1347 962
1231 2 2 301 301 489 507 506
1232 2 2 301 301 486 489 488
1233 2 2 301 301 618 663 619
1234 2 2 301 301 507 1078 506
1235 2 2 301 301 968 1224 452
1236 2 2 301 301 913 914 912
1237 2 2 301 301 979 1238 980
1238 2 2 301 301 986 987 984
1239 2 2 301 301 641 775 595
1240 2 2 301 301 1048 1226 451
1241 2 2 301 301 1062 1135 524
1242 2 2 301 301 567 610 609
1243 2 2 301 301 546 1421 1117
1244 2 2 301 301 530 587 531
1245 2 2 301 301 1082 1083 1081
1246 2 2 301 301 815 830 814
1247 2 2 301 301 906 907 868
1248 2 2 301 301 708 710 709
1249 2 2 301 301 729 996 958
1250 2 2 301 301 265 1118 263
1251 2 2 301 301 506 1078 581
1252 2 2 301 301 587 607 588
1253 2 2 301 301 757 1002 681
1254 2 2 301 301 1116 1117 981
1255 2 2 301 301 791 792 721
1256 2 2 301 301 583 584 522
1257 2 2 301 301 581 1078 969
1258 2 2 301 301 591 592 548
1259 2 2 301 301 324 327 326
1260 2 2 301 301 1105 1150 469
1261 2 2 301 301 643 681 579
1262 2 2 301 301 935 936 640
1263 2 2 301 301 135 586 5
1264 2 2 301 301 851 853 852
1265 2 2 301 301 981 1421 979
1266 2 2 301 301 426 428 427
1267 2 2 301 301 559 654 558
1268 2 2 301 301 345 558 332
1269 2 2 301 301 428 430 429
1270 2 2 301 301 663 679 678
1271 2 2 301 301 327 532 328
1272 2 2 301 301 509 510 466
1273 2 2 301 301 730 731 728
1274 2 2 301 301 795 1242 1231
1275 2 2 301 301 437 1130 1104
1276 2 2 301 301 653 1067 610
1277 2 2 301 301 292 308 307
1278 2 2 301 301 698 700 699
1279 2 2 301 301 637 742 638
1280 2 2 301 301 706 707 705
1281 2 2 301 301 679 798 797
1282 2 2 301 301 400 585 398
1283 2 2 301 301 873 875 686
1284 2 2 301 301 687 876 874
1285 2 2 301 301 1029 1234 1028
1286 2 2 301 301 379 1009 972
1287 2 2 301 301 453 1020 1019
1288 2 2 301 301 756 779 736
1289 2 2 301 301 870 871 826
1290 2 2 301 301 607 693 608
1291 2 2 301 301 708 709 707
1292 2 2 301 301 961 1200 356
1293 2 2 301 301 525 582 580
1294 2 2 301 301 545 717 645
1295 2 2 301 301 911 912 909
1296 2 2 301 301 719 1166 791
1297 2 2 301 301 481 482 480
1298 2 2 301 301 430 432 431
1299 2 2 301 301 172 885 173
1300 2 2 301 301 405 406 403
1301 2 2 301 301 573 574 498
1302 2 2 301 301 898 899 897
1303 2 2 301 301 159 267 160
1304 2 2 301 301 173 268 174
1305 2 2 301 301 694 777 776
1306 2 2 301 301 543 1158 544
1307 2 2 301 301 798 817 816
1308 2 2 301 301 424 426 425
1309 2 2 301 301 575 577 574
1310 2 2 301 301 487 1162 1134
1311 2 2 301 301 582 662 634
1312 2 2 301 301 483 484 482
1313 2 2 301 301 479 480 478
1314 2 2 301 301 717 719 718
1315 2 2 301 301 601 727 600
1316 2 2 301 301 557 602 514
1317 2 2 301 301 643 757 681
1318 2 2 301 301 825 826 634
1319 2 2 301 301 170 282 171
1320 2 2 301 301 162 281 163
1321 2 2 301 301 485 486 484
1322 2 2 301 301 915 917 916
1323 2 2 301 301 1005 1123 1003
1324 2 2 301 301 908 909 907
1325 2 2 301 301 358 637 389
1326 2 2 301 301 796 1115 725
1327 2 2 301 301 710 818 709
1328 2 2 301 301 919 921 920
1329 2 2 301 301 719 721 720
1330 2 2 301 301 432 434 433
1331 2 2 301 301 1015 1227 357
1332 2 2 301 301 455 514 388
1333 2 2 301 301 622 838 502
1334 2 2 301 301 472 570 441
1335 2 2 301 301 643 845 757
1336 2 2 301 301 662 825 634
1337 2 2 301 301 825 870 826
1338 2 2 301 301 409 410 406
1339 2 2 301 301 917 919 918
1340 2 2 301 301 701 703 702
1341 2 2 301 301 876 877 874
1342 2 2 301 301 434 436 435
1343 2 2 301 301 445 463 462
1344 2 2 301 301 789 887 704
1345 2 2 301 301 703 705 704
1346 2 2 301 301 647 692 691
1347 2 2 301 301 700 835 834
1348 2 2 301 301 297 535 294
1349 2 2 301 301 336 349 334
1350 2 2 301 301 511 701 597
1351 2 2 301 301 582 634 580
1352 2 2 301 301 980 982 978
1353 2 2 301 301 175 857 176
1354 2 2 301 301 172 894 885
1355 2 2 301 301 845 942 757
1356 2 2 301 301 1016 1305 693
1357 2 2 301 301 687 874 873
1358 2 2 301 301 534 1428 886
1359 2 2 301 301 320 321 319
1360 2 2 301 301 267 881 160
1361 2 2 301 301 1012 1129 406
1362 2 2 301 301 156 347 157
1363 2 2 301 301 578 611 577
1364 2 2 301 301 301 330 329
1365 2 2 301 301 702 712 597
1366 2 2 301 301 709 711 707
1367 2 2 301 301 1059 1211 251
1368 2 2 301 301 703 1162 706
1369 2 2 301 301 616 617 614
1370 2 2 301 301 580 643 579
1371 2 2 301 301 430 431 429
1372 2 2 301 301 418 537 505
1373 2 2 301 301 875 1119 686
1374 2 2 301 301 477 478 476
1375 2 2 301 301 428 429 427
1376 2 2 301 301 422 424 423
1377 2 2 301 301 463 465 464
1378 2 2 301 301 511 530 507
1379 2 2 301 301 785 786 599
1380 2 2 301 301 882 883 881
1381 2 2 301 301 687 873 686
1382 2 2 301 301 754 850 753
1383 2 2 301 301 1134 1162 701
1384 2 2 301 301 721 722 720
1385 2 2 301 301 341 366 353
1386 2 2 301 301 1088 1362 639
1387 2 2 301 301 176 335 177
1388 2 2 301 301 913 915 914
1389 2 2 301 301 536 639 590
1390 2 2 301 301 525 580 579
1391 2 2 301 301 789 999 887
1392 2 2 301 301 465 509 466
1393 2 2 301 301 440 1073 313
1394 2 2 301 301 515 516 410
1395 2 2 301 301 330 341 338
1396 2 2 301 301 732 822 731
1397 2 2 301 301 543 544 510
1398 2 2 301 301 437 524 435
1399 2 2 301 301 557 1109 602
1400 2 2 301 301 705 789 704
1401 2 2 301 301 497 512 439
1402 2 2 301 301 485 487 486
1403 2 2 301 301 590 687 686
1404 2 2 301 301 703 704 702
1405 2 2 301 301 175 872 857
1406 2 2 301 301 432 433 431
1407 2 2 301 301 426 427 425
1408 2 2 301 301 436 437 435
1409 2 2 301 301 483 485 484
1410 2 2 301 301 525 579 524
1411 2 2 301 301 433 517 431
1412 2 2 301 301 677 864 862
1413 2 2 301 301 434 435 433
1414 2 2 301 301 495 1120 536
1415 2 2 301 301 368 385 350
1416 2 2 301 301 853 1251 854
1417 2 2 301 301 889 1178 890
1418 2 2 301 301 360 390 381
1419 2 2 301 301 624 625 542
1420 2 2 301 301 275 1118 265
1421 2 2 301 301 481 483 482
1422 2 2 301 301 719 720 718
1423 2 2 301 301 155 932 156
1424 2 2 301 301 701 702 597
1425 2 2 301 301 479 481 480
1426 2 2 301 301 626 627 625
1427 2 2 301 301 437 525 524
1428 2 2 301 301 322 323 321
1429 2 2 301 301 483 499 485
1430 2 2 301 301 717 718 645
1431 2 2 301 301 347 901 157
1432 2 2 301 301 489 511 507
1433 2 2 301 301 851 852 850
1434 2 2 301 301 848 849 644
1435 2 2 301 301 1113 1146 392
1436 2 2 301 301 269 275 265
1437 2 2 301 301 1039 1140 833
1438 2 2 301 301 342 1143 1039
1439 2 2 301 301 178 375 179
1440 2 2 301 301 720 860 718
1441 2 2 301 301 612 740 611
1442 2 2 301 301 511 597 530
1443 2 2 301 301 286 291 285
1444 2 2 301 301 777 846 778
1445 2 2 301 301 250 1367 1330
1446 2 2 301 301 1004 1133 1006
1447 2 2 301 301 416 422 417
1448 2 2 301 301 712 1142 597
1449 2 2 301 301 590 686 583
1450 2 2 301 301 749 808 532
1451 2 2 301 301 475 476 474
1452 2 2 301 301 568 750 713
1453 2 2 301 301 707 1124 705
1454 2 2 301 301 872 1306 857
1455 2 2 301 301 477 479 478
1456 2 2 301 301 536 1120 639
1457 2 2 301 301 592 600 599
1458 2 2 301 301 643 1121 845
1459 2 2 301 301 826 1121 634
1460 2 2 301 301 634 1121 580
1461 2 2 301 301 580 1121 643
1462 2 2 301 301 911 913 912
1463 2 2 301 301 541 743 623
1464 2 2 301 301 267 882 881
1465 2 2 301 301 382 1114 366
1466 2 2 301 301 1101 1217 1164
1467 2 2 301 301 564 565 563
1468 2 2 301 301 785 837 786
1469 2 2 301 301 153 413 154
1470 2 2 301 301 760 841 656
1471 2 2 301 301 424 425 423
1472 2 2 301 301 644 1158 543
1473 2 2 301 301 182 245 6
1474 2 2 301 301 7 246 184
1475 2 2 301 301 750 831 751
1476 2 2 301 301 429 538 427
1477 2 2 301 301 692 1351 691
1478 2 2 301 301 592 599 548
1479 2 2 301 301 386 387 385
1480 2 2 301 301 1108 1126 552
1481 2 2 301 301 618 619 617
1482 2 2 301 301 705 1124 789
1483 2 2 301 301 180 492 8
1484 2 2 301 301 600 785 599
1485 2 2 301 301 324 326 323
1486 2 2 301 301 606 716 533
1487 2 2 301 301 404 408 407
1488 2 2 301 301 355 1146 340
1489 2 2 301 301 366 1114 379
1490 2 2 301 301 988 1216 1203
1491 2 2 301 301 841 1160 656
1492 2 2 301 301 587 688 607
1493 2 2 301 301 352 1217 1101
1494 2 2 301 301 536 583 522
1495 2 2 301 301 327 328 326
1496 2 2 301 301 405 409 406
1497 2 2 301 301 444 594 533
1498 2 2 301 301 408 498 415
1499 2 2 301 301 286 1171 292
1500 2 2 301 301 536 590 583
1501 2 2 301 301 723 812 760
1502 2 2 301 301 848 869 849
1503 2 2 301 301 711 1124 707
1504 2 2 301 301 436 1130 437
1505 2 2 301 301 628 629 627
1506 2 2 301 301 439 1130 436
1507 2 2 301 301 663 678 619
1508 2 2 301 301 515 589 516
1509 2 2 301 301 652 653 610
1510 2 2 301 301 637 638 389
1511 2 2 301 301 744 805 784
1512 2 2 301 301 409 515 410
1513 2 2 301 301 675 676 673
1514 2 2 301 301 421 1205 963
1515 2 2 301 301 559 746 654
1516 2 2 301 301 887 1132 704
1517 2 2 301 301 475 477 476
1518 2 2 301 301 594 753 606
1519 2 2 301 301 487 1134 486
1520 2 2 301 301 425 451 423
1521 2 2 301 301 422 423 417
1522 2 2 301 301 1246 1254 877
1523 2 2 301 301 477 519 479
1524 2 2 301 301 843 844 653
1525 2 2 301 301 178 839 375
1526 2 2 301 301 515 733 589
1527 2 2 301 301 345 559 558
1528 2 2 301 301 317 319 318
1529 2 2 301 301 390 416 391
1530 2 2 301 301 805 866 784
1531 2 2 301 301 702 1132 712
1532 2 2 301 301 276 277 275
1533 2 2 301 301 835 1209 834
1534 2 2 301 301 545 645 644
1535 2 2 301 301 495 536 522
1536 2 2 301 301 574 576 498
1537 2 2 301 301 511 1134 701
1538 2 2 301 301 834 1157 699
1539 2 2 301 301 245 253 6
1540 2 2 301 301 7 303 246
1541 2 2 301 301 564 723 656
1542 2 2 301 301 415 469 407
1543 2 2 301 301 545 1155 717
1544 2 2 301 301 532 1143 328
1545 2 2 301 301 486 1134 489
1546 2 2 301 301 383 420 419
1547 2 2 301 301 509 543 510
1548 2 2 301 301 679 797 678
1549 2 2 301 301 733 744 734
1550 2 2 301 301 463 467 465
1551 2 2 301 301 495 522 469
1552 2 2 301 301 420 502 500
1553 2 2 301 301 744 784 734
1554 2 2 301 301 764 806 692
1555 2 2 301 301 444 445 412
1556 2 2 301 301 184 1126 183
1557 2 2 301 301 550 648 646
1558 2 2 301 301 411 412 387
1559 2 2 301 301 1147 1210 815
1560 2 2 301 301 288 289 277
1561 2 2 301 301 512 1130 439
1562 2 2 301 301 867 906 868
1563 2 2 301 301 646 647 551
1564 2 2 301 301 906 908 907
1565 2 2 301 301 725 1115 771
1566 2 2 301 301 648 807 761
1567 2 2 301 301 451 1165 1048
1568 2 2 301 301 798 816 797
1569 2 2 301 301 528 564 563
1570 2 2 301 301 704 1132 702
1571 2 2 301 301 550 551 501
1572 2 2 301 301 300 301 289
1573 2 2 301 301 733 734 589
1574 2 2 301 301 861 863 676
1575 2 2 301 301 368 386 385
1576 2 2 301 301 509 545 543
1577 2 2 301 301 1104 1147 696
1578 2 2 301 301 473 474 472
1579 2 2 301 301 413 821 154
1580 2 2 301 301 375 842 179
1581 2 2 301 301 908 911 909
1582 2 2 301 301 645 848 644
1583 2 2 301 301 548 1137 497
1584 2 2 301 301 386 508 411
1585 2 2 301 301 500 501 419
1586 2 2 301 301 530 1142 587
1587 2 2 301 301 697 698 651
1588 2 2 301 301 597 1142 530
1589 2 2 301 301 567 652 610
1590 2 2 301 301 753 755 606
1591 2 2 301 301 367 382 366
1592 2 2 301 301 983 1226 1048
1593 2 2 301 301 262 715 264
1594 2 2 301 301 594 606 533
1595 2 2 301 301 383 418 382
1596 2 2 301 301 408 415 407
1597 2 2 301 301 812 856 760
1598 2 2 301 301 564 656 565
1599 2 2 301 301 254 255 253
1600 2 2 301 301 315 317 316
1601 2 2 301 301 786 1137 599
1602 2 2 301 301 524 1135 435
1603 2 2 301 301 433 1135 517
1604 2 2 301 301 256 257 255
1605 2 2 301 301 727 1131 600
1606 2 2 301 301 489 1134 511
1607 2 2 301 301 545 644 543
1608 2 2 301 301 415 495 469
1609 2 2 301 301 259 1145 262
1610 2 2 301 301 435 1135 433
1611 2 2 301 301 417 546 391
1612 2 2 301 301 444 533 445
1613 2 2 301 301 611 747 577
1614 2 2 301 301 416 417 391
1615 2 2 301 301 989 1379 816
1616 2 2 301 301 602 725 724
1617 2 2 301 301 397 401 399
1618 2 2 301 301 819 886 803
1619 2 2 301 301 1044 1444 913
1620 2 2 301 301 492 802 800
1621 2 2 301 301 303 334 304
1622 2 2 301 301 497 1137 512
1623 2 2 301 301 313 1073 315
1624 2 2 301 301 473 475 474
1625 2 2 301 301 600 1131 785
1626 2 2 301 301 328 333 326
1627 2 2 301 301 520 598 553
1628 2 2 301 301 742 1156 638
1629 2 2 301 301 725 771 770
1630 2 2 301 301 723 760 656
1631 2 2 301 301 647 764 692
1632 2 2 301 301 677 861 676
1633 2 2 301 301 777 847 846
1634 2 2 301 301 822 952 731
1635 2 2 301 301 677 862 861
1636 2 2 301 301 411 444 412
1637 2 2 301 301 402 403 400
1638 2 2 301 301 404 405 403
1639 2 2 301 301 612 1169 740
1640 2 2 301 301 328 342 333
1641 2 2 301 301 492 799 8
1642 2 2 301 301 331 344 343
1643 2 2 301 301 716 1154 533
1644 2 2 301 301 714 787 670
1645 2 2 301 301 168 1127 649
1646 2 2 301 301 386 411 387
1647 2 2 301 301 321 325 319
1648 2 2 301 301 260 261 258
1649 2 2 301 301 638 726 389
1650 2 2 301 301 380 471 359
1651 2 2 301 301 1007 1167 1008
1652 2 2 301 301 373 388 374
1653 2 2 301 301 980 1226 983
1654 2 2 301 301 517 1144 431
1655 2 2 301 301 802 804 803
1656 2 2 301 301 794 900 795
1657 2 2 301 301 675 677 676
1658 2 2 301 301 342 358 350
1659 2 2 301 301 377 394 378
1660 2 2 301 301 638 794 726
1661 2 2 301 301 266 377 270
1662 2 2 301 301 358 389 368
1663 2 2 301 301 358 368 350
1664 2 2 301 301 431 1144 429
1665 2 2 301 301 342 350 333
1666 2 2 301 301 390 391 381
1667 2 2 301 301 599 1137 548
1668 2 2 301 301 349 361 351
1669 2 2 301 301 794 795 726
1670 2 2 301 301 288 302 300
1671 2 2 301 301 701 1162 703
1672 2 2 301 301 641 1197 820
1673 2 2 301 301 360 381 380
1674 2 2 301 301 652 843 653
1675 2 2 301 301 808 1143 532
1676 2 2 301 301 404 407 405
1677 2 2 301 301 341 367 366
1678 2 2 301 301 473 518 475
1679 2 2 301 301 624 626 625
1680 2 2 301 301 402 404 403
1681 2 2 301 301 640 1151 165
1682 2 2 301 301 677 1138 864
1683 2 2 301 301 1032 1175 767
1684 2 2 301 301 395 396 378
1685 2 2 301 301 361 373 362
1686 2 2 301 301 320 1232 322
1687 2 2 301 301 379 1114 1009
1688 2 2 301 301 614 1169 612
1689 2 2 301 301 269 276 275
1690 2 2 301 301 550 646 551
1691 2 2 301 301 420 500 419
1692 2 2 301 301 745 927 829
1693 2 2 301 301 587 1142 688
1694 2 2 301 301 648 761 646
1695 2 2 301 301 344 360 359
1696 2 2 301 301 619 655 617
1697 2 2 301 301 394 490 395
1698 2 2 301 301 500 550 501
1699 2 2 301 301 674 893 738
1700 2 2 301 301 617 1169 614
1701 2 2 301 301 313 315 314
1702 2 2 301 301 849 1158 644
1703 2 2 301 301 343 345 332
1704 2 2 301 301 675 1138 677
1705 2 2 301 301 626 628 627
1706 2 2 301 301 596 642 641
1707 2 2 301 301 370 392 355
1708 2 2 301 301 487 1199 1045
1709 2 2 301 301 18 1211 17
1710 2 2 301 301 520 521 374
1711 2 2 301 301 383 419 418
1712 2 2 301 301 367 383 382
1713 2 2 301 301 418 1139 537
1714 2 2 301 301 276 288 277
1715 2 2 301 301 429 1144 538
1716 2 2 301 301 399 402 400
1717 2 2 301 301 288 300 289
1718 2 2 301 301 399 400 398
1719 2 2 301 301 427 1165 425
1720 2 2 301 301 800 801 799
1721 2 2 301 301 863 1136 676
1722 2 2 301 301 300 337 301
1723 2 2 301 301 797 832 678
1724 2 2 301 301 631 697 651
1725 2 2 301 301 362 470 351
1726 2 2 301 301 394 395 378
1727 2 2 301 301 266 269 265
1728 2 2 301 301 495 1153 1120
1729 2 2 301 301 602 724 514
1730 2 2 301 301 245 254 253
1731 2 2 301 301 311 313 312
1732 2 2 301 301 538 1165 427
1733 2 2 301 301 1052 1227 1054
1734 2 2 301 301 553 568 521
1735 2 2 301 301 301 1141 330
1736 2 2 301 301 328 1143 342
1737 2 2 301 301 345 739 559
1738 2 2 301 301 303 304 246
1739 2 2 301 301 893 939 738
1740 2 2 301 301 589 1148 516
1741 2 2 301 301 606 1149 716
1742 2 2 301 301 589 1196 1148
1743 2 2 301 301 836 867 835
1744 2 2 301 301 516 1148 528
1745 2 2 301 301 254 256 255
1746 2 2 301 301 717 1166 719
1747 2 2 301 301 676 1136 673
1748 2 2 301 301 256 258 257
1749 2 2 301 301 317 318 316
1750 2 2 301 301 628 748 629
1751 2 2 301 301 804 819 803
1752 2 2 301 301 397 398 396
1753 2 2 301 301 349 351 334
1754 2 2 301 301 381 493 380
1755 2 2 301 301 256 259 258
1756 2 2 301 301 354 371 369
1757 2 2 301 301 442 472 441
1758 2 2 301 301 445 1154 463
1759 2 2 301 301 1140 1368 833
1760 2 2 301 301 1026 1340 655
1761 2 2 301 301 331 332 297
1762 2 2 301 301 54 1170 53
1763 2 2 301 301 576 1153 498
1764 2 2 301 301 498 1153 415
1765 2 2 301 301 304 552 246
1766 2 2 301 301 262 1145 715
1767 2 2 301 301 377 378 270
1768 2 2 301 301 264 265 263
1769 2 2 301 301 393 513 442
1770 2 2 301 301 425 1165 451
1771 2 2 301 301 827 828 774
1772 2 2 301 301 442 473 472
1773 2 2 301 301 520 1173 598
1774 2 2 301 301 943 1372 7
1775 2 2 301 301 725 770 724
1776 2 2 301 301 565 1160 567
1777 2 2 301 301 626 632 628
1778 2 2 301 301 533 1154 445
1779 2 2 301 301 596 664 642
1780 2 2 301 301 492 800 799
1781 2 2 301 301 388 520 374
1782 2 2 301 301 1118 1182 263
1783 2 2 301 301 266 270 269
1784 2 2 301 301 802 803 800
1785 2 2 301 301 309 311 310
1786 2 2 301 301 344 359 343
1787 2 2 301 301 371 1347 1157
1788 2 2 301 301 397 399 398
1789 2 2 301 301 526 1376 992
1790 2 2 301 301 264 266 265
1791 2 2 301 301 360 380 359
1792 2 2 301 301 331 343 332
1793 2 2 301 301 378 1188 270
1794 2 2 301 301 463 1154 467
1795 2 2 301 301 367 1176 1112
1796 2 2 301 301 656 1160 565
1797 2 2 301 301 318 356 316
1798 2 2 301 301 395 397 396
1799 2 2 301 301 373 374 362
1800 2 2 301 301 767 1175 811
1801 2 2 301 301 755 1149 606
1802 2 2 301 301 1066 1430 782
1803 2 2 301 301 405 1150 409
1804 2 2 301 301 246 1126 184
1805 2 2 301 301 943 1439 759
1806 2 2 301 301 465 1155 509
1807 2 2 301 301 469 1150 407
1808 2 2 301 301 331 1128 344
1809 2 2 301 301 553 569 568
1810 2 2 301 301 738 1138 675
1811 2 2 301 301 292 1171 309
1812 2 2 301 301 528 1148 564
1813 2 2 301 301 1103 1152 1074
1814 2 2 301 301 259 1206 1145
1815 2 2 301 301 444 1168 594
1816 2 2 301 301 415 1153 495
1817 2 2 301 301 520 553 521
1818 2 2 301 301 501 1139 419
1819 2 2 301 301 623 780 624
1820 2 2 301 301 722 1208 1082
1821 2 2 301 301 1101 1164 664
1822 2 2 301 301 541 1183 743
1823 2 2 301 301 485 1199 487
1824 2 2 301 301 623 624 542
1825 2 2 301 301 673 1136 672
1826 2 2 301 301 721 1208 722
1827 2 2 301 301 361 362 351
1828 2 2 301 301 541 623 542
1829 2 2 301 301 419 1139 418
1830 2 2 301 301 564 1148 723
1831 2 2 301 301 687 1212 876
1832 2 2 301 301 467 1155 465
1833 2 2 301 301 815 1233 830
1834 2 2 301 301 423 1161 417
1835 2 2 301 301 638 1156 794
1836 2 2 301 301 636 1171 286
1837 2 2 301 301 509 1155 545
1838 2 2 301 301 451 1161 423
1839 2 2 301 301 541 542 356
1840 2 2 301 301 292 307 291
1841 2 2 301 301 763 827 774
1842 2 2 301 301 763 774 756
1843 2 2 301 301 262 264 263
1844 2 2 301 301 315 316 314
1845 2 2 301 301 262 263 260
1846 2 2 301 301 337 1141 301
1847 2 2 301 301 769 1191 957
1848 2 2 301 301 655 1169 617
1849 2 2 301 301 674 738 675
1850 2 2 301 301 1166 1223 791
1851 2 2 301 301 483 1195 499
1852 2 2 301 301 70 1221 459
1853 2 2 301 301 259 262 260
1854 2 2 301 301 318 541 356
1855 2 2 301 301 259 260 258
1856 2 2 301 301 407 1150 405
1857 2 2 301 301 700 836 835
1858 2 2 301 301 393 441 392
1859 2 2 301 301 661 1221 71
1860 2 2 301 301 271 1264 968
1861 2 2 301 301 392 1146 355
1862 2 2 301 301 737 756 736
1863 2 2 301 301 313 314 312
1864 2 2 301 301 671 674 673
1865 2 2 301 301 309 310 308
1866 2 2 301 301 417 1161 546
1867 2 2 301 301 181 1125 182
1868 2 2 301 301 550 1174 648
1869 2 2 301 301 567 1160 652
1870 2 2 301 301 1231 1242 1098
1871 2 2 301 301 1116 1353 493
1872 2 2 301 301 296 1128 331
1873 2 2 301 301 296 331 297
1874 2 2 301 301 647 1172 764
1875 2 2 301 301 325 1183 319
1876 2 2 301 301 1148 1196 723
1877 2 2 301 301 368 1163 386
1878 2 2 301 301 737 763 756
1879 2 2 301 301 386 1163 508
1880 2 2 301 301 646 1172 647
1881 2 2 301 301 907 1256 910
1882 2 2 301 301 502 1174 500
1883 2 2 301 301 674 675 673
1884 2 2 301 301 389 1163 368
1885 2 2 301 301 671 672 669
1886 2 2 301 301 726 1163 389
1887 2 2 301 301 508 1168 411
1888 2 2 301 301 290 1259 81
1889 2 2 301 301 671 673 672
1890 2 2 301 301 514 1173 388
1891 2 2 301 301 639 1212 590
1892 2 2 301 301 735 736 552
1893 2 2 301 301 605 1265 985
1894 2 2 301 301 330 1176 341
1895 2 2 301 301 674 1187 893
1896 2 2 301 301 393 442 441
1897 2 2 301 301 1249 1266 1043
1898 2 2 301 301 369 370 355
1899 2 2 301 301 396 1188 378
1900 2 2 301 301 1031 1203 333
1901 2 2 301 301 662 1218 825
1902 2 2 301 301 411 1168 444
1903 2 2 301 301 1358 1397 622
1904 2 2 301 301 311 312 310
1905 2 2 301 301 836 965 867
1906 2 2 301 301 319 1183 318
1907 2 2 301 301 314 491 312
1908 2 2 301 301 1190 1205 421
1909 2 2 301 301 735 737 736
1910 2 2 301 301 354 355 340
1911 2 2 301 301 304 735 552
1912 2 2 301 301 402 1198 1058
1913 2 2 301 301 1204 1228 733
1914 2 2 301 301 312 1193 310
1915 2 2 301 301 470 1192 351
1916 2 2 301 301 308 339 307
1917 2 2 301 301 629 1177 631
1918 2 2 301 301 665 666 642
1919 2 2 301 301 370 393 392
1920 2 2 301 301 296 297 294
1921 2 2 301 301 748 1177 629
1922 2 2 301 301 388 1173 520
1923 2 2 301 301 1105 1204 1150
1924 2 2 301 301 515 1204 733
1925 2 2 301 301 715 1179 264
1926 2 2 301 301 670 671 669
1927 2 2 301 301 761 1172 646
1928 2 2 301 301 954 1288 519
1929 2 2 301 301 369 414 370
1930 2 2 301 301 500 1174 550
1931 2 2 301 301 598 1185 553
1932 2 2 301 301 341 1176 367
1933 2 2 301 301 886 1181 803
1934 2 2 301 301 260 1182 261
1935 2 2 301 301 269 1201 276
1936 2 2 301 301 923 1256 909
1937 2 2 301 301 759 1372 943
1938 2 2 301 301 266 1179 377
1939 2 2 301 301 284 604 296
1940 2 2 301 301 354 369 355
1941 2 2 301 301 397 1186 401
1942 2 2 301 301 339 340 307
1943 2 2 301 301 471 1184 359
1944 2 2 301 301 678 1180 619
1945 2 2 301 301 481 1195 483
1946 2 2 301 301 345 1184 739
1947 2 2 301 301 333 1203 326
1948 2 2 301 301 604 1128 296
1949 2 2 301 301 339 354 340
1950 2 2 301 301 723 1196 812
1951 2 2 301 301 270 1201 269
1952 2 2 301 301 800 1181 801
1953 2 2 301 301 399 1198 402
1954 2 2 301 301 499 1199 485
1955 2 2 301 301 343 1184 345
1956 2 2 301 301 1141 1176 330
1957 2 2 301 301 963 1222 271
1958 2 2 301 301 60 1253 526
1959 2 2 301 301 1210 1233 815
1960 2 2 301 301 724 1173 514
1961 2 2 301 301 746 1225 654
1962 2 2 301 301 619 1180 655
1963 2 2 301 301 490 1186 395
1964 2 2 301 301 401 1198 399
1965 2 2 301 301 734 1196 589
1966 2 2 301 301 832 1180 678
1967 2 2 301 301 631 1177 697
1968 2 2 301 301 552 1126 246
1969 2 2 301 301 668 670 669
1970 2 2 301 301 765 1296 958
1971 2 2 301 301 326 1203 323
1972 2 2 301 301 841 1207 1160
1973 2 2 301 301 336 759 352
1974 2 2 301 301 263 1182 260
1975 2 2 301 301 182 1125 245
1976 2 2 301 301 521 1189 374
1977 2 2 301 301 318 1183 541
1978 2 2 301 301 803 1181 800
1979 2 2 301 301 334 1192 304
1980 2 2 301 301 372 1253 61
1981 2 2 301 301 1188 1201 270
1982 2 2 301 301 264 1179 266
1983 2 2 301 301 851 1242 853
1984 2 2 301 301 1048 1249 1043
1985 2 2 301 301 159 1314 267
1986 2 2 301 301 395 1186 397
1987 2 2 301 301 1150 1204 409
1988 2 2 301 301 362 1189 470
1989 2 2 301 301 698 1190 700
1990 2 2 301 301 359 1184 343
1991 2 2 301 301 245 504 254
1992 2 2 301 301 409 1204 515
1993 2 2 301 301 768 1289 945
1994 2 2 301 301 553 1185 569
1995 2 2 301 301 351 1192 334
1996 2 2 301 301 1146 1219 340
1997 2 2 301 301 868 1209 835
1998 2 2 301 301 251 1211 18
1999 2 2 301 301 576 1214 1153
2000 2 2 301 301 697 1205 698
2001 2 2 301 301 792 1208 721
2002 2 2 301 301 1072 1213 1139
2003 2 2 301 301 828 1260 1073
2004 2 2 301 301 449 1379 989
2005 2 2 301 301 102 1246 101
2006 2 2 301 301 664 665 642
2007 2 2 301 301 1137 1210 512
2008 2 2 301 301 1153 1214 1120
2009 2 2 301 301 1160 1207 652
2010 2 2 301 301 786 1210 1137
2011 2 2 301 301 1105 1228 1204
2012 2 2 301 301 74 1247 73
2013 2 2 301 301 374 1189 362
2014 2 2 301 301 321 1216 325
2015 2 2 301 301 9 752 181
2016 2 2 301 301 512 1210 1147
2017 2 2 301 301 590 1212 687
2018 2 2 301 301 791 1248 792
2019 2 2 301 301 652 1207 843
2020 2 2 301 301 1179 1220 468
2021 2 2 301 301 491 1193 312
2022 2 2 301 301 667 745 666
2023 2 2 301 301 734 1215 1196
2024 2 2 301 301 1196 1215 812
2025 2 2 301 301 795 1231 726
2026 2 2 301 301 317 1260 320
2027 2 2 301 301 665 668 667
2028 2 2 301 301 1223 1248 791
2029 2 2 301 301 1041 1263 290
2030 2 2 301 301 823 1298 992
2031 2 2 301 301 934 1331 128
2032 2 2 301 301 1139 1213 537
2033 2 2 301 301 665 667 666
2034 2 2 301 301 700 1190 836
2035 2 2 301 301 670 1187 671
2036 2 2 301 301 668 669 667
2037 2 2 301 301 304 1192 735
2038 2 2 301 301 356 1200 316
2039 2 2 301 301 698 1205 1190
2040 2 2 301 301 642 1197 641
2041 2 2 301 301 671 1187 674
2042 2 2 301 301 569 1356 892
2043 2 2 301 301 758 1274 730
2044 2 2 301 301 814 1218 662
2045 2 2 301 301 256 1206 259
2046 2 2 301 301 254 1206 256
2047 2 2 301 301 316 1200 314
2048 2 2 301 301 323 1216 321
2049 2 2 301 301 784 1215 734
2050 2 2 301 301 1087 1267 299
2051 2 2 301 301 310 1194 308
2052 2 2 301 301 452 1224 1029
2053 2 2 301 301 1203 1216 323
2054 2 2 301 301 123 1276 250
2055 2 2 301 301 448 1276 124
2056 2 2 301 301 745 928 927
2057 2 2 301 301 690 1333 969
2058 2 2 301 301 308 1194 339
2059 2 2 301 301 291 620 285
2060 2 2 301 301 443 1437 974
2061 2 2 301 301 424 1268 603
2062 2 2 301 301 1199 1241 781
2063 2 2 301 301 1073 1260 315
2064 2 2 301 301 314 1200 491
2065 2 2 301 301 347 1296 901
2066 2 2 301 301 394 1239 490
2067 2 2 301 301 290 1263 1259
2068 2 2 301 301 786 1233 1210
2069 2 2 301 301 357 1227 1052
2070 2 2 301 301 71 1221 70
2071 2 2 301 301 654 1225 788
2072 2 2 301 301 1195 1292 499
2073 2 2 301 301 519 1285 954
2074 2 2 301 301 714 1202 787
2075 2 2 301 301 787 1187 670
2076 2 2 301 301 1011 1334 561
2077 2 2 301 301 510 1278 1030
2078 2 2 301 301 912 1280 923
2079 2 2 301 301 284 296 294
2080 2 2 301 301 980 1238 1226
2081 2 2 301 301 98 1267 97
2082 2 2 301 301 556 1268 422
2083 2 2 301 301 664 1164 665
2084 2 2 301 301 584 1228 1105
2085 2 2 301 301 954 1280 914
2086 2 2 301 301 508 1231 1098
2087 2 2 301 301 666 1197 642
2088 2 2 301 301 1146 1255 1219
2089 2 2 301 301 1026 1337 272
2090 2 2 301 301 467 1223 1166
2091 2 2 301 301 78 1269 77
2092 2 2 301 301 732 1229 823
2093 2 2 301 301 55 1281 503
2094 2 2 301 301 322 1232 384
2095 2 2 301 301 1043 1266 1041
2096 2 2 301 301 665 1164 668
2097 2 2 301 301 393 1237 513
2098 2 2 301 301 715 1220 1179
2099 2 2 301 301 828 1415 774
2100 2 2 301 301 1041 1266 1263
2101 2 2 301 301 1154 1223 467
2102 2 2 301 301 1193 1194 310
2103 2 2 301 301 733 1228 744
2104 2 2 301 301 716 1223 1154
2105 2 2 301 301 1073 1415 828
2106 2 2 301 301 451 1226 1161
2107 2 2 301 301 1023 1384 747
2108 2 2 301 301 697 1222 1205
2109 2 2 301 301 414 1237 370
2110 2 2 301 301 432 1295 1011
2111 2 2 301 301 924 1342 782
2112 2 2 301 301 245 1125 504
2113 2 2 301 301 340 1219 307
2114 2 2 301 301 584 1235 1228
2115 2 2 301 301 1028 1234 1060
2116 2 2 301 301 672 1230 669
2117 2 2 301 301 504 1206 254
2118 2 2 301 301 856 1408 1406
2119 2 2 301 301 1119 1235 584
2120 2 2 301 301 752 1125 181
2121 2 2 301 301 1177 1222 697
2122 2 2 301 301 837 1233 786
2123 2 2 301 301 916 1288 954
2124 2 2 301 301 306 1308 1051
2125 2 2 301 301 1119 1245 1235
2126 2 2 301 301 922 1288 918
2127 2 2 301 301 1228 1235 744
2128 2 2 301 301 738 1257 1138
2129 2 2 301 301 992 1298 991
2130 2 2 301 301 1037 1359 539
2131 2 2 301 301 716 1248 1223
2132 2 2 301 301 140 1262 139
2133 2 2 301 301 1061 1243 470
2134 2 2 301 301 346 1262 140
2135 2 2 301 301 1047 1403 1391
2136 2 2 301 301 758 1371 932
2137 2 2 301 301 307 1219 291
2138 2 2 301 301 985 1240 986
2139 2 2 301 301 1245 1429 1350
2140 2 2 301 301 1235 1245 805
2141 2 2 301 301 920 1292 922
2142 2 2 301 301 1190 1236 836
2143 2 2 301 301 735 1243 737
2144 2 2 301 301 1353 1398 493
2145 2 2 301 301 770 1258 724
2146 2 2 301 301 960 1356 1010
2147 2 2 301 301 744 1235 805
2148 2 2 301 301 1053 1316 283
2149 2 2 301 301 421 1236 1190
2150 2 2 301 301 726 1231 1163
2151 2 2 301 301 370 1237 393
2152 2 2 301 301 529 1295 430
2153 2 2 301 301 1163 1231 508
2154 2 2 301 301 468 1239 394
2155 2 2 301 301 934 1244 755
2156 2 2 301 301 291 1219 620
2157 2 2 301 301 1140 1346 635
2158 2 2 301 301 1219 1255 620
2159 2 2 301 301 470 1243 1192
2160 2 2 301 301 1167 1266 1249
2161 2 2 301 301 1406 1408 113
2162 2 2 301 301 473 1273 518
2163 2 2 301 301 249 1307 126
2164 2 2 301 301 125 1307 448
2165 2 2 301 301 745 1230 928
2166 2 2 301 301 1275 1289 302
2167 2 2 301 301 1170 1442 450
2168 2 2 301 301 626 1272 632
2169 2 2 301 301 1076 1301 278
2170 2 2 301 301 780 1272 624
2171 2 2 301 301 1161 1238 546
2172 2 2 301 301 288 1275 302
2173 2 2 301 301 249 1331 933
2174 2 2 301 301 101 1246 461
2175 2 2 301 301 847 1442 1170
2176 2 2 301 301 1252 1437 443
2177 2 2 301 301 836 1236 965
2178 2 2 301 301 732 1274 1229
2179 2 2 301 301 1098 1242 851
2180 2 2 301 301 513 1273 442
2181 2 2 301 301 1205 1222 963
2182 2 2 301 301 1099 1247 74
2183 2 2 301 301 930 1424 540
2184 2 2 301 301 145 1300 554
2185 2 2 301 301 875 1245 1119
2186 2 2 301 301 1192 1243 735
2187 2 2 301 301 534 1322 57
2188 2 2 301 301 790 1347 880
2189 2 2 301 301 657 1282 892
2190 2 2 301 301 1226 1238 1161
2191 2 2 301 301 669 1230 667
2192 2 2 301 301 477 1285 519
2193 2 2 301 301 774 1279 756
2194 2 2 301 301 538 1249 1165
2195 2 2 301 301 1167 1249 538
2196 2 2 301 301 900 1251 795
2197 2 2 301 301 667 1230 745
2198 2 2 301 301 922 1292 1195
2199 2 2 301 301 813 1366 1111
2200 2 2 301 301 759 1217 352
2201 2 2 301 301 691 1345 1072
2202 2 2 301 301 804 1290 819
2203 2 2 301 301 1242 1251 853
2204 2 2 301 301 770 1311 1258
2205 2 2 301 301 1243 1277 737
2206 2 2 301 301 755 1244 1149
2207 2 2 301 301 499 1241 1199
2208 2 2 301 301 1087 1405 1024
2209 2 2 301 301 693 1305 694
2210 2 2 301 301 1173 1258 598
2211 2 2 301 301 518 1285 475
2212 2 2 301 301 1357 1382 1115
2213 2 2 301 301 1111 1366 746
2214 2 2 301 301 940 1300 363
2215 2 2 301 301 1201 1275 276
2216 2 2 301 301 1149 1248 716
2217 2 2 301 301 1051 1373 1049
2218 2 2 301 301 858 1333 859
2219 2 2 301 301 519 1293 479
2220 2 2 301 301 806 1344 900
2221 2 2 301 301 1063 1304 302
2222 2 2 301 301 1317 1348 1110
2223 2 2 301 301 633 1327 474
2224 2 2 301 301 727 1396 1050
2225 2 2 301 301 103 1254 102
2226 2 2 301 301 771 1252 770
2227 2 2 301 301 775 1317 1110
2228 2 2 301 301 61 1253 60
2229 2 2 301 301 1224 1291 1029
2230 2 2 301 301 760 1302 841
2231 2 2 301 301 133 1332 132
2232 2 2 301 301 973 1311 971
2233 2 2 301 301 1165 1249 1048
2234 2 2 301 301 909 1256 907
2235 2 2 301 301 895 1270 898
2236 2 2 301 301 1030 1265 605
2237 2 2 301 301 1369 1374 305
2238 2 2 301 301 257 1310 255
2239 2 2 301 301 785 1308 837
2240 2 2 301 301 746 1388 1111
2241 2 2 301 301 796 1357 1115
2242 2 2 301 301 816 1352 989
2243 2 2 301 301 1086 1362 1088
2244 2 2 301 301 481 1293 1195
2245 2 2 301 301 364 1336 44
2246 2 2 301 301 939 1257 738
2247 2 2 301 301 798 1353 817
2248 2 2 301 301 628 1291 748
2249 2 2 301 301 777 1305 847
2250 2 2 301 301 749 1356 960
2251 2 2 301 301 789 1319 999
2252 2 2 301 301 1111 1388 855
2253 2 2 301 301 751 1277 1061
2254 2 2 301 301 472 1327 570
2255 2 2 301 301 1077 1401 279
2256 2 2 301 301 1113 1255 1146
2257 2 2 301 301 825 1402 870
2258 2 2 301 301 838 1392 1067
2259 2 2 301 301 302 1304 300
2260 2 2 301 301 1298 1299 801
2261 2 2 301 301 490 1410 941
2262 2 2 301 301 457 1355 1069
2263 2 2 301 301 743 1312 623
2264 2 2 301 301 248 1395 111
2265 2 2 301 301 1061 1277 1243
2266 2 2 301 301 1350 1429 274
2267 2 2 301 301 348 1406 114
2268 2 2 301 301 1133 1259 1006
2269 2 2 301 301 817 1353 1116
2270 2 2 301 301 609 1392 809
2271 2 2 301 301 1177 1264 1222
2272 2 2 301 301 1006 1263 1007
2273 2 2 301 301 947 1275 1201
2274 2 2 301 301 773 1359 772
2275 2 2 301 301 1195 1293 922
2276 2 2 301 301 1259 1263 1006
2277 2 2 301 301 1112 1358 622
2278 2 2 301 301 1050 1373 727
2279 2 2 301 301 315 1260 317
2280 2 2 301 301 1263 1266 1007
2281 2 2 301 301 127 1331 249
2282 2 2 301 301 896 1270 895
2283 2 2 301 301 1145 1335 715
2284 2 2 301 301 546 1321 391
2285 2 2 301 301 346 1318 1262
2286 2 2 301 301 724 1258 1173
2287 2 2 301 301 1070 1355 792
2288 2 2 301 301 1222 1264 271
2289 2 2 301 301 932 1371 347
2290 2 2 301 301 740 1328 611
2291 2 2 301 301 540 1424 142
2292 2 2 301 301 1067 1392 610
2293 2 2 301 301 299 1267 98
2294 2 2 301 301 381 1321 493
2295 2 2 301 301 354 1324 371
2296 2 2 301 301 280 1269 78
2297 2 2 301 301 861 1261 863
2298 2 2 301 301 970 1282 657
2299 2 2 301 301 129 1435 128
2300 2 2 301 301 1418 1420 843
2301 2 2 301 301 831 1286 751
2302 2 2 301 301 1171 1294 1057
2303 2 2 301 301 939 1365 1257
2304 2 2 301 301 422 1268 424
2305 2 2 301 301 2 1380 41
2306 2 2 301 301 42 1380 2
2307 2 2 301 301 3 1381 72
2308 2 2 301 301 73 1381 3
2309 2 2 301 301 795 1251 1242
2310 2 2 301 301 660 1380 1093
2311 2 2 301 301 10 1349 636
2312 2 2 301 301 1136 1318 931
2313 2 2 301 301 1070 1416 1244
2314 2 2 301 301 183 1349 10
2315 2 2 301 301 748 1264 1177
2316 2 2 301 301 325 1287 1183
2317 2 2 301 301 283 1338 47
2318 2 2 301 301 863 1318 1136
2319 2 2 301 301 261 1348 258
2320 2 2 301 301 1034 1414 1035
2321 2 2 301 301 1083 1370 658
2322 2 2 301 301 728 1396 727
2323 2 2 301 301 1097 1397 1358
2324 2 2 301 301 748 1291 1224
2325 2 2 301 301 247 1320 1303
2326 2 2 301 301 1227 1427 1054
2327 2 2 301 301 109 1390 274
2328 2 2 301 301 794 1351 900
2329 2 2 301 301 710 1430 818
2330 2 2 301 301 653 1422 1067
2331 2 2 301 301 751 1286 1277
2332 2 2 301 301 730 1274 732
2333 2 2 301 301 624 1272 626
2334 2 2 301 301 830 1315 1056
2335 2 2 301 301 461 1423 1089
2336 2 2 301 301 1218 1401 1077
2337 2 2 301 301 4 1389 103
2338 2 2 301 301 104 1389 4
2339 2 2 301 301 709 1394 711
2340 2 2 301 301 1007 1266 1167
2341 2 2 301 301 363 1300 146
2342 2 2 301 301 1018 1340 1026
2343 2 2 301 301 985 1287 1240
2344 2 2 301 301 1067 1404 838
2345 2 2 301 301 1174 1404 824
2346 2 2 301 301 787 1364 940
2347 2 2 301 301 658 1445 11
2348 2 2 301 301 607 1383 693
2349 2 2 301 301 829 1309 1197
2350 2 2 301 301 752 1250 1125
2351 2 2 301 301 346 1424 930
2352 2 2 301 301 1391 1403 891
2353 2 2 301 301 442 1273 473
2354 2 2 301 301 253 1374 6
2355 2 2 301 301 830 1401 814
2356 2 2 301 301 1125 1250 504
2357 2 2 301 301 1303 1320 807
2358 2 2 301 301 1258 1311 973
2359 2 2 301 301 574 1384 576
2360 2 2 301 301 7 1372 303
2361 2 2 301 301 1169 1340 740
2362 2 2 301 301 759 1439 1202
2363 2 2 301 301 747 1384 577
2364 2 2 301 301 989 1352 555
2365 2 2 301 301 124 1276 123
2366 2 2 301 301 294 1387 9
2367 2 2 301 301 838 1404 502
2368 2 2 301 301 843 1420 844
2369 2 2 301 301 1220 1417 468
2370 2 2 301 301 947 1289 1275
2371 2 2 301 301 1010 1356 569
2372 2 2 301 301 180 1438 492
2373 2 2 301 301 1157 1378 371
2374 2 2 301 301 952 1396 731
2375 2 2 301 301 544 1278 510
2376 2 2 301 301 784 1339 1215
2377 2 2 301 301 276 1275 288
2378 2 2 301 301 1296 1371 958
2379 2 2 301 301 808 1346 1140
2380 2 2 301 301 788 1417 793
2381 2 2 301 301 457 1332 1082
2382 2 2 301 301 712 1427 1142
2383 2 2 301 301 914 1280 912
2384 2 2 301 301 797 1379 832
2385 2 2 301 301 380 1398 471
2386 2 2 301 301 363 1440 939
2387 2 2 301 301 739 1388 559
2388 2 2 301 301 1240 1287 325
2389 2 2 301 301 1015 1383 1227
2390 2 2 301 301 756 1279 779
2391 2 2 301 301 737 1277 763
2392 2 2 301 301 939 1440 1365
2393 2 2 301 301 1283 1438 842
2394 2 2 301 301 1213 1368 537
2395 2 2 301 301 884 1334 926
2396 2 2 301 301 1413 1418 1207
2397 2 2 301 301 9 1387 752
2398 2 2 301 301 1213 1345 742
2399 2 2 301 301 936 1284 937
2400 2 2 301 301 688 1427 1227
2401 2 2 301 301 371 1378 369
2402 2 2 301 301 56 1281 55
2403 2 2 301 301 1035 1382 1182
2404 2 2 301 301 727 1373 1131
2405 2 2 301 301 1265 1312 743
2406 2 2 301 301 958 1371 758
2407 2 2 301 301 750 1282 831
2408 2 2 301 301 1194 1324 339
2409 2 2 301 301 802 1283 804
2410 2 2 301 301 880 1324 1194
2411 2 2 301 301 945 1289 947
2412 2 2 301 301 876 1423 877
2413 2 2 301 301 771 1437 1252
2414 2 2 301 301 257 1317 1310
2415 2 2 301 301 1277 1286 763
2416 2 2 301 301 1108 1349 1126
2417 2 2 301 301 336 1372 759
2418 2 2 301 301 475 1285 477
2419 2 2 301 301 141 1424 346
2420 2 2 301 301 739 1343 998
2421 2 2 301 301 792 1355 1208
2422 2 2 301 301 1215 1375 812
2423 2 2 301 301 918 1288 916
2424 2 2 301 301 250 1330 993
2425 2 2 301 301 1132 1316 712
2426 2 2 301 301 1175 1334 884
2427 2 2 301 301 747 1328 1021
2428 2 2 301 301 932 1393 758
2429 2 2 301 301 763 1286 827
2430 2 2 301 301 1047 1391 529
2431 2 2 301 301 1097 1358 1141
2432 2 2 301 301 1220 1335 949
2433 2 2 301 301 1183 1287 743
2434 2 2 301 301 924 1292 920
2435 2 2 301 301 997 1343 471
2436 2 2 301 301 1056 1315 1055
2437 2 2 301 301 247 1303 995
2438 2 2 301 301 766 1296 765
2439 2 2 301 301 147 1440 363
2440 2 2 301 301 776 1297 695
2441 2 2 301 301 844 1420 1303
2442 2 2 301 301 929 1369 927
2443 2 2 301 301 56 1322 1281
2444 2 2 301 301 792 1416 1070
2445 2 2 301 301 806 1367 1344
2446 2 2 301 301 430 1295 432
2447 2 2 301 301 479 1293 481
2448 2 2 301 301 1141 1358 1176
2449 2 2 301 301 1065 1361 1064
2450 2 2 301 301 857 1306 858
2451 2 2 301 301 632 1291 628
2452 2 2 301 301 1206 1407 1145
2453 2 2 301 301 1138 1436 864
2454 2 2 301 301 1207 1418 843
2455 2 2 301 301 1302 1406 348
2456 2 2 301 301 1227 1383 688
2457 2 2 301 301 278 1301 1066
2458 2 2 301 301 994 1320 247
2459 2 2 301 301 1064 1386 287
2460 2 2 301 301 257 1348 1317
2461 2 2 301 301 261 1357 1348
2462 2 2 301 301 146 1300 145
2463 2 2 301 301 993 1323 447
2464 2 2 301 301 837 1315 1233
2465 2 2 301 301 1239 1417 788
2466 2 2 301 301 1314 1400 267
2467 2 2 301 301 636 1294 1171
2468 2 2 301 301 689 1346 960
2469 2 2 301 301 877 1423 1246
2470 2 2 301 301 856 1302 760
2471 2 2 301 301 376 1365 149
2472 2 2 301 301 43 1336 1093
2473 2 2 301 301 776 1329 1297
2474 2 2 301 301 287 1409 1046
2475 2 2 301 301 694 1305 777
2476 2 2 301 301 300 1304 337
2477 2 2 301 301 818 1430 1301
2478 2 2 301 301 951 1407 1250
2479 2 2 301 301 1001 1337 832
2480 2 2 301 301 1030 1312 1265
2481 2 2 301 301 1244 1416 1149
2482 2 2 301 301 1361 1386 1064
2483 2 2 301 301 561 1334 1175
2484 2 2 301 301 126 1307 125
2485 2 2 301 301 941 1410 1225
2486 2 2 301 301 1245 1350 805
2487 2 2 301 301 1233 1315 830
2488 2 2 301 301 1339 1395 248
2489 2 2 301 301 1248 1416 792
2490 2 2 301 301 576 1360 1214
2491 2 2 301 301 447 1313 994
2492 2 2 301 301 255 1310 305
2493 2 2 301 301 413 1299 1229
2494 2 2 301 301 1386 1409 287
2495 2 2 301 301 1131 1308 785
2496 2 2 301 301 1046 1425 454
2497 2 2 301 301 459 1402 1077
2498 2 2 301 301 158 1314 159
2499 2 2 301 301 993 1330 1323
2500 2 2 301 301 1035 1414 1382
2501 2 2 301 301 471 1343 1184
2502 2 2 301 301 1054 1316 1053
2503 2 2 301 301 46 1338 999
2504 2 2 301 301 1013 1352 817
2505 2 2 301 301 1370 1445 658
2506 2 2 301 301 802 1438 1283
2507 2 2 301 301 623 1312 780
2508 2 2 301 301 820 1317 775
2509 2 2 301 301 1184 1343 739
2510 2 2 301 301 454 1444 1044
2511 2 2 301 301 1197 1309 820
2512 2 2 301 301 128 1331 127
2513 2 2 301 301 635 1346 689
2514 2 2 301 301 112 1408 248
2515 2 2 301 301 949 1335 951
2516 2 2 301 301 1409 1425 1046
2517 2 2 301 301 778 1329 776
2518 2 2 301 301 1021 1328 1019
2519 2 2 301 301 57 1322 56
2520 2 2 301 301 1124 1319 789
2521 2 2 301 301 150 1411 376
2522 2 2 301 301 272 1337 1001
2523 2 2 301 301 933 1331 934
2524 2 2 301 301 474 1327 472
2525 2 2 301 301 761 1313 1172
2526 2 2 301 301 391 1321 381
2527 2 2 301 301 1244 1435 273
2528 2 2 301 301 975 1333 690
2529 2 2 301 301 807 1320 761
2530 2 2 301 301 1250 1407 504
2531 2 2 301 301 458 1419 1076
2532 2 2 301 301 1303 1420 995
2533 2 2 301 301 761 1320 1313
2534 2 2 301 301 1066 1361 1065
2535 2 2 301 301 841 1413 1207
2536 2 2 301 301 622 1397 838
2537 2 2 301 301 47 1338 46
2538 2 2 301 301 864 1325 862
2539 2 2 301 301 904 1341 903
2540 2 2 301 301 1092 1399 1095
2541 2 2 301 301 611 1328 747
2542 2 2 301 301 132 1332 457
2543 2 2 301 301 1094 1399 1092
2544 2 2 301 301 1181 1428 991
2545 2 2 301 301 555 1352 1013
2546 2 2 301 301 1082 1332 1083
2547 2 2 301 301 1425 1444 454
2548 2 2 301 301 934 1435 1244
2549 2 2 301 301 1323 1330 764
2550 2 2 301 301 764 1330 806
2551 2 2 301 301 339 1324 354
2552 2 2 301 301 1172 1323 764
2553 2 2 301 301 274 1390 1350
2554 2 2 301 301 1238 1421 546
2555 2 2 301 301 847 1377 846
2556 2 2 301 301 261 1382 1357
2557 2 2 301 301 998 1343 997
2558 2 2 301 301 1093 1336 1094
2559 2 2 301 301 1313 1320 994
2560 2 2 301 301 44 1336 43
2561 2 2 301 301 1251 1344 854
2562 2 2 301 301 1077 1402 1218
2563 2 2 301 301 974 1437 1034
2564 2 2 301 301 1313 1323 1172
2565 2 2 301 301 742 1345 1156
2566 2 2 301 301 603 1403 1047
2567 2 2 301 301 999 1338 887
2568 2 2 301 301 962 1347 790
2569 2 2 301 301 554 1439 943
2570 2 2 301 301 979 1421 1238
2571 2 2 301 301 866 1339 784
2572 2 2 301 301 921 1342 924
2573 2 2 301 301 1024 1360 1023
2574 2 2 301 301 1257 1365 376
2575 2 2 301 301 113 1408 112
2576 2 2 301 301 1276 1367 250
2577 2 2 301 301 347 1371 1296
2578 2 2 301 301 639 1362 1212
2579 2 2 301 301 447 1323 1313
2580 2 2 301 301 960 1346 808
2581 2 2 301 301 1124 1363 1319
2582 2 2 301 301 864 1436 1326
2583 2 2 301 301 822 1376 952
2584 2 2 301 301 892 1356 749
2585 2 2 301 301 865 1353 798
2586 2 2 301 301 715 1335 1220
2587 2 2 301 301 832 1337 1180
2588 2 2 301 301 900 1344 1251
2589 2 2 301 301 503 1377 1170
2590 2 2 301 301 870 1385 871
2591 2 2 301 301 655 1340 1169
2592 2 2 301 301 1252 1311 770
2593 2 2 301 301 1390 1395 866
2594 2 2 301 301 1069 1355 1070
2595 2 2 301 301 1225 1410 788
2596 2 2 301 301 941 1366 813
2597 2 2 301 301 840 1411 151
2598 2 2 301 301 772 1359 1037
2599 2 2 301 301 1178 1403 603
2600 2 2 301 301 258 1348 257
2601 2 2 301 301 805 1350 866
2602 2 2 301 301 1095 1419 458
2603 2 2 301 301 1090 1432 659
2604 2 2 301 301 817 1352 816
2605 2 2 301 301 1089 1362 1086
2606 2 2 301 301 1126 1349 183
2607 2 2 301 301 925 1391 891
2608 2 2 301 301 1110 1357 796
2609 2 2 301 301 927 1369 829
2610 2 2 301 301 1247 1381 73
2611 2 2 301 301 456 1433 1090
2612 2 2 301 301 1253 1376 526
2613 2 2 301 301 758 1393 1274
2614 2 2 301 301 305 1310 1309
2615 2 2 301 301 1310 1317 820
2616 2 2 301 301 1170 1377 847
2617 2 2 301 301 1068 1431 456
2618 2 2 301 301 110 1395 1390
2619 2 2 301 301 1212 1362 1089
2620 2 2 301 301 1090 1433 1432
2621 2 2 301 301 1156 1351 794
2622 2 2 301 301 1309 1310 820
2623 2 2 301 301 149 1365 148
2624 2 2 301 301 1049 1373 1050
2625 2 2 301 301 788 1410 1239
2626 2 2 301 301 1072 1345 1213
2627 2 2 301 301 274 1429 1068
2628 2 2 301 301 959 1412 136
2629 2 2 301 301 535 1387 294
2630 2 2 301 301 303 1372 336
2631 2 2 301 301 711 1363 1124
2632 2 2 301 301 305 1374 253
2633 2 2 301 301 1431 1433 456
2634 2 2 301 301 1305 1442 847
2635 2 2 301 301 537 1368 635
2636 2 2 301 301 1000 1413 348
2637 2 2 301 301 746 1366 1225
2638 2 2 301 301 268 1441 955
2639 2 2 301 301 110 1390 109
2640 2 2 301 301 659 1389 104
2641 2 2 301 301 661 1385 1221
2642 2 2 301 301 1221 1385 870
2643 2 2 301 301 1176 1358 1112
2644 2 2 301 301 72 1381 661
2645 2 2 301 301 41 1380 660
2646 2 2 301 301 610 1392 609
2647 2 2 301 301 921 1386 1361
2648 2 2 301 301 1088 1405 1087
2649 2 2 301 301 811 1400 810
2650 2 2 301 301 446 1420 1418
2651 2 2 301 301 1000 1418 1413
2652 2 2 301 301 812 1375 856
2653 2 2 301 301 991 1428 534
2654 2 2 301 301 111 1395 110
2655 2 2 301 301 919 1386 921
2656 2 2 301 301 688 1383 607
2657 2 2 301 301 440 1415 1073
2658 2 2 301 301 577 1384 574
2659 2 2 301 301 136 1412 135
2660 2 2 301 301 1429 1431 1068
2661 2 2 301 301 818 1394 709
2662 2 2 301 301 809 1397 1097
2663 2 2 301 301 446 1418 1000
2664 2 2 301 301 816 1379 797
2665 2 2 301 301 995 1420 446
2666 2 2 301 301 559 1388 746
2667 2 2 301 301 1268 1443 603
2668 2 2 301 301 369 1378 414
2669 2 2 301 301 114 1406 113
2670 2 2 301 301 952 1376 1253
2671 2 2 301 301 5 1426 152
2672 2 2 301 301 151 1411 150
2673 2 2 301 301 731 1396 728
2674 2 2 301 301 919 1409 1386
2675 2 2 301 301 586 1426 5
2676 2 2 301 301 1218 1402 825
2677 2 2 301 301 1182 1382 261
2678 2 2 301 301 493 1398 380
2679 2 2 301 301 450 1442 1016
2680 2 2 301 301 142 1424 141
2681 2 2 301 301 135 1412 586
2682 2 2 301 301 917 1409 919
2683 2 2 301 301 773 1441 1271
2684 2 2 301 301 1225 1366 941
2685 2 2 301 301 831 1354 1286
2686 2 2 301 301 273 1435 129
2687 2 2 301 301 152 1426 840
2688 2 2 301 301 844 1422 653
2689 2 2 301 301 148 1440 147
2690 2 2 301 301 1257 1436 1138
2691 2 2 301 301 502 1404 1174
2692 2 2 301 301 917 1425 1409
2693 2 2 301 301 11 1445 1
2694 2 2 301 301 1 1445 134
2695 2 2 301 301 782 1430 710
2696 2 2 301 301 1239 1410 490
2697 2 2 301 301 492 1438 802
2698 2 2 301 301 1115 1414 771
2699 2 2 301 301 877 1432 874
2700 2 2 301 301 1432 1433 874
2701 2 2 301 301 873 1431 875
2702 2 2 301 301 874 1433 873
2703 2 2 301 301 915 1425 917
2704 2 2 301 301 846 1377 1290
2705 2 2 301 301 873 1433 1431
2706 2 2 301 301 376 1411 1326
2707 2 2 301 301 865 1398 1353
2708 2 2 301 301 661 1381 1247
2709 2 2 301 301 774 1415 1279
2710 2 2 301 301 915 1444 1425
2711 2 2 301 301 153 1434 413
2712 2 2 301 301 913 1444 915
2713 2 2 301 301 1202 1364 787
2714 2 2 301 301 1142 1427 688
2715 2 2 301 301 875 1431 1429
2716 2 2 301 301 1214 1405 1088
2717 2 2 301 301 1348 1357 1110
2718 2 2 301 301 814 1401 1218
2719 2 2 301 301 603 1443 1178
2720 2 2 301 301 886 1428 1181
2721 2 2 301 301 856 1406 1302
2722 2 2 301 301 504 1407 1206
2723 2 2 301 301 854 1367 1276
2724 2 2 301 301 1254 1389 659
2725 2 2 301 301 1382 1414 1115
2726 2 2 301 301 1301 1430 1066
2727 2 2 301 301 103 1389 1254
2728 2 2 301 301 1024 1405 1360
2729 2 2 301 301 413 1434 1299
2730 2 2 301 301 1365 1440 148
2731 2 2 301 301 468 1417 1239
2732 2 2 301 301 1286 1354 827
2733 2 2 301 301 1326 1411 840
2734 2 2 301 301 1274 1393 821
2735 2 2 301 301 1342 1361 1066
2736 2 2 301 301 929 1374 1369
2737 2 2 301 301 1246 1423 461
2738 2 2 301 301 1149 1416 1248
2739 2 2 301 301 376 1436 1257
2740 2 2 301 301 248 1408 1375
2741 2 2 301 301 875 1429 1245
2742 2 2 301 301 1363 1399 1094
2743 2 2 301 301 1016 1442 1305
2744 2 2 301 301 1279 1415 440
2745 2 2 301 301 1290 1377 503
2746 2 2 301 301 938 1443 1268
2747 2 2 301 301 921 1361 1342
2748 2 2 301 301 866 1395 1339
2749 2 2 301 301 1344 1367 854
2750 2 2 301 301 810 1400 1314
2751 2 2 301 301 1394 1419 1095
2752 2 2 301 301 1326 1436 376
2753 2 2 301 301 1350 1390 866
2754 2 2 301 301 711 1399 1363
2755 2 2 301 301 1360 1405 1214
2756 2 2 301 301 1202 1439 1364
2757 2 2 301 301 1375 1408 856
2758 2 2 301 301 1364 1439 554
2759 2 2 301 301 818 1419 1394
2760 2 2 301 301 134 1445 1370
$EndElements
