$MeshFormat
2.2 0 8
$EndMeshFormat
$Nodes
1378
1 0 0 0
2 1 0 0
3 1 1 0
4 0 1 0
5 0.75 0.5 0
6 0.5 0.625 0
7 0.25 0.5 0
8 0.5 0.375 0
9 0.85 0.5 0
10 0.5 0.7 0
11 0.15 0.5 0
12 0.5 0.3 0
13 0.03125 0 0
14 0.0625 0 0
15 0.09375 0 0
16 0.125 0 0
17 0.15625 0 0
18 0.1875 0 0
19 0.21875 0 0
20 0.25 0 0
21 0.28125 0 0
22 0.3125 0 0
23 0.34375 0 0
24 0.375 0 0
25 0.40625 0 0
26 0.4375 0 0
27 0.46875 0 0
28 0.5 0 0
29 0.53125 0 0
30 0.5625 0 0
31 0.59375 0 0
32 0.625 0 0
33 0.65625 0 0
34 0.6875 0 0
35 0.71875 0 0
36 0.75 0 0
37 0.78125 0 0
38 0.8125 0 0
39 0.84375 0 0
40 0.875 0 0
41 0.90625 0 0
42 0.9375 0 0
43 0.96875 0 0
44 1 0.03125 0
45 1 0.0625 0
46 1 0.09375 0
47 1 0.125 0
48 1 0.15625 0
49 1 0.1875 0
50 1 0.21875 0
51 1 0.25 0
52 1 0.28125 0
53 1 0.3125 0
54 1 0.34375 0
55 1 0.375 0
56 1 0.40625 0
57 1 0.4375 0
58 1 0.46875 0
59 1 0.5 0
60 1 0.53125 0
61 1 0.5625 0
62 1 0.59375 0
63 1 0.625 0
64 1 0.65625 0
65 1 0.6875 0
66 1 0.71875 0
67 1 0.75 0
68 1 0.78125 0
69 1 0.8125 0
70 1 0.84375 0
71 1 0.875 0
72 1 0.90625 0
73 1 0.9375 0
74 1 0.96875 0
75 0.96875 1 0
76 0.9375 1 0
77 0.90625 1 0
78 0.875 1 0
79 0.84375 1 0
80 0.8125 1 0
81 0.78125 1 0
82 0.75 1 0
83 0.71875 1 0
84 0.6875 1 0
85 0.65625 1 0
86 0.625 1 0
87 0.59375 1 0
88 0.5625 1 0
89 0.53125 1 0
90 0.5 1 0
91 0.46875 1 0
92 0.4375 1 0
93 0.40625 1 0
94 0.375 1 0
95 0.34375 1 0
96 0.3125 1 0
97 0.28125 1 0
98 0.25 1 0
99 0.21875 1 0
100 0.1875 1 0
101 0.15625 1 0
102 0.125 1 0
103 0.09375 1 0
104 0.0625 1 0
105 0.03125 1 0
106 0 0.96875 0
107 0 0.9375 0
108 0 0.90625 0
109 0 0.875 0
110 0 0.84375 0
111 0 0.8125 0
112 0 0.78125 0
113 0 0.75 0
114 0 0.71875 0
115 0 0.6875 0
116 0 0.65625 0
117 0 0.625 0
118 0 0.59375 0
119 0 0.5625 0
120 0 0.53125 0
121 0 0.5 0
122 0 0.46875 0
123 0 0.4375 0
124 0 0.40625 0
125 0 0.375 0
126 0 0.34375 0
127 0 0.3125 0
128 0 0.28125 0
129 0 0.25 0
130 0 0.21875 0
131 0 0.1875 0
132 0 0.15625 0
133 0 0.125 0
134 0 0.09375 0
135 0 0.0625 0
136 0 0.03125 0
137 0.7430776431520629 0.5292115533635168 0
138 0.7256456995618559 0.5538145386239646 0
139 0.7025281824920887 0.5732842672346037 0
140 0.676420906346086 0.5885658848033846 0
141 0.6486179744463727 0.6005145482896099 0
142 0.6197842932049799 0.609717504416323 0
143 0.5902988266702307 0.6165612734809247 0
144 0.5604008753906635 0.6212968819179223 0
145 0.5302577795947366 0.6240810891856575 0
146 0.4697422204052634 0.6240810891856575 0
147 0.4395991246093365 0.6212968819179223 0
148 0.4097011733297694 0.6165612734809247 0
149 0.3802157067950202 0.609717504416323 0
150 0.3513820255536273 0.6005145482896099 0
151 0.323579093653914 0.5885658848033846 0
152 0.2974718175079114 0.5732842672346037 0
153 0.2743543004381441 0.5538145386239645 0
154 0.2569223568479371 0.5292115533635168 0
155 0.256922356847937 0.4707884466364833 0
156 0.274354300438144 0.4461854613760356 0
157 0.2974718175079111 0.4267157327653965 0
158 0.3235790936539139 0.4114341151966155 0
159 0.351382025553627 0.3994854517103902 0
160 0.38021570679502 0.390282495583677 0
161 0.4097011733297692 0.3834387265190753 0
162 0.4395991246093363 0.3787031180820777 0
163 0.4697422204052634 0.3759189108143425 0
164 0.5302577795947365 0.3759189108143425 0
165 0.5604008753906636 0.3787031180820777 0
166 0.5902988266702305 0.3834387265190753 0
167 0.6197842932049801 0.3902824955836771 0
168 0.6486179744463729 0.3994854517103902 0
169 0.6764209063460862 0.4114341151966155 0
170 0.702528182492089 0.4267157327653966 0
171 0.7256456995618561 0.4461854613760357 0
172 0.743077643152063 0.4707884466364834 0
173 0.8462951657865713 0.5290230487032809 0
174 0.8358165111197711 0.5563582443762558 0
175 0.8199990971270699 0.5810151466571079 0
176 0.8003071655054855 0.6027230973308553 0
177 0.7778760150993311 0.6216014503572425 0
178 0.7534993486164716 0.6379003843371531 0
179 0.7277185521936638 0.6518799321556841 0
180 0.7009067965913446 0.6637683372087899 0
181 0.673328022677151 0.6737531878948344 0
182 0.6451749282028226 0.6819838433925837 0
183 0.6165932468196922 0.6885766361151444 0
184 0.5876974520989905 0.6936199997220267 0
185 0.5585812210014036 0.6971786638670705 0
186 0.5293247223594101 0.6992967723781314 0
187 0.4706752776405903 0.6992967723781314 0
188 0.4414187789985966 0.6971786638670705 0
189 0.4123025479010096 0.6936199997220267 0
190 0.3834067531803079 0.6885766361151444 0
191 0.3548250717971771 0.6819838433925836 0
192 0.3266719773228493 0.6737531878948345 0
193 0.2990932034086558 0.6637683372087901 0
194 0.2722814478063365 0.6518799321556843 0
195 0.2465006513835286 0.6379003843371532 0
196 0.2221239849006687 0.6216014503572423 0
197 0.1996928344945143 0.6027230973308552 0
198 0.18000090287293 0.5810151466571076 0
199 0.1641834888802288 0.5563582443762555 0
200 0.1537048342134288 0.5290230487032811 0
201 0.1537048342134287 0.4709769512967192 0
202 0.1641834888802289 0.4436417556237443 0
203 0.1800009028729301 0.4189848533428922 0
204 0.1996928344945144 0.3972769026691448 0
205 0.2221239849006689 0.3783985496427575 0
206 0.2465006513835283 0.3620996156628469 0
207 0.2722814478063361 0.3481200678443159 0
208 0.2990932034086556 0.33623166279121 0
209 0.326671977322849 0.3262468121051656 0
210 0.3548250717971769 0.3180161566074164 0
211 0.3834067531803081 0.3114233638848554 0
212 0.4123025479010097 0.3063800002779732 0
213 0.4414187789985965 0.3028213361329295 0
214 0.4706752776405904 0.3007032276218685 0
215 0.5293247223594097 0.3007032276218685 0
216 0.5585812210014034 0.3028213361329295 0
217 0.5876974520989905 0.3063800002779732 0
218 0.6165932468196921 0.3114233638848555 0
219 0.645174928202823 0.3180161566074164 0
220 0.673328022677151 0.3262468121051655 0
221 0.7009067965913442 0.3362316627912099 0
222 0.7277185521936635 0.3481200678443157 0
223 0.7534993486164717 0.3620996156628469 0
224 0.7778760150993314 0.3783985496427577 0
225 0.8003071655054856 0.3972769026691448 0
226 0.8199990971270701 0.4189848533428925 0
227 0.8358165111197713 0.4436417556237447 0
228 0.8462951657865714 0.4709769512967195 0
229 0.4855712727477441 0.4015247157579566 0
230 0.5713003940564564 0.5912498532586092 0
231 0.3968812520813365 0.4100101796108371 0
232 0.4623983214753126 0.5942167825563871 0
233 0.571750711733593 0.4057074838347517 0
234 0.6530996169279939 0.4287242650967729 0
235 0.3737682030674859 0.5801473840472923 0
236 0.654582973304771 0.5760061852477358 0
237 0.3232747398664393 0.4418101572683776 0
238 0.7132892526199058 0.4707399646176015 0
239 0.302373210223306 0.5439226152953538 0
240 0.5154635943259488 0.6007575463621372 0
241 0.6976091464959466 0.5465245136922277 0
242 0.2802190969994183 0.4933371581529101 0
243 0.7212408742792213 0.5086108397973838 0
244 0.5153992295793105 0.4006573078021139 0
245 0.5016319747857649 0.4269041954081942 0
246 0.4716332921085358 0.4283367142077165 0
247 0.4877259586435979 0.4538130478347129 0
248 0.4574988899377442 0.4551338980134502 0
249 0.4737284632701329 0.4806608021948753 0
250 0.5039660330902395 0.4793485661421067 0
251 0.4434848745637688 0.4819699884658536 0
252 0.4899574035969551 0.5062163088944094 0
253 0.5202029321095691 0.5049114778143431 0
254 0.5342009358812025 0.478041637285409 0
255 0.5504575495368356 0.5035813298481878 0
256 0.5644443530092964 0.4767251326230981 0
257 0.5807004845862123 0.5022646238164987 0
258 0.5946835143890687 0.475415816667252 0
259 0.6109425629897052 0.5009430710554702 0
260 0.5359732552593346 0.5324067506529985 0
261 0.5969675611099166 0.5277895426534257 0
262 0.6242824974803645 0.4745099155093832 0
263 0.6410681052942214 0.499689135660948 0
264 0.6059981640606773 0.4434949718083718 0
265 0.4272666657872102 0.4573080009997724 0
266 0.4132443771039725 0.4834236716088446 0
267 0.4294920235108521 0.5088357092869774 0
268 0.3992520031302994 0.510145312240789 0
269 0.3830007647915126 0.4846167974077107 0
270 0.3690166432095704 0.5114303315377093 0
271 0.4155012018558658 0.5356521149288476 0
272 0.4457357244580601 0.5343472224492157 0
273 0.3534152943720645 0.4862384602288146 0
274 0.367724812334487 0.4597861359055551 0
275 0.5472395782480342 0.4515487283073482 0
276 0.6525088958897768 0.4742115227451345 0
277 0.670020320219152 0.497585755265083 0
278 0.3394047358101144 0.5122352799805493 0
279 0.3516492909847415 0.5411344443596524 0
280 0.6573209448627649 0.5214468248080629 0
281 0.3267087662961666 0.4871459941423427 0
282 0.4303548488459957 0.5603947856099969 0
283 0.4604217095958499 0.5628392310741813 0
284 0.3983006244877854 0.5640304957241444 0
285 0.5303614786995331 0.4265053715594259 0
286 0.6271294313133039 0.5249369305794662 0
287 0.6127867158729182 0.552786126447917 0
288 0.5830723119968695 0.5558246102490667 0
289 0.5996626419138826 0.5813693616023329 0
290 0.5520629021379981 0.5661656666574411 0
291 0.4419893871643747 0.4307756509466647 0
292 0.3841107101967848 0.5364436496536619 0
293 0.3972011449117864 0.4591285319808882 0
294 0.5665390107711944 0.5313387539796031 0
295 0.5198561940131022 0.5575653363562167 0
296 0.505504026268824 0.5320106829410958 0
297 0.5773157055202467 0.4500299061765697 0
298 0.5178343564679361 0.4525518474946332 0
299 0.4597238355131383 0.5075086773615959 0
300 0.4754054247312914 0.5334773856284769 0
301 0.3085846214991156 0.5114241888562441 0
302 0.4186866176326348 0.5892830695576841 0
303 0.4561114394539253 0.4033243533380033 0
304 0.4908842069473104 0.5573151230595457 0
305 0.38267455361897 0.4352140564323546 0
306 0.6814529217713233 0.4684415907727087 0
307 0.3514702930052958 0.4317335183147711 0
308 0.4884229208862469 0.5997402681390627 0
309 0.5430413258989613 0.5983761269762949 0
310 0.5995723386308774 0.4104240218398502 0
311 0.4259118948656739 0.4070633586149213 0
312 0.6270252174390628 0.4203515070748863 0
313 0.3489524924775931 0.57140381721752 0
314 0.6270915120836563 0.5827330187626815 0
315 0.678710901266424 0.4396799367141063 0
316 0.544146940334963 0.4025002750903223 0
317 0.6749029876334061 0.5616880140281353 0
318 0.3238748597264159 0.5604204482597561 0
319 0.3403897827882381 0.4623884523105418 0
320 0.7004852170463058 0.4921308621977371 0
321 0.299267723849213 0.4551658618541842 0
322 0.6360600221263244 0.4491788343898402 0
323 0.6913240111945297 0.5196255999550177 0
324 0.3264449746244722 0.535045683090543 0
325 0.2836016722103609 0.5243552537706362 0
326 0.4119874830715586 0.433249963097573 0
327 0.646979311499483 0.551270091885863 0
328 0.7003253915423197 0.4503525372491697 0
329 0.5589973787910514 0.427220104154364 0
330 0.3710945582742655 0.5571302629317127 0
331 0.4796594512374415 0.5779135428814546 0
332 0.7157794749367232 0.531557409086422 0
333 0.3721654167852915 0.4129654600587365 0
334 0.2821272332199047 0.4686051300034577 0
335 0.3945252542682839 0.591109463079865 0
336 0.5038330743210848 0.578925032205334 0
337 0.5827268597472892 0.4273752975627815 0
338 0.527383035390002 0.5803294944892283 0
339 0.3025460962901564 0.480176393477118 0
340 0.6750406154255608 0.5392935433270419 0
341 0.4415339975240578 0.5846631122546676 0
342 0.6603664715963684 0.4520472299437125 0
343 0.3184374218180427 0.4653373718105128 0
344 0.7295668838365716 0.4882029348826617 0
345 0.7265539884746167 0.6808813884587845 0
346 0.2747358561334267 0.6795537419205437 0
347 0.2732945167538516 0.3198420949605345 0
348 0.7226228085901809 0.3202667982280575 0
349 0.171875 0.02706329386826373 0
350 0.827920767766761 0.02575965896992116 0
351 0.9736950525891246 0.8322908715058974 0
352 0.1706307236264691 0.9736698585713023 0
353 0.7963590893611958 0.973230383463318 0
354 0.3648401251198437 0.7100422880325502 0
355 0.6365935520930119 0.7100324357368423 0
356 0.6365600175864052 0.2920165783784537 0
357 0.3639706483193769 0.2924736477015844 0
358 0.0270615533828239 0.7967603744772764 0
359 0.02706329386826373 0.203125 0
360 0.9720981460761648 0.2067707315924083 0
361 0.26562346235159 0.02486770282681905 0
362 0.265991377581157 0.9754217479575422 0
363 0.7330367826223041 0.02643269699321638 0
364 0.5463222638404636 0.7240340518441438 0
365 0.4542126979201388 0.2764254851267307 0
366 0.4564928128678085 0.7252850498419673 0
367 0.5433281413280455 0.277817114723784 0
368 0.7030449083327515 0.9729156979929456 0
369 0.6094621794145397 0.9729569012469305 0
370 0.3904883789472206 0.02652417333172996 0
371 0.3904140460634618 0.9730818274120907 0
372 0.6091251951243124 0.02414861979356286 0
373 0.5121533613354243 0.9714929938366115 0
374 0.4834869772826518 0.02399578664052376 0
375 0.9729367061317362 0.7343750000000001 0
376 0.1960904709677772 0.371813433120452 0
377 0.1925490258035284 0.6317811228531718 0
378 0.8078364332730573 0.3703331492032487 0
379 0.8054381486273937 0.6315851603584715 0
380 0.9747905022130817 0.2985284216446625 0
381 0.02631895094170145 0.7042718899734706 0
382 0.02635586503569093 0.2958597789164589 0
383 0.9733959427319683 0.1085180184503363 0
384 0.02637211861974897 0.11155632228978 0
385 0.02411666135506563 0.8944301417260101 0
386 0.8925730682781925 0.9717758389595439 0
387 0.9734964072914021 0.640562722705548 0
388 0.1474844894392157 0.5849834745291793 0
389 0.1532344859653527 0.4164538349889857 0
390 0.8480743800575099 0.4195939378758828 0
391 0.8647734417836566 0.5534497273326504 0
392 0.02513963192691587 0.6385101162847319 0
393 0.03278749710458156 0.3567659620565794 0
394 0.973826848310209 0.3593891683237125 0
395 0.5469137413505317 0.0295872752910098 0
396 0.4576532273321892 0.976256700247267 0
397 0.3281888061120882 0.02703186691491161 0
398 0.6718253825236713 0.02699634931833117 0
399 0.3280403868254483 0.9736517780869143 0
400 0.1084860304956704 0.02702616908050665 0
401 0.8918359751338257 0.02860024308972731 0
402 0.9748659490505336 0.8908857291147614 0
403 0.1093736847228608 0.9743137165536859 0
404 0.8725815694577268 0.481372506625127 0
405 0.1267531363919686 0.4830644853948335 0
406 0.02643761770079778 0.5458967027039439 0
407 0.02660589749332254 0.4211752534303985 0
408 0.9729367061317362 0.421875 0
409 0.9729643402130251 0.577914084221988 0
410 0.9714695559152409 0.5128881657713755 0
411 0.02594179623761295 0.4835048043471024 0
412 0.04700735124916999 0.02634989052184633 0
413 0.02787728989225879 0.9492207734337197 0
414 0.9496125918347492 0.02732565464095871 0
415 0.9736362895777106 0.9519153987572794 0
416 0.1257455984095707 0.5199981809765457 0
417 0.1006597389266214 0.4999184592967233 0
418 0.09993254181754141 0.4692442802276537 0
419 0.09742236278253252 0.5305099097908264 0
420 0.07387238429896448 0.5136796583709399 0
421 0.07289677071442169 0.5435903488572283 0
422 0.09539134229196689 0.5603058931258401 0
423 0.07100899520245896 0.5737209625931202 0
424 0.09557430218465174 0.590324181887065 0
425 0.06984088020572454 0.6039341997977037 0
426 0.0964458060626649 0.6192730086407215 0
427 0.8750609993263279 0.5100416525504075 0
428 0.9002365680588217 0.4931543366810883 0
429 0.8958528115736079 0.4630027461863791 0
430 0.8990399641253289 0.5222526237082524 0
431 0.9243236374233252 0.4752528293560496 0
432 0.9202498779991148 0.4454171332830406 0
433 0.8926216556080235 0.4342253014209128 0
434 0.9163098705529078 0.4157022486085251 0
435 0.8900113263006683 0.4040059981098382 0
436 0.9125750955137367 0.3857464008732687 0
437 0.8857929740303181 0.3740712947819141 0
438 0.9085037725078537 0.3557832399977714 0
439 0.881403170843242 0.344253217261032 0
440 0.9043468992861066 0.3258167501251716 0
441 0.876233204553701 0.3143741741914247 0
442 0.9000432936236042 0.2957969360997196 0
443 0.8718381452171322 0.2843343336597028 0
444 0.8958501739418617 0.2656703649744895 0
445 0.8676337905602507 0.2542592478147333 0
446 0.8436391009527678 0.2729069356715823 0
447 0.8393793969931219 0.242832015854158 0
448 0.8634404246766542 0.2241127515621787 0
449 0.835085783190907 0.2126760235330254 0
450 0.8592203001912335 0.1938737422125435 0
451 0.8308242829139569 0.1824474895988194 0
452 0.8067501003603661 0.2012780979052719 0
453 0.8024535314703938 0.1710844865855337 0
454 0.778411417880798 0.1898711523062413 0
455 0.7741315602800313 0.159711719035249 0
456 0.7501106586970387 0.17848801391473 0
457 0.8549360313507935 0.1635295121477212 0
458 0.7458335373596925 0.148348233223259 0
459 0.7219157564895913 0.1671937695094754 0
460 0.7261681157622796 0.1972286850070981 0
461 0.6980848319328048 0.1859411369729604 0
462 0.6937400626290722 0.1559273041687975 0
463 0.6699025099586786 0.1747257873200742 0
464 0.6647245274070044 0.1434828430571531 0
465 0.6415684627473394 0.1632945554820062 0
466 0.7697753606087806 0.1294744430071228 0
467 0.7827556865732963 0.2200933143030815 0
468 0.6358068415542664 0.1322800775228918 0
469 0.6132569304882655 0.152032270007298 0
470 0.6178628392095669 0.182232497489123 0
471 0.5897404488849507 0.1710344737149248 0
472 0.5853197332440949 0.141019611825546 0
473 0.5615335659077056 0.1598863197253628 0
474 0.5571697044000358 0.1299086912588017 0
475 0.5334109277508478 0.1487550368239298 0
476 0.6893899499762088 0.1258782706154311 0
477 0.5377909900341251 0.1786796842540349 0
478 0.5097382315285018 0.1675723668090497 0
479 0.5052405902131687 0.1376272337948354 0
480 0.4815458359580729 0.1565173657002356 0
481 0.4769941844711825 0.1265102676089059 0
482 0.4532942014917534 0.1454577853958414 0
483 0.4579395106682611 0.175380549009626 0
484 0.4296311481523715 0.1643682434952937 0
485 0.4249249280940867 0.1344320735625085 0
486 0.4013746079276982 0.1534311933857604 0
487 0.4059951789630374 0.183302877751979 0
488 0.377760703613901 0.1723884640169556 0
489 0.3731394736563912 0.1424674475297044 0
490 0.3494948974405155 0.1614781702583112 0
491 0.3452291407777296 0.1319314053422255 0
492 0.3213019971125282 0.1506221130664965 0
493 0.3258992047974547 0.1805118429251454 0
494 0.2976707962065797 0.1696149969736542 0
495 0.3024196820850779 0.1994800198702817 0
496 0.2741643718664591 0.1886166584758819 0
497 0.2693887251565998 0.1586642396632816 0
498 0.2457439062877705 0.1777637091461581 0
499 0.2410011398035964 0.1476504380666944 0
500 0.2172787424025582 0.1668814785294463 0
501 0.2220663746033523 0.1969552853483997 0
502 0.1935903577733237 0.1860993209408877 0
503 0.1983275706231249 0.2162044011882758 0
504 0.1699226449903969 0.2053188293674592 0
505 0.1650762993737004 0.1752287370547197 0
506 0.1746544235386577 0.2354024429388127 0
507 0.1462668818327237 0.2245079495945884 0
508 0.151113252261328 0.2545429653408179 0
509 0.2124593446245566 0.1366867227099284 0
510 0.1793982421393206 0.2654013983278261 0
511 0.1559458607823542 0.2844607205125521 0
512 0.1226545204825712 0.2437083445119773 0
513 0.1177673578965794 0.2135529768083248 0
514 0.2267815125471881 0.2270301378385541 0
515 0.3165278789868914 0.1204827791661094 0
516 0.702390108460702 0.2158727405283788 0
517 0.5142167583774075 0.1974090282678999 0
518 0.8834388087994473 0.1750331422673343 0
519 0.8791510024397002 0.1445643752153065 0
520 0.8505806753442068 0.1330594485291638 0
521 0.2363076660300721 0.1173953039976236 0
522 0.5939771297475523 0.2009092733330394 0
523 0.3824410111497146 0.2022006402218989 0
524 0.5007459339381741 0.1075648718533466 0
525 0.5809975508274094 0.1109610074336715 0
526 0.3685625431072528 0.1124077395826417 0
527 0.8748532865263581 0.1140132907179705 0
528 0.2076455214169833 0.1063600331515646 0
529 0.6223000685413766 0.2120843265228072 0
530 0.9077372383451933 0.1561113959564157 0
531 0.4723928041027356 0.09636992676318201 0
532 0.1841199606072169 0.2952295509908596 0
533 0.8462578179206701 0.1025671014256287 0
534 0.1607180746230877 0.3142410788981255 0
535 0.1325914962372873 0.3035255936593002 0
536 0.1373615657391135 0.3332920046419496 0
537 0.1091714630972496 0.3225580072047253 0
538 0.1139910800663236 0.3523525985695061 0
539 0.410480023045659 0.2130452119372162 0
540 0.09402004689212073 0.232858989491634 0
541 0.598511672546834 0.2306250821800692 0
542 0.08912027639786901 0.2025553717193922 0
543 0.2315813502077515 0.08702850684749619 0
544 0.9119602808433674 0.1866912875285253 0
545 0.2074795437042579 0.2762672889419904 0
546 0.2121566592200606 0.3059098587080216 0
547 0.7303276073427216 0.2271061390542594 0
548 0.7058824805502265 0.2446832162999711 0
549 0.7328138414718691 0.2607379724357267 0
550 0.6787005272915104 0.2342805511483905 0
551 0.5421193603718927 0.2084694784772732 0
552 0.5189690232033876 0.2262335072539379 0
553 0.3306427855084672 0.2103220285616985 0
554 0.3071418650424114 0.2292480217894172 0
555 0.4908689606207154 0.2159374577510776 0
556 0.8155141550843682 0.2615526276857821 0
557 0.8200733238986653 0.2906557407117947 0
558 0.791886102866262 0.2800555331601503 0
559 0.3871292546957457 0.2318254905751272 0
560 0.7954186143153963 0.3077691411961917 0
561 0.7416079254756228 0.1182909314841314 0
562 0.7655068856710066 0.09915619120272628 0
563 0.7351837320222905 0.08282714523057211 0
564 0.1837521233431447 0.1257147962788308 0
565 0.1789025356601012 0.09528292626856472 0
566 0.1549228899943888 0.1146760491631624 0
567 0.1500686975210392 0.0841744699724688 0
568 0.1260240137885643 0.1036511340011694 0
569 0.1312494462289113 0.1340931901310723 0
570 0.1023865345710873 0.1231011337646232 0
571 0.09714281180490636 0.0925387041805048 0
572 0.5527167351439493 0.09974712657126139 0
573 0.09991291385125445 0.2628875754497098 0
574 0.07324793316894629 0.2551501162530261 0
575 0.2601726345702113 0.09813875323852816 0
576 0.8492004544403835 0.3344915983559323 0
577 0.5761723093823331 0.08078386010800109 0
578 0.6022252284943146 0.09273586799317624 0
579 0.08611804649532545 0.3404633764478981 0
580 0.09006614405107188 0.3717977372270718 0
581 0.1447615878881847 0.3667106285218134 0
582 0.3354164002466433 0.2399451277725979 0
583 0.311822210941416 0.258842474006714 0
584 0.2839226762710044 0.2480986676091535 0
585 0.08086145594082866 0.3116757899203536 0
586 0.681728969928212 0.2607437188024402 0
587 0.8705098928700089 0.08272873944262782 0
588 0.8992422351158529 0.09481292604018898 0
589 0.2354571291280765 0.2871089588439111 0
590 0.9378598137703498 0.1667765268867841 0
591 0.764057423027517 0.06486287166059362 0
592 0.7900039492818102 0.07949023386968201 0
593 0.4955404230573191 0.2468938636635734 0
594 0.9232786859180679 0.2772485788627718 0
595 0.9198519230451613 0.2469384416754924 0
596 0.4963239728869694 0.07734533599369708 0
597 0.4147125811495737 0.2423399785061117 0
598 0.4385212548016296 0.2235465085445642 0
599 0.6261882479229888 0.2410035112040218 0
600 0.8220818777723572 0.1217431240850819 0
601 0.1129255984077187 0.1833958811295513 0
602 0.0842717636370437 0.1721662433000688 0
603 0.9474636368465311 0.2569203098222339 0
604 0.9312518848122924 0.1371203630011301 0
605 0.6015309225708374 0.2589504822034976 0
606 0.7855028759921536 0.04954479236002313 0
607 0.7689438221698547 0.2968259259810755 0
608 0.9307070783893824 0.3356787976207362 0
609 0.4691657371652167 0.06808346148227756 0
610 0.4440568804356594 0.08552195181563527 0
611 0.4396703445442605 0.05376548536476289 0
612 0.4154438477639171 0.07599984950866512 0
613 0.8426123589843131 0.07236908422785004 0
614 0.1288759629458777 0.4554744528754714 0
615 0.1021376308071009 0.4389604409879855 0
616 0.07534643255163409 0.4516457438219542 0
617 0.07768134147641115 0.4222654267147971 0
618 0.9489244774444521 0.4596550481004196 0
619 0.07451651792095737 0.1119760788551086 0
620 0.0687982090037863 0.08143775596373792 0
621 0.2863287936762594 0.2757734085715877 0
622 0.8510743744689333 0.5838659538505607 0
623 0.882779740715409 0.5758861953673707 0
624 0.8729007238839992 0.6024154471758174 0
625 0.9009524388039351 0.5974365584285033 0
626 0.8914811770511035 0.6257534718962057 0
627 0.8635339946078844 0.6312658744775979 0
628 0.881103958959198 0.6539965903630263 0
629 0.8532391956880866 0.6595671400731626 0
630 0.8703681741217376 0.6821082638078237 0
631 0.8423354905271547 0.6873892230198142 0
632 0.8594731612938389 0.7101529235459298 0
633 0.8302420854771575 0.7149862750934135 0
634 0.8484544973176078 0.7382290287474257 0
635 0.8190743346620434 0.7430403471701068 0
636 0.8375169570099954 0.7664174682478218 0
637 0.8075648243859599 0.7710570515401762 0
638 0.8264886468392554 0.7946666249436957 0
639 0.7964326859329682 0.7992714308345323 0
640 0.8154869691708411 0.8230297133364661 0
641 0.7853698880022734 0.8276419170671696 0
642 0.7664284189908812 0.8046010000712693 0
643 0.7552855211587628 0.8323722595614438 0
644 0.7363701409548673 0.8093613709887886 0
645 0.7251953246602512 0.8367363854004256 0
646 0.7062588875188809 0.8132852544420721 0
647 0.6950615266221813 0.8404954080283561 0
648 0.6762331198635602 0.8176443719438301 0
649 0.6650973590266823 0.8451876356170982 0
650 0.646261280089373 0.8222273674022708 0
651 0.6350076434040064 0.8489579775849747 0
652 0.6162823631323979 0.8266862288838634 0
653 0.6050259853603581 0.8533834841322263 0
654 0.5859816853243591 0.8299681548345443 0
655 0.5753157785558771 0.8596598710079262 0
656 0.5563781669310429 0.8361556185688697 0
657 0.8456326481704782 0.8183224462576173 0
658 0.8346111507339388 0.8468745990972857 0
659 0.5453596645816526 0.864336174632805 0
660 0.52667152753725 0.8425450671603365 0
661 0.7437240835471899 0.8626626492274365 0
662 0.5154202560832181 0.869247925806684 0
663 0.4966410375399719 0.8469385313731508 0
664 0.8675632778075767 0.7614077340952057 0
665 0.8649449050864788 0.842124723780135 0
666 0.4854258782553068 0.8739578020074148 0
667 0.4666124192081732 0.8515149482036541 0
668 0.4553795126217942 0.8785948383084611 0
669 0.436421206040067 0.854851988943384 0
670 0.6534101050700196 0.8734459775000563 0
671 0.5078846846003906 0.818864272694364 0
672 0.8538354768739107 0.8708353532585006 0
673 0.716189384167575 0.7855850363301553 0
674 0.4509905669794335 0.8259824442798125 0
675 0.4181730310890631 0.8316858466872413 0
676 0.406523302209195 0.8592788858385394 0
677 0.3874971046760746 0.8354720276509991 0
678 0.3764186311748264 0.863654337921433 0
679 0.3572874544046925 0.8397929001800207 0
680 0.346373818606908 0.8681270767095843 0
681 0.3273215704164799 0.8443315727201823 0
682 0.3163061846489941 0.8726767427048434 0
683 0.2973262547100959 0.848884637685573 0
684 0.3083724941790832 0.8205825182197696 0
685 0.2783675027070466 0.8250867507138564 0
686 0.2672292321322817 0.8534130972939581 0
687 0.2482481521147314 0.8295426577977933 0
688 0.2370359010336801 0.8579422583399471 0
689 0.2180610237788426 0.8340033128558186 0
690 0.2293129079702119 0.8056802166876964 0
691 0.199141997632187 0.810079929269498 0
692 0.187923321466568 0.8384599990924595 0
693 0.210374743772733 0.7818096111856764 0
694 0.1802584841354166 0.7862048037151437 0
695 0.1914982103197265 0.7579873446665382 0
696 0.1614062913512737 0.7623535548550583 0
697 0.150111513388697 0.7906618881006556 0
698 0.1311935702316682 0.7667076482030364 0
699 0.1425507862530695 0.738361544334058 0
700 0.2895527761118735 0.7969055456040504 0
701 0.3976376029914998 0.8083278418352846 0
702 0.119844882397999 0.7951335635496639 0
703 0.5973472545333225 0.8033915098736952 0
704 0.3193716085894006 0.7924045369151627 0
705 0.7911936788529668 0.7448212345072073 0
706 0.5626277789310068 0.8896738167342253 0
707 0.8234434618590747 0.8755118336753974 0
708 0.8993894311848255 0.6771133922074239 0
709 0.3006769802245867 0.7688673329031324 0
710 0.2217022376126298 0.7537174186245837 0
711 0.2026495146733652 0.7298376419099777 0
712 0.112277438115156 0.7427095334740944 0
713 0.1236364321005149 0.7143089910987359 0
714 0.8842883686486416 0.8661107882367114 0
715 0.2560539248533548 0.8818573995157943 0
716 0.2257548344387438 0.886433833848798 0
717 0.8426722563404861 0.8995572930572472 0
718 0.6583789836935429 0.7960629879479714 0
719 0.3953174714382987 0.8873880100034856 0
720 0.8953965535770583 0.8372852099742696 0
721 0.8131763473066582 0.6898982179657169 0
722 0.3352960269808477 0.8965436078175983 0
723 0.8120000993097085 0.9029382630593015 0
724 0.4743902683917818 0.9021106748181424 0
725 0.0918263074084138 0.7179669592918669 0
726 0.08196272959391165 0.7471233949405953 0
727 0.1044581668865234 0.6901928568261482 0
728 0.1348446083841031 0.6859527047655793 0
729 0.3303787124536646 0.7643815723224858 0
730 0.3116892368497989 0.7410070376910116 0
731 0.2821216239696655 0.7454122701049405 0
732 0.2448930988720824 0.9104520752860008 0
733 0.2144202708798921 0.914899994707722 0
734 0.914724107015862 0.8606849003951239 0
735 0.9036668825727604 0.8902159808840804 0
736 0.1955325852671878 0.8909560929888816 0
737 0.4442093115786421 0.9067182451497162 0
738 0.3051215814421684 0.9011532448814281 0
739 0.2332552092556798 0.7258711248608731 0
740 0.214192754603319 0.7021078671221657 0
741 0.1388635696471933 0.8191440969940431 0
742 0.1086529811164718 0.8237465931970125 0
743 0.1275885891945757 0.8478042126229409 0
744 0.09729023494388833 0.8524175255319325 0
745 0.116333690524486 0.8765765142296018 0
746 0.08470176701151261 0.7975703232271965 0
747 0.8295460110385201 0.9251991722265342 0
748 0.08590437299252929 0.8809622252180751 0
749 0.1047116360591999 0.9035898418865853 0
750 0.135314171557545 0.8995129238110195 0
751 0.06604927119254173 0.8571646983391058 0
752 0.8648978122425424 0.9252268173318882 0
753 0.07400510995286952 0.9097162002720678 0
754 0.1812745981544176 0.9228713625162621 0
755 0.9113350037150041 0.5695832117102472 0
756 0.9217469194134977 0.6184062279910061 0
757 0.3490776760466756 0.7878484007921415 0
758 0.359824172741012 0.7610755514304135 0
759 0.1841135362568375 0.7062831265546179 0
760 0.7941119073925016 0.879042754689124 0
761 0.780774714913643 0.9072440296189163 0
762 0.07426303718663652 0.6942447507112455 0
763 0.9246472292894199 0.8318540590837975 0
764 0.9062618996128238 0.8084072797856621 0
765 0.936391777154489 0.8026717897871869 0
766 0.9174134252757996 0.7794788605962514 0
767 0.1933081501179653 0.6791783344279181 0
768 0.1161896483901527 0.663393126190357 0
769 0.1460985059906741 0.6588642128773454 0
770 0.2336491397258312 0.9391820328954117 0
771 0.8443985730274908 0.9506047157409008 0
772 0.3240441271955463 0.9242529417204648 0
773 0.3544910922471542 0.9202708285634267 0
774 0.2937356480796663 0.9288142552381131 0
775 0.9480560476624704 0.7746794309862817 0
776 0.927657808844918 0.7514569102812945 0
777 0.123025157855193 0.9274541477403311 0
778 0.2194562353597523 0.675578607082681 0
779 0.1048638925533098 0.4044601054011528 0
780 0.4631011719508999 0.9291050783394965 0
781 0.492805352788954 0.9254797465496447 0
782 0.4329746352941722 0.9352838190768096 0
783 0.9462446190189512 0.8536000633969399 0
784 0.5483024363492832 0.06863959102497846 0
785 0.04831069325777515 0.5892467492444663 0
786 0.9433641050338308 0.397529769204484 0
787 0.5752085894748263 0.2491367917763954 0
788 0.05721304270055805 0.3309102085231611 0
789 0.293429603976806 0.7194060331417685 0
790 0.3186544155142799 0.7179219850882185 0
791 0.391913913720048 0.259106493262433 0
792 0.07210940613231009 0.6388943331352429 0
793 0.1221145677838921 0.6035762213931548 0
794 0.3149880563352139 0.2891976006672274 0
795 0.255649355706191 0.0693245852322899 0
796 0.2839944104526419 0.07885681613440509 0
797 0.2267873146332794 0.05654266097749572 0
798 0.8290729823151928 0.3932660242985301 0
799 0.1701937112982815 0.6078945975723304 0
800 0.1665616401933351 0.3928395107050313 0
801 0.7723533287969725 0.3282100123058748 0
802 0.1378651147983003 0.5523605440337692 0
803 0.9608500844894724 0.1487038576331122 0
804 0.8269291312696296 0.6077123629119724 0
805 0.09391897540052963 0.05742794283640346 0
806 0.9448851219577619 0.2266055282263739 0
807 0.2417216544717415 0.3135283551726941 0
808 0.218540963906216 0.3321066243396306 0
809 0.1744771398697906 0.06341217125730325 0
810 0.1455651202982215 0.05355001847715846 0
811 0.781693868552723 0.6497557152057636 0
812 0.7552912785481818 0.6666711434394248 0
813 0.7578070959940455 0.6972000304681251 0
814 0.7238015789796469 0.7110457519432994 0
815 0.7483915761372266 0.7275533723411243 0
816 0.7224724888097283 0.739525714133506 0
817 0.696946337035889 0.7235987349597381 0
818 0.7463438091699961 0.757476698407094 0
819 0.6986702466516702 0.7580579177093536 0
820 0.6730794849837718 0.7409863568310466 0
821 0.7759904012680015 0.7222748802719346 0
822 0.4214258908105014 0.2751804209132325 0
823 0.8949465241452255 0.0642302391454862 0
824 0.9227975175673571 0.07591827572387677 0
825 0.4820448953239388 0.9544929065131063 0
826 0.5729599205912652 0.05069800403720182 0
827 0.520786996801867 0.05092042557428844 0
828 0.9204479226990236 0.04524257888608041 0
829 0.8374984837704191 0.3653807688584277 0
830 0.8160468088130541 0.343711520373328 0
831 0.6674092859536874 0.7074842100104516 0
832 0.8662665777080987 0.05028939834683088 0
833 0.6954217050394336 0.3092886597615053 0
834 0.7192834945661757 0.2917152876030186 0
835 0.9524544949002856 0.4872638904485415 0
836 0.05587228263795196 0.1931453360309432 0
837 0.05470006093648083 0.1594413475854758 0
838 0.6664472264807867 0.3002425496884588 0
839 0.3929745164539465 0.7147565445967663 0
840 0.6078853558182665 0.716437627488295 0
841 0.6267532311211926 0.7378392251873838 0
842 0.5976366503733115 0.74967923897914 0
843 0.6217619487529451 0.7673800716376218 0
844 0.5779398527076988 0.7224328188396266 0
845 0.5646263329938997 0.7490808677747628 0
846 0.5329277719839126 0.7504759896269425 0
847 0.5503256325389961 0.7752313415491809 0
848 0.5195459148362869 0.7754876703238944 0
849 0.5027831016924246 0.7515501558219219 0
850 0.4895721878339296 0.7767550579929416 0
851 0.4728833007650012 0.7523106288178969 0
852 0.4608544436552306 0.7789536953610904 0
853 0.4432232612295599 0.7527300273741258 0
854 0.4340298860019374 0.7799006000990016 0
855 0.4151210090728055 0.7553977280719274 0
856 0.5798612106252358 0.77665883290503 0
857 0.4768421811262328 0.8046797042176883 0
858 0.5312974752414594 0.797988265186776 0
859 0.4228699325615946 0.7254268163517619 0
860 0.2591178298212829 0.2667675933257749 0
861 0.5129928223375176 0.2753293794920072 0
862 0.6472471194714458 0.7539284173863916 0
863 0.764106236533072 0.2688943588173606 0
864 0.07415231833511104 0.4826047249943935 0
865 0.5628937790170675 0.8060972282865884 0
866 0.2637510955352968 0.7236294278406812 0
867 0.4847286266798878 0.274955694515978 0
868 0.6535082770336018 0.2504900852831698 0
869 0.2520838640618928 0.7499085966143058 0
870 0.2475105674758986 0.6969951731943301 0
871 0.8647222365041809 0.448237093091204 0
872 0.4663133239556328 0.2335671789563991 0
873 0.6502096293244239 0.2226805717345111 0
874 0.3774016948753656 0.7846181551748677 0
875 0.5474077433965344 0.2361850026974252 0
876 0.4863509777143228 0.7255811520573232 0
877 0.2553419182178069 0.23755560681012 0
878 0.3642718050902285 0.2486584922078652 0
879 0.8981564183190726 0.7555218272095111 0
880 0.9088525459175363 0.7276592641612907 0
881 0.9431951822502425 0.7220163388198836 0
882 0.8082069560129149 0.659023976567906 0
883 0.5754125873389239 0.2770451122316868 0
884 0.1648078748023494 0.6814987018802988 0
885 0.2310151146440257 0.25718984427991 0
886 0.1538819764131706 0.7099642165422494 0
887 0.7586337917770136 0.2393048861200663 0
888 0.6460564610404363 0.1932730356881216 0
889 0.02563712660644735 0.5145353726208839 0
890 0.5658415424553922 0.1897645832809474 0
891 0.8478088424095078 0.302208567319688 0
892 0.9728085197581062 0.5463616248832941 0
893 0.946213668015589 0.5312495393047314 0
894 0.9421501439301116 0.5645611225229872 0
895 0.9470776351656659 0.5974354700707223 0
896 0.9738292658228951 0.609956359732351 0
897 0.02607234865892938 0.451563268665011 0
898 0.2022508562037051 0.04489664859400117 0
899 0.570511006332172 0.219181701957525 0
900 0.6881417006381163 0.7897442878329478 0
901 0.6271223292011872 0.7982887687310605 0
902 0.02773492775716957 0.3898556972488427 0
903 0.05775956351881928 0.3786553780330113 0
904 0.9730018770681523 0.3907378793730494 0
905 0.3542533988548248 0.1913409336275669 0
906 0.02953869419751987 0.6716069224911982 0
907 0.9740823532223919 0.3283944486891155 0
908 0.1896729628712759 0.3229107855935852 0
909 0.1665692454700207 0.3419095349177687 0
910 0.3430547721952789 0.733060175652872 0
911 0.3678441062908873 0.8119972097224241 0
912 0.8111733653988242 0.2314897300125872 0
913 0.4258016907158846 0.9687291529931796 0
914 0.3431814644094883 0.2710735366092445 0
915 0.3593528014161783 0.02690937317187875 0
916 0.3437672532149973 0.05389856450316638 0
917 0.3097666661383452 0.05857338775796855 0
918 0.3321785752233122 0.07779898265644936 0
919 0.3636809880351263 0.08075966858760369 0
920 0.2969280883008109 0.0271070967868533 0
921 0.3757646043519534 0.05121259195466749 0
922 0.6405851590270791 0.02650752085299457 0
923 0.6562238294678111 0.0538274826168984 0
924 0.6872630398818929 0.05392112812502736 0
925 0.671731973114729 0.07957981948233339 0
926 0.642425734268944 0.0796256438777454 0
927 0.702428929283631 0.08032937284500852 0
928 0.6601247261613732 0.109514975446136 0
929 0.7173624825649194 0.05354396010136359 0
930 0.6225530042090494 0.05177000112543961 0
931 0.3592119558555872 0.9733955402503791 0
932 0.3727513502753688 0.946036389846453 0
933 0.2970170872385649 0.9752436824305467 0
934 0.4623456943750959 0.2048275839695977 0
935 0.4533971117470953 0.0250112380932534 0
936 0.4220868031135572 0.02577415024581881 0
937 0.08579728206017573 0.6662277551205922 0
938 0.9730619558948839 0.6717547941380572 0
939 0.9496518655237327 0.656190187277347 0
940 0.9464042241142772 0.6872569443585641 0
941 0.9725996780651899 0.7036088462194174 0
942 0.0266117493499487 0.7345109202684386 0
943 0.05580614580880983 0.719571380571959 0
944 0.02666827110194991 0.7655881281062401 0
945 0.05353602377507877 0.7821734930594458 0
946 0.05371318708207418 0.8116930883019442 0
947 0.02643853760372294 0.8268463611499478 0
948 0.03192208180527667 0.8598647494860781 0
949 0.02553692341930724 0.2654689451643182 0
950 0.05033267749050729 0.2758076560035302 0
951 0.02613324774884951 0.2344217509632259 0
952 0.4341521350010091 0.1940784957847128 0
953 0.2595257261503247 0.8013394181763587 0
954 0.7744620513016708 0.7722000357442047 0
955 0.6405605324237567 0.9729739265042343 0
956 0.6249887746861555 0.9460878114932424 0
957 0.594040393037045 0.9460121428134526 0
958 0.655966206241993 0.9460230467108734 0
959 0.6095607666868175 0.9177743473928122 0
960 0.578580582214304 0.9169765913636635 0
961 0.5631390672227502 0.9455177106831665 0
962 0.5485572304351343 0.9183037094763637 0
963 0.532297292718966 0.9457337408666107 0
964 0.6404304264586842 0.9201866528690007 0
965 0.6712992794512864 0.9204820881971478 0
966 0.6293961413483941 0.8940187805420401 0
967 0.6869844551342497 0.9461243590372784 0
968 0.7021373102174915 0.9192612548167387 0
969 0.6865450057230817 0.8924237492407352 0
970 0.7173074837931749 0.8922291419458455 0
971 0.7323401514017158 0.9194237864242003 0
972 0.7496640116756603 0.8956289637298034 0
973 0.6717176836887918 0.9730061717075552 0
974 0.73415881655408 0.9729054921594671 0
975 0.7654736757170812 0.9730245998281123 0
976 0.78014826913149 0.9419326519466402 0
977 0.7498768867447313 0.946012452320783 0
978 0.3590257759242707 0.2207154521611258 0
979 0.2328870021567784 0.970303123890081 0
980 0.2000455920754819 0.9728755152701082 0
981 0.2406721637068444 0.7776274699573665 0
982 0.5466385468165302 0.9725784521159311 0
983 0.1404160870076366 0.9746690736369389 0
984 0.1535081740747496 0.9460796640861473 0
985 0.9689494903176044 0.7990999396429036 0
986 0.8759526501557897 0.8134473419200448 0
987 0.7873448897054727 0.2502317416831714 0
988 0.1189811587824838 0.3778851039787019 0
989 0.07809871998779738 0.02709372343198685 0
990 0.9733779897798296 0.9217170312095457 0
991 0.9460712095577928 0.9372713533582466 0
992 0.9491119919188815 0.971213177661687 0
993 0.9200450079006 0.953117105010193 0
994 0.9189304860970874 0.9168753895003491 0
995 0.8928170765517218 0.9382586508053001 0
996 0.9481874686528795 0.9051722562718827 0
997 0.7028876135009102 0.02693723806300741 0
998 0.07838640211529707 0.9733193352945844 0
999 0.09837820111218476 0.9497815812548748 0
1000 0.06596355305926704 0.9427183199961332 0
1001 0.04445442560721002 0.9171069557348553 0
1002 0.1465403538797384 0.8715640516297567 0
1003 0.02688255595509237 0.1427469416308732 0
1004 0.02526051353863962 0.08104489486541161 0
1005 0.9739447042436684 0.07610549436660519 0
1006 0.7180904213975032 0.9461071737919022 0
1007 0.2505846464745062 0.2076671518677586 0
1008 0.1726833858779072 0.7341312381437499 0
1009 0.5162848062650889 0.7251563536214104 0
1010 0.7544012130055247 0.2086820317842461 0
1011 0.2029427345327626 0.2462492522525616 0
1012 0.8264999021238976 0.152126007261094 0
1013 0.6742240113347593 0.2044623038987395 0
1014 0.4202741112157043 0.1047068564994691 0
1015 0.2647732195593361 0.1284624163501272 0
1016 0.4861091652546758 0.1862740585845811 0
1017 0.1277795445347464 0.273660932942828 0
1018 0.8731335115584326 0.8948516004189679 0
1019 0.1211836747433712 0.07308648565394149 0
1020 0.8876725113827828 0.205398956833193 0
1021 0.7752871867055142 0.855440930221891 0
1022 0.9033618908586709 0.1255134497248032 0
1023 0.2068468497644462 0.8624156605819153 0
1024 0.4486561849685203 0.115499810274257 0
1025 0.270846850076315 0.7733337587682787 0
1026 0.06687960842763885 0.2254207911086077 0
1027 0.3381882987494105 0.8160441318799994 0
1028 0.2036074529986019 0.07558715784940429 0
1029 0.7980889211773119 0.1407974161841729 0
1030 0.7177261240856156 0.1372672590322483 0
1031 0.4253275619914729 0.8829768139878074 0
1032 0.278929193326211 0.2184443544037689 0
1033 0.6078727834401909 0.1223399741121975 0
1034 0.8045261920621855 0.8513694398644731 0
1035 0.5289551809548163 0.1187106181407206 0
1036 0.1009490413131341 0.7710813016793576 0
1037 0.1886723213898621 0.155930043123111 0
1038 0.1690219095053768 0.8145282171187738 0
1039 0.2861709675352233 0.8772846848930924 0
1040 0.1600763117275207 0.1450244377413791 0
1041 0.5782550310818109 0.9728442011432468 0
1042 0.1414940907595473 0.1944610582501864 0
1043 0.5966778128676731 0.8852032836870425 0
1044 0.2929927411881035 0.1395923066709785 0
1045 0.5037900695071732 0.8971194243987338 0
1046 0.891675601800402 0.2355509140062989 0
1047 0.3653427413937603 0.891872977567403 0
1048 0.8566940138321268 0.7898651377721475 0
1049 0.908263237224872 0.6479725826542508 0
1050 0.6978374993286246 0.692876058371135 0
1051 0.9263403913816028 0.1066811117175515 0
1052 0.926346699558287 0.306350863775658 0
1053 0.4145153960654429 0.9123724684426553 0
1054 0.8277149002790882 0.9748724999683024 0
1055 0.9345479483991501 0.3655992487658382 0
1056 0.1051147188838879 0.2927093295170918 0
1057 0.8870099030096659 0.7849292111685002 0
1058 0.02782382888765655 0.3243657704991588 0
1059 0.3966910038131607 0.1236219706952696 0
1060 0.1577194436455657 0.8431001779774142 0
1061 0.2308977297766918 0.0272519172048446 0
1062 0.2749466306804115 0.9056568598561427 0
1063 0.9279779771467351 0.5064062913593479 0
1064 0.5246385426791765 0.08715466152638207 0
1065 0.02741969889963147 0.1737014375412154 0
1066 0.1766792249630182 0.8670313328404006 0
1067 0.175276916780389 0.6554637092029937 0
1068 0.2873743595343852 0.109517189315378 0
1069 0.8781175531795609 0.7332794505838411 0
1070 0.916039173408344 0.2165018028060004 0
1071 0.7938974136992774 0.1103655350313274 0
1072 0.2636344914476045 0.933704882631053 0
1073 0.7648576771559727 0.03074677978468288 0
1074 0.1364538322673189 0.1642984011978734 0
1075 0.889449658197734 0.7051143052752389 0
1076 0.3927892858317654 0.09455597538701815 0
1077 0.5326897864508303 0.893050449039723 0
1078 0.3845764500982241 0.9174081071598409 0
1079 0.9428599184072284 0.1962685952978243 0
1080 0.1187639652680147 0.572937085837782 0
1081 0.818048524360967 0.09128935127736426 0
1082 0.9735539243666802 0.2365680440048828 0
1083 0.1655127957546028 0.8956920147719764 0
1084 0.8146500506398853 0.05564087189734035 0
1085 0.1078560993494085 0.1535055993781084 0
1086 0.4042574581401222 0.9442855156204261 0
1087 0.9456308817755833 0.4307820248051615 0
1088 0.9480217239949829 0.05904666440658335 0
1089 0.2050652664345384 0.943982991908789 0
1090 0.05335710868875465 0.4068970207966877 0
1091 0.07952825437967931 0.1420111136308569 0
1092 0.784491045521101 0.6770697063513983 0
1093 0.1263148752633638 0.6342628505868011 0
1094 0.07684510131216593 0.8299621624672453 0
1095 0.06007163899704099 0.6691103640160601 0
1096 0.05293632789196412 0.7516172062469768 0
1097 0.304526011631479 0.6928061967614187 0
1098 0.8606871036873349 0.391481884604242 0
1099 0.71271275378803 0.1076733632554687 0
1100 0.05491673442944411 0.8860095343251281 0
1101 0.3421972402008552 0.9478493000683202 0
1102 0.02515982025522834 0.6085104287793281 0
1103 0.02942679450295532 0.04948570735612295 0
1104 0.04814230546722514 0.9737303068313182 0
1105 0.06093219918620923 0.05198100310659248 0
1106 0.8343268062877371 0.6380489576044508 0
1107 0.7111871520196594 0.8642807116454673 0
1108 0.9750499032247311 0.8620148199773818 0
1109 0.9750625874609278 0.046875 0
1110 0.3741445982704609 0.7360888244816269 0
1111 0.4422781796581319 0.2516560997242433 0
1112 0.1396911047180844 0.02518659970155113 0
1113 0.9200413497718755 0.6998791652950218 0
1114 0.8927287672958767 0.5497225035910889 0
1115 0.2631378159995484 0.2934812727151016 0
1116 0.9747413397148298 0.7652796758892745 0
1117 0.05174502676293125 0.4362535786834302 0
1118 0.9743169743873823 0.1742656947468532 0
1119 0.8114800643833928 0.9479248152015897 0
1120 0.2214163969300912 0.6487939473160034 0
1121 0.9738893906127327 0.2687822679375734 0
1122 0.5976840582176391 0.06443584294472371 0
1123 0.8034079290464851 0.7191483515783055 0
1124 0.2469835258481724 0.6651169643343993 0
1125 0.1590152500245125 0.633681094368483 0
1126 0.9494306948860376 0.6256380838647587 0
1127 0.2769515763663079 0.05057259844967854 0
1128 0.6067551808382936 0.286091632437769 0
1129 0.9764684502801636 0.453125 0
1130 0.05036387136308695 0.4975509967114046 0
1131 0.786956336788487 0.3525513633660806 0
1132 0.796875 0.02361369296337634 0
1133 0.2993909451933296 0.3138770791880489 0
1134 0.9205192668981061 0.5415609314340893 0
1135 0.578125 0.0230870073929117 0
1136 0.3424300773275922 0.1042150628294027 0
1137 0.3111572684378396 0.9503532021620383 0
1138 0.05211146444875792 0.1279494019271552 0
1139 0.5195179217897613 0.9212076405312881 0
1140 0.3924584222651983 0.2866225632216957 0
1141 0.7451288054501213 0.7827218285662928 0
1142 0.9319029894354146 0.8831821121450678 0
1143 0.1277814176770773 0.4266899199282969 0
1144 0.6822602296923249 0.8631666964063427 0
1145 0.04996533906860856 0.5287466372999591 0
1146 0.5146089992370808 0.0236233094259044 0
1147 0.05060363231821763 0.4671871862038827 0
1148 0.07707016586196658 0.3962838308281728 0
1149 0.8589459339295206 0.02311028717487362 0
1150 0.6287892156877242 0.1034574644230191 0
1151 0.9490355236855998 0.09089110708559306 0
1152 0.744972851104836 0.3329196295657592 0
1153 0.6675634713535503 0.7698593011431204 0
1154 0.4065018705351754 0.782413451626389 0
1155 0.7459599763309736 0.2854556848406911 0
1156 0.4285360540823119 0.8070103754522638 0
1157 0.8597187736877885 0.9753208684344642 0
1158 0.07773187178110003 0.283489824721903 0
1159 0.3877418703565299 0.7594288403126879 0
1160 0.9496574791718597 0.2869946216391313 0
1161 0.405214983442767 0.04934400468516642 0
1162 0.8231019187313582 0.3175481598480326 0
1163 0.3407274436368209 0.2994015507381277 0
1164 0.1360306971766239 0.397506517253997 0
1165 0.5278401783516449 0.2528267656363173 0
1166 0.1517269794793016 0.9183220225851474 0
1167 0.8629164373543395 0.3619357527723096 0
1168 0.9759778090308987 0.4814502505143258 0
1169 0.9257368441959044 0.6682125224030225 0
1170 0.4933627260945938 0.04951822659324134 0
1171 0.6281766582137857 0.2670535170728577 0
1172 0.7585608067734482 0.9220483768080687 0
1173 0.04960204809364244 0.5580353225110618 0
1174 0.9218800893987665 0.9790623573956255 0
1175 0.1709788053238454 0.367169423561371 0
1176 0.2805024143285585 0.9529754404601355 0
1177 0.5073739039160299 0.9455805242866527 0
1178 0.05338645697272371 0.3036848380974276 0
1179 0.6872776664647944 0.1005951603288755 0
1180 0.6562161916102932 0.9001114496697961 0
1181 0.2482181050137977 0.3385088621287383 0
1182 0.7428996194786007 0.05168269075408571 0
1183 0.4841202967983105 0.980448520119397 0
1184 0.9519696970560915 0.3154035529829627 0
1185 0.04993682099124974 0.09862683605771005 0
1186 0.09830531862176234 0.6448848936380978 0
1187 0.891396035844031 0.91226644045866 0
1188 0.308066633781027 0.09157151184590695 0
1189 0.05066316652650688 0.837180746206281 0
1190 0.02446606245972788 0.5749931271020657 0
1191 0.921875 0.01986278225186661 0
1192 0.9533174169208394 0.7495614711953469 0
1193 0.9521299592789609 0.1202454904676947 0
1194 0.2022547171960794 0.01984237193342187 0
1195 0.7060226921523235 0.2693333515330379 0
1196 0.6577046083054811 0.27640966181961 0
1197 0.1446342605472775 0.6131483406694943 0
1198 0.4797941778908404 0.829595980153734 0
1199 0.07637283079841617 0.771055461763607 0
1200 0.4508937299808619 0.8002796802161143 0
1201 0.04919969342634167 0.6917610615527867 0
1202 0.8725248141534336 0.4217781636076635 0
1203 0.3985703853430675 0.7382197507629541 0
1204 0.04673629398284479 0.2478854958623467 0
1205 0.4686210414961892 0.2580506840193845 0
1206 0.1211981972846504 0.04855622300089035 0
1207 0.8008742691042288 0.9251358987082043 0
1208 0.7687731784250802 0.8795169769373539 0
1209 0.06482514107227116 0.3551493769478312 0
1210 0.124940260954525 0.9544596366543956 0
1211 0.8417150173353111 0.0469024660266904 0
1212 0.3403998181008149 0.7013019803492211 0
1213 0.9493049425288425 0.8243985418763478 0
1214 0.04821694257038128 0.6213678816399002 0
1215 0.7667354306046961 0.744580788721752 0
1216 0.9771234122634727 0.9771234122634727 0
1217 0.0228765877365274 0.0228765877365274 0
1218 0.0228765877365274 0.9771234122634727 0
1219 0.01857700342469998 0.921875 0
1220 0.977287129218843 0.02271287078115708 0
1221 0.1805488236787836 0.9506436260796194 0
1222 0.8708810607575472 0.9522373782544196 0
1223 0.9543614374846342 0.345208969127507 0
1224 0.6498418611903132 0.7297983358465826 0
1225 0.2497474752482682 0.04470600195973529 0
1226 0.6877924351969962 0.2853940591758067 0
1227 0.196383520410212 0.346673319417689 0
1228 0.8511247711223282 0.6109028700117419 0
1229 0.2230837330526543 0.3555633505074383 0
1230 0.3905787418851058 0.07037441802462419 0
1231 0.7243576979302249 0.7633115745142192 0
1232 0.04811222915471974 0.6486692107449757 0
1233 0.7456893802598322 0.3092322230874128 0
1234 0.2524819117760302 0.9543155421731853 0
1235 0.5050284887276598 0.7947549940831329 0
1236 0.2759208092876121 0.7033561320863481 0
1237 0.9772751973000804 0.1317434733102286 0
1238 0.6228731052370624 0.8698392886211619 0
1239 0.7958204430405695 0.3316087974433669 0
1240 0.4518763107030263 0.9519735955043994 0
1241 0.9239032596550885 0.5896661356404111 0
1242 0.6431143482625974 0.7780387464497414 0
1243 0.6037182645251712 0.7821818232160731 0
1244 0.8763959877210927 0.5332730418239725 0
1245 0.1141539751100609 0.546072200057684 0
1246 0.4684188896139173 0.04368822137381734 0
1247 0.04729154673841052 0.07182259920121281 0
1248 0.9495289239944626 0.5094519717209991 0
1249 0.3718270043874942 0.2708192248284529 0
1250 0.7869745638272583 0.7011182373270961 0
1251 0.04311977627691516 0.2188045888936593 0
1252 0.9570916430484212 0.3750894328697042 0
1253 0.1979894431946065 0.657443280252354 0
1254 0.8313327028026558 0.6669042832138679 0
1255 0.5550938523943324 0.2577356104551885 0
1256 0.9554937986897771 0.8765622558466927 0
1257 0.09285415612673081 0.9257766687401405 0
1258 0.6187354481755343 0.07840496407282077 0
1259 0.5380242619762737 0.8217783114611674 0
1260 0.5960894356284532 0.042827895058768 0
1261 0.9306709573558436 0.6408628626255277 0
1262 0.2845545863755107 0.2980738820503609 0
1263 0.8171745392475609 0.4653153447449556 0
1264 0.1828242323791681 0.5346923820043195 0
1265 0.8171757676208318 0.5346923820043193 0
1266 0.1828254607524393 0.4653153447449555 0
1267 0.2086418324249075 0.4251803520159796 0
1268 0.7913581675750925 0.5748196479840204 0
1269 0.2086418324249075 0.5748196479840202 0
1270 0.7913581675750925 0.4251803520159799 0
1271 0.7534321642437376 0.3919498191484466 0
1272 0.2465678357562625 0.3919498191484466 0
1273 0.7534321642437374 0.6080501808515535 0
1274 0.2465678357562625 0.6080501808515534 0
1275 0.2978919610623992 0.3971294456986544 0
1276 0.7021080389376007 0.6028705543013457 0
1277 0.2978919610623993 0.6028705543013457 0
1278 0.7021080389376009 0.3971294456986543 0
1279 0.6784704803435049 0.3551225898847661 0
1280 0.3215295196564953 0.6448774101152338 0
1281 0.321529519656495 0.3551225898847663 0
1282 0.678470480343505 0.6448774101152337 0
1283 0.5117631680804924 0.3253708396572019 0
1284 0.5117631680804926 0.6746291603427981 0
1285 0.3739699338998392 0.6603428015767847 0
1286 0.626030066100161 0.3396571984232155 0
1287 0.6260300661001609 0.6603428015767846 0
1288 0.3739699338998391 0.3396571984232156 0
1289 0.4593326943480154 0.6732831120690077 0
1290 0.4593326943480155 0.3267168879309922 0
1291 0.5692447884628503 0.3292852288995861 0
1292 0.5692447884628504 0.670714771100414 0
1293 0.4205227996877711 0.3568107848758066 0
1294 0.4205227996877712 0.6431892151241936 0
1295 0.7701770963641468 0.4773792846211842 0
1296 0.2298229036358531 0.5226207153788159 0
1297 0.7701770963641468 0.5226207153788159 0
1298 0.2298229036358531 0.4773792846211841 0
1299 0.1949576468258912 0.5000356196960167 0
1300 0.8050423531741087 0.5000356196960167 0
1301 0.7563349249621498 0.4434731761690133 0
1302 0.2436650750378502 0.4434731761690131 0
1303 0.7563349249621498 0.5565268238309871 0
1304 0.2436650750378502 0.5565268238309871 0
1305 0.6421704707188384 0.6300846686586405 0
1306 0.6421704707188387 0.3699153313413595 0
1307 0.3578295292811616 0.6300846686586405 0
1308 0.3578295292811613 0.3699153313413595 0
1309 0.4844156843052077 0.651370162523917 0
1310 0.4844156843052076 0.3486298374760829 0
1311 0.2670985419705156 0.4147805590784277 0
1312 0.7329014580294845 0.4147805590784277 0
1313 0.7329014580294843 0.5852194409215724 0
1314 0.2670985419705156 0.5852194409215724 0
1315 0.5495299457372215 0.3530634548050197 0
1316 0.5495299457372216 0.6469365451949803 0
1317 0.2134171828436804 0.4538807947723429 0
1318 0.786582921609829 0.54611986226416 0
1319 0.7865828171563196 0.4538807947723431 0
1320 0.213417078390171 0.5461198622641601 0
1321 0.4313466146373032 0.3299023109598151 0
1322 0.4313466146373032 0.6700976890401849 0
1323 0.6721352587056553 0.3830850683294907 0
1324 0.3278647412943451 0.6169149316705093 0
1325 0.3278647412943448 0.3830850683294908 0
1326 0.6721352587056549 0.6169149316705093 0
1327 0.235572893879838 0.4165487146023508 0
1328 0.7644271061201621 0.416548714602351 0
1329 0.764427106120162 0.5834512853976492 0
1330 0.2355728938798379 0.5834512853976492 0
1331 0.5796587381271642 0.3567546715660003 0
1332 0.5796587381271643 0.6432453284339997 0
1333 0.5981599324661023 0.6665016808351978 0
1334 0.4019057938021876 0.333555563669057 0
1335 0.4019057938021875 0.6664444363309431 0
1336 0.5981599324661023 0.3334983191648023 0
1337 0.3895595120548057 0.636399950429968 0
1338 0.6104404879451943 0.6363999504299679 0
1339 0.6104404879451943 0.3636000495700322 0
1340 0.3895595120548055 0.3636000495700322 0
1341 0.7011955361100941 0.6331416002770777 0
1342 0.298804463889906 0.6331416002770778 0
1343 0.2988044638899058 0.3668583997229224 0
1344 0.7011955361100941 0.3668583997229223 0
1345 0.3469652063915042 0.3417916176723847 0
1346 0.6530347936084957 0.3417916176723846 0
1347 0.3469652063915045 0.6582083823276155 0
1348 0.6530347936084956 0.6582083823276154 0
1349 0.7271819265213025 0.3807956219881641 0
1350 0.2728180734786976 0.6192043780118358 0
1351 0.2728180734786975 0.3807956219881644 0
1352 0.7271819265213023 0.6192043780118357 0
1353 0.4525403714452509 0.3542474050209785 0
1354 0.4525403714452511 0.6457525949790215 0
1355 0.5390430703865953 0.6726457781255467 0
1356 0.539043070386595 0.3273542218744533 0
1357 0.5158145766781931 0.6471187558698861 0
1358 0.515814576678193 0.3528812441301138 0
1359 0.4852373648748612 0.3202841585372291 0
1360 0.4852373648748612 0.6797158414627709 0
1361 0.8101864930105188 0.5586010566571726 0
1362 0.1898137735548373 0.4414006200999829 0
1363 0.8101862264451629 0.4414006200999832 0
1364 0.1898135069894811 0.5586010566571725 0
1365 0.8252297686894876 0.4875969020418786 0
1366 0.1747702313105123 0.4875969020418786 0
1367 0.8259531791271338 0.5123771383920169 0
1368 0.174046820872866 0.5123771383920169 0
1369 0.7960006931754807 0.4778164816619208 0
1370 0.2039552869469423 0.5221867777897136 0
1371 0.7960447130530575 0.5221867777897138 0
1372 0.2039993068245193 0.4778164816619208 0
1373 0.7787326495797547 0.599853840101259 0
1374 0.2212673504202453 0.4001461598987411 0
1375 0.7787326495797546 0.4001461598987411 0
1376 0.2212673504202454 0.599853840101259 0
1377 0.7765333567197145 0.5000000000000002 0
1378 0.2234666432802851 0.5 0
$EndNodes
$Elements
2626
1 2 2 1 1 260 294 290
2 2 2 1 1 242 325 7
3 2 2 1 1 7 325 154
4 2 2 1 1 230 290 288
5 2 2 1 1 302 341 147
6 2 2 1 1 313 318 279
7 2 2 1 1 290 294 288
8 2 2 1 1 310 312 264
9 2 2 1 1 290 295 260
10 2 2 1 1 287 327 314
11 2 2 1 1 318 324 279
12 2 2 1 1 288 289 230
13 2 2 1 1 148 302 147
14 2 2 1 1 143 289 142
15 2 2 1 1 314 327 236
16 2 2 1 1 264 337 310
17 2 2 1 1 159 307 158
18 2 2 1 1 147 341 232
19 2 2 1 1 301 325 242
20 2 2 1 1 230 289 143
21 2 2 1 1 242 339 301
22 2 2 1 1 327 340 317
23 2 2 1 1 236 327 317
24 2 2 1 1 312 322 264
25 2 2 1 1 158 307 237
26 2 2 1 1 232 341 283
27 2 2 1 1 291 326 311
28 2 2 1 1 283 331 232
29 2 2 1 1 230 309 290
30 2 2 1 1 243 332 323
31 2 2 1 1 289 314 142
32 2 2 1 1 311 326 231
33 2 2 1 1 295 296 260
34 2 2 1 1 279 330 313
35 2 2 1 1 243 323 320
36 2 2 1 1 275 298 285
37 2 2 1 1 306 342 315
38 2 2 1 1 285 298 245
39 2 2 1 1 159 333 307
40 2 2 1 1 287 314 289
41 2 2 1 1 260 296 253
42 2 2 1 1 253 296 252
43 2 2 1 1 276 277 263
44 2 2 1 1 278 281 273
45 2 2 1 1 257 294 255
46 2 2 1 1 296 300 252
47 2 2 1 1 139 241 138
48 2 2 1 1 286 287 261
49 2 2 1 1 259 286 261
50 2 2 1 1 255 294 260
51 2 2 1 1 262 276 263
52 2 2 1 1 261 294 257
53 2 2 1 1 277 280 263
54 2 2 1 1 245 298 247
55 2 2 1 1 262 263 259
56 2 2 1 1 270 278 273
57 2 2 1 1 270 273 269
58 2 2 1 1 153 239 152
59 2 2 1 1 172 238 171
60 2 2 1 1 268 270 269
61 2 2 1 1 284 292 271
62 2 2 1 1 158 237 157
63 2 2 1 1 266 293 265
64 2 2 1 1 268 269 266
65 2 2 1 1 248 291 246
66 2 2 1 1 268 292 270
67 2 2 1 1 258 259 257
68 2 2 1 1 258 262 259
69 2 2 1 1 270 292 279
70 2 2 1 1 263 286 259
71 2 2 1 1 256 258 257
72 2 2 1 1 141 236 140
73 2 2 1 1 169 234 168
74 2 2 1 1 270 279 278
75 2 2 1 1 267 268 266
76 2 2 1 1 256 257 255
77 2 2 1 1 273 274 269
78 2 2 1 1 251 266 265
79 2 2 1 1 150 235 149
80 2 2 1 1 259 261 257
81 2 2 1 1 254 256 255
82 2 2 1 1 271 292 268
83 2 2 1 1 252 299 249
84 2 2 1 1 254 298 275
85 2 2 1 1 161 231 160
86 2 2 1 1 251 265 248
87 2 2 1 1 251 267 266
88 2 2 1 1 254 255 253
89 2 2 1 1 6 240 145
90 2 2 1 1 250 298 254
91 2 2 1 1 144 230 143
92 2 2 1 1 282 284 271
93 2 2 1 1 251 299 267
94 2 2 1 1 166 233 165
95 2 2 1 1 255 260 253
96 2 2 1 1 267 271 268
97 2 2 1 1 147 232 146
98 2 2 1 1 258 264 262
99 2 2 1 1 267 299 272
100 2 2 1 1 250 254 253
101 2 2 1 1 256 297 258
102 2 2 1 1 8 229 163
103 2 2 1 1 265 291 248
104 2 2 1 1 250 253 252
105 2 2 1 1 254 275 256
106 2 2 1 1 258 297 264
107 2 2 1 1 275 297 256
108 2 2 1 1 269 293 266
109 2 2 1 1 247 298 250
110 2 2 1 1 250 252 249
111 2 2 1 1 249 251 248
112 2 2 1 1 249 299 251
113 2 2 1 1 287 288 261
114 2 2 1 1 272 282 271
115 2 2 1 1 272 283 282
116 2 2 1 1 287 289 288
117 2 2 1 1 247 250 249
118 2 2 1 1 267 272 271
119 2 2 1 1 288 294 261
120 2 2 1 1 274 293 269
121 2 2 1 1 247 249 248
122 2 2 1 1 280 286 263
123 2 2 1 1 252 300 299
124 2 2 1 1 247 248 246
125 2 2 1 1 272 300 283
126 2 2 1 1 278 301 281
127 2 2 1 1 299 300 272
128 2 2 1 1 155 242 7
129 2 2 1 1 137 243 5
130 2 2 1 1 245 247 246
131 2 2 1 1 291 303 246
132 2 2 1 1 245 246 229
133 2 2 1 1 244 285 245
134 2 2 1 1 282 302 284
135 2 2 1 1 163 303 162
136 2 2 1 1 229 303 163
137 2 2 1 1 235 330 284
138 2 2 1 1 295 304 296
139 2 2 1 1 296 304 300
140 2 2 1 1 297 337 264
141 2 2 1 1 234 322 312
142 2 2 1 1 315 328 306
143 2 2 1 1 246 303 229
144 2 2 1 1 154 325 153
145 2 2 1 1 153 325 239
146 2 2 1 1 274 305 293
147 2 2 1 1 300 304 283
148 2 2 1 1 244 245 229
149 2 2 1 1 276 306 277
150 2 2 1 1 284 335 235
151 2 2 1 1 301 339 281
152 2 2 1 1 281 319 273
153 2 2 1 1 164 244 8
154 2 2 1 1 8 244 229
155 2 2 1 1 146 308 6
156 2 2 1 1 232 308 146
157 2 2 1 1 6 308 240
158 2 2 1 1 262 322 276
159 2 2 1 1 144 309 230
160 2 2 1 1 145 309 144
161 2 2 1 1 240 309 145
162 2 2 1 1 277 323 280
163 2 2 1 1 309 338 290
164 2 2 1 1 275 329 297
165 2 2 1 1 265 326 291
166 2 2 1 1 276 342 306
167 2 2 1 1 167 310 166
168 2 2 1 1 166 310 233
169 2 2 1 1 286 327 287
170 2 2 1 1 274 307 305
171 2 2 1 1 162 311 161
172 2 2 1 1 291 311 303
173 2 2 1 1 161 311 231
174 2 2 1 1 168 312 167
175 2 2 1 1 234 312 168
176 2 2 1 1 284 330 292
177 2 2 1 1 233 316 165
178 2 2 1 1 244 316 285
179 2 2 1 1 283 341 282
180 2 2 1 1 151 313 150
181 2 2 1 1 150 313 235
182 2 2 1 1 307 319 237
183 2 2 1 1 274 319 307
184 2 2 1 1 142 314 141
185 2 2 1 1 141 314 236
186 2 2 1 1 301 324 239
187 2 2 1 1 278 324 301
188 2 2 1 1 305 326 293
189 2 2 1 1 323 332 241
190 2 2 1 1 231 326 305
191 2 2 1 1 290 338 295
192 2 2 1 1 303 311 162
193 2 2 1 1 320 344 243
194 2 2 1 1 238 344 320
195 2 2 1 1 233 329 316
196 2 2 1 1 170 315 169
197 2 2 1 1 169 315 234
198 2 2 1 1 165 316 164
199 2 2 1 1 280 340 327
200 2 2 1 1 140 317 139
201 2 2 1 1 139 317 241
202 2 2 1 1 239 325 301
203 2 2 1 1 152 318 151
204 2 2 1 1 164 316 244
205 2 2 1 1 239 318 152
206 2 2 1 1 167 312 310
207 2 2 1 1 231 333 160
208 2 2 1 1 149 335 148
209 2 2 1 1 236 317 140
210 2 2 1 1 148 335 302
211 2 2 1 1 279 324 278
212 2 2 1 1 316 329 285
213 2 2 1 1 302 335 284
214 2 2 1 1 273 319 274
215 2 2 1 1 157 321 156
216 2 2 1 1 308 336 240
217 2 2 1 1 237 321 157
218 2 2 1 1 264 322 262
219 2 2 1 1 285 329 275
220 2 2 1 1 305 333 231
221 2 2 1 1 171 328 170
222 2 2 1 1 238 328 171
223 2 2 1 1 307 333 305
224 2 2 1 1 329 337 297
225 2 2 1 1 293 326 265
226 2 2 1 1 331 336 308
227 2 2 1 1 280 327 286
228 2 2 1 1 238 320 306
229 2 2 1 1 306 320 277
230 2 2 1 1 313 330 235
231 2 2 1 1 151 318 313
232 2 2 1 1 138 332 137
233 2 2 1 1 232 331 308
234 2 2 1 1 137 332 243
235 2 2 1 1 156 334 155
236 2 2 1 1 155 334 242
237 2 2 1 1 306 328 238
238 2 2 1 1 292 330 279
239 2 2 1 1 322 342 276
240 2 2 1 1 323 340 280
241 2 2 1 1 241 332 138
242 2 2 1 1 160 333 159
243 2 2 1 1 235 335 149
244 2 2 1 1 281 343 319
245 2 2 1 1 5 344 172
246 2 2 1 1 320 323 277
247 2 2 1 1 243 344 5
248 2 2 1 1 321 343 339
249 2 2 1 1 239 324 318
250 2 2 1 1 172 344 238
251 2 2 1 1 321 339 334
252 2 2 1 1 170 328 315
253 2 2 1 1 282 341 302
254 2 2 1 1 304 331 283
255 2 2 1 1 295 336 304
256 2 2 1 1 310 337 233
257 2 2 1 1 240 338 309
258 2 2 1 1 304 336 331
259 2 2 1 1 233 337 329
260 2 2 1 1 321 334 156
261 2 2 1 1 319 343 237
262 2 2 1 1 237 343 321
263 2 2 1 1 315 342 234
264 2 2 1 1 234 342 322
265 2 2 1 1 241 340 323
266 2 2 1 1 317 340 241
267 2 2 1 1 339 343 281
268 2 2 1 1 295 338 336
269 2 2 1 1 336 338 240
270 2 2 1 1 334 339 242
271 2 2 10 10 202 1143 389
272 2 2 10 10 614 1143 202
273 2 2 10 10 784 827 395
274 2 2 10 10 979 1089 770
275 2 2 10 10 195 1124 1120
276 2 2 10 10 735 1142 994
277 2 2 10 10 590 1118 1079
278 2 2 10 10 726 943 725
279 2 2 10 10 980 1089 979
280 2 2 10 10 395 826 784
281 2 2 10 10 1120 1124 778
282 2 2 10 10 855 859 853
283 2 2 10 10 994 1142 996
284 2 2 10 10 960 1043 959
285 2 2 10 10 1084 1132 350
286 2 2 10 10 1092 1250 813
287 2 2 10 10 746 946 945
288 2 2 10 10 788 1209 393
289 2 2 10 10 622 804 175
290 2 2 10 10 673 900 819
291 2 2 10 10 827 1064 596
292 2 2 10 10 813 1250 821
293 2 2 10 10 464 928 476
294 2 2 10 10 661 972 970
295 2 2 10 10 779 1164 1143
296 2 2 10 10 591 1073 606
297 2 2 10 10 591 1182 1073
298 2 2 10 10 1087 1129 618
299 2 2 10 10 212 822 213
300 2 2 10 10 182 831 355
301 2 2 10 10 408 1129 1087
302 2 2 10 10 970 1107 661
303 2 2 10 10 829 1098 798
304 2 2 10 10 213 822 365
305 2 2 10 10 751 1100 948
306 2 2 10 10 656 865 654
307 2 2 10 10 786 904 408
308 2 2 10 10 393 1058 788
309 2 2 10 10 853 859 366
310 2 2 10 10 1079 1118 360
311 2 2 10 10 377 1125 799
312 2 2 10 10 829 1167 1098
313 2 2 10 10 937 1095 792
314 2 2 10 10 805 989 400
315 2 2 10 10 209 1133 794
316 2 2 10 10 1054 1119 771
317 2 2 10 10 794 1163 209
318 2 2 10 10 192 1212 1097
319 2 2 10 10 580 988 779
320 2 2 10 10 784 1064 827
321 2 2 10 10 408 1087 786
322 2 2 10 10 771 1119 747
323 2 2 10 10 181 831 182
324 2 2 10 10 801 1131 223
325 2 2 10 10 809 810 349
326 2 2 10 10 1095 1232 792
327 2 2 10 10 881 941 375
328 2 2 10 10 706 1043 960
329 2 2 10 10 1097 1212 790
330 2 2 10 10 618 1168 835
331 2 2 10 10 204 800 376
332 2 2 10 10 377 799 197
333 2 2 10 10 378 798 225
334 2 2 10 10 1129 1168 618
335 2 2 10 10 606 1132 1084
336 2 2 10 10 812 1092 813
337 2 2 10 10 223 1152 801
338 2 2 10 10 940 941 881
339 2 2 10 10 898 1061 797
340 2 2 10 10 927 929 563
341 2 2 10 10 378 829 798
342 2 2 10 10 179 812 345
343 2 2 10 10 779 1148 580
344 2 2 10 10 622 1228 804
345 2 2 10 10 829 830 576
346 2 2 10 10 413 1001 1000
347 2 2 10 10 404 871 429
348 2 2 10 10 359 1065 836
349 2 2 10 10 1053 1086 1078
350 2 2 10 10 793 1080 388
351 2 2 10 10 725 943 762
352 2 2 10 10 969 1107 970
353 2 2 10 10 842 856 845
354 2 2 10 10 118 1190 1102
355 2 2 10 10 726 1096 943
356 2 2 10 10 893 1134 1063
357 2 2 10 10 959 1043 966
358 2 2 10 10 388 1197 793
359 2 2 10 10 1063 1134 430
360 2 2 10 10 929 1182 563
361 2 2 10 10 969 1144 1107
362 2 2 10 10 917 1188 796
363 2 2 10 10 898 1194 1061
364 2 2 10 10 988 1164 779
365 2 2 10 10 468 928 464
366 2 2 10 10 800 1164 581
367 2 2 10 10 812 813 345
368 2 2 10 10 782 1240 913
369 2 2 10 10 581 1175 800
370 2 2 10 10 654 865 703
371 2 2 10 10 515 1188 1136
372 2 2 10 10 851 853 366
373 2 2 10 10 945 1199 746
374 2 2 10 10 913 1086 782
375 2 2 10 10 1000 1001 753
376 2 2 10 10 48 1118 803
377 2 2 10 10 351 1108 783
378 2 2 10 10 76 992 75
379 2 2 10 10 842 845 844
380 2 2 10 10 823 832 401
381 2 2 10 10 1102 1190 785
382 2 2 10 10 806 1079 360
383 2 2 10 10 819 1231 673
384 2 2 10 10 803 1237 48
385 2 2 10 10 585 1178 1158
386 2 2 10 10 401 828 823
387 2 2 10 10 861 867 593
388 2 2 10 10 416 417 405
389 2 2 10 10 836 1065 837
390 2 2 10 10 366 876 851
391 2 2 10 10 703 865 856
392 2 2 10 10 783 1213 351
393 2 2 10 10 830 1162 576
394 2 2 10 10 856 865 847
395 2 2 10 10 418 615 614
396 2 2 10 10 948 1189 751
397 2 2 10 10 1136 1188 918
398 2 2 10 10 800 1175 376
399 2 2 10 10 1001 1100 753
400 2 2 10 10 948 1100 385
401 2 2 10 10 429 871 433
402 2 2 10 10 1078 1086 932
403 2 2 10 10 360 1082 806
404 2 2 10 10 960 962 706
405 2 2 10 10 842 1243 856
406 2 2 10 10 349 898 809
407 2 2 10 10 775 985 765
408 2 2 10 10 843 1243 842
409 2 2 10 10 793 1093 426
410 2 2 10 10 1158 1178 950
411 2 2 10 10 185 844 364
412 2 2 10 10 803 1118 590
413 2 2 10 10 753 1257 1000
414 2 2 10 10 1067 1125 377
415 2 2 10 10 656 1259 865
416 2 2 10 10 855 1203 859
417 2 2 10 10 910 1212 354
418 2 2 10 10 792 1186 937
419 2 2 10 10 385 1100 1001
420 2 2 10 10 386 995 993
421 2 2 10 10 9 427 173
422 2 2 10 10 845 856 847
423 2 2 10 10 895 1126 756
424 2 2 10 10 985 1213 765
425 2 2 10 10 414 1088 828
426 2 2 10 10 746 1094 946
427 2 2 10 10 796 1127 917
428 2 2 10 10 928 1179 476
429 2 2 10 10 11 416 405
430 2 2 10 10 400 1206 805
431 2 2 10 10 1154 1156 701
432 2 2 10 10 354 1110 910
433 2 2 10 10 807 1115 347
434 2 2 10 10 201 614 202
435 2 2 10 10 393 1209 903
436 2 2 10 10 992 1216 75
437 2 2 10 10 418 614 405
438 2 2 10 10 918 1188 917
439 2 2 10 10 420 864 417
440 2 2 10 10 228 871 404
441 2 2 10 10 200 802 416
442 2 2 10 10 810 1112 349
443 2 2 10 10 805 1105 989
444 2 2 10 10 178 812 179
445 2 2 10 10 549 1155 834
446 2 2 10 10 919 1076 526
447 2 2 10 10 818 1215 954
448 2 2 10 10 761 1172 972
449 2 2 10 10 984 1166 754
450 2 2 10 10 181 1050 831
451 2 2 10 10 976 1172 761
452 2 2 10 10 831 1224 355
453 2 2 10 10 613 832 587
454 2 2 10 10 972 1208 761
455 2 2 10 10 828 1191 414
456 2 2 10 10 844 845 364
457 2 2 10 10 580 1148 903
458 2 2 10 10 754 1221 984
459 2 2 10 10 1121 1160 603
460 2 2 10 10 1093 1186 426
461 2 2 10 10 670 1144 969
462 2 2 10 10 373 1183 825
463 2 2 10 10 822 1111 365
464 2 2 10 10 174 622 175
465 2 2 10 10 417 864 418
466 2 2 10 10 347 1181 807
467 2 2 10 10 184 844 185
468 2 2 10 10 782 1086 1053
469 2 2 10 10 587 832 823
470 2 2 10 10 969 1180 670
471 2 2 10 10 388 802 199
472 2 2 10 10 390 871 227
473 2 2 10 10 954 1141 818
474 2 2 10 10 854 1156 1154
475 2 2 10 10 593 1165 861
476 2 2 10 10 900 1153 819
477 2 2 10 10 756 1241 895
478 2 2 10 10 1143 1164 389
479 2 2 10 10 825 1177 373
480 2 2 10 10 563 1182 591
481 2 2 10 10 380 1160 1121
482 2 2 10 10 909 1227 1175
483 2 2 10 10 834 1195 549
484 2 2 10 10 212 1140 822
485 2 2 10 10 903 1209 580
486 2 2 10 10 388 1080 802
487 2 2 10 10 203 800 204
488 2 2 10 10 197 799 198
489 2 2 10 10 225 798 226
490 2 2 10 10 356 838 219
491 2 2 10 10 1000 1104 413
492 2 2 10 10 870 1124 346
493 2 2 10 10 851 876 849
494 2 2 10 10 821 1123 705
495 2 2 10 10 876 1009 849
496 2 2 10 10 411 1147 1130
497 2 2 10 10 605 883 787
498 2 2 10 10 837 1065 1003
499 2 2 10 10 962 1077 706
500 2 2 10 10 596 1170 827
501 2 2 10 10 894 1241 755
502 2 2 10 10 811 812 178
503 2 2 10 10 857 1198 674
504 2 2 10 10 427 1244 173
505 2 2 10 10 589 885 860
506 2 2 10 10 806 1082 603
507 2 2 10 10 412 1105 1103
508 2 2 10 10 790 1212 910
509 2 2 10 10 817 1050 814
510 2 2 10 10 778 870 740
511 2 2 10 10 350 1211 1084
512 2 2 10 10 1162 1239 560
513 2 2 10 10 563 1099 927
514 2 2 10 10 413 1219 1001
515 2 2 10 10 877 885 514
516 2 2 10 10 919 1230 1076
517 2 2 10 10 189 859 839
518 2 2 10 10 860 885 877
519 2 2 10 10 761 1207 976
520 2 2 10 10 830 1239 1162
521 2 2 10 10 176 804 379
522 2 2 10 10 802 1245 416
523 2 2 10 10 549 887 863
524 2 2 10 10 26 936 25
525 2 2 10 10 1175 1227 376
526 2 2 10 10 718 1242 1153
527 2 2 10 10 674 1200 857
528 2 2 10 10 913 1240 396
529 2 2 10 10 866 869 739
530 2 2 10 10 739 869 710
531 2 2 10 10 346 1236 870
532 2 2 10 10 378 830 829
533 2 2 10 10 1153 1242 862
534 2 2 10 10 177 811 178
535 2 2 10 10 1082 1121 603
536 2 2 10 10 467 987 887
537 2 2 10 10 351 1213 985
538 2 2 10 10 840 844 184
539 2 2 10 10 777 1166 984
540 2 2 10 10 887 987 863
541 2 2 10 10 378 1131 830
542 2 2 10 10 846 1009 364
543 2 2 10 10 605 1128 883
544 2 2 10 10 1146 1170 374
545 2 2 10 10 813 814 345
546 2 2 10 10 1000 1257 999
547 2 2 10 10 881 1113 940
548 2 2 10 10 773 1078 932
549 2 2 10 10 814 1050 345
550 2 2 10 10 740 870 739
551 2 2 10 10 739 870 866
552 2 2 10 10 598 934 872
553 2 2 10 10 25 936 370
554 2 2 10 10 721 1092 882
555 2 2 10 10 833 834 348
556 2 2 10 10 705 1215 821
557 2 2 10 10 599 873 868
558 2 2 10 10 835 1168 410
559 2 2 10 10 598 952 934
560 2 2 10 10 375 1192 881
561 2 2 10 10 977 1006 971
562 2 2 10 10 984 1210 777
563 2 2 10 10 529 873 599
564 2 2 10 10 974 1006 977
565 2 2 10 10 869 981 710
566 2 2 10 10 794 1262 621
567 2 2 10 10 1133 1262 794
568 2 2 10 10 878 914 582
569 2 2 10 10 708 1113 1075
570 2 2 10 10 759 884 767
571 2 2 10 10 379 1106 882
572 2 2 10 10 884 1067 767
573 2 2 10 10 417 418 405
574 2 2 10 10 416 419 417
575 2 2 10 10 701 911 874
576 2 2 10 10 801 1233 607
577 2 2 10 10 677 911 701
578 2 2 10 10 1130 1147 864
579 2 2 10 10 759 886 884
580 2 2 10 10 882 1092 811
581 2 2 10 10 373 982 89
582 2 2 10 10 1105 1247 1103
583 2 2 10 10 963 982 373
584 2 2 10 10 418 616 615
585 2 2 10 10 180 1050 181
586 2 2 10 10 910 1110 758
587 2 2 10 10 582 978 878
588 2 2 10 10 395 1135 826
589 2 2 10 10 529 888 873
590 2 2 10 10 221 833 348
591 2 2 10 10 541 899 522
592 2 2 10 10 219 838 220
593 2 2 10 10 932 1101 773
594 2 2 10 10 553 978 582
595 2 2 10 10 831 1050 817
596 2 2 10 10 935 936 26
597 2 2 10 10 387 896 63
598 2 2 10 10 755 1134 894
599 2 2 10 10 879 1057 664
600 2 2 10 10 849 1009 846
601 2 2 10 10 514 1007 877
602 2 2 10 10 895 1241 894
603 2 2 10 10 875 899 787
604 2 2 10 10 670 1180 966
605 2 2 10 10 845 846 364
606 2 2 10 10 183 840 184
607 2 2 10 10 384 1138 1003
608 2 2 10 10 885 1011 514
609 2 2 10 10 934 952 483
610 2 2 10 10 679 911 677
611 2 2 10 10 188 859 189
612 2 2 10 10 865 1259 858
613 2 2 10 10 872 1111 598
614 2 2 10 10 1181 1229 808
615 2 2 10 10 887 1010 467
616 2 2 10 10 522 899 890
617 2 2 10 10 195 1120 196
618 2 2 10 10 190 839 354
619 2 2 10 10 879 1069 880
620 2 2 10 10 375 941 66
621 2 2 10 10 766 1057 879
622 2 2 10 10 787 899 541
623 2 2 10 10 368 1006 974
624 2 2 10 10 804 1106 379
625 2 2 10 10 886 1008 699
626 2 2 10 10 797 1028 898
627 2 2 10 10 898 1028 809
628 2 2 10 10 892 894 893
629 2 2 10 10 367 883 216
630 2 2 10 10 409 894 892
631 2 2 10 10 827 1146 395
632 2 2 10 10 710 981 693
633 2 2 10 10 63 896 62
634 2 2 10 10 863 1155 549
635 2 2 10 10 215 861 367
636 2 2 10 10 365 867 214
637 2 2 10 10 187 876 366
638 2 2 10 10 364 1009 186
639 2 2 10 10 12 867 861
640 2 2 10 10 10 1009 876
641 2 2 10 10 775 1116 985
642 2 2 10 10 576 891 441
643 2 2 10 10 522 890 471
644 2 2 10 10 905 978 553
645 2 2 10 10 825 1183 396
646 2 2 10 10 514 1011 503
647 2 2 10 10 807 1181 808
648 2 2 10 10 929 997 363
649 2 2 10 10 393 903 902
650 2 2 10 10 368 973 967
651 2 2 10 10 89 982 88
652 2 2 10 10 120 889 406
653 2 2 10 10 467 1010 454
654 2 2 10 10 409 892 61
655 2 2 10 10 861 1165 367
656 2 2 10 10 84 973 368
657 2 2 10 10 759 1008 886
658 2 2 10 10 223 1131 224
659 2 2 10 10 407 897 123
660 2 2 10 10 21 920 361
661 2 2 10 10 1088 1109 1005
662 2 2 10 10 523 905 488
663 2 2 10 10 718 900 648
664 2 2 10 10 681 1027 679
665 2 2 10 10 463 1013 888
666 2 2 10 10 808 908 546
667 2 2 10 10 703 901 652
668 2 2 10 10 501 1007 514
669 2 2 10 10 55 904 394
670 2 2 10 10 393 902 125
671 2 2 10 10 612 1161 611
672 2 2 10 10 390 1202 871
673 2 2 10 10 1069 1075 880
674 2 2 10 10 679 1027 911
675 2 2 10 10 908 909 534
676 2 2 10 10 892 893 410
677 2 2 10 10 888 1013 873
678 2 2 10 10 728 886 713
679 2 2 10 10 1003 1065 132
680 2 2 10 10 912 987 467
681 2 2 10 10 869 1025 981
682 2 2 10 10 981 1025 953
683 2 2 10 10 790 910 730
684 2 2 10 10 938 939 387
685 2 2 10 10 611 1161 936
686 2 2 10 10 441 891 443
687 2 2 10 10 115 906 381
688 2 2 10 10 53 907 380
689 2 2 10 10 465 888 470
690 2 2 10 10 944 945 358
691 2 2 10 10 556 912 447
692 2 2 10 10 112 944 358
693 2 2 10 10 546 908 532
694 2 2 10 10 713 886 699
695 2 2 10 10 884 886 728
696 2 2 10 10 66 941 65
697 2 2 10 10 916 921 919
698 2 2 10 10 483 1016 934
699 2 2 10 10 193 1097 346
700 2 2 10 10 671 1198 857
701 2 2 10 10 471 890 473
702 2 2 10 10 926 930 923
703 2 2 10 10 88 1041 87
704 2 2 10 10 470 888 529
705 2 2 10 10 975 977 976
706 2 2 10 10 480 1016 483
707 2 2 10 10 384 1185 1138
708 2 2 10 10 488 905 490
709 2 2 10 10 463 888 465
710 2 2 10 10 967 1006 368
711 2 2 10 10 447 912 449
712 2 2 10 10 409 895 894
713 2 2 10 10 947 948 110
714 2 2 10 10 931 932 371
715 2 2 10 10 975 976 353
716 2 2 10 10 949 950 382
717 2 2 10 10 966 1238 670
718 2 2 10 10 915 921 916
719 2 2 10 10 85 973 84
720 2 2 10 10 923 930 922
721 2 2 10 10 81 975 353
722 2 2 10 10 64 938 387
723 2 2 10 10 111 947 110
724 2 2 10 10 730 910 729
725 2 2 10 10 109 948 385
726 2 2 10 10 370 921 915
727 2 2 10 10 768 769 728
728 2 2 10 10 583 914 794
729 2 2 10 10 922 930 372
730 2 2 10 10 411 889 121
731 2 2 10 10 363 997 35
732 2 2 10 10 496 1032 1007
733 2 2 10 10 539 952 598
734 2 2 10 10 60 892 410
735 2 2 10 10 827 1170 1146
736 2 2 10 10 560 801 607
737 2 2 10 10 359 951 130
738 2 2 10 10 128 949 382
739 2 2 10 10 122 897 411
740 2 2 10 10 836 1251 359
741 2 2 10 10 1003 1138 837
742 2 2 10 10 371 913 93
743 2 2 10 10 557 560 558
744 2 2 10 10 693 981 690
745 2 2 10 10 685 953 700
746 2 2 10 10 487 952 539
747 2 2 10 10 94 931 371
748 2 2 10 10 370 915 24
749 2 2 10 10 32 922 372
750 2 2 10 10 767 778 740
751 2 2 10 10 711 739 710
752 2 2 10 10 938 940 939
753 2 2 10 10 523 978 905
754 2 2 10 10 22 920 21
755 2 2 10 10 637 954 705
756 2 2 10 10 545 546 532
757 2 2 10 10 589 807 546
758 2 2 10 10 1007 1032 877
759 2 2 10 10 532 908 534
760 2 2 10 10 769 884 728
761 2 2 10 10 727 728 713
762 2 2 10 10 536 909 581
763 2 2 10 10 534 909 536
764 2 2 10 10 510 532 511
765 2 2 10 10 124 902 407
766 2 2 10 10 408 904 56
767 2 2 10 10 362 933 97
768 2 2 10 10 1014 1024 485
769 2 2 10 10 446 557 556
770 2 2 10 10 424 793 426
771 2 2 10 10 709 730 729
772 2 2 10 10 599 605 541
773 2 2 10 10 700 709 704
774 2 2 10 10 551 552 517
775 2 2 10 10 560 607 558
776 2 2 10 10 529 541 522
777 2 2 10 10 695 710 693
778 2 2 10 10 813 815 814
779 2 2 10 10 709 729 704
780 2 2 10 10 60 410 59
781 2 2 10 10 122 411 121
782 2 2 10 10 597 791 559
783 2 2 10 10 582 914 583
784 2 2 10 10 597 822 791
785 2 2 10 10 120 406 119
786 2 2 10 10 553 582 554
787 2 2 10 10 711 740 739
788 2 2 10 10 539 597 559
789 2 2 10 10 557 558 556
790 2 2 10 10 539 559 523
791 2 2 10 10 789 790 730
792 2 2 10 10 583 794 621
793 2 2 10 10 547 548 516
794 2 2 10 10 381 943 942
795 2 2 10 10 501 514 503
796 2 2 10 10 695 711 710
797 2 2 10 10 700 704 684
798 2 2 10 10 536 581 538
799 2 2 10 10 582 583 554
800 2 2 10 10 648 900 646
801 2 2 10 10 548 586 550
802 2 2 10 10 729 910 758
803 2 2 10 10 394 907 54
804 2 2 10 10 392 906 116
805 2 2 10 10 551 875 552
806 2 2 10 10 62 409 61
807 2 2 10 10 460 516 461
808 2 2 10 10 646 673 644
809 2 2 10 10 993 1174 386
810 2 2 10 10 452 467 454
811 2 2 10 10 506 510 508
812 2 2 10 10 487 539 523
813 2 2 10 10 982 1041 88
814 2 2 10 10 62 896 409
815 2 2 10 10 957 959 956
816 2 2 10 10 964 965 958
817 2 2 10 10 915 916 397
818 2 2 10 10 925 928 926
819 2 2 10 10 650 718 648
820 2 2 10 10 529 599 541
821 2 2 10 10 369 956 955
822 2 2 10 10 398 923 922
823 2 2 10 10 959 966 964
824 2 2 10 10 477 551 517
825 2 2 10 10 456 460 459
826 2 2 10 10 493 553 495
827 2 2 10 10 766 879 776
828 2 2 10 10 470 529 522
829 2 2 10 10 916 918 917
830 2 2 10 10 699 1008 696
831 2 2 10 10 654 703 652
832 2 2 10 10 553 554 495
833 2 2 10 10 470 522 471
834 2 2 10 10 57 408 56
835 2 2 10 10 124 407 123
836 2 2 10 10 807 808 546
837 2 2 10 10 879 880 776
838 2 2 10 10 652 901 650
839 2 2 10 10 956 964 958
840 2 2 10 10 552 593 555
841 2 2 10 10 477 517 478
842 2 2 10 10 924 925 923
843 2 2 10 10 646 900 673
844 2 2 10 10 110 948 109
845 2 2 10 10 727 768 728
846 2 2 10 10 439 576 441
847 2 2 10 10 510 545 532
848 2 2 10 10 820 831 817
849 2 2 10 10 633 721 631
850 2 2 10 10 55 394 54
851 2 2 10 10 117 392 116
852 2 2 10 10 126 393 125
853 2 2 10 10 663 671 660
854 2 2 10 10 669 674 667
855 2 2 10 10 98 979 362
856 2 2 10 10 731 789 730
857 2 2 10 10 610 1024 1014
858 2 2 10 10 545 589 546
859 2 2 10 10 760 1034 707
860 2 2 10 10 465 470 469
861 2 2 10 10 547 549 548
862 2 2 10 10 650 901 718
863 2 2 10 10 532 534 511
864 2 2 10 10 727 937 768
865 2 2 10 10 974 977 975
866 2 2 10 10 677 701 675
867 2 2 10 10 957 960 959
868 2 2 10 10 916 919 918
869 2 2 10 10 473 477 475
870 2 2 10 10 460 547 516
871 2 2 10 10 487 523 488
872 2 2 10 10 510 511 508
873 2 2 10 10 449 912 452
874 2 2 10 10 925 926 923
875 2 2 10 10 955 973 85
876 2 2 10 10 369 957 956
877 2 2 10 10 548 550 516
878 2 2 10 10 443 891 446
879 2 2 10 10 398 997 924
880 2 2 10 10 965 969 968
881 2 2 10 10 381 942 114
882 2 2 10 10 510 1011 545
883 2 2 10 10 64 387 63
884 2 2 10 10 460 461 459
885 2 2 10 10 53 380 52
886 2 2 10 10 115 381 114
887 2 2 10 10 128 382 127
888 2 2 10 10 67 375 66
889 2 2 10 10 685 700 684
890 2 2 10 10 924 997 929
891 2 2 10 10 480 483 482
892 2 2 10 10 65 938 64
893 2 2 10 10 586 868 550
894 2 2 10 10 956 958 955
895 2 2 10 10 959 964 956
896 2 2 10 10 691 693 690
897 2 2 10 10 129 951 949
898 2 2 10 10 942 944 113
899 2 2 10 10 484 487 486
900 2 2 10 10 460 1010 547
901 2 2 10 10 729 758 757
902 2 2 10 10 121 889 120
903 2 2 10 10 916 917 397
904 2 2 10 10 490 905 493
905 2 2 10 10 92 913 396
906 2 2 10 10 945 946 358
907 2 2 10 10 694 695 693
908 2 2 10 10 369 955 86
909 2 2 10 10 61 892 60
910 2 2 10 10 931 1101 932
911 2 2 10 10 398 924 923
912 2 2 10 10 690 953 687
913 2 2 10 10 545 1011 885
914 2 2 10 10 399 931 95
915 2 2 10 10 23 915 397
916 2 2 10 10 398 922 33
917 2 2 10 10 583 621 584
918 2 2 10 10 446 556 447
919 2 2 10 10 605 787 541
920 2 2 10 10 611 936 935
921 2 2 10 10 113 944 112
922 2 2 10 10 490 493 492
923 2 2 10 10 96 933 399
924 2 2 10 10 374 935 27
925 2 2 10 10 924 927 925
926 2 2 10 10 123 897 122
927 2 2 10 10 669 675 674
928 2 2 10 10 452 912 467
929 2 2 10 10 483 952 484
930 2 2 10 10 352 980 100
931 2 2 10 10 443 446 445
932 2 2 10 10 129 949 128
933 2 2 10 10 368 974 83
934 2 2 10 10 547 1010 887
935 2 2 10 10 974 975 82
936 2 2 10 10 643 644 642
937 2 2 10 10 125 902 124
938 2 2 10 10 56 904 55
939 2 2 10 10 446 891 557
940 2 2 10 10 493 495 494
941 2 2 10 10 552 555 517
942 2 2 10 10 687 953 685
943 2 2 10 10 50 360 49
944 2 2 10 10 112 358 111
945 2 2 10 10 131 359 130
946 2 2 10 10 642 954 639
947 2 2 10 10 657 986 665
948 2 2 10 10 87 369 86
949 2 2 10 10 90 373 89
950 2 2 10 10 92 396 91
951 2 2 10 10 94 371 93
952 2 2 10 10 25 370 24
953 2 2 10 10 28 374 27
954 2 2 10 10 30 395 29
955 2 2 10 10 32 372 31
956 2 2 10 10 969 970 968
957 2 2 10 10 470 471 469
958 2 2 10 10 473 890 477
959 2 2 10 10 503 1011 506
960 2 2 10 10 637 705 635
961 2 2 10 10 683 684 681
962 2 2 10 10 550 1013 516
963 2 2 10 10 983 984 352
964 2 2 10 10 777 1210 999
965 2 2 10 10 645 646 644
966 2 2 10 10 84 368 83
967 2 2 10 10 358 947 111
968 2 2 10 10 759 767 740
969 2 2 10 10 96 399 95
970 2 2 10 10 23 397 22
971 2 2 10 10 34 398 33
972 2 2 10 10 639 954 637
973 2 2 10 10 82 975 81
974 2 2 10 10 484 952 487
975 2 2 10 10 689 690 687
976 2 2 10 10 54 907 53
977 2 2 10 10 116 906 115
978 2 2 10 10 477 478 475
979 2 2 10 10 581 988 538
980 2 2 10 10 81 353 80
981 2 2 10 10 98 362 97
982 2 2 10 10 21 361 20
983 2 2 10 10 36 363 35
984 2 2 10 10 454 1010 456
985 2 2 10 10 994 996 991
986 2 2 10 10 452 454 453
987 2 2 10 10 576 1167 829
988 2 2 10 10 593 872 555
989 2 2 10 10 512 1017 573
990 2 2 10 10 764 766 765
991 2 2 10 10 493 905 553
992 2 2 10 10 520 1012 600
993 2 2 10 10 501 503 502
994 2 2 10 10 954 1215 705
995 2 2 10 10 454 456 455
996 2 2 10 10 647 648 646
997 2 2 10 10 65 941 938
998 2 2 10 10 503 506 504
999 2 2 10 10 766 776 775
1000 2 2 10 10 873 1013 550
1001 2 2 10 10 859 1203 839
1002 2 2 10 10 99 979 98
1003 2 2 10 10 483 484 482
1004 2 2 10 10 993 995 994
1005 2 2 10 10 709 731 730
1006 2 2 10 10 791 878 559
1007 2 2 10 10 351 985 69
1008 2 2 10 10 449 452 451
1009 2 2 10 10 99 980 979
1010 2 2 10 10 456 459 458
1011 2 2 10 10 617 779 615
1012 2 2 10 10 649 650 648
1013 2 2 10 10 498 1007 501
1014 2 2 10 10 506 508 507
1015 2 2 10 10 130 951 129
1016 2 2 10 10 626 627 624
1017 2 2 10 10 93 913 92
1018 2 2 10 10 539 598 597
1019 2 2 10 10 24 915 23
1020 2 2 10 10 33 922 32
1021 2 2 10 10 95 931 94
1022 2 2 10 10 86 955 85
1023 2 2 10 10 641 642 639
1024 2 2 10 10 487 488 486
1025 2 2 10 10 664 1069 879
1026 2 2 10 10 621 1115 860
1027 2 2 10 10 723 760 707
1028 2 2 10 10 651 652 650
1029 2 2 10 10 731 866 789
1030 2 2 10 10 961 962 960
1031 2 2 10 10 27 935 26
1032 2 2 10 10 97 933 96
1033 2 2 10 10 665 986 720
1034 2 2 10 10 397 920 22
1035 2 2 10 10 498 501 500
1036 2 2 10 10 114 942 113
1037 2 2 10 10 101 983 352
1038 2 2 10 10 720 764 763
1039 2 2 10 10 720 986 764
1040 2 2 10 10 998 999 403
1041 2 2 10 10 729 757 704
1042 2 2 10 10 69 985 68
1043 2 2 10 10 418 864 616
1044 2 2 10 10 993 994 991
1045 2 2 10 10 555 1016 517
1046 2 2 10 10 83 974 82
1047 2 2 10 10 126 1058 393
1048 2 2 10 10 653 654 652
1049 2 2 10 10 690 981 953
1050 2 2 10 10 816 817 814
1051 2 2 10 10 850 851 849
1052 2 2 10 10 384 1003 133
1053 2 2 10 10 953 1025 700
1054 2 2 10 10 551 899 875
1055 2 2 10 10 990 996 402
1056 2 2 10 10 437 439 438
1057 2 2 10 10 655 656 654
1058 2 2 10 10 133 1003 132
1059 2 2 10 10 1048 1057 986
1060 2 2 10 10 991 996 990
1061 2 2 10 10 725 727 713
1062 2 2 10 10 628 629 627
1063 2 2 10 10 520 600 533
1064 2 2 10 10 848 849 846
1065 2 2 10 10 583 584 554
1066 2 2 10 10 461 463 462
1067 2 2 10 10 499 1015 497
1068 2 2 10 10 477 890 551
1069 2 2 10 10 998 1000 999
1070 2 2 10 10 659 660 656
1071 2 2 10 10 684 1027 681
1072 2 2 10 10 712 713 699
1073 2 2 10 10 852 853 851
1074 2 2 10 10 965 968 967
1075 2 2 10 10 930 1260 372
1076 2 2 10 10 845 847 846
1077 2 2 10 10 429 433 432
1078 2 2 10 10 689 691 690
1079 2 2 10 10 433 435 434
1080 2 2 10 10 70 351 69
1081 2 2 10 10 101 352 100
1082 2 2 10 10 18 349 17
1083 2 2 10 10 39 350 38
1084 2 2 10 10 691 694 693
1085 2 2 10 10 607 863 558
1086 2 2 10 10 556 987 912
1087 2 2 10 10 616 617 615
1088 2 2 10 10 758 874 757
1089 2 2 10 10 683 685 684
1090 2 2 10 10 446 447 445
1091 2 2 10 10 100 980 99
1092 2 2 10 10 134 1004 384
1093 2 2 10 10 403 983 102
1094 2 2 10 10 662 663 660
1095 2 2 10 10 664 1057 1048
1096 2 2 10 10 854 855 853
1097 2 2 10 10 1037 1040 564
1098 2 2 10 10 819 820 817
1099 2 2 10 10 566 569 568
1100 2 2 10 10 135 1004 134
1101 2 2 10 10 382 1058 127
1102 2 2 10 10 890 899 551
1103 2 2 10 10 383 1005 46
1104 2 2 10 10 762 937 727
1105 2 2 10 10 400 989 15
1106 2 2 10 10 72 990 402
1107 2 2 10 10 103 998 403
1108 2 2 10 10 102 983 101
1109 2 2 10 10 461 1013 463
1110 2 2 10 10 666 667 663
1111 2 2 10 10 493 494 492
1112 2 2 10 10 46 1005 45
1113 2 2 10 10 668 669 667
1114 2 2 10 10 970 972 971
1115 2 2 10 10 745 1002 750
1116 2 2 10 10 463 465 464
1117 2 2 10 10 842 844 840
1118 2 2 10 10 34 997 398
1119 2 2 10 10 72 402 71
1120 2 2 10 10 103 403 102
1121 2 2 10 10 16 400 15
1122 2 2 10 10 41 401 40
1123 2 2 10 10 698 699 696
1124 2 2 10 10 643 645 644
1125 2 2 10 10 435 437 436
1126 2 2 10 10 880 881 776
1127 2 2 10 10 641 643 642
1128 2 2 10 10 534 536 535
1129 2 2 10 10 415 991 990
1130 2 2 10 10 934 1016 555
1131 2 2 10 10 676 677 675
1132 2 2 10 10 764 1057 766
1133 2 2 10 10 14 989 412
1134 2 2 10 10 415 990 73
1135 2 2 10 10 465 469 468
1136 2 2 10 10 194 1124 195
1137 2 2 10 10 104 998 103
1138 2 2 10 10 15 989 14
1139 2 2 10 10 73 990 72
1140 2 2 10 10 992 993 991
1141 2 2 10 10 47 383 46
1142 2 2 10 10 78 386 77
1143 2 2 10 10 109 385 108
1144 2 2 10 10 134 384 133
1145 2 2 10 10 621 860 584
1146 2 2 10 10 452 453 451
1147 2 2 10 10 74 415 73
1148 2 2 10 10 14 412 13
1149 2 2 10 10 43 414 42
1150 2 2 10 10 107 413 106
1151 2 2 10 10 35 997 34
1152 2 2 10 10 422 424 423
1153 2 2 10 10 415 992 991
1154 2 2 10 10 723 761 760
1155 2 2 10 10 764 765 763
1156 2 2 10 10 538 988 580
1157 2 2 10 10 456 1010 460
1158 2 2 10 10 680 681 679
1159 2 2 10 10 745 750 749
1160 2 2 10 10 506 1011 510
1161 2 2 10 10 630 631 629
1162 2 2 10 10 678 679 677
1163 2 2 10 10 439 441 440
1164 2 2 10 10 471 473 472
1165 2 2 10 10 743 1002 745
1166 2 2 10 10 450 1020 448
1167 2 2 10 10 711 759 740
1168 2 2 10 10 495 496 494
1169 2 2 10 10 87 1041 369
1170 2 2 10 10 632 633 631
1171 2 2 10 10 419 422 421
1172 2 2 10 10 512 573 540
1173 2 2 10 10 454 455 453
1174 2 2 10 10 645 647 646
1175 2 2 10 10 473 475 474
1176 2 2 10 10 1021 1034 760
1177 2 2 10 10 795 796 575
1178 2 2 10 10 456 458 455
1179 2 2 10 10 536 538 537
1180 2 2 10 10 965 967 958
1181 2 2 10 10 957 961 960
1182 2 2 10 10 543 575 521
1183 2 2 10 10 501 502 500
1184 2 2 10 10 521 1015 499
1185 2 2 10 10 478 480 479
1186 2 2 10 10 694 696 695
1187 2 2 10 10 766 775 765
1188 2 2 10 10 709 1025 731
1189 2 2 10 10 516 1013 461
1190 2 2 10 10 484 486 485
1191 2 2 10 10 958 973 955
1192 2 2 10 10 647 649 648
1193 2 2 10 10 503 504 502
1194 2 2 10 10 506 507 504
1195 2 2 10 10 917 920 397
1196 2 2 10 10 569 570 568
1197 2 2 10 10 610 612 611
1198 2 2 10 10 634 635 633
1199 2 2 10 10 924 929 927
1200 2 2 10 10 480 482 481
1201 2 2 10 10 505 1040 1037
1202 2 2 10 10 396 1240 825
1203 2 2 10 10 547 887 549
1204 2 2 10 10 946 947 358
1205 2 2 10 10 649 651 650
1206 2 2 10 10 461 462 459
1207 2 2 10 10 424 426 425
1208 2 2 10 10 938 941 940
1209 2 2 10 10 757 1027 704
1210 2 2 10 10 488 490 489
1211 2 2 10 10 626 628 627
1212 2 2 10 10 545 885 589
1213 2 2 10 10 961 963 962
1214 2 2 10 10 682 683 681
1215 2 2 10 10 441 443 442
1216 2 2 10 10 559 978 523
1217 2 2 10 10 733 736 716
1218 2 2 10 10 490 492 491
1219 2 2 10 10 672 707 658
1220 2 2 10 10 651 653 652
1221 2 2 10 10 531 610 609
1222 2 2 10 10 750 777 749
1223 2 2 10 10 970 971 968
1224 2 2 10 10 530 544 518
1225 2 2 10 10 868 873 550
1226 2 2 10 10 815 816 814
1227 2 2 10 10 717 723 707
1228 2 2 10 10 419 420 417
1229 2 2 10 10 566 1040 569
1230 2 2 10 10 478 1016 480
1231 2 2 10 10 443 445 444
1232 2 2 10 10 669 676 675
1233 2 2 10 10 653 655 654
1234 2 2 10 10 620 805 571
1235 2 2 10 10 636 637 635
1236 2 2 10 10 495 1032 496
1237 2 2 10 10 409 896 895
1238 2 2 10 10 848 850 849
1239 2 2 10 10 655 659 656
1240 2 2 10 10 361 1061 20
1241 2 2 10 10 850 852 851
1242 2 2 10 10 686 687 685
1243 2 2 10 10 496 1007 498
1244 2 2 10 10 659 662 660
1245 2 2 10 10 584 1032 554
1246 2 2 10 10 517 1016 478
1247 2 2 10 10 695 1008 711
1248 2 2 10 10 518 1020 450
1249 2 2 10 10 463 464 462
1250 2 2 10 10 696 1008 695
1251 2 2 10 10 712 725 713
1252 2 2 10 10 725 762 727
1253 2 2 10 10 457 520 519
1254 2 2 10 10 813 821 815
1255 2 2 10 10 852 854 853
1256 2 2 10 10 698 712 699
1257 2 2 10 10 823 828 824
1258 2 2 10 10 662 666 663
1259 2 2 10 10 816 819 817
1260 2 2 10 10 471 472 469
1261 2 2 10 10 520 533 527
1262 2 2 10 10 447 449 448
1263 2 2 10 10 570 619 571
1264 2 2 10 10 666 668 667
1265 2 2 10 10 534 535 511
1266 2 2 10 10 575 1015 521
1267 2 2 10 10 731 1025 869
1268 2 2 10 10 566 568 567
1269 2 2 10 10 439 440 438
1270 2 2 10 10 610 1014 612
1271 2 2 10 10 543 795 575
1272 2 2 10 10 688 689 687
1273 2 2 10 10 509 564 528
1274 2 2 10 10 465 468 464
1275 2 2 10 10 823 824 588
1276 2 2 10 10 665 720 714
1277 2 2 10 10 564 566 565
1278 2 2 10 10 638 639 637
1279 2 2 10 10 619 620 571
1280 2 2 10 10 533 613 587
1281 2 2 10 10 748 751 744
1282 2 2 10 10 542 601 513
1283 2 2 10 10 207 347 208
1284 2 2 10 10 179 345 180
1285 2 2 10 10 193 346 194
1286 2 2 10 10 221 348 222
1287 2 2 10 10 680 682 681
1288 2 2 10 10 720 763 734
1289 2 2 10 10 478 479 475
1290 2 2 10 10 570 571 568
1291 2 2 10 10 449 451 450
1292 2 2 10 10 508 512 507
1293 2 2 10 10 678 680 679
1294 2 2 10 10 676 678 677
1295 2 2 10 10 911 1027 757
1296 2 2 10 10 640 641 639
1297 2 2 10 10 628 630 629
1298 2 2 10 10 745 749 748
1299 2 2 10 10 689 692 691
1300 2 2 10 10 210 357 211
1301 2 2 10 10 190 354 191
1302 2 2 10 10 218 356 219
1303 2 2 10 10 182 355 183
1304 2 2 10 10 558 987 556
1305 2 2 10 10 220 833 221
1306 2 2 10 10 742 746 702
1307 2 2 10 10 711 1008 759
1308 2 2 10 10 847 848 846
1309 2 2 10 10 484 485 482
1310 2 2 10 10 630 632 631
1311 2 2 10 10 672 717 707
1312 2 2 10 10 743 745 744
1313 2 2 10 10 213 365 214
1314 2 2 10 10 185 364 186
1315 2 2 10 10 187 366 188
1316 2 2 10 10 215 367 216
1317 2 2 10 10 872 934 555
1318 2 2 10 10 968 1006 967
1319 2 2 10 10 577 578 525
1320 2 2 10 10 733 754 736
1321 2 2 10 10 587 588 527
1322 2 2 10 10 216 883 217
1323 2 2 10 10 530 590 544
1324 2 2 10 10 462 1030 459
1325 2 2 10 10 189 839 190
1326 2 2 10 10 749 753 748
1327 2 2 10 10 722 773 772
1328 2 2 10 10 458 561 466
1329 2 2 10 10 632 634 633
1330 2 2 10 10 717 747 723
1331 2 2 10 10 12 861 215
1332 2 2 10 10 214 867 12
1333 2 2 10 10 10 876 187
1334 2 2 10 10 488 489 486
1335 2 2 10 10 473 474 472
1336 2 2 10 10 1012 1029 600
1337 2 2 10 10 805 1019 571
1338 2 2 10 10 186 1009 10
1339 2 2 10 10 820 1153 862
1340 2 2 10 10 509 1037 564
1341 2 2 10 10 734 735 714
1342 2 2 10 10 567 809 565
1343 2 2 10 10 457 1012 520
1344 2 2 10 10 496 498 497
1345 2 2 10 10 778 1124 870
1346 2 2 10 10 433 434 432
1347 2 2 10 10 683 686 685
1348 2 2 10 10 533 587 527
1349 2 2 10 10 717 752 747
1350 2 2 10 10 634 636 635
1351 2 2 10 10 741 743 742
1352 2 2 10 10 700 1025 709
1353 2 2 10 10 437 438 436
1354 2 2 10 10 589 1115 807
1355 2 2 10 10 704 1027 684
1356 2 2 10 10 720 734 714
1357 2 2 10 10 530 604 590
1358 2 2 10 10 538 580 579
1359 2 2 10 10 878 978 559
1360 2 2 10 10 498 500 499
1361 2 2 10 10 566 567 565
1362 2 2 10 10 520 527 519
1363 2 2 10 10 643 661 645
1364 2 2 10 10 697 741 702
1365 2 2 10 10 573 574 540
1366 2 2 10 10 763 783 734
1367 2 2 10 10 591 592 562
1368 2 2 10 10 574 1158 950
1369 2 2 10 10 447 448 445
1370 2 2 10 10 567 810 809
1371 2 2 10 10 453 1012 451
1372 2 2 10 10 451 457 450
1373 2 2 10 10 745 748 744
1374 2 2 10 10 587 823 588
1375 2 2 10 10 480 481 479
1376 2 2 10 10 371 1086 913
1377 2 2 10 10 752 771 747
1378 2 2 10 10 561 563 562
1379 2 2 10 10 610 611 609
1380 2 2 10 10 492 515 491
1381 2 2 10 10 564 565 528
1382 2 2 10 10 176 379 177
1383 2 2 10 10 443 444 442
1384 2 2 10 10 724 781 780
1385 2 2 10 10 743 744 742
1386 2 2 10 10 490 491 489
1387 2 2 10 10 604 803 590
1388 2 2 10 10 686 688 687
1389 2 2 10 10 636 638 637
1390 2 2 10 10 638 640 639
1391 2 2 10 10 509 521 499
1392 2 2 10 10 669 1031 676
1393 2 2 10 10 458 466 455
1394 2 2 10 10 736 1023 716
1395 2 2 10 10 536 537 535
1396 2 2 10 10 355 840 183
1397 2 2 10 10 220 838 833
1398 2 2 10 10 441 442 440
1399 2 2 10 10 554 1032 495
1400 2 2 10 10 531 1024 610
1401 2 2 10 10 435 436 434
1402 2 2 10 10 688 1023 689
1403 2 2 10 10 657 1048 986
1404 2 2 10 10 457 518 450
1405 2 2 10 10 877 1032 584
1406 2 2 10 10 366 859 188
1407 2 2 10 10 542 836 602
1408 2 2 10 10 519 530 518
1409 2 2 10 10 528 543 521
1410 2 2 10 10 957 1041 961
1411 2 2 10 10 449 450 448
1412 2 2 10 10 874 911 757
1413 2 2 10 10 410 1248 835
1414 2 2 10 10 731 869 866
1415 2 2 10 10 543 797 795
1416 2 2 10 10 686 715 688
1417 2 2 10 10 80 1054 79
1418 2 2 10 10 196 377 197
1419 2 2 10 10 204 376 205
1420 2 2 10 10 224 378 225
1421 2 2 10 10 459 1030 458
1422 2 2 10 10 665 714 672
1423 2 2 10 10 741 742 702
1424 2 2 10 10 542 602 601
1425 2 2 10 10 504 505 502
1426 2 2 10 10 482 1024 481
1427 2 2 10 10 921 1230 919
1428 2 2 10 10 732 733 716
1429 2 2 10 10 836 837 602
1430 2 2 10 10 451 1012 457
1431 2 2 10 10 971 1006 968
1432 2 2 10 10 496 497 494
1433 2 2 10 10 544 1020 518
1434 2 2 10 10 457 519 518
1435 2 2 10 10 732 770 733
1436 2 2 10 10 571 1019 568
1437 2 2 10 10 175 804 176
1438 2 2 10 10 500 509 499
1439 2 2 10 10 715 732 716
1440 2 2 10 10 472 1033 469
1441 2 2 10 10 715 716 688
1442 2 2 10 10 697 698 696
1443 2 2 10 10 967 973 958
1444 2 2 10 10 591 606 592
1445 2 2 10 10 498 499 497
1446 2 2 10 10 857 1235 671
1447 2 2 10 10 712 726 725
1448 2 2 10 10 841 862 843
1449 2 2 10 10 540 542 513
1450 2 2 10 10 509 528 521
1451 2 2 10 10 649 670 651
1452 2 2 10 10 689 1023 692
1453 2 2 10 10 568 1019 567
1454 2 2 10 10 665 672 658
1455 2 2 10 10 638 657 640
1456 2 2 10 10 561 562 466
1457 2 2 10 10 847 865 858
1458 2 2 10 10 563 591 562
1459 2 2 10 10 476 1030 462
1460 2 2 10 10 512 540 513
1461 2 2 10 10 424 425 423
1462 2 2 10 10 863 987 558
1463 2 2 10 10 479 1035 475
1464 2 2 10 10 369 1041 957
1465 2 2 10 10 724 737 668
1466 2 2 10 10 672 1018 717
1467 2 2 10 10 697 702 698
1468 2 2 10 10 1022 1051 604
1469 2 2 10 10 464 476 462
1470 2 2 10 10 772 774 738
1471 2 2 10 10 668 1031 669
1472 2 2 10 10 841 842 840
1473 2 2 10 10 595 806 603
1474 2 2 10 10 860 877 584
1475 2 2 10 10 746 1036 702
1476 2 2 10 10 780 782 737
1477 2 2 10 10 379 811 177
1478 2 2 10 10 469 1033 468
1479 2 2 10 10 680 722 682
1480 2 2 10 10 707 1034 658
1481 2 2 10 10 511 1017 508
1482 2 2 10 10 961 982 963
1483 2 2 10 10 714 1018 672
1484 2 2 10 10 716 1023 688
1485 2 2 10 10 694 697 696
1486 2 2 10 10 198 388 199
1487 2 2 10 10 226 390 227
1488 2 2 10 10 202 389 203
1489 2 2 10 10 655 706 659
1490 2 2 10 10 692 1060 1038
1491 2 2 10 10 722 738 682
1492 2 2 10 10 682 1039 683
1493 2 2 10 10 567 1019 810
1494 2 2 10 10 676 719 678
1495 2 2 10 10 735 1018 714
1496 2 2 10 10 1031 1053 719
1497 2 2 10 10 508 1017 512
1498 2 2 10 10 743 1060 1002
1499 2 2 10 10 475 1035 474
1500 2 2 10 10 491 526 489
1501 2 2 10 10 588 1051 1022
1502 2 2 10 10 474 572 525
1503 2 2 10 10 485 1024 482
1504 2 2 10 10 666 724 668
1505 2 2 10 10 422 423 421
1506 2 2 10 10 657 658 640
1507 2 2 10 10 512 513 507
1508 2 2 10 10 474 525 472
1509 2 2 10 10 717 1018 752
1510 2 2 10 10 572 784 577
1511 2 2 10 10 781 825 780
1512 2 2 10 10 481 524 479
1513 2 2 10 10 530 1022 604
1514 2 2 10 10 850 857 852
1515 2 2 10 10 641 1021 643
1516 2 2 10 10 481 531 524
1517 2 2 10 10 448 1046 445
1518 2 2 10 10 538 579 537
1519 2 2 10 10 657 665 658
1520 2 2 10 10 531 609 596
1521 2 2 10 10 458 1030 561
1522 2 2 10 10 634 664 636
1523 2 2 10 10 676 1031 719
1524 2 2 10 10 815 818 816
1525 2 2 10 10 445 1046 444
1526 2 2 10 10 588 1022 527
1527 2 2 10 10 847 858 848
1528 2 2 10 10 722 772 738
1529 2 2 10 10 796 1068 575
1530 2 2 10 10 683 1039 686
1531 2 2 10 10 173 391 174
1532 2 2 10 10 1020 1046 448
1533 2 2 10 10 572 577 525
1534 2 2 10 10 199 802 200
1535 2 2 10 10 628 708 630
1536 2 2 10 10 426 792 425
1537 2 2 10 10 724 780 737
1538 2 2 10 10 640 1034 641
1539 2 2 10 10 527 1022 519
1540 2 2 10 10 784 826 577
1541 2 2 10 10 722 1047 773
1542 2 2 10 10 519 1022 530
1543 2 2 10 10 531 596 524
1544 2 2 10 10 455 1029 453
1545 2 2 10 10 227 871 228
1546 2 2 10 10 961 1041 982
1547 2 2 10 10 355 841 840
1548 2 2 10 10 564 1040 566
1549 2 2 10 10 492 1044 515
1550 2 2 10 10 228 404 9
1551 2 2 10 10 11 405 201
1552 2 2 10 10 737 1053 1031
1553 2 2 10 10 643 1021 661
1554 2 2 10 10 841 843 842
1555 2 2 10 10 601 1042 513
1556 2 2 10 10 444 594 442
1557 2 2 10 10 525 1033 472
1558 2 2 10 10 200 416 11
1559 2 2 10 10 1038 1060 741
1560 2 2 10 10 132 1065 131
1561 2 2 10 10 444 595 594
1562 2 2 10 10 809 1028 565
1563 2 2 10 10 999 1257 777
1564 2 2 10 10 698 1036 712
1565 2 2 10 10 528 1028 543
1566 2 2 10 10 692 1038 691
1567 2 2 10 10 702 1036 698
1568 2 2 10 10 543 1028 797
1569 2 2 10 10 691 1038 694
1570 2 2 10 10 500 1037 509
1571 2 2 10 10 625 626 624
1572 2 2 10 10 481 1024 531
1573 2 2 10 10 565 1028 528
1574 2 2 10 10 524 1035 479
1575 2 2 10 10 535 1017 511
1576 2 2 10 10 502 1037 500
1577 2 2 10 10 453 1029 1012
1578 2 2 10 10 542 1026 836
1579 2 2 10 10 540 1026 542
1580 2 2 10 10 466 1029 455
1581 2 2 10 10 686 1039 715
1582 2 2 10 10 1075 1113 880
1583 2 2 10 10 641 1034 1021
1584 2 2 10 10 389 800 203
1585 2 2 10 10 578 1033 525
1586 2 2 10 10 868 1171 599
1587 2 2 10 10 595 603 594
1588 2 2 10 10 507 1042 504
1589 2 2 10 10 737 1031 668
1590 2 2 10 10 198 799 388
1591 2 2 10 10 419 421 420
1592 2 2 10 10 738 1039 682
1593 2 2 10 10 653 1043 655
1594 2 2 10 10 662 1045 666
1595 2 2 10 10 379 882 811
1596 2 2 10 10 226 798 390
1597 2 2 10 10 494 1044 492
1598 2 2 10 10 712 1036 726
1599 2 2 10 10 353 1054 80
1600 2 2 10 10 658 1034 640
1601 2 2 10 10 440 608 438
1602 2 2 10 10 486 1059 485
1603 2 2 10 10 1044 1068 515
1604 2 2 10 10 579 585 537
1605 2 2 10 10 697 1038 741
1606 2 2 10 10 505 1037 502
1607 2 2 10 10 724 1045 781
1608 2 2 10 10 574 1026 540
1609 2 2 10 10 1015 1044 497
1610 2 2 10 10 485 1059 1014
1611 2 2 10 10 474 1035 572
1612 2 2 10 10 345 1050 180
1613 2 2 10 10 504 1042 505
1614 2 2 10 10 694 1038 697
1615 2 2 10 10 50 1082 360
1616 2 2 10 10 37 1073 36
1617 2 2 10 10 902 1090 407
1618 2 2 10 10 824 1051 588
1619 2 2 10 10 513 1042 507
1620 2 2 10 10 444 1046 595
1621 2 2 10 10 579 788 585
1622 2 2 10 10 678 1047 680
1623 2 2 10 10 623 755 625
1624 2 2 10 10 422 1080 424
1625 2 2 10 10 497 1044 494
1626 2 2 10 10 391 622 174
1627 2 2 10 10 625 756 626
1628 2 2 10 10 1040 1074 569
1629 2 2 10 10 636 1048 638
1630 2 2 10 10 655 1043 706
1631 2 2 10 10 405 614 201
1632 2 2 10 10 208 1133 209
1633 2 2 10 10 618 835 431
1634 2 2 10 10 436 786 434
1635 2 2 10 10 666 1045 724
1636 2 2 10 10 429 432 431
1637 2 2 10 10 680 1047 722
1638 2 2 10 10 404 429 428
1639 2 2 10 10 1017 1056 573
1640 2 2 10 10 404 427 9
1641 2 2 10 10 623 624 622
1642 2 2 10 10 719 1047 678
1643 2 2 10 10 638 1048 657
1644 2 2 10 10 526 1076 1059
1645 2 2 10 10 425 785 423
1646 2 2 10 10 626 1049 628
1647 2 2 10 10 782 1053 737
1648 2 2 10 10 986 1057 764
1649 2 2 10 10 1039 1062 715
1650 2 2 10 10 664 1048 636
1651 2 2 10 10 428 430 427
1652 2 2 10 10 756 1049 626
1653 2 2 10 10 914 1249 357
1654 2 2 10 10 738 1062 1039
1655 2 2 10 10 1015 1068 1044
1656 2 2 10 10 944 1096 945
1657 2 2 10 10 401 1191 828
1658 2 2 10 10 20 1061 19
1659 2 2 10 10 623 625 624
1660 2 2 10 10 526 1059 489
1661 2 2 10 10 442 1052 440
1662 2 2 10 10 432 618 431
1663 2 2 10 10 592 1071 562
1664 2 2 10 10 127 1058 126
1665 2 2 10 10 628 1049 708
1666 2 2 10 10 489 1059 486
1667 2 2 10 10 131 1065 359
1668 2 2 10 10 741 1060 743
1669 2 2 10 10 391 623 622
1670 2 2 10 10 438 1055 436
1671 2 2 10 10 1122 1260 930
1672 2 2 10 10 572 1064 784
1673 2 2 10 10 715 1062 732
1674 2 2 10 10 533 1081 613
1675 2 2 10 10 404 428 427
1676 2 2 10 10 592 1081 1071
1677 2 2 10 10 1059 1076 1014
1678 2 2 10 10 994 1187 735
1679 2 2 10 10 774 1062 738
1680 2 2 10 10 524 1064 1035
1681 2 2 10 10 594 1052 442
1682 2 2 10 10 860 1115 589
1683 2 2 10 10 537 1056 535
1684 2 2 10 10 769 1067 884
1685 2 2 10 10 429 431 428
1686 2 2 10 10 995 1222 752
1687 2 2 10 10 426 1186 792
1688 2 2 10 10 585 1056 537
1689 2 2 10 10 1035 1064 572
1690 2 2 10 10 466 1071 1029
1691 2 2 10 10 634 1069 664
1692 2 2 10 10 440 1052 608
1693 2 2 10 10 407 1117 897
1694 2 2 10 10 1020 1070 1046
1695 2 2 10 10 608 1055 438
1696 2 2 10 10 569 1085 570
1697 2 2 10 10 535 1056 1017
1698 2 2 10 10 1029 1071 600
1699 2 2 10 10 736 1083 1066
1700 2 2 10 10 1074 1085 569
1701 2 2 10 10 1046 1070 595
1702 2 2 10 10 596 1064 524
1703 2 2 10 10 632 1069 634
1704 2 2 10 10 950 1204 574
1705 2 2 10 10 706 1077 659
1706 2 2 10 10 1062 1072 732
1707 2 2 10 10 736 1066 1023
1708 2 2 10 10 595 1070 806
1709 2 2 10 10 708 1075 630
1710 2 2 10 10 774 1072 1062
1711 2 2 10 10 436 1055 786
1712 2 2 10 10 36 1073 363
1713 2 2 10 10 1060 1066 1002
1714 2 2 10 10 943 1096 942
1715 2 2 10 10 662 1077 1045
1716 2 2 10 10 1023 1066 692
1717 2 2 10 10 222 1152 223
1718 2 2 10 10 1005 1151 1088
1719 2 2 10 10 1066 1083 1002
1720 2 2 10 10 575 1068 1015
1721 2 2 10 10 1070 1079 806
1722 2 2 10 10 570 1091 619
1723 2 2 10 10 562 1071 466
1724 2 2 10 10 896 1126 895
1725 2 2 10 10 1071 1081 600
1726 2 2 10 10 856 1243 703
1727 2 2 10 10 732 1072 770
1728 2 2 10 10 835 1063 431
1729 2 2 10 10 218 1128 356
1730 2 2 10 10 428 1063 430
1731 2 2 10 10 1085 1091 570
1732 2 2 10 10 544 1079 1070
1733 2 2 10 10 544 1070 1020
1734 2 2 10 10 630 1075 632
1735 2 2 10 10 601 1074 1042
1736 2 2 10 10 770 1089 733
1737 2 2 10 10 386 1222 995
1738 2 2 10 10 692 1066 1060
1739 2 2 10 10 832 1149 401
1740 2 2 10 10 659 1077 662
1741 2 2 10 10 505 1074 1040
1742 2 2 10 10 1042 1074 505
1743 2 2 10 10 574 1204 1026
1744 2 2 10 10 1227 1229 376
1745 2 2 10 10 632 1075 1069
1746 2 2 10 10 883 1128 217
1747 2 2 10 10 977 1172 976
1748 2 2 10 10 751 1094 744
1749 2 2 10 10 1081 1084 613
1750 2 2 10 10 431 1063 428
1751 2 2 10 10 742 1094 746
1752 2 2 10 10 1131 1239 830
1753 2 2 10 10 600 1081 533
1754 2 2 10 10 424 1080 793
1755 2 2 10 10 376 1229 205
1756 2 2 10 10 1047 1078 773
1757 2 2 10 10 1014 1076 612
1758 2 2 10 10 1165 1255 367
1759 2 2 10 10 586 1226 1196
1760 2 2 10 10 590 1079 544
1761 2 2 10 10 811 1092 812
1762 2 2 10 10 118 1102 117
1763 2 2 10 10 719 1078 1047
1764 2 2 10 10 561 1099 563
1765 2 2 10 10 1053 1078 719
1766 2 2 10 10 601 1085 1074
1767 2 2 10 10 432 1087 618
1768 2 2 10 10 1002 1083 750
1769 2 2 10 10 998 1104 1000
1770 2 2 10 10 1152 1233 801
1771 2 2 10 10 136 1103 135
1772 2 2 10 10 105 1104 104
1773 2 2 10 10 868 1196 1171
1774 2 2 10 10 878 1249 914
1775 2 2 10 10 70 1108 351
1776 2 2 10 10 597 1111 822
1777 2 2 10 10 786 1087 434
1778 2 2 10 10 402 1108 71
1779 2 2 10 10 620 1105 805
1780 2 2 10 10 357 1140 211
1781 2 2 10 10 51 1082 50
1782 2 2 10 10 753 1100 748
1783 2 2 10 10 754 1083 736
1784 2 2 10 10 932 1086 371
1785 2 2 10 10 1005 1109 45
1786 2 2 10 10 606 1084 592
1787 2 2 10 10 67 1116 375
1788 2 2 10 10 37 1132 1073
1789 2 2 10 10 939 1126 387
1790 2 2 10 10 349 1112 17
1791 2 2 10 10 767 1253 778
1792 2 2 10 10 476 1099 1030
1793 2 2 10 10 383 1151 1005
1794 2 2 10 10 661 1107 645
1795 2 2 10 10 592 1084 1081
1796 2 2 10 10 858 1259 671
1797 2 2 10 10 16 1112 400
1798 2 2 10 10 526 1136 919
1799 2 2 10 10 985 1116 68
1800 2 2 10 10 602 1085 601
1801 2 2 10 10 917 1127 920
1802 2 2 10 10 903 1090 902
1803 2 2 10 10 434 1087 432
1804 2 2 10 10 207 1181 347
1805 2 2 10 10 828 1088 824
1806 2 2 10 10 1204 1251 1026
1807 2 2 10 10 799 1197 388
1808 2 2 10 10 733 1089 754
1809 2 2 10 10 209 1163 210
1810 2 2 10 10 629 1106 627
1811 2 2 10 10 380 1121 52
1812 2 2 10 10 633 1123 721
1813 2 2 10 10 768 1093 769
1814 2 2 10 10 602 1091 1085
1815 2 2 10 10 57 1129 408
1816 2 2 10 10 705 1123 635
1817 2 2 10 10 49 1118 48
1818 2 2 10 10 837 1091 602
1819 2 2 10 10 1106 1254 882
1820 2 2 10 10 353 1119 1054
1821 2 2 10 10 1073 1132 606
1822 2 2 10 10 435 1098 437
1823 2 2 10 10 833 1226 834
1824 2 2 10 10 1097 1236 346
1825 2 2 10 10 839 1110 354
1826 2 2 10 10 576 1162 891
1827 2 2 10 10 789 1097 790
1828 2 2 10 10 744 1094 742
1829 2 2 10 10 762 1095 937
1830 2 2 10 10 897 1147 411
1831 2 2 10 10 862 1224 820
1832 2 2 10 10 1001 1219 385
1833 2 2 10 10 399 1101 931
1834 2 2 10 10 350 1132 38
1835 2 2 10 10 819 1153 820
1836 2 2 10 10 671 1235 858
1837 2 2 10 10 623 1114 755
1838 2 2 10 10 718 1153 900
1839 2 2 10 10 894 1134 893
1840 2 2 10 10 942 1096 944
1841 2 2 10 10 820 1224 831
1842 2 2 10 10 901 1243 843
1843 2 2 10 10 752 1187 995
1844 2 2 10 10 889 1145 406
1845 2 2 10 10 577 1122 578
1846 2 2 10 10 673 1141 644
1847 2 2 10 10 372 1135 31
1848 2 2 10 10 30 1135 395
1849 2 2 10 10 642 1141 954
1850 2 2 10 10 422 1245 1080
1851 2 2 10 10 192 1097 193
1852 2 2 10 10 581 1164 988
1853 2 2 10 10 752 1222 771
1854 2 2 10 10 795 1127 796
1855 2 2 10 10 468 1150 928
1856 2 2 10 10 191 1212 192
1857 2 2 10 10 382 1178 1058
1858 2 2 10 10 1030 1099 561
1859 2 2 10 10 798 1098 390
1860 2 2 10 10 1106 1228 627
1861 2 2 10 10 834 1233 348
1862 2 2 10 10 748 1100 751
1863 2 2 10 10 1080 1245 802
1864 2 2 10 10 117 1102 392
1865 2 2 10 10 1054 1157 79
1866 2 2 10 10 395 1146 29
1867 2 2 10 10 28 1146 374
1868 2 2 10 10 357 1163 914
1869 2 2 10 10 1090 1117 407
1870 2 2 10 10 1058 1178 788
1871 2 2 10 10 822 1140 791
1872 2 2 10 10 51 1121 1082
1873 2 2 10 10 778 1253 1120
1874 2 2 10 10 135 1103 1004
1875 2 2 10 10 773 1101 772
1876 2 2 10 10 557 1162 560
1877 2 2 10 10 104 1104 998
1878 2 2 10 10 410 1168 59
1879 2 2 10 10 701 1156 675
1880 2 2 10 10 439 1167 576
1881 2 2 10 10 989 1105 412
1882 2 2 10 10 552 1165 593
1883 2 2 10 10 771 1157 1054
1884 2 2 10 10 39 1149 350
1885 2 2 10 10 515 1136 491
1886 2 2 10 10 908 1227 909
1887 2 2 10 10 882 1254 721
1888 2 2 10 10 734 1142 735
1889 2 2 10 10 1128 1171 356
1890 2 2 10 10 401 1149 40
1891 2 2 10 10 573 1158 574
1892 2 2 10 10 1043 1238 966
1893 2 2 10 10 420 1130 864
1894 2 2 10 10 1093 1125 769
1895 2 2 10 10 71 1108 70
1896 2 2 10 10 906 1201 381
1897 2 2 10 10 645 1107 647
1898 2 2 10 10 383 1193 1151
1899 2 2 10 10 78 1157 386
1900 2 2 10 10 1077 1139 1045
1901 2 2 10 10 649 1144 670
1902 2 2 10 10 617 1148 779
1903 2 2 10 10 1114 1134 755
1904 2 2 10 10 750 1166 777
1905 2 2 10 10 1096 1199 945
1906 2 2 10 10 1196 1226 838
1907 2 2 10 10 804 1228 1106
1908 2 2 10 10 972 1172 971
1909 2 2 10 10 925 1179 928
1910 2 2 10 10 45 1109 44
1911 2 2 10 10 673 1231 1141
1912 2 2 10 10 947 1189 948
1913 2 2 10 10 870 1236 866
1914 2 2 10 10 966 1180 964
1915 2 2 10 10 549 1195 548
1916 2 2 10 10 1073 1182 363
1917 2 2 10 10 949 1204 950
1918 2 2 10 10 965 1180 969
1919 2 2 10 10 880 1113 881
1920 2 2 10 10 386 1174 77
1921 2 2 10 10 396 1183 91
1922 2 2 10 10 90 1183 373
1923 2 2 10 10 1004 1185 384
1924 2 2 10 10 598 1111 597
1925 2 2 10 10 867 1205 593
1926 2 2 10 10 1117 1147 897
1927 2 2 10 10 674 1198 667
1928 2 2 10 10 349 1194 898
1929 2 2 10 10 663 1198 671
1930 2 2 10 10 603 1160 594
1931 2 2 10 10 962 1139 1077
1932 2 2 10 10 761 1208 760
1933 2 2 10 10 119 1190 118
1934 2 2 10 10 17 1112 16
1935 2 2 10 10 721 1254 631
1936 2 2 10 10 671 1259 660
1937 2 2 10 10 903 1148 1090
1938 2 2 10 10 352 1221 980
1939 2 2 10 10 843 1242 901
1940 2 2 10 10 617 1117 1090
1941 2 2 10 10 18 1194 349
1942 2 2 10 10 661 1208 972
1943 2 2 10 10 435 1202 1098
1944 2 2 10 10 41 1191 401
1945 2 2 10 10 414 1191 42
1946 2 2 10 10 983 1210 984
1947 2 2 10 10 999 1210 403
1948 2 2 10 10 881 1192 776
1949 2 2 10 10 370 1161 921
1950 2 2 10 10 1098 1202 390
1951 2 2 10 10 387 1126 896
1952 2 2 10 10 68 1116 67
1953 2 2 10 10 391 1114 623
1954 2 2 10 10 624 1228 622
1955 2 2 10 10 385 1219 108
1956 2 2 10 10 13 1217 1
1957 2 2 10 10 1 1217 136
1958 2 2 10 10 106 1218 4
1959 2 2 10 10 3 1216 74
1960 2 2 10 10 75 1216 3
1961 2 2 10 10 4 1218 105
1962 2 2 10 10 360 1118 49
1963 2 2 10 10 1145 1173 406
1964 2 2 10 10 415 1216 992
1965 2 2 10 10 107 1219 413
1966 2 2 10 10 976 1119 353
1967 2 2 10 10 48 1237 47
1968 2 2 10 10 785 1173 423
1969 2 2 10 10 616 1117 617
1970 2 2 10 10 1088 1151 824
1971 2 2 10 10 747 1207 723
1972 2 2 10 10 414 1109 1088
1973 2 2 10 10 1061 1194 19
1974 2 2 10 10 604 1193 803
1975 2 2 10 10 763 1213 783
1976 2 2 10 10 1214 1232 392
1977 2 2 10 10 609 1170 596
1978 2 2 10 10 356 1196 838
1979 2 2 10 10 777 1257 749
1980 2 2 10 10 852 1200 854
1981 2 2 10 10 416 1245 419
1982 2 2 10 10 841 1224 862
1983 2 2 10 10 196 1120 377
1984 2 2 10 10 1018 1187 752
1985 2 2 10 10 367 1255 883
1986 2 2 10 10 2 1220 43
1987 2 2 10 10 44 1220 2
1988 2 2 10 10 615 1143 614
1989 2 2 10 10 805 1206 1019
1990 2 2 10 10 1101 1137 772
1991 2 2 10 10 795 1225 1127
1992 2 2 10 10 1095 1201 906
1993 2 2 10 10 920 1127 361
1994 2 2 10 10 580 1209 579
1995 2 2 10 10 670 1238 651
1996 2 2 10 10 816 1231 819
1997 2 2 10 10 746 1199 1036
1998 2 2 10 10 858 1235 848
1999 2 2 10 10 850 1235 857
2000 2 2 10 10 399 1137 1101
2001 2 2 10 10 785 1190 1173
2002 2 2 10 10 825 1240 780
2003 2 2 10 10 653 1238 1043
2004 2 2 10 10 919 1136 918
2005 2 2 10 10 788 1178 585
2006 2 2 10 10 1033 1150 468
2007 2 2 10 10 52 1121 51
2008 2 2 10 10 726 1199 1096
2009 2 2 10 10 980 1221 1089
2010 2 2 10 10 635 1123 633
2011 2 2 10 10 821 1215 815
2012 2 2 10 10 914 1163 794
2013 2 2 10 10 789 1236 1097
2014 2 2 10 10 826 1122 577
2015 2 2 10 10 346 1124 194
2016 2 2 10 10 708 1169 1113
2017 2 2 10 10 411 1130 889
2018 2 2 10 10 1107 1144 647
2019 2 2 10 10 872 1205 1111
2020 2 2 10 10 425 1214 785
2021 2 2 10 10 874 1154 701
2022 2 2 10 10 585 1158 1056
2023 2 2 10 10 430 1134 1114
2024 2 2 10 10 1068 1188 515
2025 2 2 10 10 625 1241 756
2026 2 2 10 10 586 1196 868
2027 2 2 10 10 883 1255 787
2028 2 2 10 10 834 1226 1195
2029 2 2 10 10 963 1139 962
2030 2 2 10 10 1021 1208 661
2031 2 2 10 10 779 1143 615
2032 2 2 10 10 217 1128 218
2033 2 2 10 10 392 1232 906
2034 2 2 10 10 1026 1251 836
2035 2 2 10 10 768 1186 1093
2036 2 2 10 10 786 1252 904
2037 2 2 10 10 58 1129 57
2038 2 2 10 10 770 1234 979
2039 2 2 10 10 935 1246 611
2040 2 2 10 10 1052 1184 608
2041 2 2 10 10 38 1132 37
2042 2 2 10 10 1149 1211 350
2043 2 2 10 10 173 1244 391
2044 2 2 10 10 224 1131 378
2045 2 2 10 10 769 1125 1067
2046 2 2 10 10 871 1202 433
2047 2 2 10 10 611 1246 609
2048 2 2 10 10 347 1133 208
2049 2 2 10 10 1193 1237 803
2050 2 2 10 10 593 1205 872
2051 2 2 10 10 1112 1206 400
2052 2 2 10 10 1098 1167 437
2053 2 2 10 10 837 1138 1091
2054 2 2 10 10 1084 1211 613
2055 2 2 10 10 1102 1214 392
2056 2 2 10 10 909 1175 581
2057 2 2 10 10 1155 1233 834
2058 2 2 10 10 933 1137 399
2059 2 2 10 10 31 1135 30
2060 2 2 10 10 1154 1159 855
2061 2 2 10 10 1091 1138 619
2062 2 2 10 10 491 1136 526
2063 2 2 10 10 211 1140 212
2064 2 2 10 10 754 1166 1083
2065 2 2 10 10 772 1137 774
2066 2 2 10 10 644 1141 642
2067 2 2 10 10 785 1214 1102
2068 2 2 10 10 613 1211 832
2069 2 2 10 10 430 1244 427
2070 2 2 10 10 1045 1139 781
2071 2 2 10 10 1223 1252 1055
2072 2 2 10 10 357 1249 1140
2073 2 2 10 10 751 1189 1094
2074 2 2 10 10 58 1168 1129
2075 2 2 10 10 1119 1207 747
2076 2 2 10 10 1004 1247 1185
2077 2 2 10 10 783 1142 734
2078 2 2 10 10 578 1150 1033
2079 2 2 10 10 996 1256 402
2080 2 2 10 10 906 1232 1095
2081 2 2 10 10 963 1177 1139
2082 2 2 10 10 971 1172 977
2083 2 2 10 10 1138 1185 619
2084 2 2 10 10 1141 1231 818
2085 2 2 10 10 608 1223 1055
2086 2 2 10 10 1089 1221 754
2087 2 2 10 10 647 1144 649
2088 2 2 10 10 616 1147 1117
2089 2 2 10 10 995 1187 994
2090 2 2 10 10 621 1262 1115
2091 2 2 10 10 703 1243 901
2092 2 2 10 10 1127 1225 361
2093 2 2 10 10 1184 1223 608
2094 2 2 10 10 936 1161 370
2095 2 2 10 10 1171 1196 356
2096 2 2 10 10 928 1150 926
2097 2 2 10 10 29 1146 28
2098 2 2 10 10 373 1177 963
2099 2 2 10 10 421 1145 420
2100 2 2 10 10 76 1174 992
2101 2 2 10 10 40 1149 39
2102 2 2 10 10 864 1147 616
2103 2 2 10 10 1067 1253 767
2104 2 2 10 10 206 1229 1181
2105 2 2 10 10 675 1156 674
2106 2 2 10 10 607 1155 863
2107 2 2 10 10 348 1152 222
2108 2 2 10 10 854 1154 855
2109 2 2 10 10 605 1171 1128
2110 2 2 10 10 1094 1189 946
2111 2 2 10 10 1139 1177 781
2112 2 2 10 10 79 1157 78
2113 2 2 10 10 758 1159 874
2114 2 2 10 10 1093 1197 1125
2115 2 2 10 10 824 1151 1051
2116 2 2 10 10 891 1162 557
2117 2 2 10 10 810 1206 1112
2118 2 2 10 10 1113 1169 940
2119 2 2 10 10 875 1165 552
2120 2 2 10 10 907 1184 380
2121 2 2 10 10 1157 1222 386
2122 2 2 10 10 476 1179 1099
2123 2 2 10 10 1049 1169 708
2124 2 2 10 10 875 1255 1165
2125 2 2 10 10 854 1200 1156
2126 2 2 10 10 629 1254 1106
2127 2 2 10 10 437 1167 439
2128 2 2 10 10 940 1169 939
2129 2 2 10 10 1056 1158 573
2130 2 2 10 10 1090 1148 617
2131 2 2 10 10 421 1173 1145
2132 2 2 10 10 210 1163 357
2133 2 2 10 10 1137 1176 774
2134 2 2 10 10 59 1168 58
2135 2 2 10 10 594 1160 1052
2136 2 2 10 10 599 1171 605
2137 2 2 10 10 1103 1247 1004
2138 2 2 10 10 389 1164 800
2139 2 2 10 10 1116 1192 375
2140 2 2 10 10 578 1258 1150
2141 2 2 10 10 933 1176 1137
2142 2 2 10 10 362 1176 933
2143 2 2 10 10 1114 1244 430
2144 2 2 10 10 1063 1248 893
2145 2 2 10 10 365 1205 867
2146 2 2 10 10 363 1182 929
2147 2 2 10 10 1049 1261 1169
2148 2 2 10 10 992 1174 993
2149 2 2 10 10 77 1174 76
2150 2 2 10 10 423 1173 421
2151 2 2 10 10 874 1159 1154
2152 2 2 10 10 1151 1193 1051
2153 2 2 10 10 943 1201 762
2154 2 2 10 10 1083 1166 750
2155 2 2 10 10 1150 1258 926
2156 2 2 10 10 1111 1205 365
2157 2 2 10 10 950 1178 382
2158 2 2 10 10 787 1255 875
2159 2 2 10 10 927 1179 925
2160 2 2 10 10 1173 1190 406
2161 2 2 10 10 964 1180 965
2162 2 2 10 10 1099 1179 927
2163 2 2 10 10 937 1186 768
2164 2 2 10 10 420 1145 1130
2165 2 2 10 10 793 1197 1093
2166 2 2 10 10 1130 1145 889
2167 2 2 10 10 1169 1261 939
2168 2 2 10 10 781 1177 825
2169 2 2 10 10 206 1181 207
2170 2 2 10 10 832 1211 1149
2171 2 2 10 10 406 1190 119
2172 2 2 10 10 91 1183 90
2173 2 2 10 10 796 1188 1068
2174 2 2 10 10 619 1185 620
2175 2 2 10 10 1142 1256 996
2176 2 2 10 10 548 1195 586
2177 2 2 10 10 776 1192 775
2178 2 2 10 10 42 1191 41
2179 2 2 10 10 946 1189 947
2180 2 2 10 10 774 1176 1072
2181 2 2 10 10 19 1194 18
2182 2 2 10 10 735 1187 1018
2183 2 2 10 10 792 1232 1214
2184 2 2 10 10 1055 1252 786
2185 2 2 10 10 136 1217 1103
2186 2 2 10 10 105 1218 1104
2187 2 2 10 10 1110 1159 758
2188 2 2 10 10 667 1198 663
2189 2 2 10 10 939 1261 1126
2190 2 2 10 10 1051 1193 604
2191 2 2 10 10 381 1201 943
2192 2 2 10 10 433 1202 435
2193 2 2 10 10 609 1246 1170
2194 2 2 10 10 797 1225 795
2195 2 2 10 10 951 1204 949
2196 2 2 10 10 979 1234 362
2197 2 2 10 10 1061 1225 797
2198 2 2 10 10 394 1252 1223
2199 2 2 10 10 857 1200 852
2200 2 2 10 10 1036 1199 726
2201 2 2 10 10 377 1253 1067
2202 2 2 10 10 403 1210 983
2203 2 2 10 10 1123 1250 721
2204 2 2 10 10 808 1227 908
2205 2 2 10 10 723 1207 761
2206 2 2 10 10 402 1256 1108
2207 2 2 10 10 394 1223 907
2208 2 2 10 10 43 1220 414
2209 2 2 10 10 984 1221 352
2210 2 2 10 10 951 1251 1204
2211 2 2 10 10 74 1216 415
2212 2 2 10 10 413 1218 106
2213 2 2 10 10 412 1217 13
2214 2 2 10 10 1019 1206 810
2215 2 2 10 10 579 1209 788
2216 2 2 10 10 108 1219 107
2217 2 2 10 10 765 1213 763
2218 2 2 10 10 862 1242 843
2219 2 2 10 10 354 1212 191
2220 2 2 10 10 760 1208 1021
2221 2 2 10 10 362 1234 1176
2222 2 2 10 10 904 1252 394
2223 2 2 10 10 372 1260 1135
2224 2 2 10 10 361 1225 1061
2225 2 2 10 10 893 1248 410
2226 2 2 10 10 815 1215 818
2227 2 2 10 10 627 1228 624
2228 2 2 10 10 1122 1258 578
2229 2 2 10 10 976 1207 1119
2230 2 2 10 10 808 1229 1227
2231 2 2 10 10 792 1214 425
2232 2 2 10 10 383 1237 1193
2233 2 2 10 10 560 1239 801
2234 2 2 10 10 1176 1234 1072
2235 2 2 10 10 866 1236 789
2236 2 2 10 10 926 1258 930
2237 2 2 10 10 359 1251 951
2238 2 2 10 10 355 1224 841
2239 2 2 10 10 205 1229 206
2240 2 2 10 10 775 1192 1116
2241 2 2 10 10 901 1242 718
2242 2 2 10 10 838 1226 833
2243 2 2 10 10 47 1237 383
2244 2 2 10 10 1161 1230 921
2245 2 2 10 10 419 1245 422
2246 2 2 10 10 818 1231 816
2247 2 2 10 10 374 1246 935
2248 2 2 10 10 848 1235 850
2249 2 2 10 10 791 1249 878
2250 2 2 10 10 631 1254 629
2251 2 2 10 10 660 1259 656
2252 2 2 10 10 651 1238 653
2253 2 2 10 10 780 1240 782
2254 2 2 10 10 839 1203 1110
2255 2 2 10 10 749 1257 753
2256 2 2 10 10 755 1241 625
2257 2 2 10 10 762 1201 1095
2258 2 2 10 10 907 1223 1184
2259 2 2 10 10 1140 1249 791
2260 2 2 10 10 1103 1217 412
2261 2 2 10 10 1104 1218 413
2262 2 2 10 10 1072 1234 770
2263 2 2 10 10 1076 1230 612
2264 2 2 10 10 1159 1203 855
2265 2 2 10 10 756 1261 1049
2266 2 2 10 10 835 1248 1063
2267 2 2 10 10 1185 1247 620
2268 2 2 10 10 771 1222 1157
2269 2 2 10 10 1108 1256 783
2270 2 2 10 10 414 1220 1109
2271 2 2 10 10 380 1184 1160
2272 2 2 10 10 1120 1253 377
2273 2 2 10 10 1125 1197 799
2274 2 2 10 10 1109 1220 44
2275 2 2 10 10 721 1250 1092
2276 2 2 10 10 620 1247 1105
2277 2 2 10 10 607 1233 1155
2278 2 2 10 10 1110 1203 1159
2279 2 2 10 10 1160 1184 1052
2280 2 2 10 10 930 1258 1122
2281 2 2 10 10 1126 1261 756
2282 2 2 10 10 391 1244 1114
2283 2 2 10 10 821 1250 1123
2284 2 2 10 10 1115 1262 347
2285 2 2 10 10 1156 1200 674
2286 2 2 10 10 1170 1246 374
2287 2 2 10 10 801 1239 1131
2288 2 2 10 10 347 1262 1133
2289 2 2 10 10 612 1230 1161
2290 2 2 10 10 826 1260 1122
2291 2 2 10 10 1195 1226 586
2292 2 2 10 10 348 1233 1152
2293 2 2 10 10 1135 1260 826
2294 2 2 10 10 783 1256 1142
2295 2 2 30 30 1276 1341 1326
2296 2 2 30 30 1323 1344 1278
2297 2 2 30 30 1275 1343 1325
2298 2 2 30 30 1324 1342 1277
2299 2 2 30 30 1302 1317 1267
2300 2 2 30 30 1269 1320 1304
2301 2 2 30 30 1270 1319 1301
2302 2 2 30 30 1303 1318 1268
2303 2 2 30 30 1267 1327 1302
2304 2 2 30 30 1301 1328 1270
2305 2 2 30 30 1304 1330 1269
2306 2 2 30 30 1268 1329 1303
2307 2 2 30 30 1305 1326 1282
2308 2 2 30 30 1308 1325 1281
2309 2 2 30 30 1280 1324 1307
2310 2 2 30 30 1279 1323 1306
2311 2 2 30 30 1298 1302 155
2312 2 2 30 30 154 1304 1296
2313 2 2 30 30 172 1301 1295
2314 2 2 30 30 1297 1303 137
2315 2 2 30 30 1298 1317 1302
2316 2 2 30 30 1304 1320 1296
2317 2 2 30 30 1301 1319 1295
2318 2 2 30 30 1297 1318 1303
2319 2 2 30 30 1282 1348 1305
2320 2 2 30 30 1281 1345 1308
2321 2 2 30 30 1306 1346 1279
2322 2 2 30 30 1307 1347 1280
2323 2 2 30 30 1315 1358 1356
2324 2 2 30 30 1355 1357 1316
2325 2 2 30 30 1284 1357 1355
2326 2 2 30 30 1356 1358 1283
2327 2 2 30 30 1309 1357 1284
2328 2 2 30 30 1283 1358 1310
2329 2 2 30 30 1302 1327 1311
2330 2 2 30 30 1314 1330 1304
2331 2 2 30 30 1312 1328 1301
2332 2 2 30 30 1303 1329 1313
2333 2 2 30 30 1326 1341 1282
2334 2 2 30 30 1325 1343 1281
2335 2 2 30 30 1279 1344 1323
2336 2 2 30 30 1280 1342 1324
2337 2 2 30 30 1284 1360 1309
2338 2 2 30 30 1310 1359 1283
2339 2 2 30 30 1278 1349 1312
2340 2 2 30 30 1277 1350 1314
2341 2 2 30 30 1313 1352 1276
2342 2 2 30 30 1311 1351 1275
2343 2 2 30 30 207 1351 206
2344 2 2 30 30 179 1352 178
2345 2 2 30 30 195 1350 194
2346 2 2 30 30 223 1349 222
2347 2 2 30 30 1303 1313 138
2348 2 2 30 30 171 1312 1301
2349 2 2 30 30 153 1314 1304
2350 2 2 30 30 1302 1311 156
2351 2 2 30 30 1320 1364 1264
2352 2 2 30 30 1319 1363 1263
2353 2 2 30 30 1265 1361 1318
2354 2 2 30 30 1266 1362 1317
2355 2 2 30 30 1264 1370 1320
2356 2 2 30 30 1263 1369 1319
2357 2 2 30 30 1317 1372 1266
2358 2 2 30 30 1318 1371 1265
2359 2 2 30 30 1312 1349 1271
2360 2 2 30 30 1272 1351 1311
2361 2 2 30 30 1273 1352 1313
2362 2 2 30 30 1314 1350 1274
2363 2 2 30 30 1332 1338 1333
2364 2 2 30 30 1336 1339 1331
2365 2 2 30 30 1287 1338 1305
2366 2 2 30 30 1307 1337 1285
2367 2 2 30 30 1306 1339 1286
2368 2 2 30 30 1288 1340 1308
2369 2 2 30 30 1367 1371 1300
2370 2 2 30 30 1299 1370 1368
2371 2 2 30 30 1300 1369 1365
2372 2 2 30 30 1366 1372 1299
2373 2 2 30 30 1321 1353 1293
2374 2 2 30 30 1294 1354 1322
2375 2 2 30 30 1335 1337 1294
2376 2 2 30 30 1293 1340 1334
2377 2 2 30 30 1311 1327 1272
2378 2 2 30 30 1271 1328 1312
2379 2 2 30 30 1313 1329 1273
2380 2 2 30 30 1274 1330 1314
2381 2 2 30 30 157 1311 1275
2382 2 2 30 30 1278 1312 170
2383 2 2 30 30 1277 1314 152
2384 2 2 30 30 139 1313 1276
2385 2 2 30 30 1289 1354 1309
2386 2 2 30 30 1310 1353 1290
2387 2 2 30 30 1365 1367 1300
2388 2 2 30 30 1299 1368 1366
2389 2 2 30 30 1305 1348 1287
2390 2 2 30 30 1285 1347 1307
2391 2 2 30 30 1286 1346 1306
2392 2 2 30 30 1308 1345 1288
2393 2 2 30 30 206 1351 1272
2394 2 2 30 30 178 1352 1273
2395 2 2 30 30 1271 1349 223
2396 2 2 30 30 1274 1350 195
2397 2 2 30 30 1365 1369 1263
2398 2 2 30 30 1266 1372 1366
2399 2 2 30 30 1265 1371 1367
2400 2 2 30 30 1368 1370 1264
2401 2 2 30 30 1322 1354 1289
2402 2 2 30 30 1290 1353 1321
2403 2 2 30 30 1275 1325 158
2404 2 2 30 30 169 1323 1278
2405 2 2 30 30 151 1324 1277
2406 2 2 30 30 1276 1326 140
2407 2 2 30 30 1290 1359 1310
2408 2 2 30 30 1309 1360 1289
2409 2 2 30 30 1291 1331 1315
2410 2 2 30 30 1316 1332 1292
2411 2 2 30 30 1306 1323 168
2412 2 2 30 30 159 1325 1308
2413 2 2 30 30 141 1326 1305
2414 2 2 30 30 1307 1324 150
2415 2 2 30 30 1285 1337 1335
2416 2 2 30 30 1334 1340 1288
2417 2 2 30 30 1333 1338 1287
2418 2 2 30 30 1286 1339 1336
2419 2 2 30 30 1343 1351 207
2420 2 2 30 30 1341 1352 179
2421 2 2 30 30 194 1350 1342
2422 2 2 30 30 222 1349 1344
2423 2 2 30 30 167 1339 1306
2424 2 2 30 30 149 1337 1307
2425 2 2 30 30 1305 1338 142
2426 2 2 30 30 1308 1340 160
2427 2 2 30 30 1315 1331 165
2428 2 2 30 30 144 1332 1316
2429 2 2 30 30 1294 1337 148
2430 2 2 30 30 161 1340 1293
2431 2 2 30 30 163 1310 8
2432 2 2 30 30 6 1309 146
2433 2 2 30 30 159 1308 160
2434 2 2 30 30 149 1307 150
2435 2 2 30 30 141 1305 142
2436 2 2 30 30 167 1306 168
2437 2 2 30 30 138 1313 139
2438 2 2 30 30 156 1311 157
2439 2 2 30 30 152 1314 153
2440 2 2 30 30 170 1312 171
2441 2 2 30 30 164 1315 165
2442 2 2 30 30 144 1316 145
2443 2 2 30 30 147 1294 148
2444 2 2 30 30 161 1293 162
2445 2 2 30 30 171 1301 172
2446 2 2 30 30 153 1304 154
2447 2 2 30 30 155 1302 156
2448 2 2 30 30 137 1303 138
2449 2 2 30 30 169 1278 170
2450 2 2 30 30 157 1275 158
2451 2 2 30 30 139 1276 140
2452 2 2 30 30 151 1277 152
2453 2 2 30 30 1293 1353 162
2454 2 2 30 30 147 1354 1294
2455 2 2 30 30 172 1295 5
2456 2 2 30 30 5 1297 137
2457 2 2 30 30 154 1296 7
2458 2 2 30 30 7 1298 155
2459 2 2 30 30 1344 1349 1278
2460 2 2 30 30 1275 1351 1343
2461 2 2 30 30 1276 1352 1341
2462 2 2 30 30 1342 1350 1277
2463 2 2 30 30 1309 1354 146
2464 2 2 30 30 163 1353 1310
2465 2 2 30 30 202 1266 201
2466 2 2 30 30 228 1263 227
2467 2 2 30 30 174 1265 173
2468 2 2 30 30 200 1264 199
2469 2 2 30 30 198 1269 197
2470 2 2 30 30 226 1270 225
2471 2 2 30 30 204 1267 203
2472 2 2 30 30 176 1268 175
2473 2 2 30 30 164 1358 1315
2474 2 2 30 30 1316 1357 145
2475 2 2 30 30 6 1357 1309
2476 2 2 30 30 1310 1358 8
2477 2 2 30 30 224 1271 223
2478 2 2 30 30 196 1274 195
2479 2 2 30 30 178 1273 177
2480 2 2 30 30 206 1272 205
2481 2 2 30 30 193 1280 192
2482 2 2 30 30 221 1279 220
2483 2 2 30 30 181 1282 180
2484 2 2 30 30 209 1281 208
2485 2 2 30 30 219 1286 218
2486 2 2 30 30 211 1288 210
2487 2 2 30 30 191 1285 190
2488 2 2 30 30 183 1287 182
2489 2 2 30 30 217 1291 216
2490 2 2 30 30 185 1292 184
2491 2 2 30 30 214 1290 213
2492 2 2 30 30 188 1289 187
2493 2 2 30 30 10 1284 186
2494 2 2 30 30 215 1283 12
2495 2 2 30 30 143 1338 1332
2496 2 2 30 30 1331 1339 166
2497 2 2 30 30 1291 1336 1331
2498 2 2 30 30 1332 1333 1292
2499 2 2 30 30 1292 1355 1316
2500 2 2 30 30 1315 1356 1291
2501 2 2 30 30 189 1322 188
2502 2 2 30 30 213 1321 212
2503 2 2 30 30 168 1323 169
2504 2 2 30 30 150 1324 151
2505 2 2 30 30 140 1326 141
2506 2 2 30 30 158 1325 159
2507 2 2 30 30 143 1332 144
2508 2 2 30 30 165 1331 166
2509 2 2 30 30 212 1334 211
2510 2 2 30 30 190 1335 189
2511 2 2 30 30 184 1333 183
2512 2 2 30 30 218 1336 217
2513 2 2 30 30 188 1322 1289
2514 2 2 30 30 1290 1321 213
2515 2 2 30 30 217 1336 1291
2516 2 2 30 30 1292 1333 184
2517 2 2 30 30 1285 1335 190
2518 2 2 30 30 211 1334 1288
2519 2 2 30 30 183 1333 1287
2520 2 2 30 30 1286 1336 218
2521 2 2 30 30 1322 1335 1294
2522 2 2 30 30 1293 1334 1321
2523 2 2 30 30 148 1337 149
2524 2 2 30 30 166 1339 167
2525 2 2 30 30 142 1338 143
2526 2 2 30 30 160 1340 161
2527 2 2 30 30 194 1342 193
2528 2 2 30 30 208 1343 207
2529 2 2 30 30 180 1341 179
2530 2 2 30 30 222 1344 221
2531 2 2 30 30 191 1347 1285
2532 2 2 30 30 1288 1345 210
2533 2 2 30 30 219 1346 1286
2534 2 2 30 30 1287 1348 182
2535 2 2 30 30 1284 1355 186
2536 2 2 30 30 215 1356 1283
2537 2 2 30 30 185 1355 1292
2538 2 2 30 30 1291 1356 216
2539 2 2 30 30 209 1345 1281
2540 2 2 30 30 1279 1346 220
2541 2 2 30 30 1280 1347 192
2542 2 2 30 30 181 1348 1282
2543 2 2 30 30 193 1342 1280
2544 2 2 30 30 1282 1341 180
2545 2 2 30 30 1281 1343 208
2546 2 2 30 30 221 1344 1279
2547 2 2 30 30 220 1346 219
2548 2 2 30 30 210 1345 209
2549 2 2 30 30 192 1347 191
2550 2 2 30 30 182 1348 181
2551 2 2 30 30 10 1360 1284
2552 2 2 30 30 1283 1359 12
2553 2 2 30 30 214 1359 1290
2554 2 2 30 30 1289 1360 187
2555 2 2 30 30 1321 1334 212
2556 2 2 30 30 189 1335 1322
2557 2 2 30 30 186 1355 185
2558 2 2 30 30 216 1356 215
2559 2 2 30 30 162 1353 163
2560 2 2 30 30 146 1354 147
2561 2 2 30 30 1317 1362 1267
2562 2 2 30 30 1269 1364 1320
2563 2 2 30 30 1318 1361 1268
2564 2 2 30 30 1270 1363 1319
2565 2 2 30 30 187 1360 10
2566 2 2 30 30 12 1359 214
2567 2 2 30 30 145 1357 6
2568 2 2 30 30 8 1358 164
2569 2 2 30 30 199 1364 198
2570 2 2 30 30 227 1363 226
2571 2 2 30 30 203 1362 202
2572 2 2 30 30 175 1361 174
2573 2 2 30 30 1273 1373 177
2574 2 2 30 30 196 1376 1274
2575 2 2 30 30 1272 1374 205
2576 2 2 30 30 224 1375 1271
2577 2 2 30 30 1263 1363 227
2578 2 2 30 30 1264 1364 199
2579 2 2 30 30 202 1362 1266
2580 2 2 30 30 174 1361 1265
2581 2 2 30 30 1267 1362 203
2582 2 2 30 30 1268 1361 175
2583 2 2 30 30 226 1363 1270
2584 2 2 30 30 198 1364 1269
2585 2 2 30 30 1269 1376 197
2586 2 2 30 30 204 1374 1267
2587 2 2 30 30 1270 1375 225
2588 2 2 30 30 176 1373 1268
2589 2 2 30 30 1327 1374 1272
2590 2 2 30 30 1329 1373 1273
2591 2 2 30 30 1274 1376 1330
2592 2 2 30 30 1271 1375 1328
2593 2 2 30 30 9 1365 228
2594 2 2 30 30 201 1366 11
2595 2 2 30 30 173 1367 9
2596 2 2 30 30 11 1368 200
2597 2 2 30 30 228 1365 1263
2598 2 2 30 30 1266 1366 201
2599 2 2 30 30 1319 1369 1295
2600 2 2 30 30 1298 1372 1317
2601 2 2 30 30 1320 1370 1296
2602 2 2 30 30 1297 1371 1318
2603 2 2 30 30 1265 1367 173
2604 2 2 30 30 200 1368 1264
2605 2 2 30 30 1267 1374 1327
2606 2 2 30 30 1330 1376 1269
2607 2 2 30 30 1268 1373 1329
2608 2 2 30 30 1328 1375 1270
2609 2 2 30 30 1300 1377 1369
2610 2 2 30 30 1299 1378 1370
2611 2 2 30 30 1371 1377 1300
2612 2 2 30 30 1372 1378 1299
2613 2 2 30 30 1296 1378 7
2614 2 2 30 30 7 1378 1298
2615 2 2 30 30 5 1377 1297
2616 2 2 30 30 1295 1377 5
2617 2 2 30 30 1369 1377 1295
2618 2 2 30 30 1297 1377 1371
2619 2 2 30 30 1370 1378 1296
2620 2 2 30 30 1298 1378 1372
2621 2 2 30 30 177 1373 176
2622 2 2 30 30 205 1374 204
2623 2 2 30 30 197 1376 196
2624 2 2 30 30 225 1375 224
2625 2 2 30 30 9 1367 1365
2626 2 2 30 30 1366 1368 11
$EndElements
